{
"type": "FeatureCollection",
"name": "hospitals",
"crs": { "type": "name", "properties": { "name": "urn:ogc:def:crs:OGC:1.3:CRS84" } },
"features": [
{ "type": "Feature", "properties": { "name": "Clinic", "amenity": "hospital", "building": null, "healthcare": "hospital", "beds": null, "emergency": null }, "geometry": { "type": "Point", "coordinates": [ 77.6774852, 12.9134182 ] } },
{ "type": "Feature", "properties": { "name": "Shanti Hospital", "amenity": "hospital", "building": null, "healthcare": null, "beds": null, "emergency": null }, "geometry": { "type": "Point", "coordinates": [ 77.5857517, 12.9235041 ] } },
{ "type": "Feature", "properties": { "name": "Apollo Hospital", "amenity": "hospital", "building": null, "healthcare": "hospital", "beds": null, "emergency": null }, "geometry": { "type": "Point", "coordinates": [ 77.6765455, 12.9263714 ] } },
{ "type": "Feature", "properties": { "name": "Narayana Hrudayalaya Dental Clinic", "amenity": "hospital", "building": null, "healthcare": null, "beds": null, "emergency": null }, "geometry": { "type": "Point", "coordinates": [ 77.6349897, 12.9155759 ] } },
{ "type": "Feature", "properties": { "name": "Dr Ganesh Medical and Diabetic Clinic", "amenity": "hospital", "building": null, "healthcare": "hospital", "beds": null, "emergency": null }, "geometry": { "type": "Point", "coordinates": [ 77.6419101, 12.9129006 ] } },
{ "type": "Feature", "properties": { "name": "JBS Hospital", "amenity": "hospital", "building": null, "healthcare": null, "beds": null, "emergency": null }, "geometry": { "type": "Point", "coordinates": [ 77.5745968, 12.9207173 ] } },
{ "type": "Feature", "properties": { "name": "Jayanagar heart Centre", "amenity": "hospital", "building": null, "healthcare": "hospital", "beds": null, "emergency": null }, "geometry": { "type": "Point", "coordinates": [ 77.584433, 12.9231684 ] } },
{ "type": "Feature", "properties": { "name": "Sri Vijayalakshmi Pragathi Hospital", "amenity": "hospital", "building": null, "healthcare": null, "beds": null, "emergency": null }, "geometry": { "type": "Point", "coordinates": [ 77.6409543, 13.0371728 ] } },
{ "type": "Feature", "properties": { "name": "Sathya Hospital", "amenity": "hospital", "building": null, "healthcare": null, "beds": null, "emergency": null }, "geometry": { "type": "Point", "coordinates": [ 77.6364728, 13.0185503 ] } },
{ "type": "Feature", "properties": { "name": "Chord Road Hospital Pvt Ltd", "amenity": "hospital", "building": null, "healthcare": null, "beds": null, "emergency": null }, "geometry": { "type": "Point", "coordinates": [ 77.5404836, 12.9981215 ] } },
{ "type": "Feature", "properties": { "name": "Pristline Hospital", "amenity": "hospital", "building": null, "healthcare": "hospital", "beds": null, "emergency": null }, "geometry": { "type": "Point", "coordinates": [ 77.5436127, 12.9978931 ] } },
{ "type": "Feature", "properties": { "name": "Bengaluru Hospital, Susruta Medical Aid AndResearch Home Limited", "amenity": "hospital", "building": null, "healthcare": "hospital", "beds": null, "emergency": null }, "geometry": { "type": "Point", "coordinates": [ 77.5802836, 12.9376734 ] } },
{ "type": "Feature", "properties": { "name": "Manipal Northside Hospital", "amenity": "hospital", "building": null, "healthcare": null, "beds": null, "emergency": null }, "geometry": { "type": "Point", "coordinates": [ 77.5639285, 13.0011275 ] } },
{ "type": "Feature", "properties": { "name": "Government Primary Health Centre", "amenity": "hospital", "building": null, "healthcare": "hospital", "beds": null, "emergency": null }, "geometry": { "type": "Point", "coordinates": [ 77.6162619, 12.9503234 ] } },
{ "type": "Feature", "properties": { "name": "Divakars speciality Hospital", "amenity": "hospital", "building": null, "healthcare": null, "beds": null, "emergency": null }, "geometry": { "type": "Point", "coordinates": [ 77.5924585, 12.9100629 ] } },
{ "type": "Feature", "properties": { "name": "Hema Poly Clinic", "amenity": "hospital", "building": null, "healthcare": null, "beds": null, "emergency": null }, "geometry": { "type": "Point", "coordinates": [ 77.7137961, 12.960765 ] } },
{ "type": "Feature", "properties": { "name": "BMTC Hospital", "amenity": "hospital", "building": null, "healthcare": null, "beds": null, "emergency": null }, "geometry": { "type": "Point", "coordinates": [ 77.5923374, 12.9234317 ] } },
{ "type": "Feature", "properties": { "name": "Ramakrishna Nursing Home and Hospital", "amenity": "hospital", "building": null, "healthcare": "hospital", "beds": null, "emergency": null }, "geometry": { "type": "Point", "coordinates": [ 77.583477, 12.9364329 ] } },
{ "type": "Feature", "properties": { "name": "Shilpa Homeopathic Clinic", "amenity": "clinic", "building": null, "healthcare": null, "beds": null, "emergency": null }, "geometry": { "type": "Point", "coordinates": [ 77.6346384, 12.9267313 ] } },
{ "type": "Feature", "properties": { "name": "SBF Health, Bengaluru Urban", "amenity": "clinic", "building": null, "healthcare": null, "beds": null, "emergency": null }, "geometry": { "type": "Point", "coordinates": [ 77.6955308, 12.9774296 ] } },
{ "type": "Feature", "properties": { "name": "Shashi Clinic", "amenity": "clinic", "building": null, "healthcare": null, "beds": null, "emergency": null }, "geometry": { "type": "Point", "coordinates": [ 77.613838, 12.9140267 ] } },
{ "type": "Feature", "properties": { "name": "Sri Vinayaka Poly Clinic", "amenity": "hospital", "building": null, "healthcare": null, "beds": null, "emergency": null }, "geometry": { "type": "Point", "coordinates": [ 77.5510802, 12.939058 ] } },
{ "type": "Feature", "properties": { "name": "RMV Hospital", "amenity": "hospital", "building": null, "healthcare": "hospital", "beds": null, "emergency": "yes" }, "geometry": { "type": "Point", "coordinates": [ 77.576876, 13.0322788 ] } },
{ "type": "Feature", "properties": { "name": "Yashomathi Hospitals", "amenity": "hospital", "building": null, "healthcare": "hospital", "beds": null, "emergency": "yes" }, "geometry": { "type": "Point", "coordinates": [ 77.7112689, 12.9559302 ] } },
{ "type": "Feature", "properties": { "name": "Mallya Audikesh Diagnostics Center", "amenity": "hospital", "building": null, "healthcare": null, "beds": null, "emergency": null }, "geometry": { "type": "Point", "coordinates": [ 77.6011944, 12.9815051 ] } },
{ "type": "Feature", "properties": { "name": "Mallige Medical Centre", "amenity": "hospital", "building": null, "healthcare": null, "beds": null, "emergency": null }, "geometry": { "type": "Point", "coordinates": [ 77.5803846, 12.985247 ] } },
{ "type": "Feature", "properties": { "name": "Devine Hospital", "amenity": "hospital", "building": null, "healthcare": null, "beds": null, "emergency": null }, "geometry": { "type": "Point", "coordinates": [ 77.6039313, 13.0038999 ] } },
{ "type": "Feature", "properties": { "name": "Lalbagh Nursing Home", "amenity": "hospital", "building": null, "healthcare": null, "beds": null, "emergency": null }, "geometry": { "type": "Point", "coordinates": [ 77.5861734, 12.9452313 ] } },
{ "type": "Feature", "properties": { "name": "Dr. Batra Clinic", "amenity": "hospital", "building": null, "healthcare": null, "beds": null, "emergency": null }, "geometry": { "type": "Point", "coordinates": [ 77.7271089, 12.9797287 ] } },
{ "type": "Feature", "properties": { "name": "Government Maternity Hospital", "amenity": "hospital", "building": null, "healthcare": null, "beds": null, "emergency": null }, "geometry": { "type": "Point", "coordinates": [ 77.5817424, 12.9988604 ] } },
{ "type": "Feature", "properties": { "name": "Soujanya Clinic", "amenity": "hospital", "building": null, "healthcare": null, "beds": null, "emergency": "no" }, "geometry": { "type": "Point", "coordinates": [ 77.54325, 12.9681189 ] } },
{ "type": "Feature", "properties": { "name": "Kanva Diagnostics Collection Centre", "amenity": "hospital", "building": null, "healthcare": null, "beds": null, "emergency": null }, "geometry": { "type": "Point", "coordinates": [ 77.5429164, 12.967291 ] } },
{ "type": "Feature", "properties": { "name": "New Akshay Mallya Hospital", "amenity": "hospital", "building": null, "healthcare": null, "beds": null, "emergency": null }, "geometry": { "type": "Point", "coordinates": [ 77.6990468, 12.9568527 ] } },
{ "type": "Feature", "properties": { "name": "Presidency Hospital", "amenity": "hospital", "building": null, "healthcare": null, "beds": null, "emergency": null }, "geometry": { "type": "Point", "coordinates": [ 77.69923, 12.9951629 ] } },
{ "type": "Feature", "properties": { "name": "BGS Gleneagles Hospitals", "amenity": "hospital", "building": null, "healthcare": "hospital", "beds": null, "emergency": null }, "geometry": { "type": "Point", "coordinates": [ 77.4974982, 12.90306 ] } },
{ "type": "Feature", "properties": { "name": "Srinivas Clinic", "amenity": "hospital", "building": null, "healthcare": null, "beds": null, "emergency": "no" }, "geometry": { "type": "Point", "coordinates": [ 77.5830655, 12.9073391 ] } },
{ "type": "Feature", "properties": { "name": null, "amenity": "clinic", "building": null, "healthcare": "clinic", "beds": null, "emergency": null }, "geometry": { "type": "Point", "coordinates": [ 77.6372735, 12.913914 ] } },
{ "type": "Feature", "properties": { "name": "Queens Nursing Home", "amenity": "clinic", "building": null, "healthcare": null, "beds": null, "emergency": null }, "geometry": { "type": "Point", "coordinates": [ 77.5874909, 12.9903369 ] } },
{ "type": "Feature", "properties": { "name": null, "amenity": "hospital", "building": null, "healthcare": null, "beds": null, "emergency": null }, "geometry": { "type": "Point", "coordinates": [ 77.5652959, 13.0043642 ] } },
{ "type": "Feature", "properties": { "name": "Metro Hospital", "amenity": "hospital", "building": null, "healthcare": null, "beds": null, "emergency": "yes" }, "geometry": { "type": "Point", "coordinates": [ 77.560715, 12.8915893 ] } },
{ "type": "Feature", "properties": { "name": "Brookefield Hospital(A Unit Of Sanjeevani Hospital)", "amenity": "hospital", "building": null, "healthcare": "hospital", "beds": null, "emergency": "yes" }, "geometry": { "type": "Point", "coordinates": [ 77.7168891, 12.9668213 ] } },
{ "type": "Feature", "properties": { "name": "Vita Life clinic", "amenity": "clinic", "building": null, "healthcare": null, "beds": null, "emergency": null }, "geometry": { "type": "Point", "coordinates": [ 77.7180556, 12.9648939 ] } },
{ "type": "Feature", "properties": { "name": "The Apollo Clinic, Bengaluru Urban", "amenity": "clinic", "building": null, "healthcare": "clinic", "beds": null, "emergency": null }, "geometry": { "type": "Point", "coordinates": [ 77.6161393, 12.9339266 ] } },
{ "type": "Feature", "properties": { "name": "Tenet diagnostics", "amenity": "hospital", "building": null, "healthcare": null, "beds": null, "emergency": "no" }, "geometry": { "type": "Point", "coordinates": [ 77.7087044, 12.9573067 ] } },
{ "type": "Feature", "properties": { "name": "ESI Hospital", "amenity": "hospital", "building": null, "healthcare": null, "beds": null, "emergency": null }, "geometry": { "type": "Point", "coordinates": [ 77.6523255, 12.995242 ] } },
{ "type": "Feature", "properties": { "name": "Karunalayam Hospital", "amenity": "hospital", "building": null, "healthcare": null, "beds": null, "emergency": null }, "geometry": { "type": "Point", "coordinates": [ 77.7073377, 12.9111263 ] } },
{ "type": "Feature", "properties": { "name": "SDS Tuberculosis Research Centre and Rajiv Gandhi Institute of Chest diseases", "amenity": "hospital", "building": null, "healthcare": null, "beds": null, "emergency": "no" }, "geometry": { "type": "Point", "coordinates": [ 77.5907094, 12.9367955 ] } },
{ "type": "Feature", "properties": { "name": "Maiya Multispecialty Hospital", "amenity": "hospital", "building": null, "healthcare": null, "beds": null, "emergency": null }, "geometry": { "type": "Point", "coordinates": [ 77.5854533, 12.942614 ] } },
{ "type": "Feature", "properties": { "name": "Narayana Netralaya", "amenity": "hospital", "building": null, "healthcare": null, "beds": null, "emergency": null }, "geometry": { "type": "Point", "coordinates": [ 77.6094485, 12.9671401 ] } },
{ "type": "Feature", "properties": { "name": "The Apollo Clinic", "amenity": "clinic", "building": null, "healthcare": "clinic", "beds": null, "emergency": null }, "geometry": { "type": "Point", "coordinates": [ 77.5715091, 12.9971262 ] } },
{ "type": "Feature", "properties": { "name": "Nagappa Hadli Hospital", "amenity": "hospital", "building": null, "healthcare": null, "beds": null, "emergency": null }, "geometry": { "type": "Point", "coordinates": [ 77.5489026, 13.0829889 ] } },
{ "type": "Feature", "properties": { "name": "Vasan Eye Care Hospital, Nagarabhavi", "amenity": "hospital", "building": null, "healthcare": null, "beds": null, "emergency": null }, "geometry": { "type": "Point", "coordinates": [ 77.5129757, 12.9746134 ] } },
{ "type": "Feature", "properties": { "name": "Rc Hospital", "amenity": "hospital", "building": null, "healthcare": null, "beds": null, "emergency": null }, "geometry": { "type": "Point", "coordinates": [ 77.5153776, 12.930936 ] } },
{ "type": "Feature", "properties": { "name": "Veturi Child Health Centre", "amenity": "hospital", "building": null, "healthcare": null, "beds": null, "emergency": null }, "geometry": { "type": "Point", "coordinates": [ 77.5156579, 12.9263226 ] } },
{ "type": "Feature", "properties": { "name": "Ketham's Hospital Pvt. Ltd", "amenity": "hospital", "building": null, "healthcare": null, "beds": null, "emergency": null }, "geometry": { "type": "Point", "coordinates": [ 77.5582571, 13.0686568 ] } },
{ "type": "Feature", "properties": { "name": "Ragavendra Hospital", "amenity": "hospital", "building": null, "healthcare": null, "beds": null, "emergency": null }, "geometry": { "type": "Point", "coordinates": [ 77.5155377, 13.0425433 ] } },
{ "type": "Feature", "properties": { "name": "Guru Kripa Clinic", "amenity": "hospital", "building": null, "healthcare": null, "beds": null, "emergency": null }, "geometry": { "type": "Point", "coordinates": [ 77.5676844, 13.0349833 ] } },
{ "type": "Feature", "properties": { "name": "Deeksha Orthopaedic Hospital", "amenity": "hospital", "building": null, "healthcare": null, "beds": null, "emergency": null }, "geometry": { "type": "Point", "coordinates": [ 77.5964894, 13.0973922 ] } },
{ "type": "Feature", "properties": { "name": "Shushrusha Hospital", "amenity": "hospital", "building": null, "healthcare": null, "beds": null, "emergency": null }, "geometry": { "type": "Point", "coordinates": [ 77.5980216, 13.0997316 ] } },
{ "type": "Feature", "properties": { "name": "Chirag Hospital and Maternity Center", "amenity": "hospital", "building": null, "healthcare": "hospital", "beds": null, "emergency": null }, "geometry": { "type": "Point", "coordinates": [ 77.5913594, 12.9126298 ] } },
{ "type": "Feature", "properties": { "name": "Udhbhava Hospital", "amenity": "hospital", "building": null, "healthcare": null, "beds": null, "emergency": "yes" }, "geometry": { "type": "Point", "coordinates": [ 77.5489346, 12.9256842 ] } },
{ "type": "Feature", "properties": { "name": "DG Hospital", "amenity": "hospital", "building": null, "healthcare": null, "beds": null, "emergency": "yes" }, "geometry": { "type": "Point", "coordinates": [ 77.5598673, 12.9206648 ] } },
{ "type": "Feature", "properties": { "name": "Sharadha Nursing Home", "amenity": "clinic", "building": null, "healthcare": null, "beds": null, "emergency": null }, "geometry": { "type": "Point", "coordinates": [ 77.6174085, 12.9429573 ] } },
{ "type": "Feature", "properties": { "name": "Srinivasa Nursing Home", "amenity": "hospital", "building": null, "healthcare": "hospital", "beds": null, "emergency": null }, "geometry": { "type": "Point", "coordinates": [ 77.6174893, 12.9423039 ] } },
{ "type": "Feature", "properties": { "name": "Karuna Clinic", "amenity": "clinic", "building": null, "healthcare": null, "beds": null, "emergency": "yes" }, "geometry": { "type": "Point", "coordinates": [ 77.5673584, 12.9364316 ] } },
{ "type": "Feature", "properties": { "name": "Kangila Clinic", "amenity": "hospital", "building": null, "healthcare": null, "beds": null, "emergency": "yes" }, "geometry": { "type": "Point", "coordinates": [ 77.5660602, 12.9336501 ] } },
{ "type": "Feature", "properties": { "name": "Chaitanya Hospital", "amenity": "hospital", "building": null, "healthcare": null, "beds": null, "emergency": null }, "geometry": { "type": "Point", "coordinates": [ 77.5861904, 13.0990911 ] } },
{ "type": "Feature", "properties": { "name": "Vasan Eye Care Hospital, Koramangala", "amenity": "hospital", "building": null, "healthcare": "hospital", "beds": null, "emergency": "yes" }, "geometry": { "type": "Point", "coordinates": [ 77.6253403, 12.9402371 ] } },
{ "type": "Feature", "properties": { "name": "A K Clinic", "amenity": "clinic", "building": null, "healthcare": "clinic", "beds": null, "emergency": null }, "geometry": { "type": "Point", "coordinates": [ 77.6493158, 12.9076284 ] } },
{ "type": "Feature", "properties": { "name": "health nest", "amenity": "hospital", "building": null, "healthcare": null, "beds": null, "emergency": null }, "geometry": { "type": "Point", "coordinates": [ 77.6488507, 12.9075992 ] } },
{ "type": "Feature", "properties": { "name": "Amma's ENT Clinic", "amenity": "hospital", "building": null, "healthcare": null, "beds": null, "emergency": null }, "geometry": { "type": "Point", "coordinates": [ 77.5793947, 13.0281613 ] } },
{ "type": "Feature", "properties": { "name": "Krishna Specialty Clinic", "amenity": "hospital", "building": null, "healthcare": null, "beds": null, "emergency": null }, "geometry": { "type": "Point", "coordinates": [ 77.5789272, 13.026721 ] } },
{ "type": "Feature", "properties": { "name": "Seventh Day Adventist Hospital", "amenity": "hospital", "building": null, "healthcare": null, "beds": null, "emergency": null }, "geometry": { "type": "Point", "coordinates": [ 77.6113272, 12.995625 ] } },
{ "type": "Feature", "properties": { "name": "Santosh Diagnostic & Scan Center", "amenity": "clinic", "building": null, "healthcare": null, "beds": null, "emergency": null }, "geometry": { "type": "Point", "coordinates": [ 77.6080259, 12.9933614 ] } },
{ "type": "Feature", "properties": { "name": "Park View Clinic", "amenity": "clinic", "building": null, "healthcare": null, "beds": null, "emergency": null }, "geometry": { "type": "Point", "coordinates": [ 77.6086664, 12.9935915 ] } },
{ "type": "Feature", "properties": { "name": "Srinivasa Nursing Home", "amenity": "hospital", "building": null, "healthcare": null, "beds": null, "emergency": null }, "geometry": { "type": "Point", "coordinates": [ 77.6220456, 12.9965077 ] } },
{ "type": "Feature", "properties": { "name": "Kids Care Clinic", "amenity": "hospital", "building": null, "healthcare": "hospital", "beds": null, "emergency": null }, "geometry": { "type": "Point", "coordinates": [ 77.6050207, 12.914434 ] } },
{ "type": "Feature", "properties": { "name": "Pristine Health care", "amenity": "hospital", "building": null, "healthcare": "hospital", "beds": null, "emergency": "yes" }, "geometry": { "type": "Point", "coordinates": [ 77.6186753, 12.9382768 ] } },
{ "type": "Feature", "properties": { "name": "Prerana Dental Clinic", "amenity": "hospital", "building": null, "healthcare": null, "beds": null, "emergency": null }, "geometry": { "type": "Point", "coordinates": [ 77.630774, 12.9186845 ] } },
{ "type": "Feature", "properties": { "name": "Mamtha Health Center", "amenity": "hospital", "building": null, "healthcare": null, "beds": null, "emergency": null }, "geometry": { "type": "Point", "coordinates": [ 77.6318764, 12.9180492 ] } },
{ "type": "Feature", "properties": { "name": "Suprabha Hospital", "amenity": "hospital", "building": null, "healthcare": null, "beds": null, "emergency": null }, "geometry": { "type": "Point", "coordinates": [ 77.5469059, 13.0079383 ] } },
{ "type": "Feature", "properties": { "name": "Sangolli Nursing Home", "amenity": "hospital", "building": null, "healthcare": null, "beds": null, "emergency": null }, "geometry": { "type": "Point", "coordinates": [ 77.5469273, 13.0083564 ] } },
{ "type": "Feature", "properties": { "name": "Diacon Hospital", "amenity": "hospital", "building": null, "healthcare": "hospital", "beds": null, "emergency": null }, "geometry": { "type": "Point", "coordinates": [ 77.5498337, 13.0037682 ] } },
{ "type": "Feature", "properties": { "name": "Agarwal Eye Hospital", "amenity": "hospital", "building": null, "healthcare": "hospital", "beds": null, "emergency": null }, "geometry": { "type": "Point", "coordinates": [ 77.6221301, 12.9273417 ] } },
{ "type": "Feature", "properties": { "name": "Sri Sapthagiri Clinic", "amenity": "hospital", "building": null, "healthcare": null, "beds": null, "emergency": null }, "geometry": { "type": "Point", "coordinates": [ 77.6449626, 12.8736928 ] } },
{ "type": "Feature", "properties": { "name": "Sagar Dental Clinic", "amenity": "hospital", "building": null, "healthcare": null, "beds": null, "emergency": null }, "geometry": { "type": "Point", "coordinates": [ 77.6300572, 12.9169725 ] } },
{ "type": "Feature", "properties": { "name": "Venkateshwara Hospital", "amenity": "hospital", "building": null, "healthcare": null, "beds": null, "emergency": null }, "geometry": { "type": "Point", "coordinates": [ 77.6170828, 12.9257842 ] } },
{ "type": "Feature", "properties": { "name": "Namratha Hospital", "amenity": "hospital", "building": null, "healthcare": null, "beds": null, "emergency": null }, "geometry": { "type": "Point", "coordinates": [ 77.543073, 13.0047859 ] } },
{ "type": "Feature", "properties": { "name": "Devi Eye Hospital", "amenity": "hospital", "building": null, "healthcare": null, "beds": null, "emergency": null }, "geometry": { "type": "Point", "coordinates": [ 77.6374069, 12.9162576 ] } },
{ "type": "Feature", "properties": { "name": "Mysore Hospital", "amenity": "hospital", "building": null, "healthcare": null, "beds": null, "emergency": null }, "geometry": { "type": "Point", "coordinates": [ 77.5397051, 13.0275337 ] } },
{ "type": "Feature", "properties": { "name": "Prakash Clinic", "amenity": "clinic", "building": null, "healthcare": "clinic", "beds": null, "emergency": null }, "geometry": { "type": "Point", "coordinates": [ 77.539442, 13.027027 ] } },
{ "type": "Feature", "properties": { "name": "Jayanagar Orthopaedic Centre", "amenity": "hospital", "building": null, "healthcare": null, "beds": null, "emergency": "no" }, "geometry": { "type": "Point", "coordinates": [ 77.5877091, 12.9293288 ] } },
{ "type": "Feature", "properties": { "name": "Shekar Hospital", "amenity": "hospital", "building": null, "healthcare": null, "beds": null, "emergency": "no" }, "geometry": { "type": "Point", "coordinates": [ 77.5675192, 12.9458714 ] } },
{ "type": "Feature", "properties": { "name": "Punya Hospital", "amenity": "hospital", "building": null, "healthcare": "hospital", "beds": null, "emergency": "yes" }, "geometry": { "type": "Point", "coordinates": [ 77.5359798, 13.0011459 ] } },
{ "type": "Feature", "properties": { "name": "Vasan Eye Care", "amenity": "hospital", "building": null, "healthcare": "hospital", "beds": null, "emergency": null }, "geometry": { "type": "Point", "coordinates": [ 77.6265538, 12.9102705 ] } },
{ "type": "Feature", "properties": { "name": "Heart lung clinic", "amenity": "clinic", "building": null, "healthcare": null, "beds": null, "emergency": null }, "geometry": { "type": "Point", "coordinates": [ 77.6443155, 12.9787052 ] } },
{ "type": "Feature", "properties": { "name": "Lotus Diagnostic centre", "amenity": "clinic", "building": null, "healthcare": null, "beds": null, "emergency": "no" }, "geometry": { "type": "Point", "coordinates": [ 77.6424063, 12.9786597 ] } },
{ "type": "Feature", "properties": { "name": "Ramkrishna Nursing Home", "amenity": "clinic", "building": null, "healthcare": "clinic", "beds": null, "emergency": null }, "geometry": { "type": "Point", "coordinates": [ 77.5828954, 12.9364201 ] } },
{ "type": "Feature", "properties": { "name": "Parimala Clinic", "amenity": "hospital", "building": null, "healthcare": null, "beds": null, "emergency": null }, "geometry": { "type": "Point", "coordinates": [ 77.5788941, 12.9135707 ] } },
{ "type": "Feature", "properties": { "name": "Karanth Speciality Hospital", "amenity": "hospital", "building": null, "healthcare": "hospital", "beds": null, "emergency": "yes" }, "geometry": { "type": "Point", "coordinates": [ 77.6193573, 12.9160081 ] } },
{ "type": "Feature", "properties": { "name": "Gangothri Hospital", "amenity": "hospital", "building": null, "healthcare": null, "beds": null, "emergency": "yes" }, "geometry": { "type": "Point", "coordinates": [ 77.6138218, 12.9162878 ] } },
{ "type": "Feature", "properties": { "name": "Spurthy Hospital", "amenity": "hospital", "building": null, "healthcare": "hospital", "beds": null, "emergency": null }, "geometry": { "type": "Point", "coordinates": [ 77.61116, 12.9239335 ] } },
{ "type": "Feature", "properties": { "name": "Prasad Eye Hospital", "amenity": "hospital", "building": null, "healthcare": "hospital", "beds": null, "emergency": null }, "geometry": { "type": "Point", "coordinates": [ 77.6086817, 12.9351929 ] } },
{ "type": "Feature", "properties": { "name": "NIMHANS Screening block", "amenity": "hospital", "building": null, "healthcare": "hospital", "beds": null, "emergency": "no" }, "geometry": { "type": "Point", "coordinates": [ 77.5937737, 12.9387115 ] } },
{ "type": "Feature", "properties": { "name": "NIMHANS OPD", "amenity": "hospital", "building": null, "healthcare": "hospital", "beds": null, "emergency": null }, "geometry": { "type": "Point", "coordinates": [ 77.5942994, 12.9388056 ] } },
{ "type": "Feature", "properties": { "name": "Manjunath Hospital", "amenity": "hospital", "building": null, "healthcare": "hospital", "beds": null, "emergency": null }, "geometry": { "type": "Point", "coordinates": [ 77.5940621, 12.9483598 ] } },
{ "type": "Feature", "properties": { "name": "Karthik Hospital", "amenity": "hospital", "building": null, "healthcare": "hospital", "beds": null, "emergency": null }, "geometry": { "type": "Point", "coordinates": [ 77.5942592, 12.9484356 ] } },
{ "type": "Feature", "properties": { "name": "Aswad Hospital", "amenity": "hospital", "building": null, "healthcare": null, "beds": null, "emergency": null }, "geometry": { "type": "Point", "coordinates": [ 77.6247622, 12.9147871 ] } },
{ "type": "Feature", "properties": { "name": "TSR heart care", "amenity": "hospital", "building": null, "healthcare": null, "beds": null, "emergency": null }, "geometry": { "type": "Point", "coordinates": [ 77.5933686, 13.0264438 ] } },
{ "type": "Feature", "properties": { "name": "Fortis Hospital", "amenity": "hospital", "building": null, "healthcare": "hospital", "beds": null, "emergency": null }, "geometry": { "type": "Point", "coordinates": [ 77.5490879, 13.0022409 ] } },
{ "type": "Feature", "properties": { "name": "Citi Hospital", "amenity": "hospital", "building": null, "healthcare": null, "beds": null, "emergency": null }, "geometry": { "type": "Point", "coordinates": [ 77.5510696, 12.9956506 ] } },
{ "type": "Feature", "properties": { "name": "Vasan Eye Care Hospital, Rajaji Nagar", "amenity": "hospital", "building": null, "healthcare": "hospital", "beds": null, "emergency": null }, "geometry": { "type": "Point", "coordinates": [ 77.5505328, 12.9995223 ] } },
{ "type": "Feature", "properties": { "name": "Ananya Hospital", "amenity": "hospital", "building": null, "healthcare": "hospital", "beds": null, "emergency": null }, "geometry": { "type": "Point", "coordinates": [ 77.55045, 12.9998205 ] } },
{ "type": "Feature", "properties": { "name": "Baptist", "amenity": "hospital", "building": null, "healthcare": "hospital", "beds": null, "emergency": null }, "geometry": { "type": "Point", "coordinates": [ 77.5719766, 12.9970915 ] } },
{ "type": "Feature", "properties": { "name": "Supra's Diagnostic Centre", "amenity": "clinic", "building": null, "healthcare": "clinic", "beds": null, "emergency": null }, "geometry": { "type": "Point", "coordinates": [ 77.5721536, 12.9970758 ] } },
{ "type": "Feature", "properties": { "name": "Shivakrupa Hospital", "amenity": "hospital", "building": null, "healthcare": null, "beds": null, "emergency": null }, "geometry": { "type": "Point", "coordinates": [ 77.5479135, 12.973967 ] } },
{ "type": "Feature", "properties": { "name": "Dr. Ambedkar Medical College Hospital", "amenity": "hospital", "building": null, "healthcare": null, "beds": null, "emergency": "yes" }, "geometry": { "type": "Point", "coordinates": [ 77.6139585, 13.0248621 ] } },
{ "type": "Feature", "properties": { "name": "Sri Maruthi hospital, Sheshadripuram", "amenity": "hospital", "building": null, "healthcare": "hospital", "beds": null, "emergency": null }, "geometry": { "type": "Point", "coordinates": [ 77.5742046, 12.9926441 ] } },
{ "type": "Feature", "properties": { "name": "Vital Medi Health Care Pvt Ltd", "amenity": "clinic", "building": null, "healthcare": null, "beds": null, "emergency": null }, "geometry": { "type": "Point", "coordinates": [ 77.6363465, 12.9664535 ] } },
{ "type": "Feature", "properties": { "name": "Prabha Eye Clinic and Research Centre", "amenity": "clinic", "building": null, "healthcare": null, "beds": null, "emergency": "yes" }, "geometry": { "type": "Point", "coordinates": [ 77.5753405, 12.9197167 ] } },
{ "type": "Feature", "properties": { "name": "Sunny Medicals Hospital Clinic", "amenity": "hospital", "building": null, "healthcare": "hospital", "beds": null, "emergency": "yes" }, "geometry": { "type": "Point", "coordinates": [ 77.6699091, 12.9267954 ] } },
{ "type": "Feature", "properties": { "name": "Maruthi Clinic", "amenity": "clinic", "building": null, "healthcare": null, "beds": null, "emergency": null }, "geometry": { "type": "Point", "coordinates": [ 77.6878913, 12.9912991 ] } },
{ "type": "Feature", "properties": { "name": "Dr.Chandar Clinic", "amenity": "clinic", "building": null, "healthcare": null, "beds": null, "emergency": null }, "geometry": { "type": "Point", "coordinates": [ 77.6933786, 12.9960796 ] } },
{ "type": "Feature", "properties": { "name": "Vikram Eye Clinic", "amenity": "clinic", "building": null, "healthcare": null, "beds": null, "emergency": "no" }, "geometry": { "type": "Point", "coordinates": [ 77.589655, 12.9352377 ] } },
{ "type": "Feature", "properties": { "name": "Karunya Homoeopathy Centre", "amenity": "hospital", "building": null, "healthcare": null, "beds": null, "emergency": "no" }, "geometry": { "type": "Point", "coordinates": [ 77.653594, 13.0307899 ] } },
{ "type": "Feature", "properties": { "name": "Ayur Seva Hospital", "amenity": "hospital", "building": null, "healthcare": null, "beds": null, "emergency": null }, "geometry": { "type": "Point", "coordinates": [ 77.6653699, 13.0148188 ] } },
{ "type": "Feature", "properties": { "name": "Vinayaka Specialty Hospital", "amenity": "hospital", "building": null, "healthcare": null, "beds": null, "emergency": "no" }, "geometry": { "type": "Point", "coordinates": [ 77.6218548, 12.8990004 ] } },
{ "type": "Feature", "properties": { "name": "Koshys Hospital", "amenity": "hospital", "building": null, "healthcare": null, "beds": null, "emergency": null }, "geometry": { "type": "Point", "coordinates": [ 77.6760593, 13.0207033 ] } },
{ "type": "Feature", "properties": { "name": "Gurushree Hitech Multispeciality Hospital", "amenity": "hospital", "building": null, "healthcare": null, "beds": null, "emergency": "yes" }, "geometry": { "type": "Point", "coordinates": [ 77.5265054, 12.9593144 ] } },
{ "type": "Feature", "properties": { "name": "Shobha Hospital, Bengaluru Urban", "amenity": "hospital", "building": null, "healthcare": null, "beds": null, "emergency": "no" }, "geometry": { "type": "Point", "coordinates": [ 77.5313495, 12.9755854 ] } },
{ "type": "Feature", "properties": { "name": "Gayathri Hospital, Bengaluru Urban", "amenity": "hospital", "building": null, "healthcare": null, "beds": null, "emergency": "yes" }, "geometry": { "type": "Point", "coordinates": [ 77.5426819, 12.9744053 ] } },
{ "type": "Feature", "properties": { "name": "MEDSOL Hospital", "amenity": "hospital", "building": null, "healthcare": null, "beds": null, "emergency": "yes" }, "geometry": { "type": "Point", "coordinates": [ 77.4929837, 12.9309944 ] } },
{ "type": "Feature", "properties": { "name": "Government Primary Health Centre", "amenity": "hospital", "building": null, "healthcare": "centre", "beds": null, "emergency": "no" }, "geometry": { "type": "Point", "coordinates": [ 77.504284, 13.003447 ] } },
{ "type": "Feature", "properties": { "name": "Bharathy Hospital", "amenity": "hospital", "building": null, "healthcare": null, "beds": null, "emergency": null }, "geometry": { "type": "Point", "coordinates": [ 77.5326369, 12.9761294 ] } },
{ "type": "Feature", "properties": { "name": "Yogananda Medical and Research Centre", "amenity": "hospital", "building": null, "healthcare": null, "beds": null, "emergency": "yes" }, "geometry": { "type": "Point", "coordinates": [ 77.5598033, 12.9202791 ] } },
{ "type": "Feature", "properties": { "name": "Government Primary Healthcare Center, Begur", "amenity": "hospital", "building": null, "healthcare": "centre", "beds": null, "emergency": null }, "geometry": { "type": "Point", "coordinates": [ 77.6246582, 12.8778532 ] } },
{ "type": "Feature", "properties": { "name": "Cure & Care Dental Clinic Dr. Moumita Mukherjee", "amenity": "hospital", "building": null, "healthcare": null, "beds": null, "emergency": null }, "geometry": { "type": "Point", "coordinates": [ 77.6492213, 12.9074968 ] } },
{ "type": "Feature", "properties": { "name": "Shirdi Sai Hospital", "amenity": "hospital", "building": null, "healthcare": null, "beds": null, "emergency": "yes" }, "geometry": { "type": "Point", "coordinates": [ 77.5648754, 13.0372438 ] } },
{ "type": "Feature", "properties": { "name": "Nayantara Opticals", "amenity": "hospital", "building": null, "healthcare": null, "beds": null, "emergency": "no" }, "geometry": { "type": "Point", "coordinates": [ 77.6198497, 12.8924828 ] } },
{ "type": "Feature", "properties": { "name": "Shraddha Dental Care", "amenity": "clinic", "building": null, "healthcare": "clinic", "beds": null, "emergency": "no" }, "geometry": { "type": "Point", "coordinates": [ 77.6106417, 12.8926407 ] } },
{ "type": "Feature", "properties": { "name": "Kottakkal Arya Vaidya Sala", "amenity": "hospital", "building": null, "healthcare": null, "beds": null, "emergency": "no" }, "geometry": { "type": "Point", "coordinates": [ 77.5850591, 12.9411061 ] } },
{ "type": "Feature", "properties": { "name": "Cure N Care Homoeopathic clinic", "amenity": "clinic", "building": null, "healthcare": "clinic", "beds": null, "emergency": "no" }, "geometry": { "type": "Point", "coordinates": [ 77.7507305, 12.9696677 ] } },
{ "type": "Feature", "properties": { "name": "Charan Homeopathy, Ramamurthy Nagar", "amenity": "hospital", "building": null, "healthcare": null, "beds": null, "emergency": null }, "geometry": { "type": "Point", "coordinates": [ 77.6674667, 13.0100409 ] } },
{ "type": "Feature", "properties": { "name": "Dhanavantri Hospital", "amenity": "hospital", "building": null, "healthcare": null, "beds": null, "emergency": null }, "geometry": { "type": "Point", "coordinates": [ 77.6348642, 13.0834023 ] } },
{ "type": "Feature", "properties": { "name": "T.R.Hospital", "amenity": "hospital", "building": null, "healthcare": null, "beds": null, "emergency": null }, "geometry": { "type": "Point", "coordinates": [ 77.5841671, 12.8807554 ] } },
{ "type": "Feature", "properties": { "name": "Rainbow Clinic and Diagnostic Laboratory", "amenity": "hospital", "building": null, "healthcare": "hospital", "beds": null, "emergency": "yes" }, "geometry": { "type": "Point", "coordinates": [ 77.5816961, 12.891484 ] } },
{ "type": "Feature", "properties": { "name": "Cloud Nine Hospital", "amenity": "hospital", "building": null, "healthcare": null, "beds": null, "emergency": null }, "geometry": { "type": "Point", "coordinates": [ 77.5625316, 13.0078742 ] } },
{ "type": "Feature", "properties": { "name": "Nayak Hospital, Gayathri Nagar", "amenity": "hospital", "building": null, "healthcare": null, "beds": null, "emergency": "yes" }, "geometry": { "type": "Point", "coordinates": [ 77.5606403, 12.9993857 ] } },
{ "type": "Feature", "properties": { "name": "Rajnandani Hospital, Bangalore", "amenity": "hospital", "building": null, "healthcare": "hospital", "beds": null, "emergency": null }, "geometry": { "type": "Point", "coordinates": [ 77.5701276, 12.8845448 ] } },
{ "type": "Feature", "properties": { "name": "Maharaja Agrasen Hospital, Bengaluru Urban", "amenity": "hospital", "building": null, "healthcare": null, "beds": null, "emergency": "yes" }, "geometry": { "type": "Point", "coordinates": [ 77.5550223, 12.915903 ] } },
{ "type": "Feature", "properties": { "name": "Banashankari Referral Hospital", "amenity": "hospital", "building": null, "healthcare": "hospital", "beds": null, "emergency": null }, "geometry": { "type": "Point", "coordinates": [ 77.5642974, 12.9231342 ] } },
{ "type": "Feature", "properties": { "name": "Bangalore Kidney Foundation - NU Hospital", "amenity": "hospital", "building": null, "healthcare": null, "beds": null, "emergency": null }, "geometry": { "type": "Point", "coordinates": [ 77.555816, 12.9179548 ] } },
{ "type": "Feature", "properties": { "name": "GM Hospital, Nagarabhavi", "amenity": "hospital", "building": null, "healthcare": null, "beds": null, "emergency": null }, "geometry": { "type": "Point", "coordinates": [ 77.511726, 12.9613237 ] } },
{ "type": "Feature", "properties": { "name": "Shanbhag Hospital", "amenity": "hospital", "building": null, "healthcare": null, "beds": null, "emergency": null }, "geometry": { "type": "Point", "coordinates": [ 77.5435424, 12.9856882 ] } },
{ "type": "Feature", "properties": { "name": "Trupti Nursing Home", "amenity": "hospital", "building": null, "healthcare": "hospital", "beds": null, "emergency": null }, "geometry": { "type": "Point", "coordinates": [ 77.5397544, 12.9946566 ] } },
{ "type": "Feature", "properties": { "name": "Srivijaya Speciality Hospital", "amenity": "hospital", "building": null, "healthcare": null, "beds": null, "emergency": null }, "geometry": { "type": "Point", "coordinates": [ 77.6580271, 13.0124345 ] } },
{ "type": "Feature", "properties": { "name": "Magnus Diagnostic Lab", "amenity": "hospital", "building": null, "healthcare": "hospital", "beds": null, "emergency": "no" }, "geometry": { "type": "Point", "coordinates": [ 77.6305022, 12.9349187 ] } },
{ "type": "Feature", "properties": { "name": "Krupa Medical center", "amenity": "hospital", "building": null, "healthcare": "hospital", "beds": null, "emergency": "no" }, "geometry": { "type": "Point", "coordinates": [ 77.5411664, 13.000431 ] } },
{ "type": "Feature", "properties": { "name": "Narayana Hrudayalaya Dental Clinic", "amenity": "clinic", "building": null, "healthcare": "clinic", "beds": null, "emergency": "yes" }, "geometry": { "type": "Point", "coordinates": [ 77.6114181, 12.8932015 ] } },
{ "type": "Feature", "properties": { "name": "Soukya Hospital", "amenity": "hospital", "building": null, "healthcare": "hospital", "beds": null, "emergency": null }, "geometry": { "type": "Point", "coordinates": [ 77.5587548, 13.0774744 ] } },
{ "type": "Feature", "properties": { "name": "Greenview Medical Center", "amenity": "hospital", "building": null, "healthcare": "hospital", "beds": null, "emergency": "yes" }, "geometry": { "type": "Point", "coordinates": [ 77.6381379, 12.9191813 ] } },
{ "type": "Feature", "properties": { "name": "Vaidyaratnam Oushadhasala", "amenity": "hospital", "building": null, "healthcare": "hospital", "beds": null, "emergency": "no" }, "geometry": { "type": "Point", "coordinates": [ 77.6485848, 12.9121004 ] } },
{ "type": "Feature", "properties": { "name": "Blossoms Hospital", "amenity": "hospital", "building": null, "healthcare": null, "beds": null, "emergency": "yes" }, "geometry": { "type": "Point", "coordinates": [ 77.6308237, 12.9064393 ] } },
{ "type": "Feature", "properties": { "name": "Live100", "amenity": "hospital", "building": null, "healthcare": null, "beds": null, "emergency": "yes" }, "geometry": { "type": "Point", "coordinates": [ 77.6454925, 12.8791713 ] } },
{ "type": "Feature", "properties": { "name": "Veterinary Hospital", "amenity": "clinic", "building": null, "healthcare": null, "beds": null, "emergency": null }, "geometry": { "type": "Point", "coordinates": [ 77.6739337, 13.0331716 ] } },
{ "type": "Feature", "properties": { "name": "ESi Hospital", "amenity": "hospital", "building": null, "healthcare": "hospital", "beds": null, "emergency": null }, "geometry": { "type": "Point", "coordinates": [ 77.6923101, 13.0077936 ] } },
{ "type": "Feature", "properties": { "name": "Happy Tooth", "amenity": "hospital", "building": null, "healthcare": null, "beds": null, "emergency": "no" }, "geometry": { "type": "Point", "coordinates": [ 77.5336479, 12.9744193 ] } },
{ "type": "Feature", "properties": { "name": "Rishi Women and Child Clinic", "amenity": "hospital", "building": null, "healthcare": null, "beds": null, "emergency": null }, "geometry": { "type": "Point", "coordinates": [ 77.532699, 12.9745812 ] } },
{ "type": "Feature", "properties": { "name": "Penta Care Ayurvedic Hospital", "amenity": "hospital", "building": null, "healthcare": null, "beds": null, "emergency": null }, "geometry": { "type": "Point", "coordinates": [ 77.5369482, 12.9736894 ] } },
{ "type": "Feature", "properties": { "name": "Shalini Nursing & MAternity Home", "amenity": "hospital", "building": null, "healthcare": null, "beds": null, "emergency": null }, "geometry": { "type": "Point", "coordinates": [ 77.5419997, 12.9436624 ] } },
{ "type": "Feature", "properties": { "name": "Shreya Poly Clinic", "amenity": "hospital", "building": null, "healthcare": null, "beds": null, "emergency": null }, "geometry": { "type": "Point", "coordinates": [ 77.5394723, 12.9729127 ] } },
{ "type": "Feature", "properties": { "name": "Positive Homeopathy", "amenity": "clinic", "building": null, "healthcare": "clinic", "beds": null, "emergency": null }, "geometry": { "type": "Point", "coordinates": [ 77.5386905, 12.991912 ] } },
{ "type": "Feature", "properties": { "name": "Anurag Medical Center", "amenity": "hospital", "building": null, "healthcare": "hospital", "beds": null, "emergency": "no" }, "geometry": { "type": "Point", "coordinates": [ 77.5271683, 12.9612829 ] } },
{ "type": "Feature", "properties": { "name": "United Medical lab", "amenity": "hospital", "building": null, "healthcare": null, "beds": null, "emergency": null }, "geometry": { "type": "Point", "coordinates": [ 77.6132902, 13.0007683 ] } },
{ "type": "Feature", "properties": { "name": "Maruthi Clinic", "amenity": "clinic", "building": null, "healthcare": null, "beds": null, "emergency": null }, "geometry": { "type": "Point", "coordinates": [ 77.6192054, 12.9993281 ] } },
{ "type": "Feature", "properties": { "name": "Pragathi Ayurvedic Center", "amenity": "hospital", "building": null, "healthcare": null, "beds": null, "emergency": null }, "geometry": { "type": "Point", "coordinates": [ 77.555666, 12.9843701 ] } },
{ "type": "Feature", "properties": { "name": "Narayana Hrudayalaya Dental Clinic", "amenity": "hospital", "building": null, "healthcare": "hospital", "beds": null, "emergency": null }, "geometry": { "type": "Point", "coordinates": [ 77.6728066, 12.9231571 ] } },
{ "type": "Feature", "properties": { "name": "Bhagwan Mahavir Jain Health Center", "amenity": "clinic", "building": null, "healthcare": null, "beds": null, "emergency": null }, "geometry": { "type": "Point", "coordinates": [ 77.7523656, 12.9814669 ] } },
{ "type": "Feature", "properties": { "name": "Deepak Nursing Home, Jayanagar", "amenity": "clinic", "building": null, "healthcare": null, "beds": null, "emergency": null }, "geometry": { "type": "Point", "coordinates": [ 77.5775932, 12.9258821 ] } },
{ "type": "Feature", "properties": { "name": "Sanjeevini Clinic", "amenity": "clinic", "building": null, "healthcare": null, "beds": null, "emergency": null }, "geometry": { "type": "Point", "coordinates": [ 77.707873, 12.9486097 ] } },
{ "type": "Feature", "properties": { "name": "unknown clinic", "amenity": "clinic", "building": null, "healthcare": null, "beds": null, "emergency": null }, "geometry": { "type": "Point", "coordinates": [ 77.7085732, 12.9489302 ] } },
{ "type": "Feature", "properties": { "name": "Hear2Speak Clinic", "amenity": "clinic", "building": null, "healthcare": "clinic", "beds": null, "emergency": null }, "geometry": { "type": "Point", "coordinates": [ 77.7196162, 12.9555887 ] } },
{ "type": "Feature", "properties": { "name": "Vatsalya Chidren's Clinic", "amenity": "hospital", "building": null, "healthcare": "hospital", "beds": null, "emergency": "no" }, "geometry": { "type": "Point", "coordinates": [ 77.6109105, 12.8948505 ] } },
{ "type": "Feature", "properties": { "name": "Kottakkal Arya Vaidya Sala", "amenity": "hospital", "building": null, "healthcare": null, "beds": null, "emergency": "no" }, "geometry": { "type": "Point", "coordinates": [ 77.6271003, 12.9002599 ] } },
{ "type": "Feature", "properties": { "name": "Manasa Medical Centre", "amenity": "clinic", "building": null, "healthcare": null, "beds": null, "emergency": null }, "geometry": { "type": "Point", "coordinates": [ 77.5853659, 12.9399806 ] } },
{ "type": "Feature", "properties": { "name": "Aditi Maternity and Genral Nursing Home", "amenity": "clinic", "building": null, "healthcare": "clinic", "beds": null, "emergency": "yes" }, "geometry": { "type": "Point", "coordinates": [ 77.5965269, 12.8907463 ] } },
{ "type": "Feature", "properties": { "name": "Sharavathi Hospitals (P) Ltd.", "amenity": "hospital", "building": null, "healthcare": "hospital", "beds": null, "emergency": null }, "geometry": { "type": "Point", "coordinates": [ 77.5342853, 12.9623406 ] } },
{ "type": "Feature", "properties": { "name": "Ayush Children's Clinic (Dr.Murli)", "amenity": "clinic", "building": null, "healthcare": null, "beds": null, "emergency": null }, "geometry": { "type": "Point", "coordinates": [ 77.538885, 12.9681257 ] } },
{ "type": "Feature", "properties": { "name": "Dr.Agarwal's Eye Hospital Ltd, Padmanabha Nagar", "amenity": "hospital", "building": null, "healthcare": "hospital", "beds": null, "emergency": null }, "geometry": { "type": "Point", "coordinates": [ 77.5592568, 12.9169288 ] } },
{ "type": "Feature", "properties": { "name": "Prima Care", "amenity": "clinic", "building": null, "healthcare": "clinic", "beds": null, "emergency": null }, "geometry": { "type": "Point", "coordinates": [ 77.6161553, 13.0055224 ] } },
{ "type": "Feature", "properties": { "name": "Shraddha Eye Care", "amenity": "hospital", "building": null, "healthcare": null, "beds": null, "emergency": null }, "geometry": { "type": "Point", "coordinates": [ 77.5555842, 12.9184617 ] } },
{ "type": "Feature", "properties": { "name": "Medplus Path Labs", "amenity": "clinic", "building": null, "healthcare": null, "beds": null, "emergency": null }, "geometry": { "type": "Point", "coordinates": [ 77.5642571, 12.9094831 ] } },
{ "type": "Feature", "properties": { "name": "Vasan Eye Care Hospital, Rajarajeswari Nagar", "amenity": "hospital", "building": null, "healthcare": "doctor", "beds": null, "emergency": null }, "geometry": { "type": "Point", "coordinates": [ 77.5154779, 12.931334 ] } },
{ "type": "Feature", "properties": { "name": "Cloud Nine Fertility", "amenity": "hospital", "building": null, "healthcare": null, "beds": null, "emergency": null }, "geometry": { "type": "Point", "coordinates": [ 77.5858347, 12.9055088 ] } },
{ "type": "Feature", "properties": { "name": "Dr. R Srinivasa", "amenity": "clinic", "building": null, "healthcare": null, "beds": null, "emergency": null }, "geometry": { "type": "Point", "coordinates": [ 77.5695736, 13.0085323 ] } },
{ "type": "Feature", "properties": { "name": "Aikya Healthcare", "amenity": "hospital", "building": null, "healthcare": "hospital", "beds": null, "emergency": null }, "geometry": { "type": "Point", "coordinates": [ 77.5466715, 12.8827229 ] } },
{ "type": "Feature", "properties": { "name": "Konanakunte Government Hospital", "amenity": "hospital", "building": null, "healthcare": "hospital", "beds": null, "emergency": null }, "geometry": { "type": "Point", "coordinates": [ 77.5664029, 12.8840897 ] } },
{ "type": "Feature", "properties": { "name": "Medical Shop", "amenity": "clinic", "building": null, "healthcare": null, "beds": null, "emergency": null }, "geometry": { "type": "Point", "coordinates": [ 77.5624936, 12.9285342 ] } },
{ "type": "Feature", "properties": { "name": "Ojus Medicare", "amenity": "clinic", "building": null, "healthcare": null, "beds": null, "emergency": null }, "geometry": { "type": "Point", "coordinates": [ 77.6363934, 12.9661149 ] } },
{ "type": "Feature", "properties": { "name": "Apollo Clinic", "amenity": "clinic", "building": null, "healthcare": "clinic", "beds": null, "emergency": null }, "geometry": { "type": "Point", "coordinates": [ 77.6798404, 12.9127254 ] } },
{ "type": "Feature", "properties": { "name": "Cloud Nine Hospital", "amenity": "hospital", "building": null, "healthcare": null, "beds": null, "emergency": null }, "geometry": { "type": "Point", "coordinates": [ 77.7319773, 12.9878709 ] } },
{ "type": "Feature", "properties": { "name": "Telerad Rx Dx Health Care Whitefield", "amenity": "hospital", "building": null, "healthcare": "hospital", "beds": null, "emergency": null }, "geometry": { "type": "Point", "coordinates": [ 77.7103746, 12.9768424 ] } },
{ "type": "Feature", "properties": { "name": "Homeocare International", "amenity": "clinic", "building": null, "healthcare": null, "beds": null, "emergency": null }, "geometry": { "type": "Point", "coordinates": [ 77.6422202, 12.9633105 ] } },
{ "type": "Feature", "properties": { "name": "Indiranagar Specialist Center", "amenity": "clinic", "building": null, "healthcare": "clinic", "beds": null, "emergency": null }, "geometry": { "type": "Point", "coordinates": [ 77.6429248, 12.9676644 ] } },
{ "type": "Feature", "properties": { "name": "Motherhood Hospital(Unit Of Rhea Healthcare Pvt Ltd)", "amenity": "hospital", "building": null, "healthcare": "hospital", "beds": null, "emergency": null }, "geometry": { "type": "Point", "coordinates": [ 77.6375845, 12.9784409 ] } },
{ "type": "Feature", "properties": { "name": "ClinRad", "amenity": "clinic", "building": null, "healthcare": "clinic", "beds": null, "emergency": null }, "geometry": { "type": "Point", "coordinates": [ 77.6454699, 12.9783539 ] } },
{ "type": "Feature", "properties": { "name": "Nationwide", "amenity": "clinic", "building": null, "healthcare": null, "beds": null, "emergency": null }, "geometry": { "type": "Point", "coordinates": [ 77.6452371, 12.9783475 ] } },
{ "type": "Feature", "properties": { "name": "Maple Clinic", "amenity": "clinic", "building": null, "healthcare": null, "beds": null, "emergency": null }, "geometry": { "type": "Point", "coordinates": [ 77.6437883, 12.9752448 ] } },
{ "type": "Feature", "properties": { "name": "Rajan's Speech & Hearing Center", "amenity": "clinic", "building": null, "healthcare": "clinic", "beds": null, "emergency": null }, "geometry": { "type": "Point", "coordinates": [ 77.6435692, 12.9737172 ] } },
{ "type": "Feature", "properties": { "name": "Retina Clinic", "amenity": "clinic", "building": null, "healthcare": "clinic", "beds": null, "emergency": null }, "geometry": { "type": "Point", "coordinates": [ 77.643565, 12.9737687 ] } },
{ "type": "Feature", "properties": { "name": "Respiratory and womens health clinic.", "amenity": "hospital", "building": null, "healthcare": "hospital", "beds": null, "emergency": null }, "geometry": { "type": "Point", "coordinates": [ 77.6376528, 12.9762645 ] } },
{ "type": "Feature", "properties": { "name": "Rashmi Hospital", "amenity": "hospital", "building": null, "healthcare": "hospital", "beds": null, "emergency": null }, "geometry": { "type": "Point", "coordinates": [ 77.6362278, 12.9766951 ] } },
{ "type": "Feature", "properties": { "name": "Speciality Clinic", "amenity": "clinic", "building": null, "healthcare": "clinic", "beds": null, "emergency": null }, "geometry": { "type": "Point", "coordinates": [ 77.6359973, 12.9754268 ] } },
{ "type": "Feature", "properties": { "name": "Dr.Spine Clinic", "amenity": "clinic", "building": null, "healthcare": "clinic", "beds": null, "emergency": null }, "geometry": { "type": "Point", "coordinates": [ 77.636333, 12.9754222 ] } },
{ "type": "Feature", "properties": { "name": "Netradama Eye Hospital", "amenity": "hospital", "building": null, "healthcare": "hospital", "beds": null, "emergency": null }, "geometry": { "type": "Point", "coordinates": [ 77.6357281, 12.9734836 ] } },
{ "type": "Feature", "properties": { "name": "Qi Spine Clinic", "amenity": "clinic", "building": null, "healthcare": "clinic", "beds": null, "emergency": null }, "geometry": { "type": "Point", "coordinates": [ 77.6412599, 12.9758083 ] } },
{ "type": "Feature", "properties": { "name": "Dr. Mradula's Skin Clinic", "amenity": "clinic", "building": null, "healthcare": "clinic", "beds": null, "emergency": null }, "geometry": { "type": "Point", "coordinates": [ 77.582483, 12.8903606 ] } },
{ "type": "Feature", "properties": { "name": "Anjana Diagnostics", "amenity": "clinic", "building": null, "healthcare": null, "beds": null, "emergency": null }, "geometry": { "type": "Point", "coordinates": [ 77.6354911, 12.9803043 ] } },
{ "type": "Feature", "properties": { "name": "Samatvam Diabeties Center", "amenity": "clinic", "building": null, "healthcare": null, "beds": null, "emergency": null }, "geometry": { "type": "Point", "coordinates": [ 77.6396804, 12.9827342 ] } },
{ "type": "Feature", "properties": { "name": null, "amenity": "clinic", "building": null, "healthcare": null, "beds": null, "emergency": null }, "geometry": { "type": "Point", "coordinates": [ 77.639917, 12.9825619 ] } },
{ "type": "Feature", "properties": { "name": "Mangesh Clinic", "amenity": "clinic", "building": null, "healthcare": null, "beds": null, "emergency": null }, "geometry": { "type": "Point", "coordinates": [ 77.6379161, 12.9811714 ] } },
{ "type": "Feature", "properties": { "name": "JP Nagar Diagnostic Centre", "amenity": "clinic", "building": null, "healthcare": null, "beds": null, "emergency": null }, "geometry": { "type": "Point", "coordinates": [ 77.5786913, 12.9110032 ] } },
{ "type": "Feature", "properties": { "name": "JP Nagar Physiotherapy Clinic", "amenity": "clinic", "building": null, "healthcare": "physiotherapist", "beds": null, "emergency": null }, "geometry": { "type": "Point", "coordinates": [ 77.578656, 12.9110205 ] } },
{ "type": "Feature", "properties": { "name": "Sree Venkateshwara Speciality Hospital", "amenity": "hospital", "building": null, "healthcare": null, "beds": null, "emergency": null }, "geometry": { "type": "Point", "coordinates": [ 77.6025303, 12.9425246 ] } },
{ "type": "Feature", "properties": { "name": "We Care Homeopathy", "amenity": "clinic", "building": null, "healthcare": null, "beds": null, "emergency": null }, "geometry": { "type": "Point", "coordinates": [ 77.5838134, 12.9365401 ] } },
{ "type": "Feature", "properties": { "name": "Leela Hospital and Diagnostic Center", "amenity": "hospital", "building": null, "healthcare": "hospital", "beds": null, "emergency": null }, "geometry": { "type": "Point", "coordinates": [ 77.5694894, 13.0002667 ] } },
{ "type": "Feature", "properties": { "name": "Dr. Rajkumar Blood Bank", "amenity": "hospital", "building": null, "healthcare": null, "beds": null, "emergency": null }, "geometry": { "type": "Point", "coordinates": [ 77.5878222, 12.968031 ] } },
{ "type": "Feature", "properties": { "name": "Jnanakshi Eye Clinic", "amenity": "clinic", "building": null, "healthcare": null, "beds": null, "emergency": null }, "geometry": { "type": "Point", "coordinates": [ 77.5838823, 12.9382238 ] } },
{ "type": "Feature", "properties": { "name": "CKV Clinic", "amenity": "clinic", "building": null, "healthcare": "clinic", "beds": null, "emergency": null }, "geometry": { "type": "Point", "coordinates": [ 77.5560181, 12.9895832 ] } },
{ "type": "Feature", "properties": { "name": "Santosh Clinic - Family Physician", "amenity": "clinic", "building": null, "healthcare": null, "beds": null, "emergency": null }, "geometry": { "type": "Point", "coordinates": [ 77.5559165, 12.9891936 ] } },
{ "type": "Feature", "properties": { "name": "Supriya Diagnostic Center", "amenity": "clinic", "building": null, "healthcare": null, "beds": null, "emergency": null }, "geometry": { "type": "Point", "coordinates": [ 77.6636078, 12.9895641 ] } },
{ "type": "Feature", "properties": { "name": "Dr Thomas", "amenity": "clinic", "building": null, "healthcare": null, "beds": null, "emergency": null }, "geometry": { "type": "Point", "coordinates": [ 77.6369417, 12.9604518 ] } },
{ "type": "Feature", "properties": { "name": "Nile Hair and Skin Care", "amenity": "clinic", "building": null, "healthcare": null, "beds": null, "emergency": null }, "geometry": { "type": "Point", "coordinates": [ 77.674637, 12.9253364 ] } },
{ "type": "Feature", "properties": { "name": "Dr. Ravi Lab And Research Center", "amenity": "clinic", "building": null, "healthcare": "clinic", "beds": null, "emergency": null }, "geometry": { "type": "Point", "coordinates": [ 77.6747717, 12.9247848 ] } },
{ "type": "Feature", "properties": { "name": "Nelivigi Eye Hospital", "amenity": "hospital", "building": null, "healthcare": "hospital", "beds": null, "emergency": null }, "geometry": { "type": "Point", "coordinates": [ 77.6737518, 12.9241818 ] } },
{ "type": "Feature", "properties": { "name": "Bhargavi Clinic", "amenity": "clinic", "building": null, "healthcare": null, "beds": null, "emergency": null }, "geometry": { "type": "Point", "coordinates": [ 77.6388155, 12.9777681 ] } },
{ "type": "Feature", "properties": { "name": "Mannat Fertility Clinic", "amenity": "clinic", "building": null, "healthcare": null, "beds": null, "emergency": null }, "geometry": { "type": "Point", "coordinates": [ 77.6993745, 12.9512522 ] } },
{ "type": "Feature", "properties": { "name": "Sanghi Medical Centre (P) Ltd", "amenity": "hospital", "building": null, "healthcare": "hospital", "beds": null, "emergency": null }, "geometry": { "type": "Point", "coordinates": [ 77.6994832, 12.9517397 ] } },
{ "type": "Feature", "properties": { "name": "Sri Sai Krupa Hospital, Bengaluru Urban", "amenity": "hospital", "building": null, "healthcare": "hospital", "beds": null, "emergency": null }, "geometry": { "type": "Point", "coordinates": [ 77.5593857, 13.0294181 ] } },
{ "type": "Feature", "properties": { "name": "ALDOS Medical Service Pvt LTD", "amenity": "hospital", "building": null, "healthcare": null, "beds": null, "emergency": null }, "geometry": { "type": "Point", "coordinates": [ 77.6381036, 12.9826672 ] } },
{ "type": "Feature", "properties": { "name": "Cosmetic Dental clinic", "amenity": "clinic", "building": null, "healthcare": null, "beds": null, "emergency": null }, "geometry": { "type": "Point", "coordinates": [ 77.6381107, 12.9821782 ] } },
{ "type": "Feature", "properties": { "name": "Health Total", "amenity": "clinic", "building": null, "healthcare": null, "beds": null, "emergency": null }, "geometry": { "type": "Point", "coordinates": [ 77.6372616, 12.9801812 ] } },
{ "type": "Feature", "properties": { "name": "Government Hospital", "amenity": "hospital", "building": null, "healthcare": "hospital", "beds": null, "emergency": null }, "geometry": { "type": "Point", "coordinates": [ 77.603414, 12.8870605 ] } },
{ "type": "Feature", "properties": { "name": "Rajashree Granthim hospital", "amenity": "hospital", "building": null, "healthcare": null, "beds": null, "emergency": null }, "geometry": { "type": "Point", "coordinates": [ 77.602422, 12.8893134 ] } },
{ "type": "Feature", "properties": { "name": "Vijaya Ent Care Centre", "amenity": "clinic", "building": null, "healthcare": "clinic", "beds": null, "emergency": null }, "geometry": { "type": "Point", "coordinates": [ 77.5696143, 13.000058 ] } },
{ "type": "Feature", "properties": { "name": "Krishna Nursing Home", "amenity": "hospital", "building": null, "healthcare": "hospital", "beds": null, "emergency": null }, "geometry": { "type": "Point", "coordinates": [ 77.5986921, 12.9474222 ] } },
{ "type": "Feature", "properties": { "name": "Roshni Nursing Home", "amenity": "clinic", "building": null, "healthcare": "clinic", "beds": null, "emergency": null }, "geometry": { "type": "Point", "coordinates": [ 77.600076, 12.9486255 ] } },
{ "type": "Feature", "properties": { "name": "Shifa Hospital, Bengaluru Urban", "amenity": "hospital", "building": null, "healthcare": null, "beds": null, "emergency": null }, "geometry": { "type": "Point", "coordinates": [ 77.5988107, 12.9900105 ] } },
{ "type": "Feature", "properties": { "name": "Milann Fertility Center", "amenity": "hospital", "building": null, "healthcare": "clinic", "beds": null, "emergency": null }, "geometry": { "type": "Point", "coordinates": [ 77.5856011, 12.9159249 ] } },
{ "type": "Feature", "properties": { "name": "Gift IVF center", "amenity": "hospital", "building": null, "healthcare": null, "beds": null, "emergency": null }, "geometry": { "type": "Point", "coordinates": [ 77.6418711, 12.962951 ] } },
{ "type": "Feature", "properties": { "name": "Nurture IVF", "amenity": "clinic", "building": null, "healthcare": "clinic", "beds": null, "emergency": null }, "geometry": { "type": "Point", "coordinates": [ 77.6705565, 12.9185394 ] } },
{ "type": "Feature", "properties": { "name": "Oasis Artificial Kidney Care (P) Ltd", "amenity": "clinic", "building": null, "healthcare": null, "beds": null, "emergency": null }, "geometry": { "type": "Point", "coordinates": [ 77.6139361, 12.9687118 ] } },
{ "type": "Feature", "properties": { "name": "HCG Cancer Hospital", "amenity": "hospital", "building": "hospital", "healthcare": null, "beds": null, "emergency": null }, "geometry": { "type": "Point", "coordinates": [ 77.5930493, 12.9603157 ] } },
{ "type": "Feature", "properties": { "name": "Neuro Centre", "amenity": "clinic", "building": null, "healthcare": "hospital;clinic", "beds": null, "emergency": null }, "geometry": { "type": "Point", "coordinates": [ 77.5692378, 13.001457 ] } },
{ "type": "Feature", "properties": { "name": "Dr. Batra's Clinic", "amenity": "clinic", "building": null, "healthcare": null, "beds": null, "emergency": null }, "geometry": { "type": "Point", "coordinates": [ 77.7009592, 12.9577112 ] } },
{ "type": "Feature", "properties": { "name": "Healios", "amenity": "clinic", "building": null, "healthcare": null, "beds": null, "emergency": null }, "geometry": { "type": "Point", "coordinates": [ 77.5820785, 12.9368818 ] } },
{ "type": "Feature", "properties": { "name": "Kapila Eye Clinic", "amenity": "clinic", "building": null, "healthcare": null, "beds": null, "emergency": null }, "geometry": { "type": "Point", "coordinates": [ 77.6466852, 12.9702623 ] } },
{ "type": "Feature", "properties": { "name": "APM Optics", "amenity": "clinic", "building": null, "healthcare": "optometrist", "beds": null, "emergency": null }, "geometry": { "type": "Point", "coordinates": [ 77.661584, 12.9591233 ] } },
{ "type": "Feature", "properties": { "name": "Miracle Homeopathy And Ayurveda", "amenity": "clinic", "building": null, "healthcare": null, "beds": null, "emergency": null }, "geometry": { "type": "Point", "coordinates": [ 77.6529125, 12.9591707 ] } },
{ "type": "Feature", "properties": { "name": "National Medical Center", "amenity": "clinic", "building": null, "healthcare": null, "beds": null, "emergency": null }, "geometry": { "type": "Point", "coordinates": [ 77.5998658, 12.9674907 ] } },
{ "type": "Feature", "properties": { "name": "Dr. Patel's Homeopathy Clinic", "amenity": "clinic", "building": null, "healthcare": null, "beds": null, "emergency": null }, "geometry": { "type": "Point", "coordinates": [ 77.5964702, 12.9647271 ] } },
{ "type": "Feature", "properties": { "name": "St. Mary's Clinic", "amenity": "clinic", "building": null, "healthcare": null, "beds": null, "emergency": null }, "geometry": { "type": "Point", "coordinates": [ 77.5118447, 13.0713802 ] } },
{ "type": "Feature", "properties": { "name": "Health Care Global", "amenity": "hospital", "building": null, "healthcare": null, "beds": null, "emergency": null }, "geometry": { "type": "Point", "coordinates": [ 77.5919279, 12.9584755 ] } },
{ "type": "Feature", "properties": { "name": "Sshiradi Sai Family Care Clinic", "amenity": "clinic", "building": null, "healthcare": null, "beds": null, "emergency": null }, "geometry": { "type": "Point", "coordinates": [ 77.6550504, 12.9575422 ] } },
{ "type": "Feature", "properties": { "name": "Gulecha Dental Care", "amenity": "hospital", "building": null, "healthcare": "hospital", "beds": null, "emergency": null }, "geometry": { "type": "Point", "coordinates": [ 77.5893625, 12.9292418 ] } },
{ "type": "Feature", "properties": { "name": "Dr. Rama's Test Tube Baby Centre", "amenity": "clinic", "building": null, "healthcare": null, "beds": null, "emergency": null }, "geometry": { "type": "Point", "coordinates": [ 77.6429513, 12.9792883 ] } },
{ "type": "Feature", "properties": { "name": "Dr. Batra's", "amenity": "clinic", "building": null, "healthcare": null, "beds": null, "emergency": null }, "geometry": { "type": "Point", "coordinates": [ 77.6410899, 12.9786379 ] } },
{ "type": "Feature", "properties": { "name": null, "amenity": "clinic", "building": null, "healthcare": null, "beds": null, "emergency": null }, "geometry": { "type": "Point", "coordinates": [ 77.5490696, 12.9609208 ] } },
{ "type": "Feature", "properties": { "name": "Ashvini", "amenity": "clinic", "building": null, "healthcare": null, "beds": null, "emergency": null }, "geometry": { "type": "Point", "coordinates": [ 77.545264, 12.9677777 ] } },
{ "type": "Feature", "properties": { "name": "Shahid Doctor", "amenity": "clinic", "building": null, "healthcare": "clinic", "beds": null, "emergency": null }, "geometry": { "type": "Point", "coordinates": [ 77.5493658, 12.9621886 ] } },
{ "type": "Feature", "properties": { "name": "saty doctor", "amenity": "clinic", "building": null, "healthcare": null, "beds": null, "emergency": null }, "geometry": { "type": "Point", "coordinates": [ 77.5483084, 12.9609197 ] } },
{ "type": "Feature", "properties": { "name": null, "amenity": "clinic", "building": null, "healthcare": null, "beds": null, "emergency": null }, "geometry": { "type": "Point", "coordinates": [ 77.5484171, 12.9616399 ] } },
{ "type": "Feature", "properties": { "name": null, "amenity": "clinic", "building": null, "healthcare": "clinic", "beds": null, "emergency": null }, "geometry": { "type": "Point", "coordinates": [ 77.5509417, 12.9640632 ] } },
{ "type": "Feature", "properties": { "name": null, "amenity": "clinic", "building": null, "healthcare": null, "beds": null, "emergency": null }, "geometry": { "type": "Point", "coordinates": [ 77.532286, 12.9869198 ] } },
{ "type": "Feature", "properties": { "name": "My Family Doctor", "amenity": "clinic", "building": null, "healthcare": null, "beds": null, "emergency": null }, "geometry": { "type": "Point", "coordinates": [ 77.6394964, 12.9799211 ] } },
{ "type": "Feature", "properties": { "name": "CGHS Dispensary No.10", "amenity": "clinic", "building": null, "healthcare": "centre", "beds": null, "emergency": null }, "geometry": { "type": "Point", "coordinates": [ 77.6620214, 12.9871041 ] } },
{ "type": "Feature", "properties": { "name": "Smile Dental Clinic", "amenity": "clinic", "building": null, "healthcare": null, "beds": null, "emergency": null }, "geometry": { "type": "Point", "coordinates": [ 77.6805944, 12.9830395 ] } },
{ "type": "Feature", "properties": { "name": null, "amenity": "hospital", "building": null, "healthcare": null, "beds": null, "emergency": null }, "geometry": { "type": "Point", "coordinates": [ 77.5424167, 12.9767055 ] } },
{ "type": "Feature", "properties": { "name": "Homeopathic Self Reliance Forum", "amenity": "clinic", "building": null, "healthcare": null, "beds": null, "emergency": null }, "geometry": { "type": "Point", "coordinates": [ 77.6623936, 12.9862101 ] } },
{ "type": "Feature", "properties": { "name": "Rajbal Skin Clinic", "amenity": "hospital", "building": null, "healthcare": null, "beds": null, "emergency": "no" }, "geometry": { "type": "Point", "coordinates": [ 77.6445361, 13.0206063 ] } },
{ "type": "Feature", "properties": { "name": "Brindavan Aerion Hospitals", "amenity": "clinic", "building": null, "healthcare": null, "beds": null, "emergency": null }, "geometry": { "type": "Point", "coordinates": [ 77.5688772, 12.9577751 ] } },
{ "type": "Feature", "properties": { "name": "Prashanth Hospital", "amenity": "hospital", "building": null, "healthcare": "hospital", "beds": null, "emergency": null }, "geometry": { "type": "Point", "coordinates": [ 77.6287463, 12.9066637 ] } },
{ "type": "Feature", "properties": { "name": "Yogeshwara Clinic", "amenity": "clinic", "building": null, "healthcare": null, "beds": null, "emergency": null }, "geometry": { "type": "Point", "coordinates": [ 77.520891, 12.918753 ] } },
{ "type": "Feature", "properties": { "name": "Garden City Polyclinic", "amenity": "clinic", "building": null, "healthcare": null, "beds": null, "emergency": null }, "geometry": { "type": "Point", "coordinates": [ 77.6740857, 12.9852284 ] } },
{ "type": "Feature", "properties": { "name": "Dianova Diabetes Center and Hospital", "amenity": "hospital", "building": null, "healthcare": null, "beds": null, "emergency": null }, "geometry": { "type": "Point", "coordinates": [ 77.6335463, 13.0147612 ] } },
{ "type": "Feature", "properties": { "name": "Vijaya Speciality Clinic", "amenity": "clinic", "building": null, "healthcare": null, "beds": null, "emergency": null }, "geometry": { "type": "Point", "coordinates": [ 77.6358475, 12.9783826 ] } },
{ "type": "Feature", "properties": { "name": "Kiran Homeopathic", "amenity": "clinic", "building": null, "healthcare": "clinic", "beds": null, "emergency": null }, "geometry": { "type": "Point", "coordinates": [ 77.6531443, 12.9704543 ] } },
{ "type": "Feature", "properties": { "name": "Ameena Medical centre", "amenity": "hospital", "building": null, "healthcare": "hospital", "beds": null, "emergency": null }, "geometry": { "type": "Point", "coordinates": [ 77.6323407, 12.9777082 ] } },
{ "type": "Feature", "properties": { "name": "Asha Nursing Home", "amenity": "clinic", "building": null, "healthcare": null, "beds": null, "emergency": null }, "geometry": { "type": "Point", "coordinates": [ 77.6605864, 13.0134659 ] } },
{ "type": "Feature", "properties": { "name": "Sagar Clinic", "amenity": "clinic", "building": null, "healthcare": "clinic", "beds": null, "emergency": null }, "geometry": { "type": "Point", "coordinates": [ 77.6433281, 12.9701903 ] } },
{ "type": "Feature", "properties": { "name": "Diacure Diagnostics", "amenity": "clinic", "building": null, "healthcare": "clinic", "beds": null, "emergency": null }, "geometry": { "type": "Point", "coordinates": [ 77.6362493, 12.9696986 ] } },
{ "type": "Feature", "properties": { "name": "CGHS Dispensary", "amenity": "clinic", "building": null, "healthcare": "centre", "beds": null, "emergency": null }, "geometry": { "type": "Point", "coordinates": [ 77.640123, 12.9605285 ] } },
{ "type": "Feature", "properties": { "name": "Kerala Ayurvedic clinic", "amenity": "clinic", "building": null, "healthcare": null, "beds": null, "emergency": null }, "geometry": { "type": "Point", "coordinates": [ 77.6372594, 12.9701484 ] } },
{ "type": "Feature", "properties": { "name": "Dr.Agarwal Eye & Dental Hospital", "amenity": "hospital", "building": null, "healthcare": "hospital", "beds": null, "emergency": null }, "geometry": { "type": "Point", "coordinates": [ 77.6362439, 12.9700356 ] } },
{ "type": "Feature", "properties": { "name": "SRL Diagnostics", "amenity": "hospital", "building": null, "healthcare": "hospital", "beds": null, "emergency": null }, "geometry": { "type": "Point", "coordinates": [ 77.7160447, 12.9599306 ] } },
{ "type": "Feature", "properties": { "name": "Srinivasa Ultrasound Scan Centre", "amenity": "clinic", "building": null, "healthcare": null, "beds": null, "emergency": null }, "geometry": { "type": "Point", "coordinates": [ 77.5697771, 12.9511087 ] } },
{ "type": "Feature", "properties": { "name": "Dr Raos Maternity Hospital", "amenity": "hospital", "building": null, "healthcare": null, "beds": null, "emergency": null }, "geometry": { "type": "Point", "coordinates": [ 77.5460481, 12.9850421 ] } },
{ "type": "Feature", "properties": { "name": "Sagar Chandramma Hospitals", "amenity": "hospital", "building": null, "healthcare": null, "beds": null, "emergency": null }, "geometry": { "type": "Point", "coordinates": [ 77.5748248, 12.9485535 ] } },
{ "type": "Feature", "properties": { "name": "Trilife Hospital", "amenity": "hospital", "building": null, "healthcare": null, "beds": null, "emergency": null }, "geometry": { "type": "Point", "coordinates": [ 77.6432959, 13.0169826 ] } },
{ "type": "Feature", "properties": { "name": "Dental Care Center", "amenity": "clinic", "building": null, "healthcare": null, "beds": null, "emergency": null }, "geometry": { "type": "Point", "coordinates": [ 77.6032696, 13.0244383 ] } },
{ "type": "Feature", "properties": { "name": "AB EyeCare", "amenity": "clinic", "building": null, "healthcare": null, "beds": null, "emergency": null }, "geometry": { "type": "Point", "coordinates": [ 77.60357, 13.0253734 ] } },
{ "type": "Feature", "properties": { "name": "Hemant Clinic", "amenity": "clinic", "building": null, "healthcare": null, "beds": null, "emergency": null }, "geometry": { "type": "Point", "coordinates": [ 77.6043059, 13.0273712 ] } },
{ "type": "Feature", "properties": { "name": "Maruti Clinic", "amenity": "clinic", "building": null, "healthcare": null, "beds": null, "emergency": null }, "geometry": { "type": "Point", "coordinates": [ 77.603228, 13.0240899 ] } },
{ "type": "Feature", "properties": { "name": "Anagha Polyclinic", "amenity": "clinic", "building": null, "healthcare": null, "beds": null, "emergency": null }, "geometry": { "type": "Point", "coordinates": [ 77.6043235, 13.0275104 ] } },
{ "type": "Feature", "properties": { "name": "Gandhi Dental Clinic", "amenity": "clinic", "building": null, "healthcare": null, "beds": null, "emergency": null }, "geometry": { "type": "Point", "coordinates": [ 77.6042868, 13.0272795 ] } },
{ "type": "Feature", "properties": { "name": "Vignesh Lab and Diagnostics", "amenity": "hospital", "building": null, "healthcare": null, "beds": null, "emergency": null }, "geometry": { "type": "Point", "coordinates": [ 77.6041132, 13.0267226 ] } },
{ "type": "Feature", "properties": { "name": "Apollo Cradle", "amenity": "hospital", "building": null, "healthcare": null, "beds": null, "emergency": null }, "geometry": { "type": "Point", "coordinates": [ 77.6206345, 12.9368104 ] } },
{ "type": "Feature", "properties": { "name": "Shiva Kumaraswamy Building", "amenity": "hospital", "building": null, "healthcare": null, "beds": null, "emergency": null }, "geometry": { "type": "Point", "coordinates": [ 77.5493718, 12.9717049 ] } },
{ "type": "Feature", "properties": { "name": "Myo Medex - Ace Speciality Clinic", "amenity": "hospital", "building": null, "healthcare": null, "beds": null, "emergency": null }, "geometry": { "type": "Point", "coordinates": [ 77.5999324, 12.8615976 ] } },
{ "type": "Feature", "properties": { "name": "Stanford Speciality Hospital", "amenity": "hospital", "building": null, "healthcare": "hospital", "beds": null, "emergency": "yes" }, "geometry": { "type": "Point", "coordinates": [ 77.6764094, 12.911533 ] } },
{ "type": "Feature", "properties": { "name": "Dr Mohan Nursing Home", "amenity": "hospital", "building": null, "healthcare": null, "beds": null, "emergency": "yes" }, "geometry": { "type": "Point", "coordinates": [ 77.6813917, 12.9124371 ] } },
{ "type": "Feature", "properties": { "name": "Sparsh Clinic", "amenity": "hospital", "building": null, "healthcare": "hospital", "beds": null, "emergency": null }, "geometry": { "type": "Point", "coordinates": [ 77.6755805, 12.9072384 ] } },
{ "type": "Feature", "properties": { "name": "Raksha Orthopaedic And Multi Speciality Centre", "amenity": "hospital", "building": null, "healthcare": "hospital", "beds": null, "emergency": null }, "geometry": { "type": "Point", "coordinates": [ 77.6741043, 12.9041502 ] } },
{ "type": "Feature", "properties": { "name": "Sai Clinic", "amenity": "clinic", "building": null, "healthcare": null, "beds": null, "emergency": null }, "geometry": { "type": "Point", "coordinates": [ 77.6837164, 12.9067775 ] } },
{ "type": "Feature", "properties": { "name": "Piles and Fistula Clinic", "amenity": "clinic", "building": null, "healthcare": "clinic", "beds": null, "emergency": null }, "geometry": { "type": "Point", "coordinates": [ 77.6935412, 12.9559986 ] } },
{ "type": "Feature", "properties": { "name": "Narayana Nethralaya", "amenity": "hospital", "building": null, "healthcare": "hospital", "beds": null, "emergency": null }, "geometry": { "type": "Point", "coordinates": [ 77.5950098, 12.8750879 ] } },
{ "type": "Feature", "properties": { "name": "Naadi Ayurveda Center", "amenity": "hospital", "building": null, "healthcare": null, "beds": null, "emergency": null }, "geometry": { "type": "Point", "coordinates": [ 77.6820003, 12.9121008 ] } },
{ "type": "Feature", "properties": { "name": "Kottakkal Arya Vaidya Sala", "amenity": "hospital", "building": null, "healthcare": "hospital", "beds": null, "emergency": null }, "geometry": { "type": "Point", "coordinates": [ 77.6618321, 12.9217604 ] } },
{ "type": "Feature", "properties": { "name": "Sri Sai Dental & Medical Care", "amenity": "clinic", "building": null, "healthcare": "clinic", "beds": null, "emergency": null }, "geometry": { "type": "Point", "coordinates": [ 77.6708429, 12.9185476 ] } },
{ "type": "Feature", "properties": { "name": "Ittina Wellness Centre", "amenity": "clinic", "building": null, "healthcare": "clinic", "beds": null, "emergency": null }, "geometry": { "type": "Point", "coordinates": [ 77.6697997, 12.9188314 ] } },
{ "type": "Feature", "properties": { "name": "Carewell Homoeo Clinic", "amenity": "clinic", "building": null, "healthcare": "clinic", "beds": null, "emergency": null }, "geometry": { "type": "Point", "coordinates": [ 77.6995704, 12.9151576 ] } },
{ "type": "Feature", "properties": { "name": "Shaivi Homeopathic Clinic", "amenity": "clinic", "building": null, "healthcare": null, "beds": null, "emergency": null }, "geometry": { "type": "Point", "coordinates": [ 77.6698733, 12.926508 ] } },
{ "type": "Feature", "properties": { "name": "Dr. Arpita Agarwal Clinic", "amenity": "clinic", "building": null, "healthcare": "clinic", "beds": null, "emergency": null }, "geometry": { "type": "Point", "coordinates": [ 77.6651948, 12.9142524 ] } },
{ "type": "Feature", "properties": { "name": "Vaatsalya Homeopathy Clinic", "amenity": "clinic", "building": null, "healthcare": "clinic", "beds": null, "emergency": null }, "geometry": { "type": "Point", "coordinates": [ 77.6791715, 12.9142471 ] } },
{ "type": "Feature", "properties": { "name": "The Family Doctor & The Family Pharma", "amenity": "hospital", "building": null, "healthcare": null, "beds": null, "emergency": null }, "geometry": { "type": "Point", "coordinates": [ 77.6818637, 12.9122002 ] } },
{ "type": "Feature", "properties": { "name": "Life Care Hospital", "amenity": "hospital", "building": null, "healthcare": null, "beds": null, "emergency": null }, "geometry": { "type": "Point", "coordinates": [ 77.6130111, 12.9194712 ] } },
{ "type": "Feature", "properties": { "name": "Bhagavathi Hospitals Private Limited", "amenity": "hospital", "building": null, "healthcare": null, "beds": null, "emergency": null }, "geometry": { "type": "Point", "coordinates": [ 77.6311505, 12.9161259 ] } },
{ "type": "Feature", "properties": { "name": "Gunasheela Hospitals", "amenity": "hospital", "building": null, "healthcare": null, "beds": null, "emergency": null }, "geometry": { "type": "Point", "coordinates": [ 77.6278708, 12.9250105 ] } },
{ "type": "Feature", "properties": { "name": "Dr. Dhirendra H Deshpande", "amenity": "clinic", "building": null, "healthcare": null, "beds": null, "emergency": null }, "geometry": { "type": "Point", "coordinates": [ 77.5847378, 12.9261953 ] } },
{ "type": "Feature", "properties": { "name": "Mahaveer Orthopeadic Clinic", "amenity": "clinic", "building": null, "healthcare": "clinic", "beds": null, "emergency": null }, "geometry": { "type": "Point", "coordinates": [ 77.6668361, 12.9140773 ] } },
{ "type": "Feature", "properties": { "name": "SK Eye and Skin Clinic", "amenity": "clinic", "building": null, "healthcare": null, "beds": null, "emergency": null }, "geometry": { "type": "Point", "coordinates": [ 77.6720713, 12.9220379 ] } },
{ "type": "Feature", "properties": { "name": "A & J Ayur Care", "amenity": "clinic", "building": null, "healthcare": null, "beds": null, "emergency": null }, "geometry": { "type": "Point", "coordinates": [ 77.6957796, 12.9052805 ] } },
{ "type": "Feature", "properties": { "name": "Addresshealth Child Health Clinic", "amenity": "clinic", "building": null, "healthcare": null, "beds": null, "emergency": null }, "geometry": { "type": "Point", "coordinates": [ 77.6732085, 12.9164549 ] } },
{ "type": "Feature", "properties": { "name": "Alpha Clinics", "amenity": "clinic", "building": null, "healthcare": "clinic", "beds": null, "emergency": null }, "geometry": { "type": "Point", "coordinates": [ 77.6758988, 12.9080736 ] } },
{ "type": "Feature", "properties": { "name": "Esthetix Orthodontic and Cosmetic Dental Clinic", "amenity": "clinic", "building": null, "healthcare": null, "beds": null, "emergency": null }, "geometry": { "type": "Point", "coordinates": [ 77.6753736, 12.9001458 ] } },
{ "type": "Feature", "properties": { "name": "Murthy Health and Research Centre", "amenity": "clinic", "building": null, "healthcare": null, "beds": null, "emergency": null }, "geometry": { "type": "Point", "coordinates": [ 77.6382862, 12.9247643 ] } },
{ "type": "Feature", "properties": { "name": "Annayya Healthcare Pvt Ltd", "amenity": "clinic", "building": null, "healthcare": "clinic", "beds": null, "emergency": null }, "geometry": { "type": "Point", "coordinates": [ 77.6381293, 12.9182603 ] } },
{ "type": "Feature", "properties": { "name": "NRS Medical & Dental Specialists Centre", "amenity": "hospital", "building": null, "healthcare": null, "beds": null, "emergency": null }, "geometry": { "type": "Point", "coordinates": [ 77.5624888, 12.9151071 ] } },
{ "type": "Feature", "properties": { "name": "Sri Venkateshwara Medicals", "amenity": "clinic", "building": null, "healthcare": null, "beds": null, "emergency": null }, "geometry": { "type": "Point", "coordinates": [ 77.5563835, 13.00546 ] } },
{ "type": "Feature", "properties": { "name": "Anurag Medical Centre", "amenity": "hospital", "building": null, "healthcare": "hospital", "beds": null, "emergency": null }, "geometry": { "type": "Point", "coordinates": [ 77.6049776, 12.9060641 ] } },
{ "type": "Feature", "properties": { "name": "Sarvodaya Hospital", "amenity": "hospital", "building": null, "healthcare": null, "beds": null, "emergency": null }, "geometry": { "type": "Point", "coordinates": [ 77.5619057, 12.9390944 ] } },
{ "type": "Feature", "properties": { "name": "Indianova Healthcare Pvt Ltd", "amenity": "hospital", "building": null, "healthcare": null, "beds": null, "emergency": null }, "geometry": { "type": "Point", "coordinates": [ 77.63022, 12.9703581 ] } },
{ "type": "Feature", "properties": { "name": "Sky Diagnostic Centre kumbena agrahara", "amenity": "hospital", "building": null, "healthcare": null, "beds": null, "emergency": null }, "geometry": { "type": "Point", "coordinates": [ 77.7548105, 12.9977711 ] } },
{ "type": "Feature", "properties": { "name": "Dr Rachna - Homeopathy", "amenity": "hospital", "building": null, "healthcare": "hospital", "beds": null, "emergency": null }, "geometry": { "type": "Point", "coordinates": [ 77.6691258, 12.9179831 ] } },
{ "type": "Feature", "properties": { "name": "Divine Medical Centre", "amenity": "clinic", "building": null, "healthcare": null, "beds": null, "emergency": null }, "geometry": { "type": "Point", "coordinates": [ 77.637316, 13.0241409 ] } },
{ "type": "Feature", "properties": { "name": "Regal Hospital", "amenity": "hospital", "building": null, "healthcare": null, "beds": null, "emergency": null }, "geometry": { "type": "Point", "coordinates": [ 77.6347174, 13.0830463 ] } },
{ "type": "Feature", "properties": { "name": "Thyrocare", "amenity": "hospital", "building": null, "healthcare": null, "beds": null, "emergency": null }, "geometry": { "type": "Point", "coordinates": [ 77.7033173, 13.0158543 ] } },
{ "type": "Feature", "properties": { "name": "Bilva Hospital", "amenity": "clinic", "building": null, "healthcare": null, "beds": null, "emergency": null }, "geometry": { "type": "Point", "coordinates": [ 77.5797442, 12.999009 ] } },
{ "type": "Feature", "properties": { "name": "Kubra Maternity And Nursing Home", "amenity": "clinic", "building": null, "healthcare": null, "beds": null, "emergency": null }, "geometry": { "type": "Point", "coordinates": [ 77.6034417, 12.927082 ] } },
{ "type": "Feature", "properties": { "name": "Welnext", "amenity": "hospital", "building": null, "healthcare": "hospital", "beds": null, "emergency": null }, "geometry": { "type": "Point", "coordinates": [ 77.6545058, 12.9240063 ] } },
{ "type": "Feature", "properties": { "name": "Kaya Skin Clinic", "amenity": "clinic", "building": null, "healthcare": "clinic", "beds": null, "emergency": null }, "geometry": { "type": "Point", "coordinates": [ 77.6470414, 12.970248 ] } },
{ "type": "Feature", "properties": { "name": "Employees State Insurance Dispensary", "amenity": "hospital", "building": null, "healthcare": "hospital", "beds": null, "emergency": null }, "geometry": { "type": "Point", "coordinates": [ 77.5349228, 12.966771 ] } },
{ "type": "Feature", "properties": { "name": "Dr Solankis Eye Hospital", "amenity": "hospital", "building": null, "healthcare": null, "beds": null, "emergency": null }, "geometry": { "type": "Point", "coordinates": [ 77.5738144, 12.9951627 ] } },
{ "type": "Feature", "properties": { "name": "Ramani Orthopaedic Hospital", "amenity": "clinic", "building": null, "healthcare": null, "beds": null, "emergency": null }, "geometry": { "type": "Point", "coordinates": [ 77.5732095, 13.0009261 ] } },
{ "type": "Feature", "properties": { "name": "Sri Sanjeevini Cold Laser Therapy", "amenity": "hospital", "building": null, "healthcare": "hospital", "beds": null, "emergency": null }, "geometry": { "type": "Point", "coordinates": [ 77.5713352, 13.0053923 ] } },
{ "type": "Feature", "properties": { "name": "Sri Ranga Pulmonary Clinic", "amenity": "clinic", "building": null, "healthcare": null, "beds": null, "emergency": null }, "geometry": { "type": "Point", "coordinates": [ 77.5708356, 13.0072979 ] } },
{ "type": "Feature", "properties": { "name": "Koramangala Poly Clinic", "amenity": "clinic", "building": null, "healthcare": "clinic", "beds": null, "emergency": null }, "geometry": { "type": "Point", "coordinates": [ 77.6228961, 12.9366734 ] } },
{ "type": "Feature", "properties": { "name": "Dr. Bhargavi Reddy Women & Children Hospital", "amenity": "hospital", "building": null, "healthcare": "hospital", "beds": null, "emergency": null }, "geometry": { "type": "Point", "coordinates": [ 77.6470594, 12.975403 ] } },
{ "type": "Feature", "properties": { "name": "Axon Speciality Hospital", "amenity": "hospital", "building": null, "healthcare": "hospital", "beds": null, "emergency": null }, "geometry": { "type": "Point", "coordinates": [ 77.6460904, 12.973892 ] } },
{ "type": "Feature", "properties": { "name": "Mother And Child Clinic", "amenity": "clinic", "building": null, "healthcare": "clinic", "beds": null, "emergency": null }, "geometry": { "type": "Point", "coordinates": [ 77.6357884, 12.9717331 ] } },
{ "type": "Feature", "properties": { "name": "Bright Children's Clinic", "amenity": "hospital", "building": null, "healthcare": null, "beds": null, "emergency": null }, "geometry": { "type": "Point", "coordinates": [ 77.689783, 12.9891818 ] } },
{ "type": "Feature", "properties": { "name": "Dattatreya Multispeciality Clinic", "amenity": "clinic", "building": null, "healthcare": null, "beds": null, "emergency": null }, "geometry": { "type": "Point", "coordinates": [ 77.5916005, 13.037145 ] } },
{ "type": "Feature", "properties": { "name": "Synergy Health Care", "amenity": "clinic", "building": null, "healthcare": null, "beds": null, "emergency": null }, "geometry": { "type": "Point", "coordinates": [ 77.6045683, 13.0292674 ] } },
{ "type": "Feature", "properties": { "name": "Sanjeevini Children & Women Clinic", "amenity": "hospital", "building": null, "healthcare": null, "beds": null, "emergency": null }, "geometry": { "type": "Point", "coordinates": [ 77.6023154, 13.0316481 ] } },
{ "type": "Feature", "properties": { "name": "Procare Hospital", "amenity": "hospital", "building": null, "healthcare": null, "beds": null, "emergency": "yes" }, "geometry": { "type": "Point", "coordinates": [ 77.6512682, 13.0203944 ] } },
{ "type": "Feature", "properties": { "name": "Parimala Health Care", "amenity": "hospital", "building": null, "healthcare": null, "beds": null, "emergency": "yes" }, "geometry": { "type": "Point", "coordinates": [ 77.6008061, 12.9003193 ] } },
{ "type": "Feature", "properties": { "name": "Sriram Hospital, Bangalore", "amenity": "hospital", "building": null, "healthcare": null, "beds": null, "emergency": "yes" }, "geometry": { "type": "Point", "coordinates": [ 77.6939806, 13.0087504 ] } },
{ "type": "Feature", "properties": { "name": "K R Puram Super Speciality Hospital", "amenity": "hospital", "building": null, "healthcare": null, "beds": null, "emergency": "yes" }, "geometry": { "type": "Point", "coordinates": [ 77.6935975, 13.0110115 ] } },
{ "type": "Feature", "properties": { "name": "Maithri Nursing Home", "amenity": "hospital", "building": null, "healthcare": null, "beds": null, "emergency": null }, "geometry": { "type": "Point", "coordinates": [ 77.7036425, 13.0048396 ] } },
{ "type": "Feature", "properties": { "name": "Kosmoderma Skin & Hair Clinics", "amenity": "clinic", "building": null, "healthcare": null, "beds": null, "emergency": null }, "geometry": { "type": "Point", "coordinates": [ 77.6366205, 12.9666655 ] } },
{ "type": "Feature", "properties": { "name": "New Look Laser Clinic", "amenity": "clinic", "building": null, "healthcare": null, "beds": null, "emergency": null }, "geometry": { "type": "Point", "coordinates": [ 77.6373342, 12.966146 ] } },
{ "type": "Feature", "properties": { "name": "Family Care Homeopathy Clinic & Pharmacy", "amenity": "clinic", "building": null, "healthcare": null, "beds": null, "emergency": null }, "geometry": { "type": "Point", "coordinates": [ 77.7061945, 12.9525048 ] } },
{ "type": "Feature", "properties": { "name": "Nationwide Indira Nagar Clinic", "amenity": "clinic", "building": null, "healthcare": null, "beds": null, "emergency": null }, "geometry": { "type": "Point", "coordinates": [ 77.6450388, 12.9783265 ] } },
{ "type": "Feature", "properties": { "name": "Family Dental care", "amenity": "clinic", "building": null, "healthcare": null, "beds": null, "emergency": null }, "geometry": { "type": "Point", "coordinates": [ 77.7059853, 12.9525519 ] } },
{ "type": "Feature", "properties": { "name": "Angels Advanced Clinic Pvt Ltd.", "amenity": "clinic", "building": null, "healthcare": null, "beds": null, "emergency": null }, "geometry": { "type": "Point", "coordinates": [ 77.6423975, 12.9782019 ] } },
{ "type": "Feature", "properties": { "name": null, "amenity": "hospital", "building": null, "healthcare": "hospital", "beds": null, "emergency": null }, "geometry": { "type": "Point", "coordinates": [ 77.6468603, 12.9702741 ] } },
{ "type": "Feature", "properties": { "name": "The Family Doctor & The Family Pharma Indiranagar", "amenity": "clinic", "building": null, "healthcare": null, "beds": null, "emergency": null }, "geometry": { "type": "Point", "coordinates": [ 77.6391546, 12.980097 ] } },
{ "type": "Feature", "properties": { "name": "Dr. Sujaya Hegde's Dermatology Clinic", "amenity": "clinic", "building": null, "healthcare": null, "beds": null, "emergency": null }, "geometry": { "type": "Point", "coordinates": [ 77.6358378, 12.9783739 ] } },
{ "type": "Feature", "properties": { "name": "Medic Star Hospital", "amenity": "hospital", "building": null, "healthcare": null, "beds": null, "emergency": null }, "geometry": { "type": "Point", "coordinates": [ 77.6093097, 12.9876871 ] } },
{ "type": "Feature", "properties": { "name": "Hsis Gosha Hospital", "amenity": "hospital", "building": null, "healthcare": null, "beds": null, "emergency": null }, "geometry": { "type": "Point", "coordinates": [ 77.6058578, 12.9856985 ] } },
{ "type": "Feature", "properties": { "name": "Sanjeevani Netralaya", "amenity": "clinic", "building": null, "healthcare": null, "beds": null, "emergency": null }, "geometry": { "type": "Point", "coordinates": [ 77.5982064, 12.9821279 ] } },
{ "type": "Feature", "properties": { "name": "Sri Lakshmi Diagnostic Center", "amenity": "clinic", "building": null, "healthcare": null, "beds": null, "emergency": null }, "geometry": { "type": "Point", "coordinates": [ 77.5905288, 13.0410852 ] } },
{ "type": "Feature", "properties": { "name": "Santosh Hospital", "amenity": "hospital", "building": null, "healthcare": null, "beds": null, "emergency": null }, "geometry": { "type": "Point", "coordinates": [ 77.6082575, 12.9959413 ] } },
{ "type": "Feature", "properties": { "name": "CGHS Dispensary No.1", "amenity": "clinic", "building": null, "healthcare": "centre", "beds": null, "emergency": null }, "geometry": { "type": "Point", "coordinates": [ 77.6032027, 12.9805291 ] } },
{ "type": "Feature", "properties": { "name": "Hospital", "amenity": "hospital", "building": null, "healthcare": null, "beds": null, "emergency": null }, "geometry": { "type": "Point", "coordinates": [ 77.6117329, 12.9914123 ] } },
{ "type": "Feature", "properties": { "name": "Ismile Dental & Oral Health Care Centre", "amenity": "clinic", "building": null, "healthcare": null, "beds": null, "emergency": null }, "geometry": { "type": "Point", "coordinates": [ 77.6194045, 12.915785 ] } },
{ "type": "Feature", "properties": { "name": "Keva Ayurveda Health Care Pvt Ltd", "amenity": "hospital", "building": null, "healthcare": null, "beds": null, "emergency": null }, "geometry": { "type": "Point", "coordinates": [ 77.6201668, 12.9127062 ] } },
{ "type": "Feature", "properties": { "name": "Ayurvaid Hospital", "amenity": "hospital", "building": null, "healthcare": null, "beds": null, "emergency": null }, "geometry": { "type": "Point", "coordinates": [ 77.6428508, 12.9552696 ] } },
{ "type": "Feature", "properties": { "name": "H B S Hospital", "amenity": "hospital", "building": null, "healthcare": null, "beds": null, "emergency": null }, "geometry": { "type": "Point", "coordinates": [ 77.6037864, 12.9891941 ] } },
{ "type": "Feature", "properties": { "name": "St. Martha's Heart Centre", "amenity": "hospital", "building": null, "healthcare": null, "beds": null, "emergency": null }, "geometry": { "type": "Point", "coordinates": [ 77.5834769, 12.9705436 ] } },
{ "type": "Feature", "properties": { "name": "Kaya Skin Bar", "amenity": "clinic", "building": null, "healthcare": "clinic", "beds": null, "emergency": null }, "geometry": { "type": "Point", "coordinates": [ 77.570594, 12.9920968 ] } },
{ "type": "Feature", "properties": { "name": "Anand Diagnostic Laboratory", "amenity": "clinic", "building": null, "healthcare": null, "beds": null, "emergency": null }, "geometry": { "type": "Point", "coordinates": [ 77.6062936, 12.9818448 ] } },
{ "type": "Feature", "properties": { "name": "Vagh Eye Centre", "amenity": "clinic", "building": null, "healthcare": null, "beds": null, "emergency": null }, "geometry": { "type": "Point", "coordinates": [ 77.6056145, 12.9799788 ] } },
{ "type": "Feature", "properties": { "name": "Sumathi Nursing and Maternity Home", "amenity": "hospital", "building": null, "healthcare": null, "beds": null, "emergency": null }, "geometry": { "type": "Point", "coordinates": [ 77.5582602, 13.0325717 ] } },
{ "type": "Feature", "properties": { "name": "Desai Nursing Home", "amenity": "hospital", "building": null, "healthcare": null, "beds": null, "emergency": null }, "geometry": { "type": "Point", "coordinates": [ 77.5793154, 12.9863736 ] } },
{ "type": "Feature", "properties": { "name": "Yemaluru Primary Health Centre", "amenity": "clinic", "building": null, "healthcare": null, "beds": null, "emergency": null }, "geometry": { "type": "Point", "coordinates": [ 77.678789, 12.9446323 ] } },
{ "type": "Feature", "properties": { "name": "Sri Manjunatha Clinic", "amenity": "clinic", "building": null, "healthcare": "clinic", "beds": null, "emergency": null }, "geometry": { "type": "Point", "coordinates": [ 77.5742095, 13.0021664 ] } },
{ "type": "Feature", "properties": { "name": "Fortis Hospital", "amenity": "hospital", "building": null, "healthcare": null, "beds": null, "emergency": null }, "geometry": { "type": "Point", "coordinates": [ 77.5548179, 12.9881648 ] } },
{ "type": "Feature", "properties": { "name": "Healing Earth Multispeciality Ayurveda Hospital", "amenity": "hospital", "building": null, "healthcare": null, "beds": null, "emergency": null }, "geometry": { "type": "Point", "coordinates": [ 77.6361865, 12.9165359 ] } },
{ "type": "Feature", "properties": { "name": "Global Ayurveda Multispeciality Hospital", "amenity": "hospital", "building": null, "healthcare": null, "beds": null, "emergency": null }, "geometry": { "type": "Point", "coordinates": [ 77.6362187, 12.9165795 ] } },
{ "type": "Feature", "properties": { "name": "Brahmi Ayurvedic Center", "amenity": "hospital", "building": null, "healthcare": null, "beds": null, "emergency": null }, "geometry": { "type": "Point", "coordinates": [ 77.6073285, 12.8830054 ] } },
{ "type": "Feature", "properties": { "name": "Fj Merrit Hydrotherapy And Wellness", "amenity": "hospital", "building": null, "healthcare": "hospital", "beds": null, "emergency": null }, "geometry": { "type": "Point", "coordinates": [ 77.6299785, 12.9344224 ] } },
{ "type": "Feature", "properties": { "name": "Vedam Ayurveda Multispeciality Hospital", "amenity": "hospital", "building": null, "healthcare": null, "beds": null, "emergency": null }, "geometry": { "type": "Point", "coordinates": [ 77.6039486, 12.9175511 ] } },
{ "type": "Feature", "properties": { "name": "Dr Priyas Skin And Hair Clinic", "amenity": "clinic", "building": null, "healthcare": null, "beds": null, "emergency": null }, "geometry": { "type": "Point", "coordinates": [ 77.7099226, 12.9566683 ] } },
{ "type": "Feature", "properties": { "name": "Ayur jagruti", "amenity": "hospital", "building": null, "healthcare": null, "beds": null, "emergency": null }, "geometry": { "type": "Point", "coordinates": [ 77.6378289, 12.9667253 ] } },
{ "type": "Feature", "properties": { "name": "Derma Solutions", "amenity": "clinic", "building": null, "healthcare": null, "beds": null, "emergency": null }, "geometry": { "type": "Point", "coordinates": [ 77.7002928, 12.9523153 ] } },
{ "type": "Feature", "properties": { "name": "Sofiyacare Skin And Hair Clinic", "amenity": "clinic", "building": null, "healthcare": "clinic", "beds": null, "emergency": null }, "geometry": { "type": "Point", "coordinates": [ 77.7193679, 12.955617 ] } },
{ "type": "Feature", "properties": { "name": "Revive Aesthetic Clinic Skin Hair And Laser Center", "amenity": "clinic", "building": null, "healthcare": "clinic", "beds": null, "emergency": null }, "geometry": { "type": "Point", "coordinates": [ 77.7413601, 12.9567879 ] } },
{ "type": "Feature", "properties": { "name": "Dr Batra's HealthCare Clinics", "amenity": "clinic", "building": null, "healthcare": "clinic", "beds": null, "emergency": null }, "geometry": { "type": "Point", "coordinates": [ 77.6518482, 12.9184267 ] } },
{ "type": "Feature", "properties": { "name": "Kaya Skin Clinic", "amenity": "clinic", "building": null, "healthcare": "clinic", "beds": null, "emergency": null }, "geometry": { "type": "Point", "coordinates": [ 77.6966407, 12.9969562 ] } },
{ "type": "Feature", "properties": { "name": "Shradha Nursing Home", "amenity": "clinic", "building": null, "healthcare": "clinic", "beds": null, "emergency": null }, "geometry": { "type": "Point", "coordinates": [ 77.6208282, 12.9422807 ] } },
{ "type": "Feature", "properties": { "name": "Herbocare Hospital Pvt", "amenity": "hospital", "building": null, "healthcare": null, "beds": null, "emergency": null }, "geometry": { "type": "Point", "coordinates": [ 77.6440607, 13.0204424 ] } },
{ "type": "Feature", "properties": { "name": "\" NRS Medical & Dental Specialists Centre\"", "amenity": "hospital", "building": null, "healthcare": null, "beds": null, "emergency": null }, "geometry": { "type": "Point", "coordinates": [ 77.5573329, 12.9378359 ] } },
{ "type": "Feature", "properties": { "name": "Lotus Diagnostic Centre", "amenity": "clinic", "building": null, "healthcare": null, "beds": null, "emergency": null }, "geometry": { "type": "Point", "coordinates": [ 77.6419982, 12.9785997 ] } },
{ "type": "Feature", "properties": { "name": "Tele Rad RX DX Health care Pvt Ltd", "amenity": "hospital", "building": null, "healthcare": null, "beds": null, "emergency": null }, "geometry": { "type": "Point", "coordinates": [ 77.7575636, 12.9992982 ] } },
{ "type": "Feature", "properties": { "name": "Chiranjeevi Hospital & Maternity Home", "amenity": "hospital", "building": null, "healthcare": null, "beds": null, "emergency": null }, "geometry": { "type": "Point", "coordinates": [ 77.5518394, 12.9386994 ] } },
{ "type": "Feature", "properties": { "name": "Newtown Childrens Clinic", "amenity": "clinic", "building": null, "healthcare": null, "beds": null, "emergency": null }, "geometry": { "type": "Point", "coordinates": [ 77.5799234, 13.1000069 ] } },
{ "type": "Feature", "properties": { "name": "Vinayaka Hospital, Hanumantha Nagar", "amenity": "hospital", "building": null, "healthcare": null, "beds": null, "emergency": null }, "geometry": { "type": "Point", "coordinates": [ 77.5494778, 12.9373748 ] } },
{ "type": "Feature", "properties": { "name": "Diavista Diabetes & Multispeciality Hospital", "amenity": "hospital", "building": null, "healthcare": null, "beds": null, "emergency": null }, "geometry": { "type": "Point", "coordinates": [ 77.5477956, 12.9354293 ] } },
{ "type": "Feature", "properties": { "name": "Meenakshi Hospital", "amenity": "hospital", "building": null, "healthcare": null, "beds": null, "emergency": null }, "geometry": { "type": "Point", "coordinates": [ 77.553698, 12.9420715 ] } },
{ "type": "Feature", "properties": { "name": "Medi-Tech Multi Speciality Hospital", "amenity": "hospital", "building": null, "healthcare": null, "beds": null, "emergency": null }, "geometry": { "type": "Point", "coordinates": [ 77.5603657, 12.9408667 ] } },
{ "type": "Feature", "properties": { "name": "Kusuma Hospital", "amenity": "hospital", "building": null, "healthcare": null, "beds": null, "emergency": null }, "geometry": { "type": "Point", "coordinates": [ 77.5506918, 12.9420124 ] } },
{ "type": "Feature", "properties": { "name": "Trinetraalaya Eye Care and Surgical Centre", "amenity": "clinic", "building": null, "healthcare": null, "beds": null, "emergency": null }, "geometry": { "type": "Point", "coordinates": [ 77.5537472, 12.943838 ] } },
{ "type": "Feature", "properties": { "name": "Ring Road Hospital", "amenity": "hospital", "building": null, "healthcare": null, "beds": null, "emergency": null }, "geometry": { "type": "Point", "coordinates": [ 77.5516293, 12.9274553 ] } },
{ "type": "Feature", "properties": { "name": "Pulse Multispecialty Hospital", "amenity": "hospital", "building": null, "healthcare": null, "beds": null, "emergency": null }, "geometry": { "type": "Point", "coordinates": [ 77.5438808, 12.9389007 ] } },
{ "type": "Feature", "properties": { "name": "Surya Galaxy Hospital", "amenity": "hospital", "building": null, "healthcare": null, "beds": null, "emergency": null }, "geometry": { "type": "Point", "coordinates": [ 77.5450887, 12.9316792 ] } },
{ "type": "Feature", "properties": { "name": "Sri Srinivasa Clinic", "amenity": "clinic", "building": null, "healthcare": null, "beds": null, "emergency": null }, "geometry": { "type": "Point", "coordinates": [ 77.5546536, 12.9263669 ] } },
{ "type": "Feature", "properties": { "name": "Wellness Ever", "amenity": "hospital", "building": null, "healthcare": "hospital", "beds": null, "emergency": "yes" }, "geometry": { "type": "Point", "coordinates": [ 77.7461682, 12.9593576 ] } },
{ "type": "Feature", "properties": { "name": "Hair Loss Treatment in Bangalore - Hairline International", "amenity": "hospital", "building": null, "healthcare": "hospital", "beds": null, "emergency": "yes" }, "geometry": { "type": "Point", "coordinates": [ 77.7419283, 12.9566858 ] } },
{ "type": "Feature", "properties": { "name": "Surya Diagnostics and Health Services", "amenity": "hospital", "building": null, "healthcare": "hospital", "beds": null, "emergency": "yes" }, "geometry": { "type": "Point", "coordinates": [ 77.6170883, 12.9242825 ] } },
{ "type": "Feature", "properties": { "name": "New Life Hospital bangalore", "amenity": "hospital", "building": null, "healthcare": null, "beds": null, "emergency": "yes" }, "geometry": { "type": "Point", "coordinates": [ 77.7591252, 12.9967611 ] } },
{ "type": "Feature", "properties": { "name": "Amplifon", "amenity": "clinic", "building": null, "healthcare": null, "beds": null, "emergency": null }, "geometry": { "type": "Point", "coordinates": [ 77.5935954, 12.9226321 ] } },
{ "type": "Feature", "properties": { "name": "Ragavs Diagnostics And Research Centre Private Limited", "amenity": "clinic", "building": null, "healthcare": null, "beds": null, "emergency": null }, "geometry": { "type": "Point", "coordinates": [ 77.5812807, 12.9306698 ] } },
{ "type": "Feature", "properties": { "name": "Malathi Polyclinic", "amenity": "clinic", "building": null, "healthcare": null, "beds": null, "emergency": null }, "geometry": { "type": "Point", "coordinates": [ 77.5572651, 12.9384167 ] } },
{ "type": "Feature", "properties": { "name": "Clumax Diagnostics", "amenity": "clinic", "building": null, "healthcare": "laboratory", "beds": null, "emergency": null }, "geometry": { "type": "Point", "coordinates": [ 77.5837638, 12.9341676 ] } },
{ "type": "Feature", "properties": { "name": "Ayushman Ayurvedic therapy centre", "amenity": "hospital", "building": null, "healthcare": null, "beds": null, "emergency": null }, "geometry": { "type": "Point", "coordinates": [ 77.6023871, 12.9946163 ] } },
{ "type": "Feature", "properties": { "name": "Kottakkal Arya Vaidya Shala", "amenity": "clinic", "building": null, "healthcare": null, "beds": null, "emergency": null }, "geometry": { "type": "Point", "coordinates": [ 77.566471, 13.0082375 ] } },
{ "type": "Feature", "properties": { "name": "Sun Diagnostic Laboratory", "amenity": "clinic", "building": null, "healthcare": null, "beds": null, "emergency": null }, "geometry": { "type": "Point", "coordinates": [ 77.5867591, 12.9207711 ] } },
{ "type": "Feature", "properties": { "name": "Sunrise Diagnostics", "amenity": "clinic", "building": null, "healthcare": "clinic", "beds": null, "emergency": null }, "geometry": { "type": "Point", "coordinates": [ 77.5965015, 12.926767 ] } },
{ "type": "Feature", "properties": { "name": "Pristine Hospital", "amenity": "hospital", "building": null, "healthcare": null, "beds": null, "emergency": null }, "geometry": { "type": "Point", "coordinates": [ 77.5403887, 12.9984229 ] } },
{ "type": "Feature", "properties": { "name": "Mera Health Care Private Limited", "amenity": "clinic", "building": null, "healthcare": null, "beds": null, "emergency": null }, "geometry": { "type": "Point", "coordinates": [ 77.5645162, 13.0081626 ] } },
{ "type": "Feature", "properties": { "name": "Anand Diagnostic Laboratory", "amenity": "clinic", "building": null, "healthcare": null, "beds": null, "emergency": null }, "geometry": { "type": "Point", "coordinates": [ 77.6629393, 13.0034429 ] } },
{ "type": "Feature", "properties": { "name": "Sri Vinayaka Hospital", "amenity": "hospital", "building": null, "healthcare": "hospital", "beds": null, "emergency": null }, "geometry": { "type": "Point", "coordinates": [ 77.5276466, 12.9575029 ] } },
{ "type": "Feature", "properties": { "name": "Shreyaas Diagnostics", "amenity": "clinic", "building": null, "healthcare": null, "beds": null, "emergency": null }, "geometry": { "type": "Point", "coordinates": [ 77.5890953, 12.9322647 ] } },
{ "type": "Feature", "properties": { "name": "Shathayu Ayurveda Wellness Centre", "amenity": "hospital", "building": null, "healthcare": "hospital", "beds": null, "emergency": null }, "geometry": { "type": "Point", "coordinates": [ 77.5276882, 12.9573897 ] } },
{ "type": "Feature", "properties": { "name": "Apollo Diagnostics", "amenity": "clinic", "building": null, "healthcare": "laboratory", "beds": null, "emergency": null }, "geometry": { "type": "Point", "coordinates": [ 77.6240168, 12.937327 ] } },
{ "type": "Feature", "properties": { "name": "Bombay Surgicals", "amenity": "clinic", "building": null, "healthcare": null, "beds": null, "emergency": null }, "geometry": { "type": "Point", "coordinates": [ 77.584183, 12.930019 ] } },
{ "type": "Feature", "properties": { "name": "Hospital Sharavathi", "amenity": "hospital", "building": null, "healthcare": null, "beds": null, "emergency": null }, "geometry": { "type": "Point", "coordinates": [ 77.5275515, 12.9594984 ] } },
{ "type": "Feature", "properties": { "name": "Arogya Kendra", "amenity": "hospital", "building": null, "healthcare": null, "beds": null, "emergency": null }, "geometry": { "type": "Point", "coordinates": [ 77.5443283, 12.9735891 ] } },
{ "type": "Feature", "properties": { "name": "The Family Doctor Malleswaram", "amenity": "hospital", "building": null, "healthcare": "hospital", "beds": null, "emergency": null }, "geometry": { "type": "Point", "coordinates": [ 77.5526666, 13.0029689 ] } },
{ "type": "Feature", "properties": { "name": "Venkat Charmalaya", "amenity": "hospital", "building": null, "healthcare": "hospital", "beds": null, "emergency": null }, "geometry": { "type": "Point", "coordinates": [ 77.5333324, 12.9644231 ] } },
{ "type": "Feature", "properties": { "name": "V Care Medical Systems P Ltd", "amenity": "hospital", "building": null, "healthcare": null, "beds": null, "emergency": null }, "geometry": { "type": "Point", "coordinates": [ 77.5403581, 12.9787049 ] } },
{ "type": "Feature", "properties": { "name": "Manasa Hospital", "amenity": "hospital", "building": null, "healthcare": null, "beds": null, "emergency": null }, "geometry": { "type": "Point", "coordinates": [ 77.5246297, 12.968821 ] } },
{ "type": "Feature", "properties": { "name": "Saikrupa Hospital For Women's and Surgical Centre", "amenity": "hospital", "building": null, "healthcare": null, "beds": null, "emergency": null }, "geometry": { "type": "Point", "coordinates": [ 77.5351921, 12.9691657 ] } },
{ "type": "Feature", "properties": { "name": "Cutis Academy of Cutaneous Sciences", "amenity": "hospital", "building": null, "healthcare": "hospital", "beds": null, "emergency": null }, "geometry": { "type": "Point", "coordinates": [ 77.5449094, 12.9768117 ] } },
{ "type": "Feature", "properties": { "name": "Shreya Hearing Clinic", "amenity": "hospital", "building": null, "healthcare": "hospital", "beds": null, "emergency": null }, "geometry": { "type": "Point", "coordinates": [ 77.533401, 12.9621516 ] } },
{ "type": "Feature", "properties": { "name": "Acura Speciality Hospital", "amenity": "hospital", "building": null, "healthcare": null, "beds": null, "emergency": null }, "geometry": { "type": "Point", "coordinates": [ 77.6205504, 12.9353208 ] } },
{ "type": "Feature", "properties": { "name": "Prasad Nethralaya", "amenity": "hospital", "building": null, "healthcare": null, "beds": null, "emergency": null }, "geometry": { "type": "Point", "coordinates": [ 77.5300796, 12.9603312 ] } },
{ "type": "Feature", "properties": { "name": "Vijayanagar Global Hospital", "amenity": "hospital", "building": null, "healthcare": null, "beds": null, "emergency": null }, "geometry": { "type": "Point", "coordinates": [ 77.5372864, 12.9717905 ] } },
{ "type": "Feature", "properties": { "name": "Blossom Infertility Center", "amenity": "hospital", "building": null, "healthcare": "hospital", "beds": null, "emergency": null }, "geometry": { "type": "Point", "coordinates": [ 77.5389842, 12.9649703 ] } },
{ "type": "Feature", "properties": { "name": "Nirmal Skin & Hair Clinic", "amenity": "clinic", "building": null, "healthcare": null, "beds": null, "emergency": null }, "geometry": { "type": "Point", "coordinates": [ 77.5377378, 12.9683009 ] } },
{ "type": "Feature", "properties": { "name": "Padmashree Nursing Home and Maternity Home", "amenity": "hospital", "building": null, "healthcare": null, "beds": null, "emergency": null }, "geometry": { "type": "Point", "coordinates": [ 77.5350434, 12.958321 ] } },
{ "type": "Feature", "properties": { "name": null, "amenity": "hospital", "building": null, "healthcare": "hospital", "beds": null, "emergency": null }, "geometry": { "type": "Point", "coordinates": [ 77.5302683, 12.9639998 ] } },
{ "type": "Feature", "properties": { "name": "Nova IVI Fertility", "amenity": "clinic", "building": null, "healthcare": "clinic", "beds": null, "emergency": null }, "geometry": { "type": "Point", "coordinates": [ 77.6199371, 12.9338298 ] } },
{ "type": "Feature", "properties": { "name": "Dhanush Hospital", "amenity": "hospital", "building": null, "healthcare": null, "beds": null, "emergency": null }, "geometry": { "type": "Point", "coordinates": [ 77.5151893, 12.9706209 ] } },
{ "type": "Feature", "properties": { "name": "S K Hospital, Bengaluru Urban", "amenity": "hospital", "building": null, "healthcare": null, "beds": null, "emergency": null }, "geometry": { "type": "Point", "coordinates": [ 77.5184436, 12.957572 ] } },
{ "type": "Feature", "properties": { "name": "Green City Hospital, Bengaluru Urban", "amenity": "hospital", "building": null, "healthcare": null, "beds": null, "emergency": null }, "geometry": { "type": "Point", "coordinates": [ 77.580682, 12.9062193 ] } },
{ "type": "Feature", "properties": { "name": "The Homoeo World", "amenity": "hospital", "building": null, "healthcare": null, "beds": null, "emergency": null }, "geometry": { "type": "Point", "coordinates": [ 77.5715879, 12.9947201 ] } },
{ "type": "Feature", "properties": { "name": "Modern Family Doctor Pvt Ltd", "amenity": "hospital", "building": null, "healthcare": null, "beds": null, "emergency": null }, "geometry": { "type": "Point", "coordinates": [ 77.5327211, 12.9698405 ] } },
{ "type": "Feature", "properties": { "name": "Oxford Hospital", "amenity": "hospital", "building": null, "healthcare": "hospital", "beds": null, "emergency": null }, "geometry": { "type": "Point", "coordinates": [ 77.5756907, 12.9312101 ] } },
{ "type": "Feature", "properties": { "name": "R R Hospital & Trauma Centre", "amenity": "hospital", "building": null, "healthcare": null, "beds": null, "emergency": null }, "geometry": { "type": "Point", "coordinates": [ 77.5904192, 12.9059465 ] } },
{ "type": "Feature", "properties": { "name": "M N Speciality Clinic", "amenity": "hospital", "building": null, "healthcare": null, "beds": null, "emergency": null }, "geometry": { "type": "Point", "coordinates": [ 77.5859569, 12.9039905 ] } },
{ "type": "Feature", "properties": { "name": "Prashanth Hospital", "amenity": "hospital", "building": null, "healthcare": null, "beds": null, "emergency": "yes" }, "geometry": { "type": "Point", "coordinates": [ 77.6265085, 12.9067129 ] } },
{ "type": "Feature", "properties": { "name": "Parimala Health Care", "amenity": "hospital", "building": null, "healthcare": null, "beds": null, "emergency": "yes" }, "geometry": { "type": "Point", "coordinates": [ 77.5986641, 12.9009278 ] } },
{ "type": "Feature", "properties": { "name": "Sri Ram Hospital", "amenity": "hospital", "building": null, "healthcare": null, "beds": null, "emergency": "yes" }, "geometry": { "type": "Point", "coordinates": [ 77.6924713, 13.0096231 ] } },
{ "type": "Feature", "properties": { "name": "Shathayu Ayurveda Wellness Centre", "amenity": "clinic", "building": null, "healthcare": null, "beds": null, "emergency": "yes" }, "geometry": { "type": "Point", "coordinates": [ 77.5262369, 12.9571256 ] } },
{ "type": "Feature", "properties": { "name": "Vijay Diagnostic Centre", "amenity": "hospital", "building": null, "healthcare": null, "beds": null, "emergency": "yes" }, "geometry": { "type": "Point", "coordinates": [ 77.5877756, 12.9458746 ] } },
{ "type": "Feature", "properties": { "name": "Nationwide Kadugodi Clinic", "amenity": "clinic", "building": null, "healthcare": null, "beds": null, "emergency": null }, "geometry": { "type": "Point", "coordinates": [ 77.7572551, 13.0082033 ] } },
{ "type": "Feature", "properties": { "name": "Kubra Maternity And Nursing Home", "amenity": "clinic", "building": null, "healthcare": "clinic", "beds": null, "emergency": null }, "geometry": { "type": "Point", "coordinates": [ 77.6012024, 12.927672 ] } },
{ "type": "Feature", "properties": { "name": "Dr Lal PathLabs", "amenity": "hospital", "building": null, "healthcare": null, "beds": null, "emergency": "yes" }, "geometry": { "type": "Point", "coordinates": [ 77.5680927, 12.924274 ] } },
{ "type": "Feature", "properties": { "name": "Welnext", "amenity": "hospital", "building": null, "healthcare": "hospital", "beds": null, "emergency": "yes" }, "geometry": { "type": "Point", "coordinates": [ 77.6532853, 12.9242869 ] } },
{ "type": "Feature", "properties": { "name": "Government Hospital", "amenity": "clinic", "building": null, "healthcare": null, "beds": null, "emergency": null }, "geometry": { "type": "Point", "coordinates": [ 77.5785311, 12.907453 ] } },
{ "type": "Feature", "properties": { "name": "Sri Sai Ram Hospital", "amenity": "hospital", "building": null, "healthcare": null, "beds": null, "emergency": null }, "geometry": { "type": "Point", "coordinates": [ 77.5682821, 12.8943049 ] } },
{ "type": "Feature", "properties": { "name": "Diabetacare", "amenity": "clinic", "building": null, "healthcare": null, "beds": null, "emergency": null }, "geometry": { "type": "Point", "coordinates": [ 77.5685594, 12.894686 ] } },
{ "type": "Feature", "properties": { "name": "Clumax diagnostics", "amenity": "clinic", "building": null, "healthcare": "clinic", "beds": null, "emergency": null }, "geometry": { "type": "Point", "coordinates": [ 77.6475018, 12.9729847 ] } },
{ "type": "Feature", "properties": { "name": "Center for Holistic Development", "amenity": "clinic", "building": null, "healthcare": "alternative", "beds": null, "emergency": null }, "geometry": { "type": "Point", "coordinates": [ 77.6466782, 12.9803998 ] } },
{ "type": "Feature", "properties": { "name": "Tamara Hospital & IVF Centre", "amenity": "hospital", "building": null, "healthcare": "hospital", "beds": null, "emergency": null }, "geometry": { "type": "Point", "coordinates": [ 77.5530755, 13.0044499 ] } },
{ "type": "Feature", "properties": { "name": "ChanRe Rheumatology and Immunology Center and Research", "amenity": "hospital", "building": null, "healthcare": "hospital", "beds": null, "emergency": null }, "geometry": { "type": "Point", "coordinates": [ 77.5354215, 12.995573 ] } },
{ "type": "Feature", "properties": { "name": "Anupama Hospital", "amenity": "hospital", "building": null, "healthcare": null, "beds": null, "emergency": null }, "geometry": { "type": "Point", "coordinates": [ 77.4788534, 12.9838763 ] } },
{ "type": "Feature", "properties": { "name": "Deepa Hospital", "amenity": "hospital", "building": null, "healthcare": null, "beds": null, "emergency": null }, "geometry": { "type": "Point", "coordinates": [ 77.6998816, 13.0120509 ] } },
{ "type": "Feature", "properties": { "name": "Manasa Hospital, Vijayanagar", "amenity": "hospital", "building": null, "healthcare": null, "beds": null, "emergency": null }, "geometry": { "type": "Point", "coordinates": [ 77.5451059, 12.9709463 ] } },
{ "type": "Feature", "properties": { "name": "Tejus hospital", "amenity": "clinic", "building": null, "healthcare": null, "beds": null, "emergency": null }, "geometry": { "type": "Point", "coordinates": [ 77.5455125, 12.9681925 ] } },
{ "type": "Feature", "properties": { "name": "Agarahara Government Hospital", "amenity": "hospital", "building": null, "healthcare": null, "beds": null, "emergency": null }, "geometry": { "type": "Point", "coordinates": [ 77.6273067, 13.0957329 ] } },
{ "type": "Feature", "properties": { "name": "Nagarathna Hospital", "amenity": "hospital", "building": null, "healthcare": "hospital", "beds": null, "emergency": null }, "geometry": { "type": "Point", "coordinates": [ 77.5426964, 12.9056092 ] } },
{ "type": "Feature", "properties": { "name": "Ramana Rao's clinic", "amenity": "hospital", "building": null, "healthcare": null, "beds": null, "emergency": null }, "geometry": { "type": "Point", "coordinates": [ 77.5761449, 13.0130826 ] } },
{ "type": "Feature", "properties": { "name": "Government Maternity Home", "amenity": "hospital", "building": null, "healthcare": null, "beds": null, "emergency": null }, "geometry": { "type": "Point", "coordinates": [ 77.6200927, 12.9983402 ] } },
{ "type": "Feature", "properties": { "name": "Lucid Medical Diagnostics", "amenity": "hospital", "building": null, "healthcare": "hospital", "beds": null, "emergency": null }, "geometry": { "type": "Point", "coordinates": [ 77.5794541, 12.9306876 ] } },
{ "type": "Feature", "properties": { "name": "Saldana Diagnostic Center", "amenity": "clinic", "building": null, "healthcare": null, "beds": null, "emergency": null }, "geometry": { "type": "Point", "coordinates": [ 77.6203017, 12.9978934 ] } },
{ "type": "Feature", "properties": { "name": "Cauvery Orthopaedic Centre", "amenity": "hospital", "building": null, "healthcare": "hospital", "beds": null, "emergency": null }, "geometry": { "type": "Point", "coordinates": [ 77.5504219, 12.9984887 ] } },
{ "type": "Feature", "properties": { "name": "Life line clinic", "amenity": "clinic", "building": null, "healthcare": null, "beds": null, "emergency": null }, "geometry": { "type": "Point", "coordinates": [ 77.663856, 12.9891957 ] } },
{ "type": "Feature", "properties": { "name": "Apollo Bengaluru Cradle Limited, Jayanagar", "amenity": "hospital", "building": null, "healthcare": "hospital", "beds": null, "emergency": null }, "geometry": { "type": "Point", "coordinates": [ 77.5851878, 12.9168014 ] } },
{ "type": "Feature", "properties": { "name": "Nethradhama Superspeciality Eye Hospital, Rajajinagar", "amenity": "hospital", "building": null, "healthcare": "hospital", "beds": null, "emergency": null }, "geometry": { "type": "Point", "coordinates": [ 77.5509423, 12.997613 ] } },
{ "type": "Feature", "properties": { "name": "Sai Dental Clinic", "amenity": "clinic", "building": null, "healthcare": "dentist", "beds": null, "emergency": null }, "geometry": { "type": "Point", "coordinates": [ 77.7500256, 12.9690294 ] } },
{ "type": "Feature", "properties": { "name": "NIMHANS - Ashwini Block", "amenity": "hospital", "building": null, "healthcare": "yes", "beds": null, "emergency": null }, "geometry": { "type": "Point", "coordinates": [ 77.59445, 12.9397588 ] } },
{ "type": "Feature", "properties": { "name": "Government Health Center", "amenity": "clinic", "building": null, "healthcare": null, "beds": null, "emergency": null }, "geometry": { "type": "Point", "coordinates": [ 77.6656733, 12.984816 ] } },
{ "type": "Feature", "properties": { "name": "Kottakkal Aryavaidyasala", "amenity": "clinic", "building": null, "healthcare": null, "beds": null, "emergency": null }, "geometry": { "type": "Point", "coordinates": [ 77.6708546, 12.9861537 ] } },
{ "type": "Feature", "properties": { "name": "Sathya Sai Lake Side Ortho Hospital", "amenity": "hospital", "building": null, "healthcare": null, "beds": null, "emergency": null }, "geometry": { "type": "Point", "coordinates": [ 77.7128053, 13.0215807 ] } },
{ "type": "Feature", "properties": { "name": "Comfort Multispeciality Hospital", "amenity": "hospital", "building": null, "healthcare": null, "beds": null, "emergency": null }, "geometry": { "type": "Point", "coordinates": [ 77.6800412, 12.9817167 ] } },
{ "type": "Feature", "properties": { "name": "Vidyaratnam oeshadhalaya", "amenity": "clinic", "building": null, "healthcare": null, "beds": null, "emergency": null }, "geometry": { "type": "Point", "coordinates": [ 77.6799027, 12.9816919 ] } },
{ "type": "Feature", "properties": { "name": "Sevabhaya hospital", "amenity": "clinic", "building": null, "healthcare": null, "beds": null, "emergency": null }, "geometry": { "type": "Point", "coordinates": [ 77.554155, 12.9835135 ] } },
{ "type": "Feature", "properties": { "name": "Express Clinic", "amenity": "clinic", "building": null, "healthcare": null, "beds": null, "emergency": null }, "geometry": { "type": "Point", "coordinates": [ 77.6451446, 13.0151589 ] } },
{ "type": "Feature", "properties": { "name": "Sree Clinic and Laboratory", "amenity": "clinic", "building": null, "healthcare": "clinic", "beds": null, "emergency": null }, "geometry": { "type": "Point", "coordinates": [ 77.5497945, 12.9989452 ] } },
{ "type": "Feature", "properties": { "name": "National Institute of Mental Health and Neuro Sciences", "amenity": "hospital", "building": null, "healthcare": "hospital", "beds": null, "emergency": null }, "geometry": { "type": "Point", "coordinates": [ 77.5931597, 12.9400669 ] } },
{ "type": "Feature", "properties": { "name": "NBRC(National Brain Research Center)", "amenity": "hospital", "building": null, "healthcare": null, "beds": null, "emergency": null }, "geometry": { "type": "Point", "coordinates": [ 77.5988406, 12.9404277 ] } },
{ "type": "Feature", "properties": { "name": "Vachani Vista", "amenity": "clinic", "building": null, "healthcare": "clinic", "beds": null, "emergency": null }, "geometry": { "type": "Point", "coordinates": [ 77.6229997, 12.9320032 ] } },
{ "type": "Feature", "properties": { "name": "Dr. Roshni's Tooth Planet Dental Clinic", "amenity": "hospital", "building": null, "healthcare": null, "beds": null, "emergency": "yes" }, "geometry": { "type": "Point", "coordinates": [ 77.6851595, 12.9876335 ] } },
{ "type": "Feature", "properties": { "name": "Cambridge Hospital", "amenity": "hospital", "building": null, "healthcare": "hospital", "beds": null, "emergency": null }, "geometry": { "type": "Point", "coordinates": [ 77.6273835, 12.9716236 ] } },
{ "type": "Feature", "properties": { "name": "Respigen healthcare", "amenity": "hospital", "building": null, "healthcare": null, "beds": null, "emergency": null }, "geometry": { "type": "Point", "coordinates": [ 77.5918347, 12.9555357 ] } },
{ "type": "Feature", "properties": { "name": "Medical Center", "amenity": "clinic", "building": null, "healthcare": null, "beds": null, "emergency": null }, "geometry": { "type": "Point", "coordinates": [ 77.6154453, 12.9791268 ] } },
{ "type": "Feature", "properties": { "name": "Health and hijama clinic", "amenity": "clinic", "building": null, "healthcare": null, "beds": null, "emergency": null }, "geometry": { "type": "Point", "coordinates": [ 77.6484101, 13.0103924 ] } },
{ "type": "Feature", "properties": { "name": "Doctor's diagnostics Centre", "amenity": "hospital", "building": null, "healthcare": null, "beds": null, "emergency": null }, "geometry": { "type": "Point", "coordinates": [ 77.6357881, 13.014746 ] } },
{ "type": "Feature", "properties": { "name": "Ancient China", "amenity": "clinic", "building": null, "healthcare": null, "beds": null, "emergency": null }, "geometry": { "type": "Point", "coordinates": [ 77.6037829, 12.9664015 ] } },
{ "type": "Feature", "properties": { "name": "Hosmat Hospital", "amenity": "hospital", "building": null, "healthcare": null, "beds": null, "emergency": null }, "geometry": { "type": "Point", "coordinates": [ 77.5837482, 13.0080001 ] } },
{ "type": "Feature", "properties": { "name": "Al Habeeb Dental Clinic and Implant Center", "amenity": "clinic", "building": null, "healthcare": "clinic", "beds": null, "emergency": null }, "geometry": { "type": "Point", "coordinates": [ 77.5938336, 12.9418173 ] } },
{ "type": "Feature", "properties": { "name": "Bhagat Dental Clinic", "amenity": "clinic", "building": null, "healthcare": null, "beds": null, "emergency": null }, "geometry": { "type": "Point", "coordinates": [ 77.6749574, 13.0336328 ] } },
{ "type": "Feature", "properties": { "name": "Dr. Satish skin & ENT clinic", "amenity": "clinic", "building": "yes", "healthcare": null, "beds": null, "emergency": null }, "geometry": { "type": "Point", "coordinates": [ 77.589423, 12.9219428 ] } },
{ "type": "Feature", "properties": { "name": "Medical Center", "amenity": "clinic", "building": null, "healthcare": null, "beds": null, "emergency": null }, "geometry": { "type": "Point", "coordinates": [ 77.500701, 12.9246345 ] } },
{ "type": "Feature", "properties": { "name": "Cloudnine Hospital Pvt. Ltd.", "amenity": "hospital", "building": null, "healthcare": "hospital", "beds": null, "emergency": null }, "geometry": { "type": "Point", "coordinates": [ 77.6569127, 12.9597752 ] } },
{ "type": "Feature", "properties": { "name": "Subramanium Medicine Store", "amenity": "hospital", "building": null, "healthcare": null, "beds": null, "emergency": null }, "geometry": { "type": "Point", "coordinates": [ 77.656317, 13.0090912 ] } },
{ "type": "Feature", "properties": { "name": "Columbiaa Hospital", "amenity": "hospital", "building": null, "healthcare": null, "beds": null, "emergency": null }, "geometry": { "type": "Point", "coordinates": [ 77.6583242, 13.0104342 ] } },
{ "type": "Feature", "properties": { "name": "Altius Hospital", "amenity": "hospital", "building": null, "healthcare": "hospital", "beds": null, "emergency": null }, "geometry": { "type": "Point", "coordinates": [ 77.5569222, 12.9849537 ] } },
{ "type": "Feature", "properties": { "name": "Renew Medical Center", "amenity": "clinic", "building": null, "healthcare": "clinic", "beds": null, "emergency": null }, "geometry": { "type": "Point", "coordinates": [ 77.6051237, 12.9657964 ] } },
{ "type": "Feature", "properties": { "name": "Bangalore Diabetes Hospital", "amenity": "hospital", "building": null, "healthcare": "hospital", "beds": null, "emergency": null }, "geometry": { "type": "Point", "coordinates": [ 77.5968531, 12.9918415 ] } },
{ "type": "Feature", "properties": { "name": "NU Hospitals", "amenity": "hospital", "building": null, "healthcare": "hospital", "beds": null, "emergency": null }, "geometry": { "type": "Point", "coordinates": [ 77.5526061, 13.011845 ] } },
{ "type": "Feature", "properties": { "name": "Aswini clinic", "amenity": "clinic", "building": null, "healthcare": "clinic", "beds": null, "emergency": null }, "geometry": { "type": "Point", "coordinates": [ 77.6491752, 12.9724554 ] } },
{ "type": "Feature", "properties": { "name": "Sri Vinayaka Nursing Home", "amenity": "clinic", "building": null, "healthcare": null, "beds": null, "emergency": null }, "geometry": { "type": "Point", "coordinates": [ 77.6463407, 12.9729726 ] } },
{ "type": "Feature", "properties": { "name": "Dr. Shetty's Cosmetic Centre", "amenity": "clinic", "building": null, "healthcare": "clinic", "beds": null, "emergency": null }, "geometry": { "type": "Point", "coordinates": [ 77.5526311, 12.9982738 ] } },
{ "type": "Feature", "properties": { "name": "Pranam Dental and Medical Speciality Clinic", "amenity": "clinic", "building": null, "healthcare": "clinic", "beds": null, "emergency": null }, "geometry": { "type": "Point", "coordinates": [ 77.5785854, 12.9870483 ] } },
{ "type": "Feature", "properties": { "name": "Ambuja Healthcare", "amenity": "clinic", "building": null, "healthcare": "clinic", "beds": null, "emergency": null }, "geometry": { "type": "Point", "coordinates": [ 77.5776226, 12.939466 ] } },
{ "type": "Feature", "properties": { "name": "Eye Care Clinic", "amenity": "clinic", "building": null, "healthcare": "clinic", "beds": null, "emergency": null }, "geometry": { "type": "Point", "coordinates": [ 77.5868945, 12.9288378 ] } },
{ "type": "Feature", "properties": { "name": "V. S. Achar Multispeciality Hospital", "amenity": "hospital", "building": null, "healthcare": "hospital", "beds": null, "emergency": null }, "geometry": { "type": "Point", "coordinates": [ 77.5966914, 12.9472091 ] } },
{ "type": "Feature", "properties": { "name": "Nature Cure Hospital", "amenity": "hospital", "building": null, "healthcare": "hospital", "beds": null, "emergency": null }, "geometry": { "type": "Point", "coordinates": [ 77.5842632, 12.933223 ] } },
{ "type": "Feature", "properties": { "name": "City Health Care", "amenity": "clinic", "building": null, "healthcare": "clinic", "beds": null, "emergency": null }, "geometry": { "type": "Point", "coordinates": [ 77.5646498, 12.9292156 ] } },
{ "type": "Feature", "properties": { "name": "Shilpa nursing home", "amenity": "clinic", "building": null, "healthcare": "nursing", "beds": null, "emergency": null }, "geometry": { "type": "Point", "coordinates": [ 77.5499513, 12.9638701 ] } },
{ "type": "Feature", "properties": { "name": "Government Hospital", "amenity": "hospital", "building": null, "healthcare": "hospital", "beds": null, "emergency": null }, "geometry": { "type": "Point", "coordinates": [ 77.5549647, 12.966103 ] } },
{ "type": "Feature", "properties": { "name": "Emergency Block , NIMHANS", "amenity": "hospital", "building": null, "healthcare": "hospital", "beds": null, "emergency": "yes" }, "geometry": { "type": "Point", "coordinates": [ 77.5945391, 12.9403849 ] } },
{ "type": "Feature", "properties": { "name": "Usha Vikranth Diagnostic Center and Hospital", "amenity": "hospital", "building": null, "healthcare": null, "beds": null, "emergency": null }, "geometry": { "type": "Point", "coordinates": [ 77.5273633, 12.9138086 ] } },
{ "type": "Feature", "properties": { "name": "Nethradhama Superspeciality Eye Hospital", "amenity": "hospital", "building": null, "healthcare": "hospital", "beds": null, "emergency": null }, "geometry": { "type": "Point", "coordinates": [ 77.6474011, 12.9719805 ] } },
{ "type": "Feature", "properties": { "name": "Shekhar Clinic", "amenity": "clinic", "building": null, "healthcare": null, "beds": null, "emergency": null }, "geometry": { "type": "Point", "coordinates": [ 77.5474147, 12.9306675 ] } },
{ "type": "Feature", "properties": { "name": "Fracture and Ortho Clinic", "amenity": "clinic", "building": null, "healthcare": null, "beds": null, "emergency": null }, "geometry": { "type": "Point", "coordinates": [ 77.5491576, 12.9385197 ] } },
{ "type": "Feature", "properties": { "name": "Dr. Natesh E.N.T and Surgical Care Centre", "amenity": "clinic", "building": null, "healthcare": null, "beds": null, "emergency": null }, "geometry": { "type": "Point", "coordinates": [ 77.5513114, 12.9391628 ] } },
{ "type": "Feature", "properties": { "name": "Basava Natural Healing Center", "amenity": "clinic", "building": null, "healthcare": null, "beds": null, "emergency": null }, "geometry": { "type": "Point", "coordinates": [ 77.5527256, 12.9386132 ] } },
{ "type": "Feature", "properties": { "name": "Virile Men's Health Clinic", "amenity": "clinic", "building": null, "healthcare": null, "beds": null, "emergency": null }, "geometry": { "type": "Point", "coordinates": [ 77.5522723, 12.9386112 ] } },
{ "type": "Feature", "properties": { "name": "Maruthi clinic", "amenity": "clinic", "building": null, "healthcare": null, "beds": null, "emergency": null }, "geometry": { "type": "Point", "coordinates": [ 77.6998965, 12.9379792 ] } },
{ "type": "Feature", "properties": { "name": "Telerad RXDX Kadugodi", "amenity": "hospital", "building": null, "healthcare": null, "beds": null, "emergency": null }, "geometry": { "type": "Point", "coordinates": [ 77.7569157, 13.0028637 ] } },
{ "type": "Feature", "properties": { "name": "Ward 113 PHC", "amenity": "clinic", "building": null, "healthcare": null, "beds": null, "emergency": null }, "geometry": { "type": "Point", "coordinates": [ 77.6346628, 12.9611724 ] } },
{ "type": "Feature", "properties": { "name": "Hebbal Medical Center", "amenity": "clinic", "building": null, "healthcare": null, "beds": null, "emergency": null }, "geometry": { "type": "Point", "coordinates": [ 77.6012716, 13.0562451 ] } },
{ "type": "Feature", "properties": { "name": "Physiotherapy clinic", "amenity": "clinic", "building": null, "healthcare": "physiotherapist", "beds": null, "emergency": null }, "geometry": { "type": "Point", "coordinates": [ 77.6012225, 13.0552316 ] } },
{ "type": "Feature", "properties": { "name": "We care clinic", "amenity": "clinic", "building": null, "healthcare": null, "beds": null, "emergency": null }, "geometry": { "type": "Point", "coordinates": [ 77.6018446, 13.0553431 ] } },
{ "type": "Feature", "properties": { "name": "Krishna Clinic", "amenity": "clinic", "building": null, "healthcare": null, "beds": null, "emergency": null }, "geometry": { "type": "Point", "coordinates": [ 77.6001085, 13.0558683 ] } },
{ "type": "Feature", "properties": { "name": "We care clinic", "amenity": "clinic", "building": null, "healthcare": null, "beds": null, "emergency": null }, "geometry": { "type": "Point", "coordinates": [ 77.6020789, 13.0554023 ] } },
{ "type": "Feature", "properties": { "name": "Ayushmitra clinic", "amenity": "clinic", "building": null, "healthcare": null, "beds": null, "emergency": null }, "geometry": { "type": "Point", "coordinates": [ 77.6023622, 13.0554795 ] } },
{ "type": "Feature", "properties": { "name": "Sham's Child and Adult Care", "amenity": "clinic", "building": null, "healthcare": null, "beds": null, "emergency": null }, "geometry": { "type": "Point", "coordinates": [ 77.6027452, 13.055404 ] } },
{ "type": "Feature", "properties": { "name": "Care Health", "amenity": "hospital", "building": null, "healthcare": "yes", "beds": null, "emergency": null }, "geometry": { "type": "Point", "coordinates": [ 77.6028234, 13.0552027 ] } },
{ "type": "Feature", "properties": { "name": "Rangalakshmi Netralaya", "amenity": "clinic", "building": null, "healthcare": null, "beds": null, "emergency": null }, "geometry": { "type": "Point", "coordinates": [ 77.6031448, 13.0554599 ] } },
{ "type": "Feature", "properties": { "name": "Sri Vinayaka Diagnostic Laboratory", "amenity": "clinic", "building": null, "healthcare": null, "beds": null, "emergency": null }, "geometry": { "type": "Point", "coordinates": [ 77.6032044, 13.0554013 ] } },
{ "type": "Feature", "properties": { "name": "Amruth Clinic", "amenity": "clinic", "building": null, "healthcare": null, "beds": null, "emergency": null }, "geometry": { "type": "Point", "coordinates": [ 77.6034496, 13.0687767 ] } },
{ "type": "Feature", "properties": { "name": "Dr Bhanus Skin Clinic", "amenity": "clinic", "building": null, "healthcare": null, "beds": null, "emergency": null }, "geometry": { "type": "Point", "coordinates": [ 77.6022452, 13.0726064 ] } },
{ "type": "Feature", "properties": { "name": null, "amenity": "clinic", "building": null, "healthcare": "clinic", "beds": null, "emergency": null }, "geometry": { "type": "Point", "coordinates": [ 77.5521886, 13.0020126 ] } },
{ "type": "Feature", "properties": { "name": "Vinayaka Clinic", "amenity": "clinic", "building": null, "healthcare": "clinic", "beds": null, "emergency": null }, "geometry": { "type": "Point", "coordinates": [ 77.5529858, 12.9090385 ] } },
{ "type": "Feature", "properties": { "name": "Shri Kaushika Dental Clinic", "amenity": "clinic", "building": null, "healthcare": null, "beds": null, "emergency": null }, "geometry": { "type": "Point", "coordinates": [ 77.5557887, 12.985206 ] } },
{ "type": "Feature", "properties": { "name": "Deepashri Clinical Laboratory", "amenity": "clinic", "building": null, "healthcare": "clinic", "beds": null, "emergency": null }, "geometry": { "type": "Point", "coordinates": [ 77.555723, 12.9898418 ] } },
{ "type": "Feature", "properties": { "name": "Guru Raghavendra Clinic", "amenity": "clinic", "building": null, "healthcare": "clinic", "beds": null, "emergency": null }, "geometry": { "type": "Point", "coordinates": [ 77.5516337, 12.9092991 ] } },
{ "type": "Feature", "properties": { "name": "The Skin and Cosmetic Clinic", "amenity": "clinic", "building": null, "healthcare": "clinic", "beds": null, "emergency": null }, "geometry": { "type": "Point", "coordinates": [ 77.6358561, 12.9746231 ] } },
{ "type": "Feature", "properties": { "name": "Sri Shankara Cancer Hospital And Research Centre (A Service Unit Of Sscf)", "amenity": "hospital", "building": null, "healthcare": null, "beds": null, "emergency": null }, "geometry": { "type": "Point", "coordinates": [ 77.5709473, 12.9542624 ] } },
{ "type": "Feature", "properties": { "name": "MM Clinic", "amenity": "clinic", "building": null, "healthcare": null, "beds": null, "emergency": null }, "geometry": { "type": "Point", "coordinates": [ 77.6385763, 12.9743525 ] } },
{ "type": "Feature", "properties": { "name": "Vasan Eye Care", "amenity": "clinic", "building": null, "healthcare": "clinic", "beds": null, "emergency": null }, "geometry": { "type": "Point", "coordinates": [ 77.7494774, 12.9685226 ] } },
{ "type": "Feature", "properties": { "name": "Vathsalya Speciality Hospital", "amenity": "hospital", "building": null, "healthcare": "hospital", "beds": null, "emergency": null }, "geometry": { "type": "Point", "coordinates": [ 77.5391801, 12.9939752 ] } },
{ "type": "Feature", "properties": { "name": "Lakeside Medical Centre and Hospital", "amenity": "hospital", "building": null, "healthcare": null, "beds": null, "emergency": null }, "geometry": { "type": "Point", "coordinates": [ 77.6177434, 12.9878631 ] } },
{ "type": "Feature", "properties": { "name": "Maruthi Hospital", "amenity": "hospital", "building": null, "healthcare": null, "beds": null, "emergency": null }, "geometry": { "type": "Point", "coordinates": [ 77.5413282, 12.9677607 ] } },
{ "type": "Feature", "properties": { "name": "Aparna Hospital", "amenity": "hospital", "building": null, "healthcare": "hospital", "beds": null, "emergency": null }, "geometry": { "type": "Point", "coordinates": [ 77.616947, 12.9362087 ] } },
{ "type": "Feature", "properties": { "name": "Apollo Spectra Hospitals", "amenity": "hospital", "building": null, "healthcare": "hospital", "beds": null, "emergency": null }, "geometry": { "type": "Point", "coordinates": [ 77.6201615, 12.9338175 ] } },
{ "type": "Feature", "properties": { "name": "Sankeerthana Hospital and Fertility Center", "amenity": "hospital", "building": null, "healthcare": "hospital", "beds": null, "emergency": null }, "geometry": { "type": "Point", "coordinates": [ 77.6359638, 12.9256013 ] } },
{ "type": "Feature", "properties": { "name": "Jayashree Multi Specilaity Hospital", "amenity": "hospital", "building": null, "healthcare": "hospital", "beds": null, "emergency": null }, "geometry": { "type": "Point", "coordinates": [ 77.6260763, 12.881611 ] } },
{ "type": "Feature", "properties": { "name": "Apollo Clinic", "amenity": "clinic", "building": null, "healthcare": "clinic", "beds": null, "emergency": null }, "geometry": { "type": "Point", "coordinates": [ 77.6366855, 12.9138052 ] } },
{ "type": "Feature", "properties": { "name": "Bangalore Prime Hospital", "amenity": "hospital", "building": null, "healthcare": null, "beds": null, "emergency": null }, "geometry": { "type": "Point", "coordinates": [ 77.6390545, 13.066842 ] } },
{ "type": "Feature", "properties": { "name": "CyteCare", "amenity": "hospital", "building": null, "healthcare": null, "beds": null, "emergency": null }, "geometry": { "type": "Point", "coordinates": [ 77.6078781, 13.118638 ] } },
{ "type": "Feature", "properties": { "name": "Sri Balaji Speciality Clinic & Diagnostic Center", "amenity": "clinic", "building": null, "healthcare": "clinic", "beds": null, "emergency": null }, "geometry": { "type": "Point", "coordinates": [ 77.5866393, 12.900671 ] } },
{ "type": "Feature", "properties": { "name": "JP Nagar Clinic", "amenity": "clinic", "building": null, "healthcare": "clinic", "beds": null, "emergency": null }, "geometry": { "type": "Point", "coordinates": [ 77.5872566, 12.9006755 ] } },
{ "type": "Feature", "properties": { "name": "Sahasrara Neurosciences Clinic", "amenity": "clinic", "building": null, "healthcare": "clinic", "beds": null, "emergency": null }, "geometry": { "type": "Point", "coordinates": [ 77.5859426, 12.8998226 ] } },
{ "type": "Feature", "properties": { "name": "Shiva Vision Care", "amenity": "hospital", "building": null, "healthcare": "hospital", "beds": null, "emergency": null }, "geometry": { "type": "Point", "coordinates": [ 77.6277125, 12.9366526 ] } },
{ "type": "Feature", "properties": { "name": "Sri Radha Krishna Clinic", "amenity": "clinic", "building": null, "healthcare": "clinic", "beds": null, "emergency": null }, "geometry": { "type": "Point", "coordinates": [ 77.6942293, 12.9710931 ] } },
{ "type": "Feature", "properties": { "name": "Sri Manikanta Polyclinic", "amenity": "clinic", "building": null, "healthcare": "clinic", "beds": null, "emergency": null }, "geometry": { "type": "Point", "coordinates": [ 77.5266203, 12.9441674 ] } },
{ "type": "Feature", "properties": { "name": "Medical Center", "amenity": "hospital", "building": null, "healthcare": "hospital", "beds": null, "emergency": null }, "geometry": { "type": "Point", "coordinates": [ 77.5781394, 13.0711049 ] } },
{ "type": "Feature", "properties": { "name": "Sujatha Hospital", "amenity": "hospital", "building": null, "healthcare": "hospital", "beds": null, "emergency": null }, "geometry": { "type": "Point", "coordinates": [ 77.6372391, 12.9781293 ] } },
{ "type": "Feature", "properties": { "name": "PCMH Restore Health", "amenity": "clinic", "building": null, "healthcare": "clinic;doctor", "beds": null, "emergency": "no" }, "geometry": { "type": "Point", "coordinates": [ 77.573415, 12.9882645 ] } },
{ "type": "Feature", "properties": { "name": "Ramakrishna Math Charitable Dispensary", "amenity": "clinic", "building": null, "healthcare": null, "beds": null, "emergency": null }, "geometry": { "type": "Point", "coordinates": [ 77.6297271, 12.9807967 ] } },
{ "type": "Feature", "properties": { "name": "Patil Hospital", "amenity": "hospital", "building": null, "healthcare": null, "beds": null, "emergency": "yes" }, "geometry": { "type": "Point", "coordinates": [ 77.6979598, 13.011214 ] } },
{ "type": "Feature", "properties": { "name": "New Modern Clinic", "amenity": "clinic", "building": null, "healthcare": null, "beds": null, "emergency": null }, "geometry": { "type": "Point", "coordinates": [ 77.5491935, 12.9861643 ] } },
{ "type": "Feature", "properties": { "name": "Arth Ayurvedic Health Centre", "amenity": "clinic", "building": null, "healthcare": "clinic", "beds": null, "emergency": null }, "geometry": { "type": "Point", "coordinates": [ 77.6457822, 12.9685789 ] } },
{ "type": "Feature", "properties": { "name": "The Eye Surgical Centre", "amenity": "hospital", "building": null, "healthcare": "hospital", "beds": null, "emergency": null }, "geometry": { "type": "Point", "coordinates": [ 77.5493143, 12.9821954 ] } },
{ "type": "Feature", "properties": { "name": "Dr. Vageesh Aiyyar's Clinic", "amenity": "clinic", "building": null, "healthcare": null, "beds": null, "emergency": null }, "geometry": { "type": "Point", "coordinates": [ 77.644514, 12.9776998 ] } },
{ "type": "Feature", "properties": { "name": "Tibetan Healing & Wellness Center", "amenity": "clinic", "building": null, "healthcare": "clinic", "beds": null, "emergency": null }, "geometry": { "type": "Point", "coordinates": [ 77.6066004, 12.9713553 ] } },
{ "type": "Feature", "properties": { "name": "Omega Multispeciality Hospital", "amenity": "hospital", "building": null, "healthcare": "hospital", "beds": null, "emergency": null }, "geometry": { "type": "Point", "coordinates": [ 77.5813432, 13.1001877 ] } },
{ "type": "Feature", "properties": { "name": "NDR Hospital", "amenity": "hospital", "building": null, "healthcare": "hospital", "beds": null, "emergency": null }, "geometry": { "type": "Point", "coordinates": [ 77.5792872, 13.0957808 ] } },
{ "type": "Feature", "properties": { "name": "Health Gate Diagnostics & Multi-speciality clinic", "amenity": "clinic", "building": null, "healthcare": "clinic", "beds": null, "emergency": null }, "geometry": { "type": "Point", "coordinates": [ 77.6382724, 12.8791199 ] } },
{ "type": "Feature", "properties": { "name": "Apollo Clinic", "amenity": "clinic", "building": null, "healthcare": "clinic", "beds": null, "emergency": null }, "geometry": { "type": "Point", "coordinates": [ 77.6406876, 12.8743639 ] } },
{ "type": "Feature", "properties": { "name": "Udaya Clinic", "amenity": "clinic", "building": null, "healthcare": null, "beds": null, "emergency": null }, "geometry": { "type": "Point", "coordinates": [ 77.5717284, 12.9846479 ] } },
{ "type": "Feature", "properties": { "name": "Venus Bone & Joint Centre", "amenity": "hospital", "building": null, "healthcare": null, "beds": null, "emergency": null }, "geometry": { "type": "Point", "coordinates": [ 77.59647, 13.0665572 ] } },
{ "type": "Feature", "properties": { "name": "Amrithasai Dental Clinic", "amenity": "clinic", "building": null, "healthcare": null, "beds": null, "emergency": null }, "geometry": { "type": "Point", "coordinates": [ 77.5966478, 13.0665055 ] } },
{ "type": "Feature", "properties": { "name": "Lourdes High School", "amenity": "hospital", "building": null, "healthcare": "hospital", "beds": null, "emergency": null }, "geometry": { "type": "Point", "coordinates": [ 77.540004, 13.0182102 ] } },
{ "type": "Feature", "properties": { "name": "Boregowda Lingamma Hospital", "amenity": "hospital", "building": null, "healthcare": "hospital", "beds": null, "emergency": null }, "geometry": { "type": "Point", "coordinates": [ 77.539386, 13.016705 ] } },
{ "type": "Feature", "properties": { "name": "Kanva Hospital", "amenity": "hospital", "building": null, "healthcare": "hospital", "beds": null, "emergency": null }, "geometry": { "type": "Point", "coordinates": [ 77.5394308, 13.0175606 ] } },
{ "type": "Feature", "properties": { "name": "Kengeri Upanagara Government Hospital", "amenity": "hospital", "building": null, "healthcare": "hospital", "beds": null, "emergency": null }, "geometry": { "type": "Point", "coordinates": [ 77.4808065, 12.9156896 ] } },
{ "type": "Feature", "properties": { "name": "Yogananda Multi Speciality Hospital", "amenity": "hospital", "building": null, "healthcare": "hospital", "beds": null, "emergency": null }, "geometry": { "type": "Point", "coordinates": [ 77.5593919, 12.9158516 ] } },
{ "type": "Feature", "properties": { "name": "Dr. Agrawal's Eye Hospital", "amenity": "hospital", "building": null, "healthcare": "hospital", "beds": null, "emergency": null }, "geometry": { "type": "Point", "coordinates": [ 77.5501121, 12.9998982 ] } },
{ "type": "Feature", "properties": { "name": "Cloud Nine, Jayanagar", "amenity": "clinic", "building": null, "healthcare": null, "beds": null, "emergency": null }, "geometry": { "type": "Point", "coordinates": [ 77.5841388, 12.934003 ] } },
{ "type": "Feature", "properties": { "name": "Maithriye Clinic", "amenity": "clinic", "building": null, "healthcare": null, "beds": null, "emergency": null }, "geometry": { "type": "Point", "coordinates": [ 77.6328425, 12.9195379 ] } },
{ "type": "Feature", "properties": { "name": "Deepti Nursing Home", "amenity": "clinic", "building": null, "healthcare": "clinic", "beds": null, "emergency": null }, "geometry": { "type": "Point", "coordinates": [ 77.5974722, 12.9438106 ] } },
{ "type": "Feature", "properties": { "name": "Shanthi Nursing Home, Bengaluru Urban", "amenity": "clinic", "building": null, "healthcare": "clinic", "beds": null, "emergency": null }, "geometry": { "type": "Point", "coordinates": [ 77.5867903, 12.9230293 ] } },
{ "type": "Feature", "properties": { "name": "J B S Nursing Home", "amenity": "clinic", "building": null, "healthcare": null, "beds": null, "emergency": null }, "geometry": { "type": "Point", "coordinates": [ 77.5872302, 12.9208019 ] } },
{ "type": "Feature", "properties": { "name": "Ashok Hospital", "amenity": "hospital", "building": null, "healthcare": "hospital", "beds": null, "emergency": null }, "geometry": { "type": "Point", "coordinates": [ 77.5347984, 12.9948905 ] } },
{ "type": "Feature", "properties": { "name": "Kumar Nursing Home, Bengaluru Rural", "amenity": "clinic", "building": null, "healthcare": null, "beds": null, "emergency": null }, "geometry": { "type": "Point", "coordinates": [ 77.567929, 12.959352 ] } },
{ "type": "Feature", "properties": { "name": "Balaji Hospital and Gastroenterology Center", "amenity": "hospital", "building": null, "healthcare": null, "beds": null, "emergency": null }, "geometry": { "type": "Point", "coordinates": [ 77.5666429, 12.9376087 ] } },
{ "type": "Feature", "properties": { "name": "Abhay Hospital", "amenity": "hospital", "building": null, "healthcare": null, "beds": null, "emergency": null }, "geometry": { "type": "Point", "coordinates": [ 77.4939886, 12.9517481 ] } },
{ "type": "Feature", "properties": { "name": "Chaitanya Hospital", "amenity": "hospital", "building": null, "healthcare": null, "beds": null, "emergency": null }, "geometry": { "type": "Point", "coordinates": [ 77.5941463, 13.0237316 ] } },
{ "type": "Feature", "properties": { "name": "Dr. B. Venkatasubbarao Memorial Hospital", "amenity": "hospital", "building": null, "healthcare": null, "beds": null, "emergency": null }, "geometry": { "type": "Point", "coordinates": [ 77.568151, 12.9981979 ] } },
{ "type": "Feature", "properties": { "name": "South City Hospital, Bengaluru Urban", "amenity": "hospital", "building": null, "healthcare": "hospital", "beds": null, "emergency": null }, "geometry": { "type": "Point", "coordinates": [ 77.5802779, 12.9497745 ] } },
{ "type": "Feature", "properties": { "name": "Curad My Center For Diabetes", "amenity": "clinic", "building": null, "healthcare": "clinic", "beds": null, "emergency": null }, "geometry": { "type": "Point", "coordinates": [ 77.5723708, 13.0020449 ] } },
{ "type": "Feature", "properties": { "name": "Kids Care Health Centre", "amenity": "clinic", "building": null, "healthcare": null, "beds": null, "emergency": null }, "geometry": { "type": "Point", "coordinates": [ 77.5984029, 13.0261691 ] } },
{ "type": "Feature", "properties": { "name": "Sri Sai Hospital, Bengaluru Urban", "amenity": "hospital", "building": null, "healthcare": null, "beds": null, "emergency": null }, "geometry": { "type": "Point", "coordinates": [ 77.6238732, 13.0370143 ] } },
{ "type": "Feature", "properties": { "name": "Jupiter Hospital And Institute Of Vascular Surgery", "amenity": "hospital", "building": null, "healthcare": null, "beds": null, "emergency": null }, "geometry": { "type": "Point", "coordinates": [ 77.5663653, 12.9998457 ] } },
{ "type": "Feature", "properties": { "name": "Srinivasa Nursing Home, Bengaluru Urban", "amenity": "clinic", "building": null, "healthcare": null, "beds": null, "emergency": null }, "geometry": { "type": "Point", "coordinates": [ 77.5182116, 13.0227778 ] } },
{ "type": "Feature", "properties": { "name": "Karthik Nethralaya", "amenity": "clinic", "building": null, "healthcare": "hospital", "beds": null, "emergency": null }, "geometry": { "type": "Point", "coordinates": [ 77.5650564, 12.9377943 ] } },
{ "type": "Feature", "properties": { "name": "Shreyas Hospital, Bengaluru Urban", "amenity": "hospital", "building": null, "healthcare": null, "beds": null, "emergency": null }, "geometry": { "type": "Point", "coordinates": [ 77.5309655, 12.9829857 ] } },
{ "type": "Feature", "properties": { "name": "Ashirwad Hospital", "amenity": "hospital", "building": null, "healthcare": null, "beds": null, "emergency": null }, "geometry": { "type": "Point", "coordinates": [ 77.6045479, 13.0289685 ] } },
{ "type": "Feature", "properties": { "name": "N.D.R. Hospital", "amenity": "hospital", "building": null, "healthcare": null, "beds": null, "emergency": null }, "geometry": { "type": "Point", "coordinates": [ 77.5787745, 13.0965172 ] } },
{ "type": "Feature", "properties": { "name": "Amma Poly Clinic and Materinity Home", "amenity": "clinic", "building": null, "healthcare": null, "beds": null, "emergency": null }, "geometry": { "type": "Point", "coordinates": [ 77.6735102, 13.0204141 ] } },
{ "type": "Feature", "properties": { "name": "Asha Kiran Children & Women Health Care Centre", "amenity": "hospital", "building": null, "healthcare": null, "beds": null, "emergency": null }, "geometry": { "type": "Point", "coordinates": [ 77.5933929, 13.0263529 ] } },
{ "type": "Feature", "properties": { "name": "Aditya Netralaya", "amenity": "clinic", "building": null, "healthcare": null, "beds": null, "emergency": null }, "geometry": { "type": "Point", "coordinates": [ 77.5535296, 12.9244632 ] } },
{ "type": "Feature", "properties": { "name": "Akshaya Nethralaya, Nagarabhavi Circle", "amenity": "clinic", "building": null, "healthcare": null, "beds": null, "emergency": null }, "geometry": { "type": "Point", "coordinates": [ 77.5189881, 12.9575968 ] } },
{ "type": "Feature", "properties": { "name": "Radha Maternity and Surgical Hospital", "amenity": "hospital", "building": null, "healthcare": null, "beds": null, "emergency": null }, "geometry": { "type": "Point", "coordinates": [ 77.5688544, 12.9690441 ] } },
{ "type": "Feature", "properties": { "name": "Hitech Kidney Stone Hospital, Bengaluru Urban", "amenity": "hospital", "building": null, "healthcare": null, "beds": null, "emergency": null }, "geometry": { "type": "Point", "coordinates": [ 77.5809833, 12.9878104 ] } },
{ "type": "Feature", "properties": { "name": "Sri Dhavantari Ayurveda Hoapital", "amenity": "hospital", "building": null, "healthcare": null, "beds": null, "emergency": null }, "geometry": { "type": "Point", "coordinates": [ 77.5599374, 12.9822186 ] } },
{ "type": "Feature", "properties": { "name": "Spandana Nursing Home, Bengaluru Urban", "amenity": "clinic", "building": null, "healthcare": null, "beds": null, "emergency": null }, "geometry": { "type": "Point", "coordinates": [ 77.5581537, 12.9848505 ] } },
{ "type": "Feature", "properties": { "name": "Jinka Nursing Home", "amenity": "clinic", "building": null, "healthcare": null, "beds": null, "emergency": null }, "geometry": { "type": "Point", "coordinates": [ 77.5532775, 12.9845343 ] } },
{ "type": "Feature", "properties": { "name": "Vaidyam Hospital", "amenity": "hospital", "building": null, "healthcare": null, "beds": null, "emergency": null }, "geometry": { "type": "Point", "coordinates": [ 77.5528322, 12.9845512 ] } },
{ "type": "Feature", "properties": { "name": "Suresh Hospital - Bangalore", "amenity": "hospital", "building": null, "healthcare": null, "beds": null, "emergency": null }, "geometry": { "type": "Point", "coordinates": [ 77.5551014, 12.9897745 ] } },
{ "type": "Feature", "properties": { "name": "Sukruthi Eye Care Microsurgical Centre", "amenity": "clinic", "building": null, "healthcare": null, "beds": null, "emergency": null }, "geometry": { "type": "Point", "coordinates": [ 77.5763887, 13.0020083 ] } },
{ "type": "Feature", "properties": { "name": "Manipal Indira Clinic", "amenity": "clinic", "building": null, "healthcare": null, "beds": null, "emergency": null }, "geometry": { "type": "Point", "coordinates": [ 77.5663774, 13.0004311 ] } },
{ "type": "Feature", "properties": { "name": "Lakshmi Maternity Home", "amenity": "hospital", "building": null, "healthcare": null, "beds": null, "emergency": null }, "geometry": { "type": "Point", "coordinates": [ 77.5694512, 13.0058226 ] } },
{ "type": "Feature", "properties": { "name": "Shaker Nursing Home", "amenity": "clinic", "building": null, "healthcare": null, "beds": null, "emergency": null }, "geometry": { "type": "Point", "coordinates": [ 77.5708352, 13.0074887 ] } },
{ "type": "Feature", "properties": { "name": "Chhaya Nursing Home", "amenity": "clinic", "building": null, "healthcare": null, "beds": null, "emergency": null }, "geometry": { "type": "Point", "coordinates": [ 77.5624908, 13.0079604 ] } },
{ "type": "Feature", "properties": { "name": "Manjunatha Maternity Home and Surgical Centre", "amenity": "hospital", "building": null, "healthcare": null, "beds": null, "emergency": null }, "geometry": { "type": "Point", "coordinates": [ 77.5696993, 13.0077265 ] } },
{ "type": "Feature", "properties": { "name": "Samprathi Eye Hospital And Squint Centre", "amenity": "hospital", "building": null, "healthcare": null, "beds": null, "emergency": null }, "geometry": { "type": "Point", "coordinates": [ 77.580691, 12.9932806 ] } },
{ "type": "Feature", "properties": { "name": "Shankara Nethralaya Eye Hospital", "amenity": "hospital", "building": null, "healthcare": null, "beds": null, "emergency": null }, "geometry": { "type": "Point", "coordinates": [ 77.5406188, 13.0089953 ] } },
{ "type": "Feature", "properties": { "name": "Supra South City Hospital", "amenity": "hospital", "building": null, "healthcare": "hospital", "beds": null, "emergency": null }, "geometry": { "type": "Point", "coordinates": [ 77.5799654, 12.8919509 ] } },
{ "type": "Feature", "properties": { "name": "ChanRe Rheumatology and Immunology Center and Research", "amenity": "hospital", "building": null, "healthcare": "hospital", "beds": null, "emergency": null }, "geometry": { "type": "Point", "coordinates": [ 77.550269, 12.9992083 ] } },
{ "type": "Feature", "properties": { "name": "Chandana Hospital", "amenity": "hospital", "building": null, "healthcare": null, "beds": null, "emergency": null }, "geometry": { "type": "Point", "coordinates": [ 77.5114394, 12.9579894 ] } },
{ "type": "Feature", "properties": { "name": "J M J Hospital, Bengaluru Urban", "amenity": "hospital", "building": null, "healthcare": null, "beds": null, "emergency": null }, "geometry": { "type": "Point", "coordinates": [ 77.6230843, 13.0398217 ] } },
{ "type": "Feature", "properties": { "name": "Bangalore Piles Clinic", "amenity": "clinic", "building": null, "healthcare": null, "beds": null, "emergency": null }, "geometry": { "type": "Point", "coordinates": [ 77.603471, 12.9844415 ] } },
{ "type": "Feature", "properties": { "name": "Sankalpa Nursing Home", "amenity": "clinic", "building": null, "healthcare": null, "beds": null, "emergency": null }, "geometry": { "type": "Point", "coordinates": [ 77.6081394, 12.941871 ] } },
{ "type": "Feature", "properties": { "name": "Sri Krishna Hospital", "amenity": "hospital", "building": null, "healthcare": "hospital", "beds": null, "emergency": null }, "geometry": { "type": "Point", "coordinates": [ 77.5655432, 12.9215013 ] } },
{ "type": "Feature", "properties": { "name": "Malleswaram Eye Day Care Hospital - Bengalore", "amenity": "hospital", "building": null, "healthcare": "hospital", "beds": null, "emergency": null }, "geometry": { "type": "Point", "coordinates": [ 77.5716037, 12.9966677 ] } },
{ "type": "Feature", "properties": { "name": "Mahaveer Eye Hospital Private Limited", "amenity": "hospital", "building": null, "healthcare": "hospital", "beds": null, "emergency": null }, "geometry": { "type": "Point", "coordinates": [ 77.5729595, 12.9933551 ] } },
{ "type": "Feature", "properties": { "name": "Jayashree Nursing Home, Bengaluru Urban", "amenity": "clinic", "building": null, "healthcare": null, "beds": null, "emergency": null }, "geometry": { "type": "Point", "coordinates": [ 77.5777982, 12.99111 ] } },
{ "type": "Feature", "properties": { "name": "Bilva Hospital", "amenity": "hospital", "building": null, "healthcare": null, "beds": null, "emergency": null }, "geometry": { "type": "Point", "coordinates": [ 77.5802015, 12.9989833 ] } },
{ "type": "Feature", "properties": { "name": "Nethradhama Superspeciality Eye Hospital, Jayanagar", "amenity": "hospital", "building": null, "healthcare": null, "beds": null, "emergency": null }, "geometry": { "type": "Point", "coordinates": [ 77.5773127, 12.9256932 ] } },
{ "type": "Feature", "properties": { "name": "Dr Agarwals Eye Hospital Ltd", "amenity": "hospital", "building": null, "healthcare": "hospital", "beds": null, "emergency": null }, "geometry": { "type": "Point", "coordinates": [ 77.5994906, 12.9122295 ] } },
{ "type": "Feature", "properties": { "name": "Sri Venkateshwara Hospitals", "amenity": "hospital", "building": null, "healthcare": null, "beds": null, "emergency": null }, "geometry": { "type": "Point", "coordinates": [ 77.6167399, 12.926471 ] } },
{ "type": "Feature", "properties": { "name": "Nova Specialty Surgery Center, Koramangala", "amenity": "hospital", "building": null, "healthcare": null, "beds": null, "emergency": null }, "geometry": { "type": "Point", "coordinates": [ 77.620208, 12.9339097 ] } },
{ "type": "Feature", "properties": { "name": "C.S. Hospital", "amenity": "hospital", "building": null, "healthcare": "hospital", "beds": null, "emergency": null }, "geometry": { "type": "Point", "coordinates": [ 77.5528805, 12.9118831 ] } },
{ "type": "Feature", "properties": { "name": "Sri Kalabyraveshwara Swamy Ayurvedic Medical College hospital", "amenity": "hospital", "building": null, "healthcare": "hospital", "beds": null, "emergency": null }, "geometry": { "type": "Point", "coordinates": [ 77.5435022, 12.9650437 ] } },
{ "type": "Feature", "properties": { "name": "Anugraha Hospital, Vijayanagar", "amenity": "hospital", "building": null, "healthcare": null, "beds": null, "emergency": null }, "geometry": { "type": "Point", "coordinates": [ 77.5455876, 12.9765645 ] } },
{ "type": "Feature", "properties": { "name": "Anugraha Nursing Home", "amenity": "clinic", "building": null, "healthcare": null, "beds": null, "emergency": null }, "geometry": { "type": "Point", "coordinates": [ 77.5776748, 12.9989898 ] } },
{ "type": "Feature", "properties": { "name": "Apple Hospital", "amenity": "hospital", "building": null, "healthcare": null, "beds": null, "emergency": null }, "geometry": { "type": "Point", "coordinates": [ 77.5837862, 13.103924 ] } },
{ "type": "Feature", "properties": { "name": "Amar Hospital", "amenity": "hospital", "building": null, "healthcare": null, "beds": null, "emergency": null }, "geometry": { "type": "Point", "coordinates": [ 77.5781228, 12.9711822 ] } },
{ "type": "Feature", "properties": { "name": "Retina Institute Of Karnataka", "amenity": "hospital", "building": null, "healthcare": null, "beds": null, "emergency": null }, "geometry": { "type": "Point", "coordinates": [ 77.5640827, 12.95727 ] } },
{ "type": "Feature", "properties": { "name": "The Venlakh Hospital", "amenity": "hospital", "building": null, "healthcare": null, "beds": null, "emergency": null }, "geometry": { "type": "Point", "coordinates": [ 77.5644522, 12.9572978 ] } },
{ "type": "Feature", "properties": { "name": "Jubilee Nursing Home", "amenity": "clinic", "building": null, "healthcare": null, "beds": null, "emergency": null }, "geometry": { "type": "Point", "coordinates": [ 77.5713274, 12.9583613 ] } },
{ "type": "Feature", "properties": { "name": "Medikeris Superspecaility Ent Centre", "amenity": "clinic", "building": null, "healthcare": "clinic", "beds": null, "emergency": null }, "geometry": { "type": "Point", "coordinates": [ 77.5796349, 12.9463129 ] } },
{ "type": "Feature", "properties": { "name": "Vishwabharathi Hospital Pvt. Ltd", "amenity": "hospital", "building": null, "healthcare": null, "beds": null, "emergency": null }, "geometry": { "type": "Point", "coordinates": [ 77.5644596, 12.9406698 ] } },
{ "type": "Feature", "properties": { "name": "Sunetra Eye Hospital, Bengaluru Urban", "amenity": "hospital", "building": null, "healthcare": null, "beds": null, "emergency": null }, "geometry": { "type": "Point", "coordinates": [ 77.5578493, 12.9404548 ] } },
{ "type": "Feature", "properties": { "name": "Sri Vivekananda Sevashrama", "amenity": "hospital", "building": null, "healthcare": null, "beds": null, "emergency": null }, "geometry": { "type": "Point", "coordinates": [ 77.5711893, 12.9253299 ] } },
{ "type": "Feature", "properties": { "name": "Saraswathi Hospital", "amenity": "hospital", "building": null, "healthcare": null, "beds": null, "emergency": null }, "geometry": { "type": "Point", "coordinates": [ 77.568896, 12.9276382 ] } },
{ "type": "Feature", "properties": { "name": "Bangalore Nethralaya", "amenity": "clinic", "building": null, "healthcare": null, "beds": null, "emergency": null }, "geometry": { "type": "Point", "coordinates": [ 77.5648968, 12.9266919 ] } },
{ "type": "Feature", "properties": { "name": "National Institute of Mental Health and Neuro Sciences", "amenity": "hospital", "building": null, "healthcare": "hospital", "beds": null, "emergency": null }, "geometry": { "type": "Point", "coordinates": [ 77.5944105, 12.9386321 ] } },
{ "type": "Feature", "properties": { "name": "Netraspandana Healthcare and Research Pvt. Ltd", "amenity": "hospital", "building": null, "healthcare": null, "beds": null, "emergency": null }, "geometry": { "type": "Point", "coordinates": [ 77.5461361, 12.9291283 ] } },
{ "type": "Feature", "properties": { "name": "North City CT Scan", "amenity": "hospital", "building": null, "healthcare": null, "beds": null, "emergency": null }, "geometry": { "type": "Point", "coordinates": [ 77.594104, 13.0945892 ] } },
{ "type": "Feature", "properties": { "name": "Nu Trust", "amenity": "hospital", "building": null, "healthcare": null, "beds": null, "emergency": null }, "geometry": { "type": "Point", "coordinates": [ 77.5550705, 12.9176216 ] } },
{ "type": "Feature", "properties": { "name": "Ojus Healthcare (Nirmaya Clinic)", "amenity": "clinic", "building": null, "healthcare": null, "beds": null, "emergency": null }, "geometry": { "type": "Point", "coordinates": [ 77.7179866, 12.963001 ] } },
{ "type": "Feature", "properties": { "name": "Padmavathi Hospital, Bengaluru Urban", "amenity": "hospital", "building": null, "healthcare": null, "beds": null, "emergency": null }, "geometry": { "type": "Point", "coordinates": [ 77.5333714, 12.9817311 ] } },
{ "type": "Feature", "properties": { "name": "Panchamukhi Specialityu Hospital", "amenity": "hospital", "building": null, "healthcare": null, "beds": null, "emergency": null }, "geometry": { "type": "Point", "coordinates": [ 77.5031644, 12.9957177 ] } },
{ "type": "Feature", "properties": { "name": "Sri Lakshmi Multi Speciality Hospital", "amenity": "hospital", "building": null, "healthcare": null, "beds": null, "emergency": null }, "geometry": { "type": "Point", "coordinates": [ 77.5087273, 12.9881868 ] } },
{ "type": "Feature", "properties": { "name": "K C Raju Multi Speciality Hospital", "amenity": "hospital", "building": null, "healthcare": "hospital", "beds": null, "emergency": null }, "geometry": { "type": "Point", "coordinates": [ 77.6235594, 13.0090828 ] } },
{ "type": "Feature", "properties": { "name": "Ring Road Hospital", "amenity": "hospital", "building": null, "healthcare": null, "beds": null, "emergency": null }, "geometry": { "type": "Point", "coordinates": [ 77.5519297, 12.9278657 ] } },
{ "type": "Feature", "properties": { "name": "Vasan Eye Care Hospital, Bannergatta Road", "amenity": "hospital", "building": null, "healthcare": "hospital", "beds": null, "emergency": null }, "geometry": { "type": "Point", "coordinates": [ 77.5957945, 12.8822813 ] } },
{ "type": "Feature", "properties": { "name": "Varalakshmi Hospital", "amenity": "hospital", "building": null, "healthcare": null, "beds": null, "emergency": null }, "geometry": { "type": "Point", "coordinates": [ 77.6170966, 12.924624 ] } },
{ "type": "Feature", "properties": { "name": "Kala Hospital", "amenity": "hospital", "building": null, "healthcare": null, "beds": null, "emergency": null }, "geometry": { "type": "Point", "coordinates": [ 77.5587304, 13.0223669 ] } },
{ "type": "Feature", "properties": { "name": "F.M. Eye Clinic and Surgical Centre", "amenity": "clinic", "building": null, "healthcare": null, "beds": null, "emergency": null }, "geometry": { "type": "Point", "coordinates": [ 77.6107599, 12.9995426 ] } },
{ "type": "Feature", "properties": { "name": "Sankalp Netralaya and Polyclinic", "amenity": "clinic", "building": null, "healthcare": "clinic", "beds": null, "emergency": null }, "geometry": { "type": "Point", "coordinates": [ 77.6448494, 12.9132125 ] } },
{ "type": "Feature", "properties": { "name": "Mathrushree Nethralaya", "amenity": "clinic", "building": null, "healthcare": null, "beds": null, "emergency": null }, "geometry": { "type": "Point", "coordinates": [ 77.5558276, 13.0333056 ] } },
{ "type": "Feature", "properties": { "name": "Shekhar Hospital, Jayanagar", "amenity": "hospital", "building": null, "healthcare": "hospital", "beds": null, "emergency": null }, "geometry": { "type": "Point", "coordinates": [ 77.5948906, 12.917589 ] } },
{ "type": "Feature", "properties": { "name": "Rajalakshmi Hospital", "amenity": "hospital", "building": null, "healthcare": null, "beds": null, "emergency": null }, "geometry": { "type": "Point", "coordinates": [ 77.5308891, 13.0842019 ] } },
{ "type": "Feature", "properties": { "name": "CGHS Dispensary No.9", "amenity": "clinic", "building": null, "healthcare": "centre", "beds": null, "emergency": null }, "geometry": { "type": "Point", "coordinates": [ 77.5863478, 13.0228314 ] } },
{ "type": "Feature", "properties": { "name": "CGHS Dispensary No.6", "amenity": "clinic", "building": null, "healthcare": "centre", "beds": null, "emergency": null }, "geometry": { "type": "Point", "coordinates": [ 77.580349, 12.9417462 ] } },
{ "type": "Feature", "properties": { "name": "CGHS Dispensary No.5", "amenity": "clinic", "building": null, "healthcare": "centre", "beds": null, "emergency": null }, "geometry": { "type": "Point", "coordinates": [ 77.5410224, 12.973992 ] } },
{ "type": "Feature", "properties": { "name": "CGHS Dispensary No.4", "amenity": "clinic", "building": null, "healthcare": "centre", "beds": null, "emergency": null }, "geometry": { "type": "Point", "coordinates": [ 77.6254061, 12.976032 ] } },
{ "type": "Feature", "properties": { "name": "Shantha Nethralaya", "amenity": "clinic", "building": null, "healthcare": "clinic", "beds": null, "emergency": null }, "geometry": { "type": "Point", "coordinates": [ 77.5978383, 12.9491537 ] } },
{ "type": "Feature", "properties": { "name": "Shanmuga Nursing Home, Bengaluru Urban", "amenity": "clinic", "building": null, "healthcare": null, "beds": null, "emergency": null }, "geometry": { "type": "Point", "coordinates": [ 77.6033556, 13.0241654 ] } },
{ "type": "Feature", "properties": { "name": "Shankar Nursing Home and Diagnostic Labratory", "amenity": "clinic", "building": null, "healthcare": null, "beds": null, "emergency": null }, "geometry": { "type": "Point", "coordinates": [ 77.7064115, 13.0103817 ] } },
{ "type": "Feature", "properties": { "name": "Vasan Eye Care Hospital, Sarakki", "amenity": "hospital", "building": null, "healthcare": "hospital", "beds": null, "emergency": null }, "geometry": { "type": "Point", "coordinates": [ 77.5732398, 12.9103393 ] } },
{ "type": "Feature", "properties": { "name": "Lions Airport City Hospital", "amenity": "hospital", "building": null, "healthcare": null, "beds": null, "emergency": null }, "geometry": { "type": "Point", "coordinates": [ 77.7051643, 12.9551501 ] } },
{ "type": "Feature", "properties": { "name": "Mahanth Hospital", "amenity": "hospital", "building": null, "healthcare": null, "beds": null, "emergency": null }, "geometry": { "type": "Point", "coordinates": [ 77.6235715, 12.9079615 ] } },
{ "type": "Feature", "properties": { "name": "Dewans Maternity and Nursing Home", "amenity": "clinic", "building": null, "healthcare": null, "beds": null, "emergency": null }, "geometry": { "type": "Point", "coordinates": [ 77.6431717, 13.0086882 ] } },
{ "type": "Feature", "properties": { "name": "Sunayana Eye Hospital", "amenity": "hospital", "building": null, "healthcare": "hospital", "beds": null, "emergency": null }, "geometry": { "type": "Point", "coordinates": [ 77.5937748, 12.9255233 ] } },
{ "type": "Feature", "properties": { "name": "Lakshmi Hospital, Ganganagar", "amenity": "hospital", "building": null, "healthcare": null, "beds": null, "emergency": null }, "geometry": { "type": "Point", "coordinates": [ 77.592089, 13.024837 ] } },
{ "type": "Feature", "properties": { "name": "Lokhande S Hospital", "amenity": "hospital", "building": null, "healthcare": null, "beds": null, "emergency": null }, "geometry": { "type": "Point", "coordinates": [ 77.6479433, 13.0186045 ] } },
{ "type": "Feature", "properties": { "name": "Mirlay Eye Care", "amenity": "clinic", "building": null, "healthcare": null, "beds": null, "emergency": null }, "geometry": { "type": "Point", "coordinates": [ 77.6126146, 12.9911349 ] } },
{ "type": "Feature", "properties": { "name": "Ragavs Diagnostic and Research Centre Pvt Ltd", "amenity": "clinic", "building": null, "healthcare": null, "beds": null, "emergency": null }, "geometry": { "type": "Point", "coordinates": [ 77.5829253, 12.9336404 ] } },
{ "type": "Feature", "properties": { "name": "Dr. T.V.Ramesh Piles Hospital", "amenity": "hospital", "building": null, "healthcare": null, "beds": null, "emergency": null }, "geometry": { "type": "Point", "coordinates": [ 77.5856289, 13.0250141 ] } },
{ "type": "Feature", "properties": { "name": "Amar Nursing Home", "amenity": "clinic", "building": null, "healthcare": null, "beds": null, "emergency": null }, "geometry": { "type": "Point", "coordinates": [ 77.5635275, 12.9566544 ] } },
{ "type": "Feature", "properties": { "name": "N.R. Amar Nursing Home", "amenity": "clinic", "building": null, "healthcare": "clinic", "beds": null, "emergency": null }, "geometry": { "type": "Point", "coordinates": [ 77.5941208, 12.9421755 ] } },
{ "type": "Feature", "properties": { "name": "Bharathi Nursing Home", "amenity": "clinic", "building": null, "healthcare": null, "beds": null, "emergency": null }, "geometry": { "type": "Point", "coordinates": [ 77.5740431, 12.9366323 ] } },
{ "type": "Feature", "properties": { "name": "Dr Kamini Rao Hospital(A Unit Of Bacc Health Care Pvt Ltd)", "amenity": "hospital", "building": null, "healthcare": "hospital", "beds": null, "emergency": null }, "geometry": { "type": "Point", "coordinates": [ 77.5847384, 12.9163994 ] } },
{ "type": "Feature", "properties": { "name": "Saraswathi Poly Clinic", "amenity": "clinic", "building": null, "healthcare": null, "beds": null, "emergency": null }, "geometry": { "type": "Point", "coordinates": [ 77.5956731, 13.1001759 ] } },
{ "type": "Feature", "properties": { "name": "Venkatagiri Nursing Home", "amenity": "clinic", "building": null, "healthcare": null, "beds": null, "emergency": null }, "geometry": { "type": "Point", "coordinates": [ 77.5873697, 12.9347671 ] } },
{ "type": "Feature", "properties": { "name": "HCG", "amenity": "hospital", "building": null, "healthcare": null, "beds": null, "emergency": null }, "geometry": { "type": "Point", "coordinates": [ 77.592659, 12.9605309 ] } },
{ "type": "Feature", "properties": { "name": "Ramamni Nursing And Maternity", "amenity": "clinic", "building": null, "healthcare": null, "beds": null, "emergency": null }, "geometry": { "type": "Point", "coordinates": [ 77.5565229, 12.9856882 ] } },
{ "type": "Feature", "properties": { "name": "The Apollo Clinic For Health Check Up", "amenity": "clinic", "building": null, "healthcare": null, "beds": null, "emergency": null }, "geometry": { "type": "Point", "coordinates": [ 77.5814514, 12.8922411 ] } },
{ "type": "Feature", "properties": { "name": "Pratham Ent and Child Care Centre", "amenity": "clinic", "building": null, "healthcare": null, "beds": null, "emergency": null }, "geometry": { "type": "Point", "coordinates": [ 77.6427305, 13.0144467 ] } },
{ "type": "Feature", "properties": { "name": "Dr Ambedkar Medical College Hospital", "amenity": "hospital", "building": null, "healthcare": null, "beds": null, "emergency": null }, "geometry": { "type": "Point", "coordinates": [ 77.613084, 13.0218188 ] } },
{ "type": "Feature", "properties": { "name": "Supriya Hospital, Bengaluru Urban", "amenity": "hospital", "building": null, "healthcare": "hospital", "beds": null, "emergency": null }, "geometry": { "type": "Point", "coordinates": [ 77.5588015, 12.9929043 ] } },
{ "type": "Feature", "properties": { "name": "Manju Sree Hospital", "amenity": "hospital", "building": null, "healthcare": null, "beds": null, "emergency": null }, "geometry": { "type": "Point", "coordinates": [ 77.6070739, 13.0212406 ] } },
{ "type": "Feature", "properties": { "name": "Raj Mahal Vilas Hospital", "amenity": "hospital", "building": null, "healthcare": null, "beds": null, "emergency": null }, "geometry": { "type": "Point", "coordinates": [ 77.5770459, 13.0322819 ] } },
{ "type": "Feature", "properties": { "name": "Kamala Nursing Home, Bengaluru Urban", "amenity": "clinic", "building": null, "healthcare": null, "beds": null, "emergency": null }, "geometry": { "type": "Point", "coordinates": [ 77.5586486, 12.9450536 ] } },
{ "type": "Feature", "properties": { "name": "Amrik Nethralaya", "amenity": "clinic", "building": null, "healthcare": null, "beds": null, "emergency": null }, "geometry": { "type": "Point", "coordinates": [ 77.6443814, 13.0195531 ] } },
{ "type": "Feature", "properties": { "name": "Devi Eye Hospital", "amenity": "hospital", "building": null, "healthcare": "hospital", "beds": null, "emergency": null }, "geometry": { "type": "Point", "coordinates": [ 77.6238987, 12.9412109 ] } },
{ "type": "Feature", "properties": { "name": "Essential Hospital", "amenity": "hospital", "building": null, "healthcare": null, "beds": null, "emergency": null }, "geometry": { "type": "Point", "coordinates": [ 77.5096312, 12.974865 ] } },
{ "type": "Feature", "properties": { "name": "Deepak Nursing Home", "amenity": "clinic", "building": null, "healthcare": null, "beds": null, "emergency": null }, "geometry": { "type": "Point", "coordinates": [ 77.5042903, 13.0497108 ] } },
{ "type": "Feature", "properties": { "name": "Shree Vijayalakshmi Hospital and Trauma Centre", "amenity": "hospital", "building": null, "healthcare": null, "beds": null, "emergency": null }, "geometry": { "type": "Point", "coordinates": [ 77.6409059, 13.0373572 ] } },
{ "type": "Feature", "properties": { "name": "Kalasa Maternity Home", "amenity": "hospital", "building": null, "healthcare": null, "beds": null, "emergency": null }, "geometry": { "type": "Point", "coordinates": [ 77.5672585, 12.9548208 ] } },
{ "type": "Feature", "properties": { "name": "Kamala Nethralaya", "amenity": "clinic", "building": null, "healthcare": "clinic", "beds": null, "emergency": null }, "geometry": { "type": "Point", "coordinates": [ 77.6233582, 12.9314314 ] } },
{ "type": "Feature", "properties": { "name": "CGHS Dispensary No.7", "amenity": "clinic", "building": null, "healthcare": "centre", "beds": null, "emergency": null }, "geometry": { "type": "Point", "coordinates": [ 77.6245022, 12.9251521 ] } },
{ "type": "Feature", "properties": { "name": "Sidvin Hospital Pvt Ltd", "amenity": "hospital", "building": null, "healthcare": null, "beds": null, "emergency": null }, "geometry": { "type": "Point", "coordinates": [ 77.5493681, 12.982442 ] } },
{ "type": "Feature", "properties": { "name": "Abhilash Hospital And Sara Rehabilitation Centre", "amenity": "hospital", "building": null, "healthcare": null, "beds": null, "emergency": null }, "geometry": { "type": "Point", "coordinates": [ 77.5509238, 12.9246384 ] } },
{ "type": "Feature", "properties": { "name": "HCG, Koramangala", "amenity": "hospital", "building": null, "healthcare": null, "beds": null, "emergency": null }, "geometry": { "type": "Point", "coordinates": [ 77.6228848, 12.9343279 ] } },
{ "type": "Feature", "properties": { "name": "Uma Nursing Home, Bengaluru Rural", "amenity": "clinic", "building": null, "healthcare": null, "beds": null, "emergency": null }, "geometry": { "type": "Point", "coordinates": [ 77.6302998, 12.9063562 ] } },
{ "type": "Feature", "properties": { "name": "Ganesh Nursing Home, Bengaluru Urban", "amenity": "hospital", "building": null, "healthcare": null, "beds": null, "emergency": null }, "geometry": { "type": "Point", "coordinates": [ 77.6330289, 12.8957636 ] } },
{ "type": "Feature", "properties": { "name": "Faran Health Care Centre", "amenity": "clinic", "building": null, "healthcare": null, "beds": null, "emergency": null }, "geometry": { "type": "Point", "coordinates": [ 77.629825, 13.0278278 ] } },
{ "type": "Feature", "properties": { "name": "Eskay Health Care", "amenity": "clinic", "building": null, "healthcare": null, "beds": null, "emergency": null }, "geometry": { "type": "Point", "coordinates": [ 77.517997, 13.0614636 ] } },
{ "type": "Feature", "properties": { "name": "Kavya Hospital", "amenity": "hospital", "building": null, "healthcare": null, "beds": null, "emergency": null }, "geometry": { "type": "Point", "coordinates": [ 77.6263127, 12.8987442 ] } },
{ "type": "Feature", "properties": { "name": "Sg Hospital", "amenity": "hospital", "building": null, "healthcare": null, "beds": null, "emergency": null }, "geometry": { "type": "Point", "coordinates": [ 77.5457901, 12.9275311 ] } },
{ "type": "Feature", "properties": { "name": "Anand Clinic", "amenity": "clinic", "building": null, "healthcare": "clinic", "beds": null, "emergency": null }, "geometry": { "type": "Point", "coordinates": [ 77.6058662, 12.8981742 ] } },
{ "type": "Feature", "properties": { "name": "Shekar Nethralaya, Bengaluru Urban", "amenity": "clinic", "building": null, "healthcare": null, "beds": null, "emergency": null }, "geometry": { "type": "Point", "coordinates": [ 77.5959125, 12.9064778 ] } },
{ "type": "Feature", "properties": { "name": "Bhagavan Mahaveer Jain Nethralaya", "amenity": "clinic", "building": null, "healthcare": null, "beds": null, "emergency": null }, "geometry": { "type": "Point", "coordinates": [ 77.5725947, 12.9878183 ] } },
{ "type": "Feature", "properties": { "name": "Place Guttahalli Maternity Home", "amenity": "hospital", "building": null, "healthcare": null, "beds": null, "emergency": null }, "geometry": { "type": "Point", "coordinates": [ 77.5819892, 12.9988238 ] } },
{ "type": "Feature", "properties": { "name": "Phoenix Hospital, Bengaluru Urban", "amenity": "hospital", "building": null, "healthcare": null, "beds": null, "emergency": null }, "geometry": { "type": "Point", "coordinates": [ 77.5911717, 12.9608027 ] } },
{ "type": "Feature", "properties": { "name": "Shreya Hospital, Bengaluru Rural", "amenity": "hospital", "building": null, "healthcare": null, "beds": null, "emergency": null }, "geometry": { "type": "Point", "coordinates": [ 77.4832503, 12.9215104 ] } },
{ "type": "Feature", "properties": { "name": "Vasan Eye Care Hospital, Banaswadi", "amenity": "hospital", "building": null, "healthcare": null, "beds": null, "emergency": null }, "geometry": { "type": "Point", "coordinates": [ 77.6335546, 13.0241341 ] } },
{ "type": "Feature", "properties": { "name": "Sudhanva Health Care", "amenity": "clinic", "building": null, "healthcare": null, "beds": null, "emergency": null }, "geometry": { "type": "Point", "coordinates": [ 77.5165567, 12.9162321 ] } },
{ "type": "Feature", "properties": { "name": "Mahesh Clinic", "amenity": "clinic", "building": null, "healthcare": null, "beds": null, "emergency": null }, "geometry": { "type": "Point", "coordinates": [ 77.5770294, 12.9717138 ] } },
{ "type": "Feature", "properties": { "name": "Sri Annapoorneshwari Hospital", "amenity": "hospital", "building": null, "healthcare": null, "beds": null, "emergency": null }, "geometry": { "type": "Point", "coordinates": [ 77.4857756, 12.9255704 ] } },
{ "type": "Feature", "properties": { "name": "Vasan Eye Care Hospital, R.T.Nagar", "amenity": "hospital", "building": null, "healthcare": null, "beds": null, "emergency": null }, "geometry": { "type": "Point", "coordinates": [ 77.5920609, 13.0251833 ] } },
{ "type": "Feature", "properties": { "name": "Kims Hospital and Research Centre", "amenity": "hospital", "building": null, "healthcare": null, "beds": null, "emergency": null }, "geometry": { "type": "Point", "coordinates": [ 77.5747874, 12.9563016 ] } },
{ "type": "Feature", "properties": { "name": "Shiva Nursing Home, Bengaluru Urban", "amenity": "clinic", "building": null, "healthcare": "clinic", "beds": null, "emergency": null }, "geometry": { "type": "Point", "coordinates": [ 77.6015028, 12.9465876 ] } },
{ "type": "Feature", "properties": { "name": "Lalbagh Nursing Home & IVF Centre", "amenity": "clinic", "building": null, "healthcare": null, "beds": null, "emergency": null }, "geometry": { "type": "Point", "coordinates": [ 77.5720472, 12.9484796 ] } },
{ "type": "Feature", "properties": { "name": "Bhaanu Nursing Home", "amenity": "clinic", "building": null, "healthcare": null, "beds": null, "emergency": null }, "geometry": { "type": "Point", "coordinates": [ 77.6274445, 12.9074596 ] } },
{ "type": "Feature", "properties": { "name": "Karthik Hospital, Bengaluru Urban", "amenity": "hospital", "building": null, "healthcare": "hospital", "beds": null, "emergency": null }, "geometry": { "type": "Point", "coordinates": [ 77.5949925, 12.9489406 ] } },
{ "type": "Feature", "properties": { "name": "M.G. Speciality Health Care (A Unit Of Mgmi Hospitals(India) Pvt Ltd)", "amenity": "clinic", "building": null, "healthcare": "clinic", "beds": null, "emergency": null }, "geometry": { "type": "Point", "coordinates": [ 77.5975627, 12.9462401 ] } },
{ "type": "Feature", "properties": { "name": "Bangalore Kidney Stones Hospital", "amenity": "hospital", "building": null, "healthcare": null, "beds": null, "emergency": null }, "geometry": { "type": "Point", "coordinates": [ 77.5892667, 12.9670215 ] } },
{ "type": "Feature", "properties": { "name": "Sree Lakshmi Hospital", "amenity": "hospital", "building": null, "healthcare": null, "beds": null, "emergency": null }, "geometry": { "type": "Point", "coordinates": [ 77.6814736, 12.9825937 ] } },
{ "type": "Feature", "properties": { "name": "City Clinic", "amenity": "clinic", "building": null, "healthcare": null, "beds": null, "emergency": null }, "geometry": { "type": "Point", "coordinates": [ 77.6160046, 12.9273667 ] } },
{ "type": "Feature", "properties": { "name": "Abhaya Eye Hospital, Super Speciality Eye Care Centre", "amenity": "hospital", "building": null, "healthcare": null, "beds": null, "emergency": null }, "geometry": { "type": "Point", "coordinates": [ 77.5471291, 12.9271131 ] } },
{ "type": "Feature", "properties": { "name": "Aradhana Netra Mandira", "amenity": "clinic", "building": null, "healthcare": null, "beds": null, "emergency": null }, "geometry": { "type": "Point", "coordinates": [ 77.5592642, 13.0323629 ] } },
{ "type": "Feature", "properties": { "name": "Meenakshi Ent Speciality Centre", "amenity": "clinic", "building": null, "healthcare": null, "beds": null, "emergency": null }, "geometry": { "type": "Point", "coordinates": [ 77.5711229, 12.9241208 ] } },
{ "type": "Feature", "properties": { "name": "Mediscope Hospital Private Limited", "amenity": "hospital", "building": null, "healthcare": null, "beds": null, "emergency": null }, "geometry": { "type": "Point", "coordinates": [ 77.6162584, 12.9994472 ] } },
{ "type": "Feature", "properties": { "name": "Medi Derma Hospital", "amenity": "hospital", "building": null, "healthcare": null, "beds": null, "emergency": null }, "geometry": { "type": "Point", "coordinates": [ 77.6517145, 13.0555559 ] } },
{ "type": "Feature", "properties": { "name": "Mathru Hospital - Bangalore", "amenity": "hospital", "building": null, "healthcare": null, "beds": null, "emergency": null }, "geometry": { "type": "Point", "coordinates": [ 77.4806057, 12.9110975 ] } },
{ "type": "Feature", "properties": { "name": "Sreenagar Nursing Home", "amenity": "clinic", "building": null, "healthcare": null, "beds": null, "emergency": null }, "geometry": { "type": "Point", "coordinates": [ 77.5551899, 12.9443766 ] } },
{ "type": "Feature", "properties": { "name": "Prashanth Nursing Home", "amenity": "clinic", "building": null, "healthcare": null, "beds": null, "emergency": null }, "geometry": { "type": "Point", "coordinates": [ 77.5634135, 12.9296852 ] } },
{ "type": "Feature", "properties": { "name": "Manjushree Speciality Hospital", "amenity": "hospital", "building": null, "healthcare": null, "beds": null, "emergency": null }, "geometry": { "type": "Point", "coordinates": [ 77.6124926, 12.9825845 ] } },
{ "type": "Feature", "properties": { "name": "Manipal Polyclinic and Nursing Home", "amenity": "clinic", "building": null, "healthcare": null, "beds": null, "emergency": null }, "geometry": { "type": "Point", "coordinates": [ 77.6700582, 13.0115263 ] } },
{ "type": "Feature", "properties": { "name": "Mangal's Nursing Home -Bangalore", "amenity": "clinic", "building": null, "healthcare": null, "beds": null, "emergency": null }, "geometry": { "type": "Point", "coordinates": [ 77.5576729, 13.0220526 ] } },
{ "type": "Feature", "properties": { "name": "Namratha Nursing And Maternity Home", "amenity": "hospital", "building": null, "healthcare": null, "beds": null, "emergency": null }, "geometry": { "type": "Point", "coordinates": [ 77.5432728, 13.0045747 ] } },
{ "type": "Feature", "properties": { "name": "The Pulse Multi Speciality Hospital", "amenity": "hospital", "building": null, "healthcare": null, "beds": null, "emergency": null }, "geometry": { "type": "Point", "coordinates": [ 77.5473283, 12.9424801 ] } },
{ "type": "Feature", "properties": { "name": "Popular Hospital", "amenity": "hospital", "building": null, "healthcare": "hospital", "beds": null, "emergency": "yes" }, "geometry": { "type": "Point", "coordinates": [ 77.5703564, 12.9514854 ] } },
{ "type": "Feature", "properties": { "name": "Sharada Dhanvantari Haemodialysis Centre", "amenity": "clinic", "building": null, "healthcare": null, "beds": null, "emergency": null }, "geometry": { "type": "Point", "coordinates": [ 77.5715299, 12.9530681 ] } },
{ "type": "Feature", "properties": { "name": "Joseph Clinic, Bengaluru Urban", "amenity": "clinic", "building": null, "healthcare": "clinic", "beds": null, "emergency": null }, "geometry": { "type": "Point", "coordinates": [ 77.6301697, 12.9781151 ] } },
{ "type": "Feature", "properties": { "name": "Gavipuramguttahalli Maternity Home", "amenity": "hospital", "building": null, "healthcare": null, "beds": null, "emergency": null }, "geometry": { "type": "Point", "coordinates": [ 77.5548633, 12.9526505 ] } },
{ "type": "Feature", "properties": { "name": "Ayurseva Hospital", "amenity": "hospital", "building": null, "healthcare": null, "beds": null, "emergency": null }, "geometry": { "type": "Point", "coordinates": [ 77.6640775, 13.0139247 ] } },
{ "type": "Feature", "properties": { "name": "Spine Care And Ortho Care Hospital", "amenity": "hospital", "building": null, "healthcare": null, "beds": null, "emergency": null }, "geometry": { "type": "Point", "coordinates": [ 77.5493883, 12.9745134 ] } },
{ "type": "Feature", "properties": { "name": "Vijayashree Hospitals", "amenity": "hospital", "building": null, "healthcare": "hospital", "beds": null, "emergency": null }, "geometry": { "type": "Point", "coordinates": [ 77.5892687, 12.8579673 ] } },
{ "type": "Feature", "properties": { "name": "Tanmay Hospital", "amenity": "hospital", "building": null, "healthcare": null, "beds": null, "emergency": null }, "geometry": { "type": "Point", "coordinates": [ 77.5474034, 12.9733764 ] } },
{ "type": "Feature", "properties": { "name": "Aayug Multi Speciality Hospital", "amenity": "hospital", "building": null, "healthcare": null, "beds": null, "emergency": null }, "geometry": { "type": "Point", "coordinates": [ 77.7150508, 12.9651587 ] } },
{ "type": "Feature", "properties": { "name": "MGA Hospital", "amenity": "hospital", "building": null, "healthcare": "hospital", "beds": null, "emergency": null }, "geometry": { "type": "Point", "coordinates": [ 77.7002262, 12.9568547 ] } },
{ "type": "Feature", "properties": { "name": "Bhagavathi Multi Speciality Hospital", "amenity": "hospital", "building": null, "healthcare": null, "beds": null, "emergency": null }, "geometry": { "type": "Point", "coordinates": [ 77.6308219, 12.9160636 ] } },
{ "type": "Feature", "properties": { "name": "Sri Sai Ram Hospital - Bangalore", "amenity": "hospital", "building": null, "healthcare": null, "beds": null, "emergency": null }, "geometry": { "type": "Point", "coordinates": [ 77.6003156, 12.9144587 ] } },
{ "type": "Feature", "properties": { "name": "Kaveri Speciality Hospital", "amenity": "clinic", "building": null, "healthcare": "clinic", "beds": null, "emergency": null }, "geometry": { "type": "Point", "coordinates": [ 77.6193111, 12.9236768 ] } },
{ "type": "Feature", "properties": { "name": "Susheel Hospital", "amenity": "hospital", "building": null, "healthcare": "hospital", "beds": null, "emergency": null }, "geometry": { "type": "Point", "coordinates": [ 77.5427189, 12.9645006 ] } },
{ "type": "Feature", "properties": { "name": "Dhanush Hospital", "amenity": "hospital", "building": null, "healthcare": null, "beds": null, "emergency": null }, "geometry": { "type": "Point", "coordinates": [ 77.52312, 12.9654318 ] } },
{ "type": "Feature", "properties": { "name": "Sadhana Eye Hospital, Bengaluru Urban", "amenity": "hospital", "building": null, "healthcare": null, "beds": null, "emergency": null }, "geometry": { "type": "Point", "coordinates": [ 77.6307987, 12.970023 ] } },
{ "type": "Feature", "properties": { "name": "Av Hospital", "amenity": "hospital", "building": null, "healthcare": null, "beds": null, "emergency": null }, "geometry": { "type": "Point", "coordinates": [ 77.5786096, 12.938853 ] } },
{ "type": "Feature", "properties": { "name": "Balaji Hospital, K.H. Ranganath Colony", "amenity": "hospital", "building": null, "healthcare": "hospital", "beds": null, "emergency": null }, "geometry": { "type": "Point", "coordinates": [ 77.5602901, 12.9632506 ] } },
{ "type": "Feature", "properties": { "name": "Banasawadi Hospital", "amenity": "hospital", "building": null, "healthcare": null, "beds": null, "emergency": null }, "geometry": { "type": "Point", "coordinates": [ 77.6509675, 13.0205082 ] } },
{ "type": "Feature", "properties": { "name": "Bangalore Eye Hospital And Retina Centre", "amenity": "hospital", "building": null, "healthcare": null, "beds": null, "emergency": null }, "geometry": { "type": "Point", "coordinates": [ 77.6387729, 13.0221036 ] } },
{ "type": "Feature", "properties": { "name": "Belaku Eye Hospital", "amenity": "hospital", "building": null, "healthcare": null, "beds": null, "emergency": null }, "geometry": { "type": "Point", "coordinates": [ 77.4800451, 12.9110766 ] } },
{ "type": "Feature", "properties": { "name": "Bhavatprabhu Hospitals Pvt Limited", "amenity": "hospital", "building": null, "healthcare": null, "beds": null, "emergency": null }, "geometry": { "type": "Point", "coordinates": [ 77.5903161, 12.9670615 ] } },
{ "type": "Feature", "properties": { "name": "Sai Jyothi Netra Seva", "amenity": "clinic", "building": null, "healthcare": null, "beds": null, "emergency": null }, "geometry": { "type": "Point", "coordinates": [ 77.6204668, 12.9876196 ] } },
{ "type": "Feature", "properties": { "name": "Nikad Ortho Centre", "amenity": "hospital", "building": null, "healthcare": null, "beds": null, "emergency": null }, "geometry": { "type": "Point", "coordinates": [ 77.6184806, 12.975802 ] } },
{ "type": "Feature", "properties": { "name": "Raksha Multispeciality Hospital", "amenity": "hospital", "building": null, "healthcare": null, "beds": null, "emergency": null }, "geometry": { "type": "Point", "coordinates": [ 77.5419559, 13.0195733 ] } },
{ "type": "Feature", "properties": { "name": "Cambridge Hospital", "amenity": "hospital", "building": null, "healthcare": null, "beds": null, "emergency": null }, "geometry": { "type": "Point", "coordinates": [ 77.5419813, 13.0195955 ] } },
{ "type": "Feature", "properties": { "name": "Prasad Hospital, Bengaluru Urban", "amenity": "hospital", "building": null, "healthcare": null, "beds": null, "emergency": null }, "geometry": { "type": "Point", "coordinates": [ 77.5773677, 13.0983472 ] } },
{ "type": "Feature", "properties": { "name": "Rangalakshmi Netralaya", "amenity": "clinic", "building": null, "healthcare": null, "beds": null, "emergency": null }, "geometry": { "type": "Point", "coordinates": [ 77.576732, 13.0989729 ] } },
{ "type": "Feature", "properties": { "name": "Saranalaya Hospital", "amenity": "hospital", "building": null, "healthcare": null, "beds": null, "emergency": null }, "geometry": { "type": "Point", "coordinates": [ 77.6126106, 13.1215236 ] } },
{ "type": "Feature", "properties": { "name": "Azad Nagar Maternity Home", "amenity": "hospital", "building": null, "healthcare": null, "beds": null, "emergency": null }, "geometry": { "type": "Point", "coordinates": [ 77.5485635, 12.9559644 ] } },
{ "type": "Feature", "properties": { "name": "Gunasheela Surgical and Maternity Hospital", "amenity": "hospital", "building": null, "healthcare": "hospital", "beds": null, "emergency": null }, "geometry": { "type": "Point", "coordinates": [ 77.5764705, 12.9403012 ] } },
{ "type": "Feature", "properties": { "name": "Excel Care Hospital", "amenity": "hospital", "building": null, "healthcare": "hospital", "beds": null, "emergency": null }, "geometry": { "type": "Point", "coordinates": [ 77.5736019, 12.9207314 ] } },
{ "type": "Feature", "properties": { "name": "Vasan Eye Care Hospital, Jayanagar", "amenity": "hospital", "building": null, "healthcare": null, "beds": null, "emergency": null }, "geometry": { "type": "Point", "coordinates": [ 77.5819811, 12.9292015 ] } },
{ "type": "Feature", "properties": { "name": "Hi Tech Kidney Stone Hospital", "amenity": "hospital", "building": null, "healthcare": null, "beds": null, "emergency": null }, "geometry": { "type": "Point", "coordinates": [ 77.579028, 12.9271389 ] } },
{ "type": "Feature", "properties": { "name": "Dr. Vidyananda's Surgery and Dia Centre", "amenity": "hospital", "building": null, "healthcare": null, "beds": null, "emergency": null }, "geometry": { "type": "Point", "coordinates": [ 77.573217, 12.9242515 ] } },
{ "type": "Feature", "properties": { "name": "Prema Nursing Home", "amenity": "clinic", "building": null, "healthcare": "clinic", "beds": null, "emergency": null }, "geometry": { "type": "Point", "coordinates": [ 77.5747874, 12.9171772 ] } },
{ "type": "Feature", "properties": { "name": "Bharath Nursing Home", "amenity": "clinic", "building": null, "healthcare": null, "beds": null, "emergency": null }, "geometry": { "type": "Point", "coordinates": [ 77.5730574, 12.9117746 ] } },
{ "type": "Feature", "properties": { "name": "Srushti Hospital, Bengaluru Rural", "amenity": "hospital", "building": null, "healthcare": null, "beds": null, "emergency": null }, "geometry": { "type": "Point", "coordinates": [ 77.6207364, 12.8981572 ] } },
{ "type": "Feature", "properties": { "name": "Parimala Speciality Hospital", "amenity": "hospital", "building": null, "healthcare": "hospital", "beds": null, "emergency": null }, "geometry": { "type": "Point", "coordinates": [ 77.6005474, 12.9004567 ] } },
{ "type": "Feature", "properties": { "name": "Banashankari Hospital", "amenity": "hospital", "building": null, "healthcare": null, "beds": null, "emergency": null }, "geometry": { "type": "Point", "coordinates": [ 77.583809, 12.8443653 ] } },
{ "type": "Feature", "properties": { "name": "R K Hospital, Bengaluru Urban", "amenity": "hospital", "building": null, "healthcare": null, "beds": null, "emergency": null }, "geometry": { "type": "Point", "coordinates": [ 77.6354731, 13.0138123 ] } },
{ "type": "Feature", "properties": { "name": "Prasad Eye Hospital, Bengaluru Urban", "amenity": "hospital", "building": null, "healthcare": null, "beds": null, "emergency": null }, "geometry": { "type": "Point", "coordinates": [ 77.6079905, 12.9356703 ] } },
{ "type": "Feature", "properties": { "name": "Unity Lifline Hospital Pvt Ltd", "amenity": "hospital", "building": null, "healthcare": null, "beds": null, "emergency": null }, "geometry": { "type": "Point", "coordinates": [ 77.5108275, 12.9819768 ] } },
{ "type": "Feature", "properties": { "name": "J.P.Nursing Home", "amenity": "hospital", "building": null, "healthcare": "hospital", "beds": null, "emergency": null }, "geometry": { "type": "Point", "coordinates": [ 77.5384723, 13.0098352 ] } },
{ "type": "Feature", "properties": { "name": "North Side Health Centre", "amenity": "hospital", "building": null, "healthcare": null, "beds": null, "emergency": null }, "geometry": { "type": "Point", "coordinates": [ 77.5870813, 13.0267995 ] } },
{ "type": "Feature", "properties": { "name": "Akshara Eye Hospital", "amenity": "clinic", "building": null, "healthcare": "clinic", "beds": null, "emergency": null }, "geometry": { "type": "Point", "coordinates": [ 77.6055551, 12.8990265 ] } },
{ "type": "Feature", "properties": { "name": "Amrutha Hospital", "amenity": "hospital", "building": null, "healthcare": null, "beds": null, "emergency": null }, "geometry": { "type": "Point", "coordinates": [ 77.5992653, 13.0657486 ] } },
{ "type": "Feature", "properties": { "name": "Unity Hospital, Bengaluru Urban", "amenity": "hospital", "building": null, "healthcare": null, "beds": null, "emergency": null }, "geometry": { "type": "Point", "coordinates": [ 77.5207892, 12.910823 ] } },
{ "type": "Feature", "properties": { "name": "Kakde Nursing Home", "amenity": "clinic", "building": null, "healthcare": "clinic", "beds": null, "emergency": null }, "geometry": { "type": "Point", "coordinates": [ 77.652254, 12.9738683 ] } },
{ "type": "Feature", "properties": { "name": "Dr Chaitanyas Dental Care & Implant Centre", "amenity": "hospital", "building": null, "healthcare": null, "beds": null, "emergency": null }, "geometry": { "type": "Point", "coordinates": [ 77.6565533, 12.9675989 ] } },
{ "type": "Feature", "properties": { "name": "Kareem E.N.T and Multispeciality Centre", "amenity": "hospital", "building": null, "healthcare": "hospital", "beds": null, "emergency": null }, "geometry": { "type": "Point", "coordinates": [ 77.6058905, 12.9188948 ] } },
{ "type": "Feature", "properties": { "name": "Shakthikrupa Nursing Home", "amenity": "clinic", "building": null, "healthcare": null, "beds": null, "emergency": null }, "geometry": { "type": "Point", "coordinates": [ 77.6781324, 12.9840786 ] } },
{ "type": "Feature", "properties": { "name": "Anand Nursing Home and Lab", "amenity": "clinic", "building": null, "healthcare": null, "beds": null, "emergency": null }, "geometry": { "type": "Point", "coordinates": [ 77.5044787, 12.9916367 ] } },
{ "type": "Feature", "properties": { "name": "Mediscon Nursing Home", "amenity": "clinic", "building": null, "healthcare": null, "beds": null, "emergency": null }, "geometry": { "type": "Point", "coordinates": [ 77.6162986, 13.0114714 ] } },
{ "type": "Feature", "properties": { "name": "HK Hospital", "amenity": "hospital", "building": null, "healthcare": null, "beds": null, "emergency": null }, "geometry": { "type": "Point", "coordinates": [ 77.4784157, 12.9085981 ] } },
{ "type": "Feature", "properties": { "name": "J.H.Poly Clinic", "amenity": "clinic", "building": null, "healthcare": null, "beds": null, "emergency": null }, "geometry": { "type": "Point", "coordinates": [ 77.6339757, 13.019851 ] } },
{ "type": "Feature", "properties": { "name": "Chinmaya Narayana Super Specialty Centre", "amenity": "hospital", "building": null, "healthcare": null, "beds": null, "emergency": null }, "geometry": { "type": "Point", "coordinates": [ 77.6459773, 12.9777106 ] } },
{ "type": "Feature", "properties": { "name": "Joshi Nursing Home", "amenity": "clinic", "building": null, "healthcare": "clinic", "beds": null, "emergency": null }, "geometry": { "type": "Point", "coordinates": [ 77.5603162, 12.9610131 ] } },
{ "type": "Feature", "properties": { "name": "Jyothi Nursing and Maternity Home", "amenity": "clinic", "building": null, "healthcare": null, "beds": null, "emergency": null }, "geometry": { "type": "Point", "coordinates": [ 77.509717, 13.0117001 ] } },
{ "type": "Feature", "properties": { "name": "Jyothi The Lasik Vision Centre", "amenity": "hospital", "building": null, "healthcare": "hospital", "beds": null, "emergency": null }, "geometry": { "type": "Point", "coordinates": [ 77.5790786, 12.9496114 ] } },
{ "type": "Feature", "properties": { "name": "S.S.G. Hospital", "amenity": "hospital", "building": null, "healthcare": null, "beds": null, "emergency": null }, "geometry": { "type": "Point", "coordinates": [ 77.4794832, 12.9868695 ] } },
{ "type": "Feature", "properties": { "name": "Bengaluru West Lions Hospital", "amenity": "hospital", "building": null, "healthcare": null, "beds": null, "emergency": null }, "geometry": { "type": "Point", "coordinates": [ 77.5830996, 12.9563042 ] } },
{ "type": "Feature", "properties": { "name": "Kamath Nursing Home", "amenity": "clinic", "building": null, "healthcare": "clinic", "beds": null, "emergency": null }, "geometry": { "type": "Point", "coordinates": [ 77.635349, 13.0028473 ] } },
{ "type": "Feature", "properties": { "name": "Vijayanagar Hospital", "amenity": "hospital", "building": null, "healthcare": "hospital", "beds": null, "emergency": null }, "geometry": { "type": "Point", "coordinates": [ 77.5371969, 12.9716291 ] } },
{ "type": "Feature", "properties": { "name": "Sudharsana Nethralaya", "amenity": "clinic", "building": null, "healthcare": "clinic", "beds": null, "emergency": null }, "geometry": { "type": "Point", "coordinates": [ 77.5715661, 12.9981241 ] } },
{ "type": "Feature", "properties": { "name": "Abhinava Eye Hospital", "amenity": "hospital", "building": null, "healthcare": "hospital", "beds": null, "emergency": null }, "geometry": { "type": "Point", "coordinates": [ 77.5683897, 12.9550181 ] } },
{ "type": "Feature", "properties": { "name": "North Star Maternity and Nursing Home", "amenity": "hospital", "building": null, "healthcare": null, "beds": null, "emergency": null }, "geometry": { "type": "Point", "coordinates": [ 77.5849275, 12.9067079 ] } },
{ "type": "Feature", "properties": { "name": "Punarjyoti Eye Hospital, Bengaluru Urban", "amenity": "hospital", "building": null, "healthcare": null, "beds": null, "emergency": null }, "geometry": { "type": "Point", "coordinates": [ 77.5843965, 12.9685305 ] } },
{ "type": "Feature", "properties": { "name": "Sundar Hospital", "amenity": "hospital", "building": null, "healthcare": null, "beds": null, "emergency": null }, "geometry": { "type": "Point", "coordinates": [ 77.6221479, 13.0080166 ] } },
{ "type": "Feature", "properties": { "name": "Sri Ramakrishna Hospital, Bengaluru Urban", "amenity": "hospital", "building": null, "healthcare": null, "beds": null, "emergency": null }, "geometry": { "type": "Point", "coordinates": [ 77.6961802, 13.0121705 ] } },
{ "type": "Feature", "properties": { "name": "Dr Patil Fertility And Endoscopy Clinic", "amenity": "clinic", "building": null, "healthcare": "clinic", "beds": null, "emergency": null }, "geometry": { "type": "Point", "coordinates": [ 77.6006922, 12.9265324 ] } },
{ "type": "Feature", "properties": { "name": "Sri Venkateshwara Eye Hospital", "amenity": "hospital", "building": null, "healthcare": null, "beds": null, "emergency": null }, "geometry": { "type": "Point", "coordinates": [ 77.5136653, 13.0423919 ] } },
{ "type": "Feature", "properties": { "name": "V Care Hospital", "amenity": "hospital", "building": null, "healthcare": null, "beds": null, "emergency": null }, "geometry": { "type": "Point", "coordinates": [ 77.5973475, 13.015884 ] } },
{ "type": "Feature", "properties": { "name": "A.M. Hospital", "amenity": "hospital", "building": null, "healthcare": "hospital", "beds": null, "emergency": null }, "geometry": { "type": "Point", "coordinates": [ 77.5315556, 12.9601022 ] } },
{ "type": "Feature", "properties": { "name": "Prakash Eye Clinic", "amenity": "clinic", "building": null, "healthcare": null, "beds": null, "emergency": null }, "geometry": { "type": "Point", "coordinates": [ 77.5719805, 12.9484427 ] } },
{ "type": "Feature", "properties": { "name": "Divya Drishti Eye Hospital, Vijayanagar", "amenity": "hospital", "building": null, "healthcare": "hospital", "beds": null, "emergency": null }, "geometry": { "type": "Point", "coordinates": [ 77.5352668, 12.9586907 ] } },
{ "type": "Feature", "properties": { "name": "Shridevi Hospital, Bengaluru Urban", "amenity": "hospital", "building": null, "healthcare": null, "beds": null, "emergency": null }, "geometry": { "type": "Point", "coordinates": [ 77.5217172, 12.9617045 ] } },
{ "type": "Feature", "properties": { "name": "Srinivasa Eye Hospital", "amenity": "hospital", "building": null, "healthcare": null, "beds": null, "emergency": null }, "geometry": { "type": "Point", "coordinates": [ 77.6515616, 13.0147224 ] } },
{ "type": "Feature", "properties": { "name": "Kumar Nethralaya", "amenity": "clinic", "building": null, "healthcare": "clinic", "beds": null, "emergency": null }, "geometry": { "type": "Point", "coordinates": [ 77.5568951, 12.9907644 ] } },
{ "type": "Feature", "properties": { "name": "Spandana Hospital And Medical Centre", "amenity": "hospital", "building": null, "healthcare": null, "beds": null, "emergency": null }, "geometry": { "type": "Point", "coordinates": [ 77.6743939, 13.0112166 ] } },
{ "type": "Feature", "properties": { "name": "Sreeniwasa Hospital", "amenity": "hospital", "building": null, "healthcare": null, "beds": null, "emergency": null }, "geometry": { "type": "Point", "coordinates": [ 77.5725357, 12.9732706 ] } },
{ "type": "Feature", "properties": { "name": "Ashraya Medinova Pvt Ltd", "amenity": "hospital", "building": null, "healthcare": null, "beds": null, "emergency": null }, "geometry": { "type": "Point", "coordinates": [ 77.5078006, 12.988865 ] } },
{ "type": "Feature", "properties": { "name": "Magadi Road Maternity Home", "amenity": "hospital", "building": null, "healthcare": null, "beds": null, "emergency": null }, "geometry": { "type": "Point", "coordinates": [ 77.561823, 12.9741253 ] } },
{ "type": "Feature", "properties": { "name": "Pristine Hospital", "amenity": "hospital", "building": null, "healthcare": "hospital", "beds": null, "emergency": null }, "geometry": { "type": "Point", "coordinates": [ 77.5432779, 12.9980009 ] } },
{ "type": "Feature", "properties": { "name": "Dr Zamindar's Micro Surgical Eye Centre", "amenity": "hospital", "building": null, "healthcare": "hospital", "beds": null, "emergency": null }, "geometry": { "type": "Point", "coordinates": [ 77.6329015, 13.0021978 ] } },
{ "type": "Feature", "properties": { "name": "K.T.G. Hospital", "amenity": "hospital", "building": null, "healthcare": null, "beds": null, "emergency": null }, "geometry": { "type": "Point", "coordinates": [ 77.5054027, 13.0004769 ] } },
{ "type": "Feature", "properties": { "name": "Vasan Eye Care Hospital", "amenity": "hospital", "building": null, "healthcare": null, "beds": null, "emergency": null }, "geometry": { "type": "Point", "coordinates": [ 77.6339279, 12.8980516 ] } },
{ "type": "Feature", "properties": { "name": "Balaji Nursing Home", "amenity": "clinic", "building": null, "healthcare": null, "beds": null, "emergency": null }, "geometry": { "type": "Point", "coordinates": [ 77.5460348, 12.9561944 ] } },
{ "type": "Feature", "properties": { "name": "Pradnya Nethralaya", "amenity": "clinic", "building": null, "healthcare": null, "beds": null, "emergency": null }, "geometry": { "type": "Point", "coordinates": [ 77.6003999, 13.0244555 ] } },
{ "type": "Feature", "properties": { "name": "Supriya Nursing Home", "amenity": "clinic", "building": null, "healthcare": null, "beds": null, "emergency": null }, "geometry": { "type": "Point", "coordinates": [ 77.5536856, 12.9753137 ] } },
{ "type": "Feature", "properties": { "name": "Sharada Poly Clinic", "amenity": "clinic", "building": null, "healthcare": null, "beds": null, "emergency": null }, "geometry": { "type": "Point", "coordinates": [ 77.675265, 13.0029877 ] } },
{ "type": "Feature", "properties": { "name": "Health Cottage Hospital", "amenity": "hospital", "building": null, "healthcare": null, "beds": null, "emergency": null }, "geometry": { "type": "Point", "coordinates": [ 77.6321116, 12.9709143 ] } },
{ "type": "Feature", "properties": { "name": "Samastha Hospitals Pvt Ltd", "amenity": "hospital", "building": null, "healthcare": null, "beds": null, "emergency": null }, "geometry": { "type": "Point", "coordinates": [ 77.5473364, 12.89708 ] } },
{ "type": "Feature", "properties": { "name": "Poornima Hospital", "amenity": "hospital", "building": null, "healthcare": null, "beds": null, "emergency": null }, "geometry": { "type": "Point", "coordinates": [ 77.595128, 13.0263344 ] } },
{ "type": "Feature", "properties": { "name": "Dr.Zamindar Microsurgical Eye Centre", "amenity": "hospital", "building": null, "healthcare": null, "beds": null, "emergency": null }, "geometry": { "type": "Point", "coordinates": [ 77.6547577, 13.0178594 ] } },
{ "type": "Feature", "properties": { "name": "Good Shepherd Hospital", "amenity": "hospital", "building": null, "healthcare": null, "beds": null, "emergency": null }, "geometry": { "type": "Point", "coordinates": [ 77.633289, 13.0328036 ] } },
{ "type": "Feature", "properties": { "name": "Cantonment Poly Clinic And Nursing Home", "amenity": "clinic", "building": null, "healthcare": null, "beds": null, "emergency": null }, "geometry": { "type": "Point", "coordinates": [ 77.6112893, 12.9967984 ] } },
{ "type": "Feature", "properties": { "name": "Dr.Agarwal Eye Hospital, Frazer Town, Bangalore", "amenity": "hospital", "building": null, "healthcare": null, "beds": null, "emergency": null }, "geometry": { "type": "Point", "coordinates": [ 77.6128413, 12.9960196 ] } },
{ "type": "Feature", "properties": { "name": "Mamta Hospital, Bengaluru Rural", "amenity": "hospital", "building": null, "healthcare": "hospital", "beds": null, "emergency": null }, "geometry": { "type": "Point", "coordinates": [ 77.5744454, 13.0377564 ] } },
{ "type": "Feature", "properties": { "name": "S. J. Hospital", "amenity": "hospital", "building": null, "healthcare": null, "beds": null, "emergency": null }, "geometry": { "type": "Point", "coordinates": [ 77.575065, 13.0360827 ] } },
{ "type": "Feature", "properties": { "name": "Republic Hospital", "amenity": "hospital", "building": null, "healthcare": null, "beds": null, "emergency": null }, "geometry": { "type": "Point", "coordinates": [ 77.5982255, 12.964162 ] } },
{ "type": "Feature", "properties": { "name": "R.R. Hospital and Trauma Centre", "amenity": "hospital", "building": null, "healthcare": null, "beds": null, "emergency": null }, "geometry": { "type": "Point", "coordinates": [ 77.5716318, 12.9074269 ] } },
{ "type": "Feature", "properties": { "name": "Suresh Hospital, Bengaluru Urban", "amenity": "hospital", "building": null, "healthcare": null, "beds": null, "emergency": null }, "geometry": { "type": "Point", "coordinates": [ 77.6971089, 13.0080397 ] } },
{ "type": "Feature", "properties": { "name": "Sri Ram Netralaya and Surgical Centre", "amenity": "hospital", "building": null, "healthcare": null, "beds": null, "emergency": null }, "geometry": { "type": "Point", "coordinates": [ 77.6948659, 13.0088071 ] } },
{ "type": "Feature", "properties": { "name": "Patil Hospital, Bengaluru Urban", "amenity": "hospital", "building": null, "healthcare": null, "beds": null, "emergency": null }, "geometry": { "type": "Point", "coordinates": [ 77.6969567, 13.0090854 ] } },
{ "type": "Feature", "properties": { "name": "Sri Balaji Polyclinic and Diagnostic Centr", "amenity": "clinic", "building": null, "healthcare": null, "beds": null, "emergency": null }, "geometry": { "type": "Point", "coordinates": [ 77.6831812, 13.0180664 ] } },
{ "type": "Feature", "properties": { "name": "Sri Sai Eye Hospital", "amenity": "hospital", "building": null, "healthcare": null, "beds": null, "emergency": null }, "geometry": { "type": "Point", "coordinates": [ 77.6659168, 13.011968 ] } },
{ "type": "Feature", "properties": { "name": "Sri Ram Speciality Hospital", "amenity": "hospital", "building": null, "healthcare": null, "beds": null, "emergency": null }, "geometry": { "type": "Point", "coordinates": [ 77.6209764, 12.9543777 ] } },
{ "type": "Feature", "properties": { "name": "Zion Hospital And Research Centre Pvt.Ltd.", "amenity": "hospital", "building": null, "healthcare": null, "beds": null, "emergency": null }, "geometry": { "type": "Point", "coordinates": [ 77.6354957, 13.0149675 ] } },
{ "type": "Feature", "properties": { "name": "Jai Maruthi Hospital", "amenity": "hospital", "building": null, "healthcare": null, "beds": null, "emergency": null }, "geometry": { "type": "Point", "coordinates": [ 77.5055636, 13.0068811 ] } },
{ "type": "Feature", "properties": { "name": "Institute Of Nephro Urology hospital", "amenity": "hospital", "building": null, "healthcare": "hospital", "beds": null, "emergency": null }, "geometry": { "type": "Point", "coordinates": [ 77.5728562, 12.9619528 ] } },
{ "type": "Feature", "properties": { "name": "Vignesha Ayurvedic Clinic", "amenity": "clinic", "building": null, "healthcare": null, "beds": null, "emergency": null }, "geometry": { "type": "Point", "coordinates": [ 77.5584649, 12.9421036 ] } },
{ "type": "Feature", "properties": { "name": "Vinay Nursing Home, Lingarajpuram", "amenity": "clinic", "building": null, "healthcare": null, "beds": null, "emergency": null }, "geometry": { "type": "Point", "coordinates": [ 77.6221512, 13.0087438 ] } },
{ "type": "Feature", "properties": { "name": "Well Spring hospital", "amenity": "hospital", "building": null, "healthcare": "hospital", "beds": null, "emergency": null }, "geometry": { "type": "Point", "coordinates": [ 77.6224349, 12.9425676 ] } },
{ "type": "Feature", "properties": { "name": "Aaroyha Mandir Hospital", "amenity": "hospital", "building": null, "healthcare": null, "beds": null, "emergency": null }, "geometry": { "type": "Point", "coordinates": [ 77.5502452, 13.0105038 ] } },
{ "type": "Feature", "properties": { "name": "Kids Care Clinic", "amenity": "clinic", "building": null, "healthcare": "clinic", "beds": null, "emergency": null }, "geometry": { "type": "Point", "coordinates": [ 77.5319794, 12.9597937 ] } },
{ "type": "Feature", "properties": { "name": "Punya Hospital, Bengaluru Urban", "amenity": "hospital", "building": null, "healthcare": "hospital", "beds": null, "emergency": null }, "geometry": { "type": "Point", "coordinates": [ 77.5374853, 12.9862161 ] } },
{ "type": "Feature", "properties": { "name": "Vinayaka Nethralaya", "amenity": "clinic", "building": null, "healthcare": null, "beds": null, "emergency": null }, "geometry": { "type": "Point", "coordinates": [ 77.6033811, 12.9164779 ] } },
{ "type": "Feature", "properties": { "name": "Matru Nursing Home And Trauma Care Centre", "amenity": "clinic", "building": null, "healthcare": null, "beds": null, "emergency": null }, "geometry": { "type": "Point", "coordinates": [ 77.5388995, 12.9895981 ] } },
{ "type": "Feature", "properties": { "name": "Vijaya Hospital, Bengaluru Urban", "amenity": "hospital", "building": null, "healthcare": null, "beds": null, "emergency": null }, "geometry": { "type": "Point", "coordinates": [ 77.48376, 12.9418827 ] } },
{ "type": "Feature", "properties": { "name": "Sandhyashree Hospital", "amenity": "hospital", "building": null, "healthcare": null, "beds": null, "emergency": null }, "geometry": { "type": "Point", "coordinates": [ 77.5261763, 12.9761802 ] } },
{ "type": "Feature", "properties": { "name": "Dr. Sailaja's Super Speciality Eye Hospital", "amenity": "hospital", "building": null, "healthcare": null, "beds": null, "emergency": null }, "geometry": { "type": "Point", "coordinates": [ 77.6614188, 13.0276736 ] } },
{ "type": "Feature", "properties": { "name": "Hillside Hospital", "amenity": "hospital", "building": null, "healthcare": "hospital", "beds": null, "emergency": null }, "geometry": { "type": "Point", "coordinates": [ 77.5589544, 12.9162753 ] } },
{ "type": "Feature", "properties": { "name": "Pd Hinduja Sindhi Hospital", "amenity": "hospital", "building": null, "healthcare": null, "beds": null, "emergency": null }, "geometry": { "type": "Point", "coordinates": [ 77.5926509, 12.9646359 ] } },
{ "type": "Feature", "properties": { "name": "Sri Ranga Arogyadhama", "amenity": "hospital", "building": null, "healthcare": "hospital", "beds": null, "emergency": null }, "geometry": { "type": "Point", "coordinates": [ 77.542782, 12.9986239 ] } },
{ "type": "Feature", "properties": { "name": "B.M.S. Nursing Home", "amenity": "clinic", "building": null, "healthcare": null, "beds": null, "emergency": null }, "geometry": { "type": "Point", "coordinates": [ 77.5787075, 12.9409351 ] } },
{ "type": "Feature", "properties": { "name": "Brinda Hospital", "amenity": "hospital", "building": null, "healthcare": null, "beds": null, "emergency": null }, "geometry": { "type": "Point", "coordinates": [ 77.5115959, 12.978053 ] } },
{ "type": "Feature", "properties": { "name": "Sankalpa Hospital", "amenity": "hospital", "building": null, "healthcare": null, "beds": null, "emergency": null }, "geometry": { "type": "Point", "coordinates": [ 77.4918039, 12.95119 ] } },
{ "type": "Feature", "properties": { "name": "S.M.S. Nursing Home", "amenity": "clinic", "building": null, "healthcare": null, "beds": null, "emergency": null }, "geometry": { "type": "Point", "coordinates": [ 77.6201778, 12.9208307 ] } },
{ "type": "Feature", "properties": { "name": "Vijaya Nursing Home, Bengaluru Urban", "amenity": "clinic", "building": null, "healthcare": null, "beds": null, "emergency": null }, "geometry": { "type": "Point", "coordinates": [ 77.6386575, 12.9778289 ] } },
{ "type": "Feature", "properties": { "name": "Akshaya Nursing Home, Yelahanka", "amenity": "clinic", "building": null, "healthcare": null, "beds": null, "emergency": null }, "geometry": { "type": "Point", "coordinates": [ 77.5663546, 13.1047489 ] } },
{ "type": "Feature", "properties": { "name": "Sham Singh Nursing Home", "amenity": "clinic", "building": null, "healthcare": null, "beds": null, "emergency": null }, "geometry": { "type": "Point", "coordinates": [ 77.570339, 12.9456627 ] } },
{ "type": "Feature", "properties": { "name": "Deepashri Hospital", "amenity": "hospital", "building": null, "healthcare": null, "beds": null, "emergency": null }, "geometry": { "type": "Point", "coordinates": [ 77.5108503, 12.9705902 ] } },
{ "type": "Feature", "properties": { "name": "Rotary Eye Hospital (A Unit Of Bangalore North Rotary Trust)", "amenity": "hospital", "building": null, "healthcare": null, "beds": null, "emergency": null }, "geometry": { "type": "Point", "coordinates": [ 77.5549364, 12.9817233 ] } },
{ "type": "Feature", "properties": { "name": "Renuka Nursing Home, Bengaluru Urban", "amenity": "clinic", "building": null, "healthcare": null, "beds": null, "emergency": null }, "geometry": { "type": "Point", "coordinates": [ 77.5209944, 13.0138496 ] } },
{ "type": "Feature", "properties": { "name": "Acharya Tulsi Jain Hospital", "amenity": "hospital", "building": null, "healthcare": null, "beds": null, "emergency": null }, "geometry": { "type": "Point", "coordinates": [ 77.5567093, 13.0218344 ] } },
{ "type": "Feature", "properties": { "name": "Ramesh Eye Clinic and Ophthalmic Microsurgical Centre", "amenity": "clinic", "building": null, "healthcare": null, "beds": null, "emergency": null }, "geometry": { "type": "Point", "coordinates": [ 77.5774026, 12.9527146 ] } },
{ "type": "Feature", "properties": { "name": "Parvathi Piles Clinic", "amenity": "clinic", "building": null, "healthcare": null, "beds": null, "emergency": null }, "geometry": { "type": "Point", "coordinates": [ 77.6050904, 13.034899 ] } },
{ "type": "Feature", "properties": { "name": "Sri Sai Clinic and Maternity Home", "amenity": "clinic", "building": null, "healthcare": null, "beds": null, "emergency": null }, "geometry": { "type": "Point", "coordinates": [ 77.5557142, 12.9880313 ] } },
{ "type": "Feature", "properties": { "name": "Get Well Hospital", "amenity": "hospital", "building": null, "healthcare": null, "beds": null, "emergency": null }, "geometry": { "type": "Point", "coordinates": [ 77.61503, 12.9526616 ] } },
{ "type": "Feature", "properties": { "name": "Premier Hospital", "amenity": "hospital", "building": null, "healthcare": null, "beds": null, "emergency": null }, "geometry": { "type": "Point", "coordinates": [ 77.5960574, 13.0241863 ] } },
{ "type": "Feature", "properties": { "name": "Gurukripa Hospital and Health Care Centre", "amenity": "hospital", "building": null, "healthcare": null, "beds": null, "emergency": null }, "geometry": { "type": "Point", "coordinates": [ 77.5461146, 13.0001802 ] } },
{ "type": "Feature", "properties": { "name": "Varna Nursing Home", "amenity": "clinic", "building": null, "healthcare": null, "beds": null, "emergency": null }, "geometry": { "type": "Point", "coordinates": [ 77.558544, 12.9403953 ] } },
{ "type": "Feature", "properties": { "name": "Avian Medicare and Research Centre", "amenity": "hospital", "building": null, "healthcare": null, "beds": null, "emergency": null }, "geometry": { "type": "Point", "coordinates": [ 77.6227882, 13.0269276 ] } },
{ "type": "Feature", "properties": { "name": "Vinayaka Health Care and Maternity Home", "amenity": "hospital", "building": null, "healthcare": null, "beds": null, "emergency": null }, "geometry": { "type": "Point", "coordinates": [ 77.6257829, 12.8919999 ] } },
{ "type": "Feature", "properties": { "name": "Little Flower Hospital", "amenity": "hospital", "building": null, "healthcare": null, "beds": null, "emergency": null }, "geometry": { "type": "Point", "coordinates": [ 77.6771966, 13.0113204 ] } },
{ "type": "Feature", "properties": { "name": "Venkateswara Hospital, Bengaluru Urban", "amenity": "hospital", "building": null, "healthcare": null, "beds": null, "emergency": null }, "geometry": { "type": "Point", "coordinates": [ 77.5755649, 12.9543465 ] } },
{ "type": "Feature", "properties": { "name": "Sai Baba Hospital", "amenity": "hospital", "building": null, "healthcare": null, "beds": null, "emergency": null }, "geometry": { "type": "Point", "coordinates": [ 77.5222108, 13.0093599 ] } },
{ "type": "Feature", "properties": { "name": "Metro Hospital, Bengaluru Rural", "amenity": "hospital", "building": null, "healthcare": null, "beds": null, "emergency": null }, "geometry": { "type": "Point", "coordinates": [ 77.5612113, 12.8914666 ] } },
{ "type": "Feature", "properties": { "name": "Madhu Hospital, Bengaluru Urban", "amenity": "hospital", "building": null, "healthcare": null, "beds": null, "emergency": null }, "geometry": { "type": "Point", "coordinates": [ 77.5429603, 12.9783164 ] } },
{ "type": "Feature", "properties": { "name": "Adishesha Netralaya", "amenity": "clinic", "building": null, "healthcare": null, "beds": null, "emergency": null }, "geometry": { "type": "Point", "coordinates": [ 77.4846642, 12.9220606 ] } },
{ "type": "Feature", "properties": { "name": "Venkateshwara Eye Clinic", "amenity": "clinic", "building": null, "healthcare": null, "beds": null, "emergency": null }, "geometry": { "type": "Point", "coordinates": [ 77.5864396, 12.9395314 ] } },
{ "type": "Feature", "properties": { "name": "Al- Habeeb Hospital", "amenity": "hospital", "building": null, "healthcare": null, "beds": null, "emergency": null }, "geometry": { "type": "Point", "coordinates": [ 77.6196139, 13.0236062 ] } },
{ "type": "Feature", "properties": { "name": "Sakaria Healthcare Pvt. Ltd.", "amenity": "clinic", "building": null, "healthcare": null, "beds": null, "emergency": null }, "geometry": { "type": "Point", "coordinates": [ 77.6275328, 13.029607 ] } },
{ "type": "Feature", "properties": { "name": "Santhigiri Ayurveda and Siddha Hospital, Bengaluru Urban", "amenity": "hospital", "building": null, "healthcare": null, "beds": null, "emergency": null }, "geometry": { "type": "Point", "coordinates": [ 77.6065864, 12.9439008 ] } },
{ "type": "Feature", "properties": { "name": "Prasad Clinic, Vaishali", "amenity": "clinic", "building": null, "healthcare": null, "beds": null, "emergency": null }, "geometry": { "type": "Point", "coordinates": [ 77.5599629, 13.0342927 ] } },
{ "type": "Feature", "properties": { "name": "Manipal Poly Clinic And Nursing Home", "amenity": "clinic", "building": null, "healthcare": null, "beds": null, "emergency": null }, "geometry": { "type": "Point", "coordinates": [ 77.6700592, 13.0115623 ] } },
{ "type": "Feature", "properties": { "name": "Health Centre", "amenity": "clinic", "building": null, "healthcare": null, "beds": null, "emergency": null }, "geometry": { "type": "Point", "coordinates": [ 77.6078061, 12.9439485 ] } },
{ "type": "Feature", "properties": { "name": "Padmashree Diagnostics", "amenity": "hospital", "building": null, "healthcare": null, "beds": null, "emergency": null }, "geometry": { "type": "Point", "coordinates": [ 77.5436792, 12.9745983 ] } },
{ "type": "Feature", "properties": { "name": "Venus MultiSpeciality Hospital", "amenity": "hospital", "building": null, "healthcare": "hospital", "beds": null, "emergency": null }, "geometry": { "type": "Point", "coordinates": [ 77.6807872, 12.9721779 ] } },
{ "type": "Feature", "properties": { "name": "Sri Maruthi Nethralaya", "amenity": "clinic", "building": null, "healthcare": null, "beds": null, "emergency": null }, "geometry": { "type": "Point", "coordinates": [ 77.5359377, 12.9680365 ] } },
{ "type": "Feature", "properties": { "name": "Shree Clinic", "amenity": "clinic", "building": null, "healthcare": null, "beds": null, "emergency": null }, "geometry": { "type": "Point", "coordinates": [ 77.5365485, 12.9530877 ] } },
{ "type": "Feature", "properties": { "name": "Roopena Agrahara Government Hospital", "amenity": "hospital", "building": null, "healthcare": null, "beds": null, "emergency": null }, "geometry": { "type": "Point", "coordinates": [ 77.6244654, 12.9102142 ] } },
{ "type": "Feature", "properties": { "name": "Government Hospital, Gunjur", "amenity": "hospital", "building": null, "healthcare": null, "beds": null, "emergency": null }, "geometry": { "type": "Point", "coordinates": [ 77.736038, 12.922327 ] } },
{ "type": "Feature", "properties": { "name": "Thippenalli Government Hospital", "amenity": "hospital", "building": null, "healthcare": null, "beds": null, "emergency": null }, "geometry": { "type": "Point", "coordinates": [ 77.483923, 13.031132 ] } },
{ "type": "Feature", "properties": { "name": "Laggere Government Hospital", "amenity": "hospital", "building": null, "healthcare": null, "beds": null, "emergency": null }, "geometry": { "type": "Point", "coordinates": [ 77.5231852, 13.009817 ] } },
{ "type": "Feature", "properties": { "name": "Seegehalli Government Hospital", "amenity": "hospital", "building": null, "healthcare": null, "beds": null, "emergency": null }, "geometry": { "type": "Point", "coordinates": [ 77.7169887, 13.0164321 ] } },
{ "type": "Feature", "properties": { "name": "K Narayanapura Urban Primary Health Centre", "amenity": "clinic", "building": null, "healthcare": "centre", "beds": null, "emergency": null }, "geometry": { "type": "Point", "coordinates": [ 77.6423476, 13.0631921 ] } },
{ "type": "Feature", "properties": { "name": "Ullalu Government Hospital", "amenity": "hospital", "building": null, "healthcare": null, "beds": null, "emergency": null }, "geometry": { "type": "Point", "coordinates": [ 77.4751834, 12.9629127 ] } },
{ "type": "Feature", "properties": { "name": "K.C. General Hospital", "amenity": "hospital", "building": null, "healthcare": null, "beds": null, "emergency": null }, "geometry": { "type": "Point", "coordinates": [ 77.5694167, 12.993382 ] } },
{ "type": "Feature", "properties": { "name": "NELAMAHESHWARI Government Hospital", "amenity": "hospital", "building": null, "healthcare": null, "beds": null, "emergency": null }, "geometry": { "type": "Point", "coordinates": [ 77.510442, 13.049152 ] } },
{ "type": "Feature", "properties": { "name": "Sai Hospital", "amenity": "hospital", "building": null, "healthcare": null, "beds": null, "emergency": null }, "geometry": { "type": "Point", "coordinates": [ 77.6329103, 13.0701337 ] } },
{ "type": "Feature", "properties": { "name": "Sree Ranga Hospital", "amenity": "hospital", "building": null, "healthcare": null, "beds": null, "emergency": null }, "geometry": { "type": "Point", "coordinates": [ 77.4927128, 12.9358669 ] } },
{ "type": "Feature", "properties": { "name": "Maithri Nursing Home and Diagnostic centre", "amenity": "clinic", "building": null, "healthcare": null, "beds": null, "emergency": null }, "geometry": { "type": "Point", "coordinates": [ 77.7035721, 13.004942 ] } },
{ "type": "Feature", "properties": { "name": "Sri Ram Nursing Home, Bengaluru Urban", "amenity": "clinic", "building": null, "healthcare": null, "beds": null, "emergency": null }, "geometry": { "type": "Point", "coordinates": [ 77.551764, 12.942159 ] } },
{ "type": "Feature", "properties": { "name": "Cure Hospital", "amenity": "hospital", "building": null, "healthcare": "hospital", "beds": null, "emergency": null }, "geometry": { "type": "Point", "coordinates": [ 77.6085263, 13.0324318 ] } },
{ "type": "Feature", "properties": { "name": "Sanjay Urology and Andrology Center", "amenity": "clinic", "building": null, "healthcare": "clinic", "beds": null, "emergency": null }, "geometry": { "type": "Point", "coordinates": [ 77.5510234, 12.9989923 ] } },
{ "type": "Feature", "properties": { "name": "Yashas Neurocare", "amenity": "hospital", "building": null, "healthcare": null, "beds": null, "emergency": null }, "geometry": { "type": "Point", "coordinates": [ 77.5454024, 12.9853993 ] } },
{ "type": "Feature", "properties": { "name": "Focus Diagnostic Center", "amenity": "hospital", "building": null, "healthcare": null, "beds": null, "emergency": null }, "geometry": { "type": "Point", "coordinates": [ 77.549951, 12.9870634 ] } },
{ "type": "Feature", "properties": { "name": "Cauvery Clinic and Laboratory", "amenity": "clinic", "building": null, "healthcare": "clinic", "beds": null, "emergency": null }, "geometry": { "type": "Point", "coordinates": [ 77.5518975, 12.9998157 ] } },
{ "type": "Feature", "properties": { "name": "Ayush Ayurvedic", "amenity": "clinic", "building": null, "healthcare": null, "beds": null, "emergency": null }, "geometry": { "type": "Point", "coordinates": [ 77.5725438, 13.0350322 ] } },
{ "type": "Feature", "properties": { "name": "Vittal Eye HOspital", "amenity": "hospital", "building": null, "healthcare": "hospital", "beds": null, "emergency": null }, "geometry": { "type": "Point", "coordinates": [ 77.5412566, 12.931298 ] } },
{ "type": "Feature", "properties": { "name": "Sucheta Clinic", "amenity": "clinic", "building": null, "healthcare": "clinic", "beds": null, "emergency": null }, "geometry": { "type": "Point", "coordinates": [ 77.5472411, 13.0035542 ] } },
{ "type": "Feature", "properties": { "name": "Ista Ayurvedic", "amenity": "clinic", "building": null, "healthcare": null, "beds": null, "emergency": null }, "geometry": { "type": "Point", "coordinates": [ 77.5491026, 13.0083615 ] } },
{ "type": "Feature", "properties": { "name": "Aria Clinic", "amenity": "clinic", "building": null, "healthcare": "clinic", "beds": null, "emergency": null }, "geometry": { "type": "Point", "coordinates": [ 77.6635605, 12.9107812 ] } },
{ "type": "Feature", "properties": { "name": "Ortho Centre Clinic", "amenity": "clinic", "building": null, "healthcare": "clinic", "beds": null, "emergency": null }, "geometry": { "type": "Point", "coordinates": [ 77.6067215, 12.9123595 ] } },
{ "type": "Feature", "properties": { "name": "naveen clinc", "amenity": "hospital", "building": null, "healthcare": "hospital", "beds": null, "emergency": null }, "geometry": { "type": "Point", "coordinates": [ 77.5050224, 13.0413777 ] } },
{ "type": "Feature", "properties": { "name": "Chamundi Hi Tech Hospital", "amenity": "hospital", "building": null, "healthcare": "hospital", "beds": null, "emergency": null }, "geometry": { "type": "Point", "coordinates": [ 77.6177848, 12.9240924 ] } },
{ "type": "Feature", "properties": { "name": "Lotus Medical Centre", "amenity": "clinic", "building": null, "healthcare": "clinic", "beds": null, "emergency": null }, "geometry": { "type": "Point", "coordinates": [ 77.6783833, 12.9733933 ] } },
{ "type": "Feature", "properties": { "name": "Little Flower Hospital", "amenity": "hospital", "building": null, "healthcare": null, "beds": null, "emergency": null }, "geometry": { "type": "Point", "coordinates": [ 77.6823734, 12.9807257 ] } },
{ "type": "Feature", "properties": { "name": "Sri Ragavendra Homeo Clinic", "amenity": "clinic", "building": null, "healthcare": null, "beds": null, "emergency": null }, "geometry": { "type": "Point", "coordinates": [ 77.6969366, 13.010692 ] } },
{ "type": "Feature", "properties": { "name": "NMPC Hospital", "amenity": "hospital", "building": null, "healthcare": null, "beds": null, "emergency": null }, "geometry": { "type": "Point", "coordinates": [ 77.7004289, 13.006205 ] } },
{ "type": "Feature", "properties": { "name": "Suma Clinic", "amenity": "clinic", "building": null, "healthcare": null, "beds": null, "emergency": null }, "geometry": { "type": "Point", "coordinates": [ 77.671853, 12.997098 ] } },
{ "type": "Feature", "properties": { "name": "R R Hospital", "amenity": "hospital", "building": null, "healthcare": null, "beds": null, "emergency": null }, "geometry": { "type": "Point", "coordinates": [ 77.697197, 13.0082031 ] } },
{ "type": "Feature", "properties": { "name": "Jeevan Hospital", "amenity": "hospital", "building": null, "healthcare": null, "beds": null, "emergency": null }, "geometry": { "type": "Point", "coordinates": [ 77.6713322, 12.9901305 ] } },
{ "type": "Feature", "properties": { "name": "Indianova Heart Centre", "amenity": "clinic", "building": null, "healthcare": null, "beds": null, "emergency": null }, "geometry": { "type": "Point", "coordinates": [ 77.6990436, 13.0128275 ] } },
{ "type": "Feature", "properties": { "name": "Arjun's Child Care Clinic", "amenity": "clinic", "building": null, "healthcare": null, "beds": null, "emergency": null }, "geometry": { "type": "Point", "coordinates": [ 77.6604922, 13.0258249 ] } },
{ "type": "Feature", "properties": { "name": "Health Care Medi Clinic", "amenity": "clinic", "building": null, "healthcare": null, "beds": null, "emergency": null }, "geometry": { "type": "Point", "coordinates": [ 77.6726374, 12.9742358 ] } },
{ "type": "Feature", "properties": { "name": "Vicky Family Life", "amenity": "hospital", "building": null, "healthcare": null, "beds": null, "emergency": null }, "geometry": { "type": "Point", "coordinates": [ 77.7059531, 13.0031618 ] } },
{ "type": "Feature", "properties": { "name": "Vedam Ayurveda Multi Speciality Hospital", "amenity": "hospital", "building": null, "healthcare": null, "beds": null, "emergency": null }, "geometry": { "type": "Point", "coordinates": [ 77.6709989, 12.9946786 ] } },
{ "type": "Feature", "properties": { "name": "Women's Speciality Polyclinic", "amenity": "clinic", "building": null, "healthcare": null, "beds": null, "emergency": null }, "geometry": { "type": "Point", "coordinates": [ 77.6586628, 13.0236149 ] } },
{ "type": "Feature", "properties": { "name": "Vijaya Lakshmi Clinic", "amenity": "clinic", "building": null, "healthcare": null, "beds": null, "emergency": null }, "geometry": { "type": "Point", "coordinates": [ 77.6967523, 13.0227243 ] } },
{ "type": "Feature", "properties": { "name": "Maneet Poly Clinic", "amenity": "clinic", "building": null, "healthcare": null, "beds": null, "emergency": null }, "geometry": { "type": "Point", "coordinates": [ 77.6573009, 13.0209741 ] } },
{ "type": "Feature", "properties": { "name": "Aashraya ENT Healthcare", "amenity": "clinic", "building": null, "healthcare": null, "beds": null, "emergency": null }, "geometry": { "type": "Point", "coordinates": [ 77.674772, 12.985028 ] } },
{ "type": "Feature", "properties": { "name": "Sri Venkateshwara Clinic", "amenity": "clinic", "building": null, "healthcare": null, "beds": null, "emergency": null }, "geometry": { "type": "Point", "coordinates": [ 77.6625832, 13.0281599 ] } },
{ "type": "Feature", "properties": { "name": "Stroke Treatment Paralysis", "amenity": "hospital", "building": null, "healthcare": null, "beds": null, "emergency": null }, "geometry": { "type": "Point", "coordinates": [ 77.6585299, 13.0239995 ] } },
{ "type": "Feature", "properties": { "name": "Apple Clinic", "amenity": "clinic", "building": null, "healthcare": "clinic", "beds": null, "emergency": null }, "geometry": { "type": "Point", "coordinates": [ 77.6767223, 12.9731172 ] } },
{ "type": "Feature", "properties": { "name": "Geriatric Hospitals", "amenity": "hospital", "building": null, "healthcare": null, "beds": null, "emergency": null }, "geometry": { "type": "Point", "coordinates": [ 77.6599575, 13.0283977 ] } },
{ "type": "Feature", "properties": { "name": "Sri Krishna Physiotherapy Clinic", "amenity": "clinic", "building": null, "healthcare": null, "beds": null, "emergency": null }, "geometry": { "type": "Point", "coordinates": [ 77.7083063, 13.0045892 ] } },
{ "type": "Feature", "properties": { "name": "Shyam ENT clinic", "amenity": "clinic", "building": null, "healthcare": null, "beds": null, "emergency": null }, "geometry": { "type": "Point", "coordinates": [ 77.697752, 13.012492 ] } },
{ "type": "Feature", "properties": { "name": "Bhavani Skin & Cosmetology Clinic", "amenity": "clinic", "building": null, "healthcare": null, "beds": null, "emergency": null }, "geometry": { "type": "Point", "coordinates": [ 77.6970612, 13.0100916 ] } },
{ "type": "Feature", "properties": { "name": "Cure Multi Speciality Clinic", "amenity": "clinic", "building": null, "healthcare": "clinic", "beds": null, "emergency": null }, "geometry": { "type": "Point", "coordinates": [ 77.6804922, 12.9722387 ] } },
{ "type": "Feature", "properties": { "name": "Health Plus Multi Speciality Hospital", "amenity": "hospital", "building": null, "healthcare": null, "beds": null, "emergency": null }, "geometry": { "type": "Point", "coordinates": [ 77.6994046, 13.0219523 ] } },
{ "type": "Feature", "properties": { "name": "Chirayu Health care centre", "amenity": "clinic", "building": null, "healthcare": null, "beds": null, "emergency": null }, "geometry": { "type": "Point", "coordinates": [ 77.7016795, 12.9936892 ] } },
{ "type": "Feature", "properties": { "name": "Pragathi Piles Hospital", "amenity": "hospital", "building": null, "healthcare": null, "beds": null, "emergency": null }, "geometry": { "type": "Point", "coordinates": [ 77.671863, 12.9966313 ] } },
{ "type": "Feature", "properties": { "name": "Sri Vinayaka Clinic", "amenity": "clinic", "building": null, "healthcare": null, "beds": null, "emergency": null }, "geometry": { "type": "Point", "coordinates": [ 77.6728775, 12.9930144 ] } },
{ "type": "Feature", "properties": { "name": "Priya Health Care", "amenity": "clinic", "building": null, "healthcare": "clinic", "beds": null, "emergency": null }, "geometry": { "type": "Point", "coordinates": [ 77.6801239, 12.972726 ] } },
{ "type": "Feature", "properties": { "name": "People's Clinic", "amenity": "clinic", "building": null, "healthcare": null, "beds": null, "emergency": null }, "geometry": { "type": "Point", "coordinates": [ 77.6587297, 13.024278 ] } },
{ "type": "Feature", "properties": { "name": "Medicure Poly Clinic & Daycare Centre", "amenity": "clinic", "building": null, "healthcare": null, "beds": null, "emergency": null }, "geometry": { "type": "Point", "coordinates": [ 77.6719408, 12.9969609 ] } },
{ "type": "Feature", "properties": { "name": "The Children's Clinic", "amenity": "clinic", "building": null, "healthcare": null, "beds": null, "emergency": null }, "geometry": { "type": "Point", "coordinates": [ 77.6587012, 13.0236678 ] } },
{ "type": "Feature", "properties": { "name": "Bharat Piles & Fistula Clinic", "amenity": "clinic", "building": null, "healthcare": null, "beds": null, "emergency": null }, "geometry": { "type": "Point", "coordinates": [ 77.7105179, 13.0037255 ] } },
{ "type": "Feature", "properties": { "name": "Tirumala Newborn Kids and Ortho Clinic", "amenity": "clinic", "building": null, "healthcare": null, "beds": null, "emergency": null }, "geometry": { "type": "Point", "coordinates": [ 77.707804, 13.010207 ] } },
{ "type": "Feature", "properties": { "name": "Rapha Polyclinic & Lab", "amenity": "clinic", "building": null, "healthcare": null, "beds": null, "emergency": null }, "geometry": { "type": "Point", "coordinates": [ 77.666082, 12.975622 ] } },
{ "type": "Feature", "properties": { "name": "Sandhya Clinic", "amenity": "clinic", "building": null, "healthcare": null, "beds": null, "emergency": null }, "geometry": { "type": "Point", "coordinates": [ 77.7094874, 13.0044028 ] } },
{ "type": "Feature", "properties": { "name": "Urban Kids Clinic", "amenity": "clinic", "building": null, "healthcare": null, "beds": null, "emergency": null }, "geometry": { "type": "Point", "coordinates": [ 77.6686663, 13.0308448 ] } },
{ "type": "Feature", "properties": { "name": "Tvacha Skin and Cosmetology Clinic", "amenity": "clinic", "building": null, "healthcare": null, "beds": null, "emergency": null }, "geometry": { "type": "Point", "coordinates": [ 77.675016, 12.9847338 ] } },
{ "type": "Feature", "properties": { "name": "Bright Children's Clinic", "amenity": "clinic", "building": null, "healthcare": null, "beds": null, "emergency": null }, "geometry": { "type": "Point", "coordinates": [ 77.6893075, 12.9893915 ] } },
{ "type": "Feature", "properties": { "name": "Shishu clinic", "amenity": "clinic", "building": null, "healthcare": null, "beds": null, "emergency": null }, "geometry": { "type": "Point", "coordinates": [ 77.6748005, 12.9850931 ] } },
{ "type": "Feature", "properties": { "name": "Mahaveer Hospitals", "amenity": "hospital", "building": null, "healthcare": null, "beds": null, "emergency": null }, "geometry": { "type": "Point", "coordinates": [ 77.6741439, 12.9895049 ] } },
{ "type": "Feature", "properties": { "name": "Rama Krishna Poly Clinic", "amenity": "clinic", "building": null, "healthcare": null, "beds": null, "emergency": null }, "geometry": { "type": "Point", "coordinates": [ 77.698662, 13.0076764 ] } },
{ "type": "Feature", "properties": { "name": "Motherhoodclinic", "amenity": "clinic", "building": null, "healthcare": null, "beds": null, "emergency": null }, "geometry": { "type": "Point", "coordinates": [ 77.658252, 13.022726 ] } },
{ "type": "Feature", "properties": { "name": "Sri Krishna Poly Clinic", "amenity": "clinic", "building": null, "healthcare": null, "beds": null, "emergency": null }, "geometry": { "type": "Point", "coordinates": [ 77.7125929, 13.0041888 ] } },
{ "type": "Feature", "properties": { "name": "Sai Kripa Nursing Home", "amenity": "clinic", "building": null, "healthcare": null, "beds": null, "emergency": null }, "geometry": { "type": "Point", "coordinates": [ 77.7029, 12.993824 ] } },
{ "type": "Feature", "properties": { "name": "Lyfas Digital Health Clinic", "amenity": "clinic", "building": null, "healthcare": null, "beds": null, "emergency": null }, "geometry": { "type": "Point", "coordinates": [ 77.694674, 12.992777 ] } },
{ "type": "Feature", "properties": { "name": "Sri Sai Child Clinic", "amenity": "clinic", "building": null, "healthcare": null, "beds": null, "emergency": null }, "geometry": { "type": "Point", "coordinates": [ 77.710878, 13.00509 ] } },
{ "type": "Feature", "properties": { "name": "Deepam Eye Clinic", "amenity": "clinic", "building": null, "healthcare": null, "beds": null, "emergency": null }, "geometry": { "type": "Point", "coordinates": [ 77.6754474, 12.9850241 ] } },
{ "type": "Feature", "properties": { "name": "Shree Srinivasa Homeo Clinic", "amenity": "clinic", "building": null, "healthcare": null, "beds": null, "emergency": null }, "geometry": { "type": "Point", "coordinates": [ 77.704279, 13.004699 ] } },
{ "type": "Feature", "properties": { "name": "Shubham Ayurvedic Clinic", "amenity": "clinic", "building": null, "healthcare": null, "beds": null, "emergency": null }, "geometry": { "type": "Point", "coordinates": [ 77.65971, 13.0219021 ] } },
{ "type": "Feature", "properties": { "name": "Netrajyoti Eye Centre", "amenity": "clinic", "building": null, "healthcare": null, "beds": null, "emergency": null }, "geometry": { "type": "Point", "coordinates": [ 77.6660888, 12.9750951 ] } },
{ "type": "Feature", "properties": { "name": "Sri Manjunatha Clinic", "amenity": "clinic", "building": null, "healthcare": null, "beds": null, "emergency": null }, "geometry": { "type": "Point", "coordinates": [ 77.710585, 13.01064 ] } },
{ "type": "Feature", "properties": { "name": "Eshawar HospItal", "amenity": "hospital", "building": null, "healthcare": null, "beds": null, "emergency": null }, "geometry": { "type": "Point", "coordinates": [ 77.6747693, 13.033219 ] } },
{ "type": "Feature", "properties": { "name": "Swiss Medic Health Care", "amenity": "clinic", "building": null, "healthcare": null, "beds": null, "emergency": null }, "geometry": { "type": "Point", "coordinates": [ 77.70227, 13.020731 ] } },
{ "type": "Feature", "properties": { "name": "Physiotherapy Clinic", "amenity": "clinic", "building": null, "healthcare": null, "beds": null, "emergency": null }, "geometry": { "type": "Point", "coordinates": [ 77.70278, 13.005267 ] } },
{ "type": "Feature", "properties": { "name": "Bhagya Sri Clinic", "amenity": "clinic", "building": null, "healthcare": null, "beds": null, "emergency": null }, "geometry": { "type": "Point", "coordinates": [ 77.700779, 13.00669 ] } },
{ "type": "Feature", "properties": { "name": "Sri Vinayaka Homeopathic Clinic", "amenity": "clinic", "building": null, "healthcare": null, "beds": null, "emergency": null }, "geometry": { "type": "Point", "coordinates": [ 77.671732, 12.985164 ] } },
{ "type": "Feature", "properties": { "name": "Sri Krishna Ayurvedic Clinic", "amenity": "clinic", "building": null, "healthcare": null, "beds": null, "emergency": null }, "geometry": { "type": "Point", "coordinates": [ 77.6915736, 13.0241655 ] } },
{ "type": "Feature", "properties": { "name": "Dr. Pranjali Srivastava's Clinic", "amenity": "clinic", "building": null, "healthcare": null, "beds": null, "emergency": null }, "geometry": { "type": "Point", "coordinates": [ 77.680126, 12.9807085 ] } },
{ "type": "Feature", "properties": { "name": "Medihope Super Specialty Hospital", "amenity": "hospital", "building": null, "healthcare": "hospital", "beds": null, "emergency": null }, "geometry": { "type": "Point", "coordinates": [ 77.675186, 12.973637 ] } },
{ "type": "Feature", "properties": { "name": "Cure N Care Hospital", "amenity": "hospital", "building": null, "healthcare": null, "beds": null, "emergency": null }, "geometry": { "type": "Point", "coordinates": [ 77.676589, 12.989869 ] } },
{ "type": "Feature", "properties": { "name": "Dr. Mohan Babu's Clinic", "amenity": "clinic", "building": null, "healthcare": null, "beds": null, "emergency": null }, "geometry": { "type": "Point", "coordinates": [ 77.7058751, 13.0112993 ] } },
{ "type": "Feature", "properties": { "name": "Nava Chaithanya Clinic", "amenity": "clinic", "building": null, "healthcare": null, "beds": null, "emergency": null }, "geometry": { "type": "Point", "coordinates": [ 77.6599541, 13.0255719 ] } },
{ "type": "Feature", "properties": { "name": "Trinity Homeopathy Clinic", "amenity": "clinic", "building": null, "healthcare": null, "beds": null, "emergency": null }, "geometry": { "type": "Point", "coordinates": [ 77.6811339, 12.9949978 ] } },
{ "type": "Feature", "properties": { "name": "Lifespan Diabetic Clinic", "amenity": "clinic", "building": null, "healthcare": null, "beds": null, "emergency": null }, "geometry": { "type": "Point", "coordinates": [ 77.6587343, 13.0234596 ] } },
{ "type": "Feature", "properties": { "name": "Mahayogam Clinic", "amenity": "clinic", "building": null, "healthcare": null, "beds": null, "emergency": null }, "geometry": { "type": "Point", "coordinates": [ 77.6727018, 12.9961003 ] } },
{ "type": "Feature", "properties": { "name": "Niswaras Homeopathy Clinic", "amenity": "clinic", "building": null, "healthcare": null, "beds": null, "emergency": null }, "geometry": { "type": "Point", "coordinates": [ 77.6812547, 13.028101 ] } },
{ "type": "Feature", "properties": { "name": "Dr. Rao's Skin Clinic", "amenity": "clinic", "building": null, "healthcare": null, "beds": null, "emergency": null }, "geometry": { "type": "Point", "coordinates": [ 77.7120772, 13.0042829 ] } },
{ "type": "Feature", "properties": { "name": "Sad Bydya Shala Ayurvedic Hospital", "amenity": "hospital", "building": null, "healthcare": null, "beds": null, "emergency": null }, "geometry": { "type": "Point", "coordinates": [ 77.6969464, 13.0106539 ] } },
{ "type": "Feature", "properties": { "name": "Curewell Clinic", "amenity": "clinic", "building": null, "healthcare": null, "beds": null, "emergency": null }, "geometry": { "type": "Point", "coordinates": [ 77.6996955, 13.0065775 ] } },
{ "type": "Feature", "properties": { "name": "Sri Lakshmi Super Speciality Hospital", "amenity": "hospital", "building": null, "healthcare": null, "beds": null, "emergency": null }, "geometry": { "type": "Point", "coordinates": [ 77.697361, 13.011115 ] } },
{ "type": "Feature", "properties": { "name": "GSR Dental & Health Care", "amenity": "clinic", "building": null, "healthcare": null, "beds": null, "emergency": null }, "geometry": { "type": "Point", "coordinates": [ 77.691932, 13.0239661 ] } },
{ "type": "Feature", "properties": { "name": "Amma Poly Clinic", "amenity": "clinic", "building": null, "healthcare": null, "beds": null, "emergency": null }, "geometry": { "type": "Point", "coordinates": [ 77.6917622, 13.0239342 ] } },
{ "type": "Feature", "properties": { "name": "Grihi's Diabetes Centre", "amenity": "clinic", "building": null, "healthcare": null, "beds": null, "emergency": null }, "geometry": { "type": "Point", "coordinates": [ 77.680094, 12.9807404 ] } },
{ "type": "Feature", "properties": { "name": "Sreenivasa Poly Clinic", "amenity": "clinic", "building": null, "healthcare": null, "beds": null, "emergency": null }, "geometry": { "type": "Point", "coordinates": [ 77.6845282, 12.9887324 ] } },
{ "type": "Feature", "properties": { "name": "Heal & Comfort Homeopathic Clinic", "amenity": "clinic", "building": null, "healthcare": null, "beds": null, "emergency": null }, "geometry": { "type": "Point", "coordinates": [ 77.6724794, 12.9954417 ] } },
{ "type": "Feature", "properties": { "name": "Shree Clinic", "amenity": "clinic", "building": null, "healthcare": null, "beds": null, "emergency": null }, "geometry": { "type": "Point", "coordinates": [ 77.682325, 13.0301944 ] } },
{ "type": "Feature", "properties": { "name": "Winter Mist Clinic", "amenity": "clinic", "building": null, "healthcare": null, "beds": null, "emergency": null }, "geometry": { "type": "Point", "coordinates": [ 77.6744171, 12.9841083 ] } },
{ "type": "Feature", "properties": { "name": "IMS Clinic", "amenity": "clinic", "building": null, "healthcare": null, "beds": null, "emergency": null }, "geometry": { "type": "Point", "coordinates": [ 77.6835962, 12.9915097 ] } },
{ "type": "Feature", "properties": { "name": "Kids Health Link", "amenity": "hospital", "building": null, "healthcare": null, "beds": null, "emergency": null }, "geometry": { "type": "Point", "coordinates": [ 77.7128759, 13.0031938 ] } },
{ "type": "Feature", "properties": { "name": "Matrusree Clinic", "amenity": "clinic", "building": null, "healthcare": null, "beds": null, "emergency": null }, "geometry": { "type": "Point", "coordinates": [ 77.672821, 12.992589 ] } },
{ "type": "Feature", "properties": { "name": "R K Polyclinic", "amenity": "clinic", "building": null, "healthcare": null, "beds": null, "emergency": null }, "geometry": { "type": "Point", "coordinates": [ 77.6747772, 13.0329207 ] } },
{ "type": "Feature", "properties": { "name": "Prakruti Hospital", "amenity": "hospital", "building": null, "healthcare": null, "beds": null, "emergency": null }, "geometry": { "type": "Point", "coordinates": [ 77.6757833, 12.991561 ] } },
{ "type": "Feature", "properties": { "name": "Ashwin Clinic", "amenity": "clinic", "building": null, "healthcare": "clinic", "beds": null, "emergency": null }, "geometry": { "type": "Point", "coordinates": [ 77.6797057, 12.9724717 ] } },
{ "type": "Feature", "properties": { "name": "Vishwa Health Care Centre", "amenity": "clinic", "building": null, "healthcare": null, "beds": null, "emergency": null }, "geometry": { "type": "Point", "coordinates": [ 77.6997973, 13.0061511 ] } },
{ "type": "Feature", "properties": { "name": "Easwari Clinic", "amenity": "clinic", "building": null, "healthcare": "clinic", "beds": null, "emergency": null }, "geometry": { "type": "Point", "coordinates": [ 77.678669, 12.9742126 ] } },
{ "type": "Feature", "properties": { "name": "Spectrum Physio Centre", "amenity": "clinic", "building": null, "healthcare": null, "beds": null, "emergency": null }, "geometry": { "type": "Point", "coordinates": [ 77.676051, 12.9851886 ] } },
{ "type": "Feature", "properties": { "name": "Venkateshwara Clinic", "amenity": "clinic", "building": null, "healthcare": null, "beds": null, "emergency": null }, "geometry": { "type": "Point", "coordinates": [ 77.683904, 12.991679 ] } },
{ "type": "Feature", "properties": { "name": "Sri Vinayaka Child Care Clinic", "amenity": "clinic", "building": null, "healthcare": null, "beds": null, "emergency": null }, "geometry": { "type": "Point", "coordinates": [ 77.6905904, 13.0233824 ] } },
{ "type": "Feature", "properties": { "name": "Deepa Clinic", "amenity": "clinic", "building": null, "healthcare": null, "beds": null, "emergency": null }, "geometry": { "type": "Point", "coordinates": [ 77.703108, 13.005255 ] } },
{ "type": "Feature", "properties": { "name": "Amrutha Healthcare", "amenity": "hospital", "building": null, "healthcare": null, "beds": null, "emergency": null }, "geometry": { "type": "Point", "coordinates": [ 77.7114153, 13.0042616 ] } },
{ "type": "Feature", "properties": { "name": "Tata Health Clinic", "amenity": "clinic", "building": null, "healthcare": "clinic", "beds": null, "emergency": null }, "geometry": { "type": "Point", "coordinates": [ 77.7027556, 12.9924407 ] } },
{ "type": "Feature", "properties": { "name": "Maithri Nursing Maternity Home", "amenity": "clinic", "building": null, "healthcare": null, "beds": null, "emergency": null }, "geometry": { "type": "Point", "coordinates": [ 77.6964983, 13.0078685 ] } },
{ "type": "Feature", "properties": { "name": "Sri Manjunatha Clinic", "amenity": "clinic", "building": null, "healthcare": null, "beds": null, "emergency": null }, "geometry": { "type": "Point", "coordinates": [ 77.7082449, 13.0044733 ] } },
{ "type": "Feature", "properties": { "name": "Raju Institute Of Nephro Urology Clinic", "amenity": "clinic", "building": null, "healthcare": null, "beds": null, "emergency": null }, "geometry": { "type": "Point", "coordinates": [ 77.5388826, 12.9679511 ] } },
{ "type": "Feature", "properties": { "name": "Shifa Health Care Clinic", "amenity": "clinic", "building": null, "healthcare": null, "beds": null, "emergency": null }, "geometry": { "type": "Point", "coordinates": [ 77.525125, 12.972363 ] } },
{ "type": "Feature", "properties": { "name": "Kamadhenu Hospital", "amenity": "hospital", "building": null, "healthcare": null, "beds": null, "emergency": null }, "geometry": { "type": "Point", "coordinates": [ 77.534972, 12.975501 ] } },
{ "type": "Feature", "properties": { "name": "Dr. Rajesh Hospitals Eye and Dental", "amenity": "hospital", "building": null, "healthcare": "hospital", "beds": null, "emergency": null }, "geometry": { "type": "Point", "coordinates": [ 77.6422131, 12.9688989 ] } },
{ "type": "Feature", "properties": { "name": "Bhadrahomeo", "amenity": "clinic", "building": null, "healthcare": null, "beds": null, "emergency": null }, "geometry": { "type": "Point", "coordinates": [ 77.654655, 12.955763 ] } },
{ "type": "Feature", "properties": { "name": "OJUS Multi Speciality Hospital", "amenity": "hospital", "building": null, "healthcare": null, "beds": null, "emergency": null }, "geometry": { "type": "Point", "coordinates": [ 77.653945, 12.957269 ] } },
{ "type": "Feature", "properties": { "name": "Nidevs Child Care", "amenity": "clinic", "building": null, "healthcare": null, "beds": null, "emergency": null }, "geometry": { "type": "Point", "coordinates": [ 77.5302028, 12.9764141 ] } },
{ "type": "Feature", "properties": { "name": "Vaidyamrutha Child Clinic", "amenity": "clinic", "building": null, "healthcare": "clinic", "beds": null, "emergency": null }, "geometry": { "type": "Point", "coordinates": [ 77.5265115, 12.9570701 ] } },
{ "type": "Feature", "properties": { "name": "Benaka Hospital", "amenity": "hospital", "building": null, "healthcare": null, "beds": null, "emergency": null }, "geometry": { "type": "Point", "coordinates": [ 77.5289448, 12.9835824 ] } },
{ "type": "Feature", "properties": { "name": "Dr. K Monika Yadav Clinic", "amenity": "clinic", "building": null, "healthcare": null, "beds": null, "emergency": null }, "geometry": { "type": "Point", "coordinates": [ 77.6598023, 12.9586811 ] } },
{ "type": "Feature", "properties": { "name": "Adarsha Clinic", "amenity": "clinic", "building": null, "healthcare": null, "beds": null, "emergency": null }, "geometry": { "type": "Point", "coordinates": [ 77.5442417, 12.9794497 ] } },
{ "type": "Feature", "properties": { "name": "Archana Clinic", "amenity": "clinic", "building": null, "healthcare": null, "beds": null, "emergency": null }, "geometry": { "type": "Point", "coordinates": [ 77.53183, 12.971816 ] } },
{ "type": "Feature", "properties": { "name": "Vanitha Child Care & Skin Clinic", "amenity": "clinic", "building": null, "healthcare": null, "beds": null, "emergency": null }, "geometry": { "type": "Point", "coordinates": [ 77.5357741, 12.9741101 ] } },
{ "type": "Feature", "properties": { "name": "Goverment Hospital, Hosahalli", "amenity": "hospital", "building": null, "healthcare": null, "beds": null, "emergency": null }, "geometry": { "type": "Point", "coordinates": [ 77.5342045, 12.9744928 ] } },
{ "type": "Feature", "properties": { "name": "Jhon's Medical Hospital", "amenity": "hospital", "building": null, "healthcare": null, "beds": null, "emergency": null }, "geometry": { "type": "Point", "coordinates": [ 77.6662889, 12.9635299 ] } },
{ "type": "Feature", "properties": { "name": "Vijaya Hospital", "amenity": "hospital", "building": null, "healthcare": null, "beds": null, "emergency": null }, "geometry": { "type": "Point", "coordinates": [ 77.5226459, 12.96767 ] } },
{ "type": "Feature", "properties": { "name": "Dr. Nagbhushan Skin Care Clinic", "amenity": "clinic", "building": null, "healthcare": null, "beds": null, "emergency": null }, "geometry": { "type": "Point", "coordinates": [ 77.541939, 12.972589 ] } },
{ "type": "Feature", "properties": { "name": "Government Hospital", "amenity": "hospital", "building": null, "healthcare": null, "beds": null, "emergency": null }, "geometry": { "type": "Point", "coordinates": [ 77.5251934, 12.9780731 ] } },
{ "type": "Feature", "properties": { "name": "Raju Health Centre", "amenity": "clinic", "building": null, "healthcare": null, "beds": null, "emergency": null }, "geometry": { "type": "Point", "coordinates": [ 77.6709431, 12.9625212 ] } },
{ "type": "Feature", "properties": { "name": "Asha ENT Clinic", "amenity": "clinic", "building": null, "healthcare": null, "beds": null, "emergency": null }, "geometry": { "type": "Point", "coordinates": [ 77.5251332, 12.970893 ] } },
{ "type": "Feature", "properties": { "name": "Sriprasad Ayurveda", "amenity": "hospital", "building": null, "healthcare": null, "beds": null, "emergency": null }, "geometry": { "type": "Point", "coordinates": [ 77.5462808, 12.9734087 ] } },
{ "type": "Feature", "properties": { "name": "Vidya Eye Hospital", "amenity": "hospital", "building": null, "healthcare": "hospital", "beds": null, "emergency": null }, "geometry": { "type": "Point", "coordinates": [ 77.5377684, 12.9707429 ] } },
{ "type": "Feature", "properties": { "name": "Sai Baba Hospital", "amenity": "hospital", "building": null, "healthcare": null, "beds": null, "emergency": null }, "geometry": { "type": "Point", "coordinates": [ 77.6317472, 12.9698194 ] } },
{ "type": "Feature", "properties": { "name": "Vijayanagar ENT Care Centre", "amenity": "clinic", "building": null, "healthcare": null, "beds": null, "emergency": null }, "geometry": { "type": "Point", "coordinates": [ 77.5415094, 12.9731159 ] } },
{ "type": "Feature", "properties": { "name": "Medivision Clinic", "amenity": "clinic", "building": null, "healthcare": null, "beds": null, "emergency": null }, "geometry": { "type": "Point", "coordinates": [ 77.6493844, 12.9548249 ] } },
{ "type": "Feature", "properties": { "name": "Nms Sanjivini Health Center", "amenity": "clinic", "building": null, "healthcare": null, "beds": null, "emergency": null }, "geometry": { "type": "Point", "coordinates": [ 77.6701879, 12.9674869 ] } },
{ "type": "Feature", "properties": { "name": "Dr. Harish Tyagi Clinic", "amenity": "clinic", "building": null, "healthcare": null, "beds": null, "emergency": null }, "geometry": { "type": "Point", "coordinates": [ 77.6719687, 12.9644469 ] } },
{ "type": "Feature", "properties": { "name": "Shree Sai Speciality Hospital", "amenity": "hospital", "building": null, "healthcare": null, "beds": null, "emergency": null }, "geometry": { "type": "Point", "coordinates": [ 77.6418006, 12.9555948 ] } },
{ "type": "Feature", "properties": { "name": "Shree Dhanvantari Ayurveda Hospital", "amenity": "hospital", "building": null, "healthcare": null, "beds": null, "emergency": null }, "geometry": { "type": "Point", "coordinates": [ 77.5222312, 12.9615606 ] } },
{ "type": "Feature", "properties": { "name": "Orthopaedic & Skin Clinic", "amenity": "clinic", "building": null, "healthcare": null, "beds": null, "emergency": null }, "geometry": { "type": "Point", "coordinates": [ 77.6442492, 12.9649324 ] } },
{ "type": "Feature", "properties": { "name": "Ganesh Clinic", "amenity": "clinic", "building": null, "healthcare": null, "beds": null, "emergency": null }, "geometry": { "type": "Point", "coordinates": [ 77.5419489, 12.9695016 ] } },
{ "type": "Feature", "properties": { "name": "Shree Maternity", "amenity": "clinic", "building": null, "healthcare": null, "beds": null, "emergency": null }, "geometry": { "type": "Point", "coordinates": [ 77.550187, 12.981027 ] } },
{ "type": "Feature", "properties": { "name": "Dr. Vasudeva's Orthopaedic Clinic", "amenity": "clinic", "building": null, "healthcare": null, "beds": null, "emergency": null }, "geometry": { "type": "Point", "coordinates": [ 77.5434425, 12.9716512 ] } },
{ "type": "Feature", "properties": { "name": "Sudharma Homeo Clinic", "amenity": "clinic", "building": null, "healthcare": null, "beds": null, "emergency": null }, "geometry": { "type": "Point", "coordinates": [ 77.5440361, 12.9752941 ] } },
{ "type": "Feature", "properties": { "name": "Sri Sai Dental Esthetic & Surgical Clinic", "amenity": "clinic", "building": null, "healthcare": null, "beds": null, "emergency": null }, "geometry": { "type": "Point", "coordinates": [ 77.5400982, 12.9757136 ] } },
{ "type": "Feature", "properties": { "name": "Ideal Health Care Centre", "amenity": "clinic", "building": null, "healthcare": null, "beds": null, "emergency": null }, "geometry": { "type": "Point", "coordinates": [ 77.504309, 12.962759 ] } },
{ "type": "Feature", "properties": { "name": "Srinivasam Cancer Care Multi Speciality Hospital", "amenity": "hospital", "building": null, "healthcare": null, "beds": null, "emergency": null }, "geometry": { "type": "Point", "coordinates": [ 77.523151, 12.961509 ] } },
{ "type": "Feature", "properties": { "name": "GHOC Clinic", "amenity": "clinic", "building": null, "healthcare": null, "beds": null, "emergency": null }, "geometry": { "type": "Point", "coordinates": [ 77.5424542, 12.966677 ] } },
{ "type": "Feature", "properties": { "name": "Smile Studio Oral Care", "amenity": "clinic", "building": null, "healthcare": null, "beds": null, "emergency": null }, "geometry": { "type": "Point", "coordinates": [ 77.5400815, 12.9719944 ] } },
{ "type": "Feature", "properties": { "name": "Dr. Veena's Ayurvedalaya", "amenity": "clinic", "building": null, "healthcare": null, "beds": null, "emergency": null }, "geometry": { "type": "Point", "coordinates": [ 77.511541, 12.97748 ] } },
{ "type": "Feature", "properties": { "name": "Vijayanagar ENT Care Centre", "amenity": "clinic", "building": null, "healthcare": null, "beds": null, "emergency": null }, "geometry": { "type": "Point", "coordinates": [ 77.534597, 12.974213 ] } },
{ "type": "Feature", "properties": { "name": "Chethana Homeo Clinic", "amenity": "clinic", "building": null, "healthcare": null, "beds": null, "emergency": null }, "geometry": { "type": "Point", "coordinates": [ 77.5352515, 12.9744871 ] } },
{ "type": "Feature", "properties": { "name": "Nandini Children Clinic", "amenity": "clinic", "building": null, "healthcare": null, "beds": null, "emergency": null }, "geometry": { "type": "Point", "coordinates": [ 77.5353795, 12.9742311 ] } },
{ "type": "Feature", "properties": { "name": "Pandu Eye Clinic", "amenity": "clinic", "building": null, "healthcare": null, "beds": null, "emergency": null }, "geometry": { "type": "Point", "coordinates": [ 77.6601889, 12.9557318 ] } },
{ "type": "Feature", "properties": { "name": "Samruddhi Health Care Centre", "amenity": "clinic", "building": null, "healthcare": null, "beds": null, "emergency": null }, "geometry": { "type": "Point", "coordinates": [ 77.6728616, 12.9676391 ] } },
{ "type": "Feature", "properties": { "name": "Prashanthi Ayurvedic Centre", "amenity": "clinic", "building": null, "healthcare": null, "beds": null, "emergency": null }, "geometry": { "type": "Point", "coordinates": [ 77.524811, 12.97004 ] } },
{ "type": "Feature", "properties": { "name": "Lifeline Polyclinic", "amenity": "clinic", "building": null, "healthcare": null, "beds": null, "emergency": null }, "geometry": { "type": "Point", "coordinates": [ 77.6742181, 12.9645871 ] } },
{ "type": "Feature", "properties": { "name": "Vasan Eye Care", "amenity": "clinic", "building": null, "healthcare": null, "beds": null, "emergency": null }, "geometry": { "type": "Point", "coordinates": [ 77.5357939, 12.968877 ] } },
{ "type": "Feature", "properties": { "name": "Sri Balaji Clinic", "amenity": "clinic", "building": null, "healthcare": null, "beds": null, "emergency": null }, "geometry": { "type": "Point", "coordinates": [ 77.6657706, 12.9705317 ] } },
{ "type": "Feature", "properties": { "name": "Cosmic Health Centre", "amenity": "clinic", "building": null, "healthcare": null, "beds": null, "emergency": null }, "geometry": { "type": "Point", "coordinates": [ 77.5109494, 12.9623461 ] } },
{ "type": "Feature", "properties": { "name": "Deepak Clinic", "amenity": "clinic", "building": null, "healthcare": "clinic", "beds": null, "emergency": null }, "geometry": { "type": "Point", "coordinates": [ 77.6591485, 12.9561278 ] } },
{ "type": "Feature", "properties": { "name": "Ghagare Health Care Clinic", "amenity": "clinic", "building": null, "healthcare": null, "beds": null, "emergency": null }, "geometry": { "type": "Point", "coordinates": [ 77.6229194, 12.9767057 ] } },
{ "type": "Feature", "properties": { "name": "Magdum Hospital", "amenity": "hospital", "building": null, "healthcare": "hospital", "beds": null, "emergency": null }, "geometry": { "type": "Point", "coordinates": [ 77.6603768, 12.9589495 ] } },
{ "type": "Feature", "properties": { "name": "Athoz Hospitals", "amenity": "hospital", "building": null, "healthcare": "hospital", "beds": null, "emergency": null }, "geometry": { "type": "Point", "coordinates": [ 77.6424996, 12.9673428 ] } },
{ "type": "Feature", "properties": { "name": "Pavithra Kids Care Clinic", "amenity": "clinic", "building": null, "healthcare": null, "beds": null, "emergency": null }, "geometry": { "type": "Point", "coordinates": [ 77.5233951, 12.9656976 ] } },
{ "type": "Feature", "properties": { "name": "G.R. Hospital", "amenity": "hospital", "building": null, "healthcare": null, "beds": null, "emergency": null }, "geometry": { "type": "Point", "coordinates": [ 77.5548818, 12.9802303 ] } },
{ "type": "Feature", "properties": { "name": "Sneha Horizon Hospital", "amenity": "hospital", "building": null, "healthcare": null, "beds": null, "emergency": null }, "geometry": { "type": "Point", "coordinates": [ 77.5358001, 12.9754301 ] } },
{ "type": "Feature", "properties": { "name": "Anirudh Skin Clinic", "amenity": "clinic", "building": null, "healthcare": null, "beds": null, "emergency": null }, "geometry": { "type": "Point", "coordinates": [ 77.5214032, 12.9615441 ] } },
{ "type": "Feature", "properties": { "name": "Sri Krishna Clinic", "amenity": "clinic", "building": null, "healthcare": null, "beds": null, "emergency": null }, "geometry": { "type": "Point", "coordinates": [ 77.5546401, 12.9801974 ] } },
{ "type": "Feature", "properties": { "name": "Jagjeevanram Hospital", "amenity": "hospital", "building": null, "healthcare": null, "beds": null, "emergency": null }, "geometry": { "type": "Point", "coordinates": [ 77.524492, 12.968292 ] } },
{ "type": "Feature", "properties": { "name": "Kangroo Hospital", "amenity": "hospital", "building": null, "healthcare": null, "beds": null, "emergency": null }, "geometry": { "type": "Point", "coordinates": [ 77.542325, 12.974339 ] } },
{ "type": "Feature", "properties": { "name": "AR Diagnostic Healthcare and Polyclinic", "amenity": "clinic", "building": null, "healthcare": null, "beds": null, "emergency": null }, "geometry": { "type": "Point", "coordinates": [ 77.653738, 12.9566333 ] } },
{ "type": "Feature", "properties": { "name": "Dr. Reddy ENT Care Centre", "amenity": "clinic", "building": null, "healthcare": null, "beds": null, "emergency": null }, "geometry": { "type": "Point", "coordinates": [ 77.5066914, 12.9595267 ] } },
{ "type": "Feature", "properties": { "name": "Darshan Clinic", "amenity": "clinic", "building": null, "healthcare": null, "beds": null, "emergency": null }, "geometry": { "type": "Point", "coordinates": [ 77.5349489, 12.9716979 ] } },
{ "type": "Feature", "properties": { "name": "Abhinav Hospital", "amenity": "hospital", "building": null, "healthcare": null, "beds": null, "emergency": null }, "geometry": { "type": "Point", "coordinates": [ 77.553782, 12.9757486 ] } },
{ "type": "Feature", "properties": { "name": "Suhusannidhi Hospital", "amenity": "hospital", "building": null, "healthcare": null, "beds": null, "emergency": null }, "geometry": { "type": "Point", "coordinates": [ 77.534951, 12.969102 ] } },
{ "type": "Feature", "properties": { "name": "Abivrud Cancer Care & Research Centre", "amenity": "hospital", "building": null, "healthcare": null, "beds": null, "emergency": null }, "geometry": { "type": "Point", "coordinates": [ 77.4973049, 12.963967 ] } },
{ "type": "Feature", "properties": { "name": "Panchsheela Nagar Hospital", "amenity": "hospital", "building": null, "healthcare": null, "beds": null, "emergency": null }, "geometry": { "type": "Point", "coordinates": [ 77.5208943, 12.9745497 ] } },
{ "type": "Feature", "properties": { "name": "ESIC Hospital", "amenity": "hospital", "building": null, "healthcare": null, "beds": null, "emergency": null }, "geometry": { "type": "Point", "coordinates": [ 77.6317545, 12.9693009 ] } },
{ "type": "Feature", "properties": { "name": "Shivjyoti Clinic", "amenity": "clinic", "building": null, "healthcare": "clinic", "beds": null, "emergency": null }, "geometry": { "type": "Point", "coordinates": [ 77.6453841, 12.9685528 ] } },
{ "type": "Feature", "properties": { "name": "Guru Shree Polyclinic", "amenity": "clinic", "building": null, "healthcare": null, "beds": null, "emergency": null }, "geometry": { "type": "Point", "coordinates": [ 77.524968, 12.9715355 ] } },
{ "type": "Feature", "properties": { "name": "Dr. Banerjee Homeopathy Clinic", "amenity": "clinic", "building": null, "healthcare": null, "beds": null, "emergency": null }, "geometry": { "type": "Point", "coordinates": [ 77.6350988, 12.9714838 ] } },
{ "type": "Feature", "properties": { "name": "Sai Ortho and Dental Centre", "amenity": "hospital", "building": null, "healthcare": null, "beds": null, "emergency": null }, "geometry": { "type": "Point", "coordinates": [ 77.5360801, 12.9698191 ] } },
{ "type": "Feature", "properties": { "name": "Orthotrend Clinic", "amenity": "clinic", "building": null, "healthcare": null, "beds": null, "emergency": null }, "geometry": { "type": "Point", "coordinates": [ 77.6300504, 12.9694023 ] } },
{ "type": "Feature", "properties": { "name": "Ammashrees Hospital", "amenity": "hospital", "building": null, "healthcare": null, "beds": null, "emergency": null }, "geometry": { "type": "Point", "coordinates": [ 77.5441641, 12.9794315 ] } },
{ "type": "Feature", "properties": { "name": "Lohitha Hospital", "amenity": "hospital", "building": null, "healthcare": null, "beds": null, "emergency": null }, "geometry": { "type": "Point", "coordinates": [ 77.64308, 12.963951 ] } },
{ "type": "Feature", "properties": { "name": "Government Hospital", "amenity": "hospital", "building": null, "healthcare": null, "beds": null, "emergency": null }, "geometry": { "type": "Point", "coordinates": [ 77.5188899, 12.9639829 ] } },
{ "type": "Feature", "properties": { "name": "Orthopaedic Clinic", "amenity": "clinic", "building": null, "healthcare": null, "beds": null, "emergency": null }, "geometry": { "type": "Point", "coordinates": [ 77.544146, 12.9746 ] } },
{ "type": "Feature", "properties": { "name": "Revathi Hospital", "amenity": "hospital", "building": null, "healthcare": null, "beds": null, "emergency": null }, "geometry": { "type": "Point", "coordinates": [ 77.5015759, 12.9679971 ] } },
{ "type": "Feature", "properties": { "name": "Evacare Women's Clinic", "amenity": "clinic", "building": null, "healthcare": null, "beds": null, "emergency": null }, "geometry": { "type": "Point", "coordinates": [ 77.5469217, 12.9717565 ] } },
{ "type": "Feature", "properties": { "name": "Shanthakumari Hospital", "amenity": "hospital", "building": null, "healthcare": null, "beds": null, "emergency": null }, "geometry": { "type": "Point", "coordinates": [ 77.5188263, 12.9637162 ] } },
{ "type": "Feature", "properties": { "name": "Synergy Healthcare", "amenity": "clinic", "building": null, "healthcare": null, "beds": null, "emergency": null }, "geometry": { "type": "Point", "coordinates": [ 77.536474, 12.969262 ] } },
{ "type": "Feature", "properties": { "name": "Bengaluru Child Neurology and Rehabilitaion Centre", "amenity": "hospital", "building": null, "healthcare": null, "beds": null, "emergency": null }, "geometry": { "type": "Point", "coordinates": [ 77.5461246, 12.9735574 ] } },
{ "type": "Feature", "properties": { "name": "Sumati Hospital", "amenity": "hospital", "building": null, "healthcare": null, "beds": null, "emergency": null }, "geometry": { "type": "Point", "coordinates": [ 77.524439, 12.976379 ] } },
{ "type": "Feature", "properties": { "name": "Bangalore Psoriasis Clinic", "amenity": "clinic", "building": null, "healthcare": null, "beds": null, "emergency": null }, "geometry": { "type": "Point", "coordinates": [ 77.662852, 12.958114 ] } },
{ "type": "Feature", "properties": { "name": "SNP Homoeopathy Clinic", "amenity": "clinic", "building": null, "healthcare": null, "beds": null, "emergency": null }, "geometry": { "type": "Point", "coordinates": [ 77.6716941, 12.9640923 ] } },
{ "type": "Feature", "properties": { "name": "Ranganatha Clinic", "amenity": "clinic", "building": null, "healthcare": null, "beds": null, "emergency": null }, "geometry": { "type": "Point", "coordinates": [ 77.5246346, 12.9766618 ] } },
{ "type": "Feature", "properties": { "name": "Alpha Ortho Clinic", "amenity": "clinic", "building": null, "healthcare": null, "beds": null, "emergency": null }, "geometry": { "type": "Point", "coordinates": [ 77.5264675, 12.9706942 ] } },
{ "type": "Feature", "properties": { "name": "Vijaya Netralaya", "amenity": "clinic", "building": null, "healthcare": null, "beds": null, "emergency": null }, "geometry": { "type": "Point", "coordinates": [ 77.5130087, 12.9745782 ] } },
{ "type": "Feature", "properties": { "name": "Dr. Hemant Agrawal", "amenity": "hospital", "building": null, "healthcare": "hospital", "beds": null, "emergency": null }, "geometry": { "type": "Point", "coordinates": [ 77.659636, 12.9583212 ] } },
{ "type": "Feature", "properties": { "name": "Dr. Nothesh Child Specialist", "amenity": "hospital", "building": null, "healthcare": null, "beds": null, "emergency": null }, "geometry": { "type": "Point", "coordinates": [ 77.540659, 12.975423 ] } },
{ "type": "Feature", "properties": { "name": "Swasthya Hospitals", "amenity": "hospital", "building": null, "healthcare": null, "beds": null, "emergency": null }, "geometry": { "type": "Point", "coordinates": [ 77.6401572, 12.9544981 ] } },
{ "type": "Feature", "properties": { "name": "Miracle Hopital", "amenity": "hospital", "building": null, "healthcare": null, "beds": null, "emergency": null }, "geometry": { "type": "Point", "coordinates": [ 77.654322, 12.958861 ] } },
{ "type": "Feature", "properties": { "name": "Dr. Mahesh Clinic", "amenity": "clinic", "building": null, "healthcare": null, "beds": null, "emergency": null }, "geometry": { "type": "Point", "coordinates": [ 77.499943, 12.963884 ] } },
{ "type": "Feature", "properties": { "name": "Sastry Memorial Hospital", "amenity": "hospital", "building": null, "healthcare": null, "beds": null, "emergency": null }, "geometry": { "type": "Point", "coordinates": [ 77.5332834, 12.9698787 ] } },
{ "type": "Feature", "properties": { "name": "PS Health Care Centre", "amenity": "clinic", "building": null, "healthcare": null, "beds": null, "emergency": null }, "geometry": { "type": "Point", "coordinates": [ 77.545935, 12.9734052 ] } },
{ "type": "Feature", "properties": { "name": "Disha Kids Clinic", "amenity": "clinic", "building": null, "healthcare": null, "beds": null, "emergency": null }, "geometry": { "type": "Point", "coordinates": [ 77.5027639, 12.9674542 ] } },
{ "type": "Feature", "properties": { "name": "N N Homeo clinic", "amenity": "clinic", "building": null, "healthcare": null, "beds": null, "emergency": null }, "geometry": { "type": "Point", "coordinates": [ 77.5298958, 12.9761399 ] } },
{ "type": "Feature", "properties": { "name": "Rai Clinic", "amenity": "clinic", "building": null, "healthcare": "clinic", "beds": null, "emergency": null }, "geometry": { "type": "Point", "coordinates": [ 77.6268497, 12.9728469 ] } },
{ "type": "Feature", "properties": { "name": "Niyati Children Clinic", "amenity": "clinic", "building": null, "healthcare": null, "beds": null, "emergency": null }, "geometry": { "type": "Point", "coordinates": [ 77.612665, 12.881902 ] } },
{ "type": "Feature", "properties": { "name": "Hospitec Multispeciality Hospital", "amenity": "hospital", "building": null, "healthcare": null, "beds": null, "emergency": null }, "geometry": { "type": "Point", "coordinates": [ 77.6489078, 12.8859649 ] } },
{ "type": "Feature", "properties": { "name": "Sri Venkateswara Hospital", "amenity": "hospital", "building": null, "healthcare": null, "beds": null, "emergency": null }, "geometry": { "type": "Point", "coordinates": [ 77.6122688, 12.9056165 ] } },
{ "type": "Feature", "properties": { "name": "Rajashri Grandhim Hospitals", "amenity": "hospital", "building": null, "healthcare": "hospital", "beds": null, "emergency": null }, "geometry": { "type": "Point", "coordinates": [ 77.607662, 12.895426 ] } },
{ "type": "Feature", "properties": { "name": "Goldage Hospital", "amenity": "hospital", "building": null, "healthcare": "hospital", "beds": null, "emergency": null }, "geometry": { "type": "Point", "coordinates": [ 77.6040715, 12.8908362 ] } },
{ "type": "Feature", "properties": { "name": "Dr. Hebbal Homeo and Polyclinic", "amenity": "clinic", "building": null, "healthcare": null, "beds": null, "emergency": null }, "geometry": { "type": "Point", "coordinates": [ 77.6182941, 12.877267 ] } },
{ "type": "Feature", "properties": { "name": "Dr. Shankar's Ear Nose & Throat", "amenity": "clinic", "building": null, "healthcare": null, "beds": null, "emergency": null }, "geometry": { "type": "Point", "coordinates": [ 77.616922, 12.874266 ] } },
{ "type": "Feature", "properties": { "name": "The Child Clinic", "amenity": "clinic", "building": null, "healthcare": "clinic", "beds": null, "emergency": null }, "geometry": { "type": "Point", "coordinates": [ 77.608579, 12.895218 ] } },
{ "type": "Feature", "properties": { "name": "Swarna Clinic", "amenity": "clinic", "building": null, "healthcare": null, "beds": null, "emergency": null }, "geometry": { "type": "Point", "coordinates": [ 77.613358, 12.884216 ] } },
{ "type": "Feature", "properties": { "name": "Mahima Clinic", "amenity": "clinic", "building": null, "healthcare": null, "beds": null, "emergency": null }, "geometry": { "type": "Point", "coordinates": [ 77.6168758, 12.87174 ] } },
{ "type": "Feature", "properties": { "name": "Vita Family Clinic", "amenity": "clinic", "building": null, "healthcare": null, "beds": null, "emergency": null }, "geometry": { "type": "Point", "coordinates": [ 77.6496807, 12.8875348 ] } },
{ "type": "Feature", "properties": { "name": "Life is Beautiful Clinic", "amenity": "clinic", "building": null, "healthcare": "clinic", "beds": null, "emergency": null }, "geometry": { "type": "Point", "coordinates": [ 77.5798704, 12.9479573 ] } },
{ "type": "Feature", "properties": { "name": "Preeti ENT Clinic", "amenity": "clinic", "building": null, "healthcare": null, "beds": null, "emergency": null }, "geometry": { "type": "Point", "coordinates": [ 77.5716596, 12.94786 ] } },
{ "type": "Feature", "properties": { "name": "Vinayaka Hospital", "amenity": "hospital", "building": null, "healthcare": null, "beds": null, "emergency": null }, "geometry": { "type": "Point", "coordinates": [ 77.549675, 12.93753 ] } },
{ "type": "Feature", "properties": { "name": "Happy Heart Cardiac & Diabetes Clinic", "amenity": "clinic", "building": null, "healthcare": null, "beds": null, "emergency": null }, "geometry": { "type": "Point", "coordinates": [ 77.615077, 12.958244 ] } },
{ "type": "Feature", "properties": { "name": "Unani Hospital", "amenity": "hospital", "building": null, "healthcare": null, "beds": null, "emergency": null }, "geometry": { "type": "Point", "coordinates": [ 77.5790145, 12.9633185 ] } },
{ "type": "Feature", "properties": { "name": "Priya Clinic", "amenity": "clinic", "building": null, "healthcare": null, "beds": null, "emergency": null }, "geometry": { "type": "Point", "coordinates": [ 77.5789065, 12.970483 ] } },
{ "type": "Feature", "properties": { "name": "Rahul Maternity & Child Health Centre", "amenity": "hospital", "building": null, "healthcare": null, "beds": null, "emergency": null }, "geometry": { "type": "Point", "coordinates": [ 77.6146819, 12.9596227 ] } },
{ "type": "Feature", "properties": { "name": "Bangaluru Unani Hospital", "amenity": "hospital", "building": null, "healthcare": null, "beds": null, "emergency": null }, "geometry": { "type": "Point", "coordinates": [ 77.5794387, 12.9405198 ] } },
{ "type": "Feature", "properties": { "name": "Vaidya shaam singh memorial nursing home", "amenity": "clinic", "building": null, "healthcare": null, "beds": null, "emergency": null }, "geometry": { "type": "Point", "coordinates": [ 77.5704845, 12.9454948 ] } },
{ "type": "Feature", "properties": { "name": "Zama Health Care", "amenity": "clinic", "building": null, "healthcare": null, "beds": null, "emergency": null }, "geometry": { "type": "Point", "coordinates": [ 77.6147257, 12.9598702 ] } },
{ "type": "Feature", "properties": { "name": "Medcare Hospital", "amenity": "hospital", "building": null, "healthcare": null, "beds": null, "emergency": null }, "geometry": { "type": "Point", "coordinates": [ 77.574203, 12.953049 ] } },
{ "type": "Feature", "properties": { "name": "Ashraya Clinic", "amenity": "clinic", "building": null, "healthcare": null, "beds": null, "emergency": null }, "geometry": { "type": "Point", "coordinates": [ 77.5646023, 12.9531087 ] } },
{ "type": "Feature", "properties": { "name": "Sumanjara Hospital", "amenity": "hospital", "building": null, "healthcare": null, "beds": null, "emergency": null }, "geometry": { "type": "Point", "coordinates": [ 77.5601782, 12.9417439 ] } },
{ "type": "Feature", "properties": { "name": "Advanced Gastro Care", "amenity": "clinic", "building": null, "healthcare": null, "beds": null, "emergency": null }, "geometry": { "type": "Point", "coordinates": [ 77.5629353, 12.9580215 ] } },
{ "type": "Feature", "properties": { "name": "Rao's Uro Care", "amenity": "clinic", "building": null, "healthcare": null, "beds": null, "emergency": null }, "geometry": { "type": "Point", "coordinates": [ 77.5709447, 12.9526033 ] } },
{ "type": "Feature", "properties": { "name": "Corporation Hospital", "amenity": "hospital", "building": null, "healthcare": null, "beds": null, "emergency": null }, "geometry": { "type": "Point", "coordinates": [ 77.560893, 12.961345 ] } },
{ "type": "Feature", "properties": { "name": "Ragvan Clinic", "amenity": "clinic", "building": null, "healthcare": null, "beds": null, "emergency": null }, "geometry": { "type": "Point", "coordinates": [ 77.575488, 12.937954 ] } },
{ "type": "Feature", "properties": { "name": "Mitralaya Hospital", "amenity": "hospital", "building": null, "healthcare": null, "beds": null, "emergency": null }, "geometry": { "type": "Point", "coordinates": [ 77.5712865, 12.945591 ] } },
{ "type": "Feature", "properties": { "name": "Ashirvad Clinic", "amenity": "clinic", "building": null, "healthcare": "clinic", "beds": null, "emergency": null }, "geometry": { "type": "Point", "coordinates": [ 77.5740326, 12.9398513 ] } },
{ "type": "Feature", "properties": { "name": "Srinivasa Clinic", "amenity": "clinic", "building": null, "healthcare": "clinic", "beds": null, "emergency": null }, "geometry": { "type": "Point", "coordinates": [ 77.579839, 12.949269 ] } },
{ "type": "Feature", "properties": { "name": "People Tree Hospitals", "amenity": "hospital", "building": null, "healthcare": null, "beds": null, "emergency": null }, "geometry": { "type": "Point", "coordinates": [ 77.553598, 12.942076 ] } },
{ "type": "Feature", "properties": { "name": "Children's Clinic", "amenity": "clinic", "building": null, "healthcare": null, "beds": null, "emergency": null }, "geometry": { "type": "Point", "coordinates": [ 77.580184, 12.949663 ] } },
{ "type": "Feature", "properties": { "name": "Medall Healthcare", "amenity": "clinic", "building": null, "healthcare": null, "beds": null, "emergency": null }, "geometry": { "type": "Point", "coordinates": [ 77.5717473, 12.9459422 ] } },
{ "type": "Feature", "properties": { "name": "Government Hospital", "amenity": "hospital", "building": null, "healthcare": null, "beds": null, "emergency": null }, "geometry": { "type": "Point", "coordinates": [ 77.5613939, 12.9609494 ] } },
{ "type": "Feature", "properties": { "name": "Taranatha Ayurveda Mandira", "amenity": "clinic", "building": null, "healthcare": null, "beds": null, "emergency": null }, "geometry": { "type": "Point", "coordinates": [ 77.5795464, 12.9489343 ] } },
{ "type": "Feature", "properties": { "name": "Sham Singh Clinic", "amenity": "clinic", "building": null, "healthcare": null, "beds": null, "emergency": null }, "geometry": { "type": "Point", "coordinates": [ 77.5777304, 12.9712575 ] } },
{ "type": "Feature", "properties": { "name": "Dr. Shankar Desai Clinic", "amenity": "clinic", "building": null, "healthcare": null, "beds": null, "emergency": null }, "geometry": { "type": "Point", "coordinates": [ 77.5949614, 12.9626783 ] } },
{ "type": "Feature", "properties": { "name": "Padma Sanjeev Clinic", "amenity": "clinic", "building": null, "healthcare": null, "beds": null, "emergency": null }, "geometry": { "type": "Point", "coordinates": [ 77.5762726, 12.9365488 ] } },
{ "type": "Feature", "properties": { "name": "Shubha Clinic", "amenity": "clinic", "building": null, "healthcare": null, "beds": null, "emergency": null }, "geometry": { "type": "Point", "coordinates": [ 77.5713263, 12.9407834 ] } },
{ "type": "Feature", "properties": { "name": "Kidney Care Centre", "amenity": "clinic", "building": null, "healthcare": null, "beds": null, "emergency": null }, "geometry": { "type": "Point", "coordinates": [ 77.5482906, 12.9422555 ] } },
{ "type": "Feature", "properties": { "name": "Verna Hospital", "amenity": "hospital", "building": null, "healthcare": null, "beds": null, "emergency": null }, "geometry": { "type": "Point", "coordinates": [ 77.5580361, 12.940404 ] } },
{ "type": "Feature", "properties": { "name": "Government Hospital, Banglore", "amenity": "hospital", "building": null, "healthcare": null, "beds": null, "emergency": null }, "geometry": { "type": "Point", "coordinates": [ 77.5573456, 12.9587464 ] } },
{ "type": "Feature", "properties": { "name": "Royan Maternity & Child Welfare Centre", "amenity": "hospital", "building": null, "healthcare": null, "beds": null, "emergency": null }, "geometry": { "type": "Point", "coordinates": [ 77.568274, 12.960311 ] } },
{ "type": "Feature", "properties": { "name": "Ashwini Medical Specialist Centre", "amenity": "clinic", "building": null, "healthcare": null, "beds": null, "emergency": null }, "geometry": { "type": "Point", "coordinates": [ 77.593184, 12.961178 ] } },
{ "type": "Feature", "properties": { "name": "Alisa Eye Hospital", "amenity": "hospital", "building": null, "healthcare": null, "beds": null, "emergency": null }, "geometry": { "type": "Point", "coordinates": [ 77.6104334, 12.9652304 ] } },
{ "type": "Feature", "properties": { "name": "Shekhar Hospital", "amenity": "hospital", "building": null, "healthcare": null, "beds": null, "emergency": null }, "geometry": { "type": "Point", "coordinates": [ 77.567404, 12.945944 ] } },
{ "type": "Feature", "properties": { "name": "Government Hospital", "amenity": "hospital", "building": null, "healthcare": null, "beds": null, "emergency": null }, "geometry": { "type": "Point", "coordinates": [ 77.563226, 12.949104 ] } },
{ "type": "Feature", "properties": { "name": "Jeevini Sarvodaya Hospital", "amenity": "hospital", "building": null, "healthcare": null, "beds": null, "emergency": null }, "geometry": { "type": "Point", "coordinates": [ 77.5641917, 12.9415883 ] } },
{ "type": "Feature", "properties": { "name": "ENT Care Centre", "amenity": "clinic", "building": null, "healthcare": "clinic", "beds": null, "emergency": null }, "geometry": { "type": "Point", "coordinates": [ 77.5680498, 12.9450794 ] } },
{ "type": "Feature", "properties": { "name": "Mahaveer Ortho Care Speciality Centre", "amenity": "hospital", "building": null, "healthcare": null, "beds": null, "emergency": null }, "geometry": { "type": "Point", "coordinates": [ 77.5695045, 12.9569684 ] } },
{ "type": "Feature", "properties": { "name": "Raghavendra Hospital", "amenity": "hospital", "building": null, "healthcare": null, "beds": null, "emergency": null }, "geometry": { "type": "Point", "coordinates": [ 77.554296, 12.938787 ] } },
{ "type": "Feature", "properties": { "name": "Kshema Childrens Surgical Clinic", "amenity": "clinic", "building": null, "healthcare": "clinic", "beds": null, "emergency": null }, "geometry": { "type": "Point", "coordinates": [ 77.56797, 12.944704 ] } },
{ "type": "Feature", "properties": { "name": "Raghu Homeopathy", "amenity": "clinic", "building": null, "healthcare": null, "beds": null, "emergency": null }, "geometry": { "type": "Point", "coordinates": [ 77.561875, 12.94256 ] } },
{ "type": "Feature", "properties": { "name": "Apaara Multi Speciality", "amenity": "hospital", "building": null, "healthcare": null, "beds": null, "emergency": null }, "geometry": { "type": "Point", "coordinates": [ 77.551329, 12.938453 ] } },
{ "type": "Feature", "properties": { "name": "Zak Eye Clinic", "amenity": "clinic", "building": null, "healthcare": null, "beds": null, "emergency": null }, "geometry": { "type": "Point", "coordinates": [ 77.6147984, 12.9604446 ] } },
{ "type": "Feature", "properties": { "name": "Sree Homeopathic Clinic", "amenity": "clinic", "building": null, "healthcare": "clinic", "beds": null, "emergency": null }, "geometry": { "type": "Point", "coordinates": [ 77.5712393, 12.9464444 ] } },
{ "type": "Feature", "properties": { "name": "Khincha Orthopaedic Centre", "amenity": "hospital", "building": null, "healthcare": "hospital", "beds": null, "emergency": null }, "geometry": { "type": "Point", "coordinates": [ 77.573989, 12.939882 ] } },
{ "type": "Feature", "properties": { "name": "Ganesha Clinic", "amenity": "clinic", "building": null, "healthcare": null, "beds": null, "emergency": null }, "geometry": { "type": "Point", "coordinates": [ 77.5539425, 12.9366813 ] } },
{ "type": "Feature", "properties": { "name": "Parameshwari Hospital", "amenity": "hospital", "building": null, "healthcare": null, "beds": null, "emergency": null }, "geometry": { "type": "Point", "coordinates": [ 77.563543, 12.948971 ] } },
{ "type": "Feature", "properties": { "name": "Shantanu Ayurveda Clinic", "amenity": "clinic", "building": null, "healthcare": null, "beds": null, "emergency": null }, "geometry": { "type": "Point", "coordinates": [ 77.5443444, 12.9406605 ] } },
{ "type": "Feature", "properties": { "name": "Drishti Nethralaya", "amenity": "hospital", "building": null, "healthcare": null, "beds": null, "emergency": null }, "geometry": { "type": "Point", "coordinates": [ 77.5506328, 12.9422541 ] } },
{ "type": "Feature", "properties": { "name": "Furtde Hospital", "amenity": "hospital", "building": null, "healthcare": null, "beds": null, "emergency": null }, "geometry": { "type": "Point", "coordinates": [ 77.5894756, 12.9654649 ] } },
{ "type": "Feature", "properties": { "name": "Manavarthapet Pregnancy Hospital", "amenity": "hospital", "building": null, "healthcare": null, "beds": null, "emergency": null }, "geometry": { "type": "Point", "coordinates": [ 77.5734571, 12.9702549 ] } },
{ "type": "Feature", "properties": { "name": "Jubilee Nursing Home", "amenity": "clinic", "building": null, "healthcare": null, "beds": null, "emergency": null }, "geometry": { "type": "Point", "coordinates": [ 77.570214, 12.940859 ] } },
{ "type": "Feature", "properties": { "name": "Woodlands Clinic", "amenity": "clinic", "building": null, "healthcare": null, "beds": null, "emergency": null }, "geometry": { "type": "Point", "coordinates": [ 77.5944973, 12.9648335 ] } },
{ "type": "Feature", "properties": { "name": "Trinity Hospital and Heart Foundation", "amenity": "hospital", "building": null, "healthcare": "hospital", "beds": null, "emergency": null }, "geometry": { "type": "Point", "coordinates": [ 77.5796583, 12.9434996 ] } },
{ "type": "Feature", "properties": { "name": "Orthodontic Maxillofacial Clinic", "amenity": "clinic", "building": null, "healthcare": null, "beds": null, "emergency": null }, "geometry": { "type": "Point", "coordinates": [ 77.5982891, 12.963216 ] } },
{ "type": "Feature", "properties": { "name": "Spandana Heart Centre", "amenity": "hospital", "building": null, "healthcare": null, "beds": null, "emergency": null }, "geometry": { "type": "Point", "coordinates": [ 77.566486, 12.957222 ] } },
{ "type": "Feature", "properties": { "name": "Shas Eye Care", "amenity": "hospital", "building": null, "healthcare": null, "beds": null, "emergency": null }, "geometry": { "type": "Point", "coordinates": [ 77.614714, 12.960296 ] } },
{ "type": "Feature", "properties": { "name": "Matha Pitha Hospital", "amenity": "hospital", "building": null, "healthcare": "hospital", "beds": null, "emergency": null }, "geometry": { "type": "Point", "coordinates": [ 77.575634, 12.9420276 ] } },
{ "type": "Feature", "properties": { "name": "Daksh Eye Care Centre", "amenity": "clinic", "building": null, "healthcare": null, "beds": null, "emergency": null }, "geometry": { "type": "Point", "coordinates": [ 77.5983282, 12.9638998 ] } },
{ "type": "Feature", "properties": { "name": "ESI Hospital", "amenity": "hospital", "building": null, "healthcare": "hospital", "beds": null, "emergency": null }, "geometry": { "type": "Point", "coordinates": [ 77.573351, 12.972126 ] } },
{ "type": "Feature", "properties": { "name": "Herige Hospital", "amenity": "hospital", "building": null, "healthcare": null, "beds": null, "emergency": null }, "geometry": { "type": "Point", "coordinates": [ 77.5609696, 12.960972 ] } },
{ "type": "Feature", "properties": { "name": "Novel Hearing Care Centre", "amenity": "clinic", "building": null, "healthcare": null, "beds": null, "emergency": null }, "geometry": { "type": "Point", "coordinates": [ 77.5545065, 12.9386485 ] } },
{ "type": "Feature", "properties": { "name": "Happy Clinics - Multispeciality", "amenity": "clinic", "building": null, "healthcare": null, "beds": null, "emergency": null }, "geometry": { "type": "Point", "coordinates": [ 77.571261, 12.94269 ] } },
{ "type": "Feature", "properties": { "name": "Skin, Allergy, Cosmetology & Hair Clinic", "amenity": "clinic", "building": null, "healthcare": null, "beds": null, "emergency": null }, "geometry": { "type": "Point", "coordinates": [ 77.5692626, 12.9471425 ] } },
{ "type": "Feature", "properties": { "name": "Suhruda Clinic", "amenity": "clinic", "building": null, "healthcare": null, "beds": null, "emergency": null }, "geometry": { "type": "Point", "coordinates": [ 77.5663234, 12.9576956 ] } },
{ "type": "Feature", "properties": { "name": "Yeshaswi Clinics", "amenity": "clinic", "building": null, "healthcare": null, "beds": null, "emergency": null }, "geometry": { "type": "Point", "coordinates": [ 77.5927413, 12.9593021 ] } },
{ "type": "Feature", "properties": { "name": "Saraswathi Maternity Centre", "amenity": "clinic", "building": null, "healthcare": null, "beds": null, "emergency": null }, "geometry": { "type": "Point", "coordinates": [ 77.5665921, 12.9516862 ] } },
{ "type": "Feature", "properties": { "name": "Gleneagles Global Hospitals", "amenity": "hospital", "building": null, "healthcare": null, "beds": null, "emergency": null }, "geometry": { "type": "Point", "coordinates": [ 77.5999044, 12.9654497 ] } },
{ "type": "Feature", "properties": { "name": "Chamarajpete Skin care clinic", "amenity": "clinic", "building": null, "healthcare": null, "beds": null, "emergency": null }, "geometry": { "type": "Point", "coordinates": [ 77.5636336, 12.9585302 ] } },
{ "type": "Feature", "properties": { "name": "Vijaya Nethralaya", "amenity": "clinic", "building": null, "healthcare": null, "beds": null, "emergency": null }, "geometry": { "type": "Point", "coordinates": [ 77.5629853, 12.9416358 ] } },
{ "type": "Feature", "properties": { "name": "Malika Clinic", "amenity": "clinic", "building": null, "healthcare": null, "beds": null, "emergency": null }, "geometry": { "type": "Point", "coordinates": [ 77.591952, 12.966674 ] } },
{ "type": "Feature", "properties": { "name": "Synergy Diabetes Clinic", "amenity": "clinic", "building": null, "healthcare": null, "beds": null, "emergency": null }, "geometry": { "type": "Point", "coordinates": [ 77.5793662, 12.9487692 ] } },
{ "type": "Feature", "properties": { "name": "Tejas Clinic", "amenity": "clinic", "building": null, "healthcare": null, "beds": null, "emergency": null }, "geometry": { "type": "Point", "coordinates": [ 77.5639228, 12.9554046 ] } },
{ "type": "Feature", "properties": { "name": "Shyam Clinic", "amenity": "clinic", "building": null, "healthcare": "clinic", "beds": null, "emergency": null }, "geometry": { "type": "Point", "coordinates": [ 77.57708, 12.9690341 ] } },
{ "type": "Feature", "properties": { "name": "Sri Sri Ayurveda Clinic", "amenity": "clinic", "building": null, "healthcare": "clinic", "beds": null, "emergency": null }, "geometry": { "type": "Point", "coordinates": [ 77.577411, 12.948062 ] } },
{ "type": "Feature", "properties": { "name": "Punarjyoti Eye Hospital", "amenity": "hospital", "building": null, "healthcare": null, "beds": null, "emergency": null }, "geometry": { "type": "Point", "coordinates": [ 77.589928, 12.9658901 ] } },
{ "type": "Feature", "properties": { "name": "Swastik Eye Hospital", "amenity": "hospital", "building": null, "healthcare": null, "beds": null, "emergency": null }, "geometry": { "type": "Point", "coordinates": [ 77.5696395, 12.9479647 ] } },
{ "type": "Feature", "properties": { "name": "Dave Gray Hospital", "amenity": "hospital", "building": null, "healthcare": "hospital", "beds": null, "emergency": null }, "geometry": { "type": "Point", "coordinates": [ 77.5799015, 12.9458294 ] } },
{ "type": "Feature", "properties": { "name": "Parimala Childrens Nursing Home", "amenity": "clinic", "building": null, "healthcare": null, "beds": null, "emergency": null }, "geometry": { "type": "Point", "coordinates": [ 77.555911, 12.939257 ] } },
{ "type": "Feature", "properties": { "name": "Dr. Rudrappa's Hospital", "amenity": "hospital", "building": null, "healthcare": null, "beds": null, "emergency": null }, "geometry": { "type": "Point", "coordinates": [ 77.5954946, 12.9650303 ] } },
{ "type": "Feature", "properties": { "name": "Shekar Super Speciality Eye Centre", "amenity": "clinic", "building": null, "healthcare": null, "beds": null, "emergency": null }, "geometry": { "type": "Point", "coordinates": [ 77.556482, 13.072736 ] } },
{ "type": "Feature", "properties": { "name": "Raja Rama's Homeopathy & Ayurvedic Centre", "amenity": "clinic", "building": null, "healthcare": null, "beds": null, "emergency": null }, "geometry": { "type": "Point", "coordinates": [ 77.6556985, 13.0096223 ] } },
{ "type": "Feature", "properties": { "name": "Poorna Heart and Women's Clinic", "amenity": "clinic", "building": null, "healthcare": null, "beds": null, "emergency": null }, "geometry": { "type": "Point", "coordinates": [ 77.647777, 13.012005 ] } },
{ "type": "Feature", "properties": { "name": "Chethana Eye Clinic", "amenity": "clinic", "building": null, "healthcare": null, "beds": null, "emergency": null }, "geometry": { "type": "Point", "coordinates": [ 77.62326, 13.037942 ] } },
{ "type": "Feature", "properties": { "name": "Shama Charitable Clinic", "amenity": "clinic", "building": null, "healthcare": null, "beds": null, "emergency": null }, "geometry": { "type": "Point", "coordinates": [ 77.553461, 13.083354 ] } },
{ "type": "Feature", "properties": { "name": "Aveksha Hospital", "amenity": "hospital", "building": null, "healthcare": null, "beds": null, "emergency": null }, "geometry": { "type": "Point", "coordinates": [ 77.54091, 13.081777 ] } },
{ "type": "Feature", "properties": { "name": "Sangameshwara Clinic", "amenity": "clinic", "building": null, "healthcare": null, "beds": null, "emergency": null }, "geometry": { "type": "Point", "coordinates": [ 77.6109416, 13.0569345 ] } },
{ "type": "Feature", "properties": { "name": "Shishuka Children's Speciality Hospital", "amenity": "hospital", "building": null, "healthcare": null, "beds": null, "emergency": null }, "geometry": { "type": "Point", "coordinates": [ 77.6535352, 13.0193799 ] } },
{ "type": "Feature", "properties": { "name": "Anugraha Children's Clinic", "amenity": "clinic", "building": null, "healthcare": "clinic", "beds": null, "emergency": null }, "geometry": { "type": "Point", "coordinates": [ 77.5581028, 13.0754731 ] } },
{ "type": "Feature", "properties": { "name": "Oliva Skin and Hair Clinic", "amenity": "clinic", "building": null, "healthcare": null, "beds": null, "emergency": null }, "geometry": { "type": "Point", "coordinates": [ 77.6434284, 13.0210072 ] } },
{ "type": "Feature", "properties": { "name": "Om Sai Clinic", "amenity": "clinic", "building": null, "healthcare": null, "beds": null, "emergency": null }, "geometry": { "type": "Point", "coordinates": [ 77.5476581, 13.0817852 ] } },
{ "type": "Feature", "properties": { "name": "Rishi Acupuncture Clinic", "amenity": "clinic", "building": null, "healthcare": null, "beds": null, "emergency": null }, "geometry": { "type": "Point", "coordinates": [ 77.5546587, 13.0825795 ] } },
{ "type": "Feature", "properties": { "name": "IMAX Clinic", "amenity": "clinic", "building": null, "healthcare": null, "beds": null, "emergency": null }, "geometry": { "type": "Point", "coordinates": [ 77.6531389, 13.0187276 ] } },
{ "type": "Feature", "properties": { "name": "Skin Remediez", "amenity": "hospital", "building": null, "healthcare": null, "beds": null, "emergency": null }, "geometry": { "type": "Point", "coordinates": [ 77.6579493, 13.0091103 ] } },
{ "type": "Feature", "properties": { "name": "Pranav Diabetes Centre", "amenity": "clinic", "building": null, "healthcare": null, "beds": null, "emergency": null }, "geometry": { "type": "Point", "coordinates": [ 77.6555197, 13.0148814 ] } },
{ "type": "Feature", "properties": { "name": "Janani Women & Kids Clinic", "amenity": "clinic", "building": null, "healthcare": null, "beds": null, "emergency": null }, "geometry": { "type": "Point", "coordinates": [ 77.656123, 13.0089068 ] } },
{ "type": "Feature", "properties": { "name": "Sri Gopalan Clinic", "amenity": "clinic", "building": null, "healthcare": null, "beds": null, "emergency": null }, "geometry": { "type": "Point", "coordinates": [ 77.5442226, 13.0897212 ] } },
{ "type": "Feature", "properties": { "name": "Twinkle Kids Child Care Speciality Clinic", "amenity": "clinic", "building": null, "healthcare": null, "beds": null, "emergency": null }, "geometry": { "type": "Point", "coordinates": [ 77.6475205, 13.0195123 ] } },
{ "type": "Feature", "properties": { "name": "Nainda Advanced Eye Care Centre", "amenity": "clinic", "building": null, "healthcare": null, "beds": null, "emergency": null }, "geometry": { "type": "Point", "coordinates": [ 77.6477552, 13.0120265 ] } },
{ "type": "Feature", "properties": { "name": "Bangalore Healthcare Centre", "amenity": "clinic", "building": null, "healthcare": "clinic", "beds": null, "emergency": null }, "geometry": { "type": "Point", "coordinates": [ 77.5581801, 13.0769985 ] } },
{ "type": "Feature", "properties": { "name": "Roots Skin Clinic", "amenity": "clinic", "building": null, "healthcare": null, "beds": null, "emergency": null }, "geometry": { "type": "Point", "coordinates": [ 77.6470294, 13.0116786 ] } },
{ "type": "Feature", "properties": { "name": "Dr. Uma Homeo Clinic", "amenity": "clinic", "building": null, "healthcare": null, "beds": null, "emergency": null }, "geometry": { "type": "Point", "coordinates": [ 77.6038273, 13.0544322 ] } },
{ "type": "Feature", "properties": { "name": "Dr. Archana's ENT Care Centre", "amenity": "clinic", "building": null, "healthcare": null, "beds": null, "emergency": null }, "geometry": { "type": "Point", "coordinates": [ 77.6044008, 13.0555334 ] } },
{ "type": "Feature", "properties": { "name": "Vijaya Health Centre", "amenity": "clinic", "building": null, "healthcare": null, "beds": null, "emergency": null }, "geometry": { "type": "Point", "coordinates": [ 77.5594992, 13.0691724 ] } },
{ "type": "Feature", "properties": { "name": "Honey Homeopathy Clinic", "amenity": "clinic", "building": null, "healthcare": null, "beds": null, "emergency": null }, "geometry": { "type": "Point", "coordinates": [ 77.5484278, 13.0832219 ] } },
{ "type": "Feature", "properties": { "name": "Vivekananda Health Global - Ayurveda, Naturopathy & Yoga", "amenity": "clinic", "building": null, "healthcare": null, "beds": null, "emergency": null }, "geometry": { "type": "Point", "coordinates": [ 77.646249, 13.017856 ] } },
{ "type": "Feature", "properties": { "name": "KMC Multispeciality Clinic", "amenity": "clinic", "building": null, "healthcare": null, "beds": null, "emergency": null }, "geometry": { "type": "Point", "coordinates": [ 77.6189605, 13.040826 ] } },
{ "type": "Feature", "properties": { "name": "Global Health Centre", "amenity": "clinic", "building": null, "healthcare": null, "beds": null, "emergency": null }, "geometry": { "type": "Point", "coordinates": [ 77.5483953, 13.0813479 ] } },
{ "type": "Feature", "properties": { "name": "Sanjeevani Health Care", "amenity": "clinic", "building": null, "healthcare": null, "beds": null, "emergency": null }, "geometry": { "type": "Point", "coordinates": [ 77.5388313, 13.0892527 ] } },
{ "type": "Feature", "properties": { "name": "Oskas Clinic", "amenity": "clinic", "building": null, "healthcare": "clinic", "beds": null, "emergency": null }, "geometry": { "type": "Point", "coordinates": [ 77.554396, 13.079901 ] } },
{ "type": "Feature", "properties": { "name": "Agastya Speciality Clinic", "amenity": "clinic", "building": null, "healthcare": null, "beds": null, "emergency": null }, "geometry": { "type": "Point", "coordinates": [ 77.6044933, 13.0555615 ] } },
{ "type": "Feature", "properties": { "name": "Yashaswini ENT Clinic", "amenity": "clinic", "building": null, "healthcare": "clinic", "beds": null, "emergency": null }, "geometry": { "type": "Point", "coordinates": [ 77.5626239, 13.0780746 ] } },
{ "type": "Feature", "properties": { "name": "Navya Hospital", "amenity": "hospital", "building": null, "healthcare": null, "beds": null, "emergency": null }, "geometry": { "type": "Point", "coordinates": [ 77.6120857, 13.0524836 ] } },
{ "type": "Feature", "properties": { "name": "Krupa Homeopathic Clinic", "amenity": "clinic", "building": null, "healthcare": null, "beds": null, "emergency": null }, "geometry": { "type": "Point", "coordinates": [ 77.646793, 13.013776 ] } },
{ "type": "Feature", "properties": { "name": "Sarwari Poly Clinic", "amenity": "clinic", "building": null, "healthcare": "clinic", "beds": null, "emergency": null }, "geometry": { "type": "Point", "coordinates": [ 77.5522358, 13.0847291 ] } },
{ "type": "Feature", "properties": { "name": "Ovum Birthing Centre", "amenity": "hospital", "building": null, "healthcare": null, "beds": null, "emergency": null }, "geometry": { "type": "Point", "coordinates": [ 77.6516628, 13.0201491 ] } },
{ "type": "Feature", "properties": { "name": "Dr. Dinakar's Child Care", "amenity": "clinic", "building": null, "healthcare": null, "beds": null, "emergency": null }, "geometry": { "type": "Point", "coordinates": [ 77.6428067, 13.0161535 ] } },
{ "type": "Feature", "properties": { "name": "Dr. Josephs Holistic Health Care Clinic", "amenity": "clinic", "building": null, "healthcare": null, "beds": null, "emergency": null }, "geometry": { "type": "Point", "coordinates": [ 77.5540883, 13.0732835 ] } },
{ "type": "Feature", "properties": { "name": "Icon Hospital", "amenity": "hospital", "building": null, "healthcare": null, "beds": null, "emergency": null }, "geometry": { "type": "Point", "coordinates": [ 77.6041042, 13.0528211 ] } },
{ "type": "Feature", "properties": { "name": "Vardhan Fertility", "amenity": "clinic", "building": null, "healthcare": null, "beds": null, "emergency": null }, "geometry": { "type": "Point", "coordinates": [ 77.647984, 13.01213 ] } },
{ "type": "Feature", "properties": { "name": "Radhika clinic", "amenity": "clinic", "building": null, "healthcare": null, "beds": null, "emergency": null }, "geometry": { "type": "Point", "coordinates": [ 77.5547945, 13.0722197 ] } },
{ "type": "Feature", "properties": { "name": "Medicure Hospital", "amenity": "hospital", "building": null, "healthcare": null, "beds": null, "emergency": null }, "geometry": { "type": "Point", "coordinates": [ 77.6298629, 13.0283463 ] } },
{ "type": "Feature", "properties": { "name": "Ortho Care Clinic", "amenity": "clinic", "building": null, "healthcare": "clinic", "beds": null, "emergency": null }, "geometry": { "type": "Point", "coordinates": [ 77.559589, 13.0779282 ] } },
{ "type": "Feature", "properties": { "name": "Revive Skin and Hair Clinic", "amenity": "clinic", "building": null, "healthcare": null, "beds": null, "emergency": null }, "geometry": { "type": "Point", "coordinates": [ 77.5572213, 13.0689228 ] } },
{ "type": "Feature", "properties": { "name": "Premji Occupational Therapy & Rehabilitation Centre", "amenity": "clinic", "building": null, "healthcare": null, "beds": null, "emergency": null }, "geometry": { "type": "Point", "coordinates": [ 77.6559684, 13.0151401 ] } },
{ "type": "Feature", "properties": { "name": "Merlins Trichology Clinic", "amenity": "clinic", "building": null, "healthcare": null, "beds": null, "emergency": null }, "geometry": { "type": "Point", "coordinates": [ 77.6038207, 13.0543269 ] } },
{ "type": "Feature", "properties": { "name": "Vasan Eye Care", "amenity": "clinic", "building": null, "healthcare": null, "beds": null, "emergency": null }, "geometry": { "type": "Point", "coordinates": [ 77.6331389, 13.0242614 ] } },
{ "type": "Feature", "properties": { "name": "Trinity Gastroenterology & Diagnostics", "amenity": "clinic", "building": null, "healthcare": null, "beds": null, "emergency": null }, "geometry": { "type": "Point", "coordinates": [ 77.6398654, 13.0225994 ] } },
{ "type": "Feature", "properties": { "name": "Motherhood Women & Children Hospital", "amenity": "hospital", "building": null, "healthcare": null, "beds": null, "emergency": null }, "geometry": { "type": "Point", "coordinates": [ 77.6525909, 13.0102697 ] } },
{ "type": "Feature", "properties": { "name": "M J Child Clinic", "amenity": "clinic", "building": null, "healthcare": null, "beds": null, "emergency": null }, "geometry": { "type": "Point", "coordinates": [ 77.6599916, 13.0136545 ] } },
{ "type": "Feature", "properties": { "name": "Santhamma Hospital", "amenity": "hospital", "building": null, "healthcare": null, "beds": null, "emergency": null }, "geometry": { "type": "Point", "coordinates": [ 77.5535728, 13.0866852 ] } },
{ "type": "Feature", "properties": { "name": "Jaeshta Children's Clinic", "amenity": "clinic", "building": null, "healthcare": null, "beds": null, "emergency": null }, "geometry": { "type": "Point", "coordinates": [ 77.556943, 13.0674 ] } },
{ "type": "Feature", "properties": { "name": "Spandana Clinic", "amenity": "clinic", "building": null, "healthcare": "clinic", "beds": null, "emergency": null }, "geometry": { "type": "Point", "coordinates": [ 77.555381, 13.0705041 ] } },
{ "type": "Feature", "properties": { "name": "Sham's Child and Adult Care", "amenity": "clinic", "building": null, "healthcare": null, "beds": null, "emergency": null }, "geometry": { "type": "Point", "coordinates": [ 77.6026264, 13.0556587 ] } },
{ "type": "Feature", "properties": { "name": "Prarthana Home Health Care", "amenity": "clinic", "building": null, "healthcare": null, "beds": null, "emergency": null }, "geometry": { "type": "Point", "coordinates": [ 77.6024335, 13.0552275 ] } },
{ "type": "Feature", "properties": { "name": "Feran Hospital", "amenity": "hospital", "building": null, "healthcare": null, "beds": null, "emergency": null }, "geometry": { "type": "Point", "coordinates": [ 77.6302142, 13.0263661 ] } },
{ "type": "Feature", "properties": { "name": "Mangala Gowri Clinic", "amenity": "clinic", "building": null, "healthcare": "clinic", "beds": null, "emergency": null }, "geometry": { "type": "Point", "coordinates": [ 77.5605008, 13.07827 ] } },
{ "type": "Feature", "properties": { "name": "Dr. Murthy Ayurved Clinic", "amenity": "clinic", "building": null, "healthcare": null, "beds": null, "emergency": null }, "geometry": { "type": "Point", "coordinates": [ 77.660555, 13.013821 ] } },
{ "type": "Feature", "properties": { "name": "Contura Clinic", "amenity": "clinic", "building": null, "healthcare": null, "beds": null, "emergency": null }, "geometry": { "type": "Point", "coordinates": [ 77.637015, 13.023088 ] } },
{ "type": "Feature", "properties": { "name": "Super Specialty Eye Hospital", "amenity": "hospital", "building": null, "healthcare": null, "beds": null, "emergency": null }, "geometry": { "type": "Point", "coordinates": [ 77.6604049, 13.0166883 ] } },
{ "type": "Feature", "properties": { "name": "Ashwini Clinic", "amenity": "clinic", "building": null, "healthcare": null, "beds": null, "emergency": null }, "geometry": { "type": "Point", "coordinates": [ 77.6580368, 13.0102168 ] } },
{ "type": "Feature", "properties": { "name": "Dr. Harsha's physiotherapy Clinic", "amenity": "clinic", "building": null, "healthcare": null, "beds": null, "emergency": null }, "geometry": { "type": "Point", "coordinates": [ 77.6396472, 13.0244866 ] } },
{ "type": "Feature", "properties": { "name": "Kalyan Eye Clinic", "amenity": "clinic", "building": null, "healthcare": null, "beds": null, "emergency": null }, "geometry": { "type": "Point", "coordinates": [ 77.6425472, 13.0227961 ] } },
{ "type": "Feature", "properties": { "name": "Dr. Shekars Diabetes Speciality Centre", "amenity": "clinic", "building": null, "healthcare": null, "beds": null, "emergency": null }, "geometry": { "type": "Point", "coordinates": [ 77.6044313, 13.0682242 ] } },
{ "type": "Feature", "properties": { "name": "Satish Poly Clinic", "amenity": "clinic", "building": null, "healthcare": null, "beds": null, "emergency": null }, "geometry": { "type": "Point", "coordinates": [ 77.5489331, 13.0819154 ] } },
{ "type": "Feature", "properties": { "name": "Endocrine Speciality Centre", "amenity": "hospital", "building": null, "healthcare": null, "beds": null, "emergency": null }, "geometry": { "type": "Point", "coordinates": [ 77.648529, 13.013761 ] } },
{ "type": "Feature", "properties": { "name": "Tranquil Healthcare", "amenity": "clinic", "building": null, "healthcare": "clinic", "beds": null, "emergency": null }, "geometry": { "type": "Point", "coordinates": [ 77.643086, 13.020847 ] } },
{ "type": "Feature", "properties": { "name": "Shree Sai Hospital", "amenity": "hospital", "building": null, "healthcare": null, "beds": null, "emergency": null }, "geometry": { "type": "Point", "coordinates": [ 77.5455057, 13.0885791 ] } },
{ "type": "Feature", "properties": { "name": "Saaol Heart Centre", "amenity": "clinic", "building": null, "healthcare": null, "beds": null, "emergency": null }, "geometry": { "type": "Point", "coordinates": [ 77.6050627, 13.0530655 ] } },
{ "type": "Feature", "properties": { "name": "Sneha Clinic", "amenity": "clinic", "building": null, "healthcare": null, "beds": null, "emergency": null }, "geometry": { "type": "Point", "coordinates": [ 77.6568, 13.00975 ] } },
{ "type": "Feature", "properties": { "name": "Axis Hospital", "amenity": "hospital", "building": null, "healthcare": null, "beds": null, "emergency": null }, "geometry": { "type": "Point", "coordinates": [ 77.604213, 13.065863 ] } },
{ "type": "Feature", "properties": { "name": "Anjani Women's Day Care Hospital", "amenity": "hospital", "building": null, "healthcare": null, "beds": null, "emergency": null }, "geometry": { "type": "Point", "coordinates": [ 77.647187, 13.0188119 ] } },
{ "type": "Feature", "properties": { "name": "Bangalore Spine Specialist Clinic", "amenity": "clinic", "building": null, "healthcare": null, "beds": null, "emergency": null }, "geometry": { "type": "Point", "coordinates": [ 77.6333307, 13.0239222 ] } },
{ "type": "Feature", "properties": { "name": "Eswar Women and Day Care Hospital", "amenity": "hospital", "building": null, "healthcare": "hospital", "beds": null, "emergency": null }, "geometry": { "type": "Point", "coordinates": [ 77.5992844, 13.0658472 ] } },
{ "type": "Feature", "properties": { "name": "Swarnarani Clinic", "amenity": "clinic", "building": null, "healthcare": "clinic", "beds": null, "emergency": null }, "geometry": { "type": "Point", "coordinates": [ 77.5595187, 13.0752791 ] } },
{ "type": "Feature", "properties": { "name": "Reachh Homeopathy Clinic", "amenity": "clinic", "building": null, "healthcare": null, "beds": null, "emergency": null }, "geometry": { "type": "Point", "coordinates": [ 77.630649, 13.029482 ] } },
{ "type": "Feature", "properties": { "name": "Kanive Clinic", "amenity": "clinic", "building": null, "healthcare": "clinic", "beds": null, "emergency": null }, "geometry": { "type": "Point", "coordinates": [ 77.55955, 13.075606 ] } },
{ "type": "Feature", "properties": { "name": "Jawad ENT Clinic", "amenity": "clinic", "building": null, "healthcare": null, "beds": null, "emergency": null }, "geometry": { "type": "Point", "coordinates": [ 77.6230459, 13.0316687 ] } },
{ "type": "Feature", "properties": { "name": "CDEC Hospital", "amenity": "hospital", "building": null, "healthcare": null, "beds": null, "emergency": null }, "geometry": { "type": "Point", "coordinates": [ 77.6281742, 13.026989 ] } },
{ "type": "Feature", "properties": { "name": "Sree Rajeshwari Homeo Clinic", "amenity": "clinic", "building": null, "healthcare": "clinic", "beds": null, "emergency": null }, "geometry": { "type": "Point", "coordinates": [ 77.5585689, 13.0755182 ] } },
{ "type": "Feature", "properties": { "name": "Pranam Dental Hospital", "amenity": "hospital", "building": null, "healthcare": null, "beds": null, "emergency": null }, "geometry": { "type": "Point", "coordinates": [ 77.620568, 13.029101 ] } },
{ "type": "Feature", "properties": { "name": "Milaan Hospital", "amenity": "hospital", "building": null, "healthcare": null, "beds": null, "emergency": null }, "geometry": { "type": "Point", "coordinates": [ 77.6476418, 13.0109537 ] } },
{ "type": "Feature", "properties": { "name": "Cloudnine Hospital", "amenity": "hospital", "building": null, "healthcare": null, "beds": null, "emergency": null }, "geometry": { "type": "Point", "coordinates": [ 77.654053, 13.020084 ] } },
{ "type": "Feature", "properties": { "name": "Shanthi Women's Healthcare Centre", "amenity": "clinic", "building": null, "healthcare": null, "beds": null, "emergency": null }, "geometry": { "type": "Point", "coordinates": [ 77.6573558, 13.0112923 ] } },
{ "type": "Feature", "properties": { "name": "Synovium Physiotherapy Clinic", "amenity": "clinic", "building": null, "healthcare": null, "beds": null, "emergency": null }, "geometry": { "type": "Point", "coordinates": [ 77.634427, 13.0242926 ] } },
{ "type": "Feature", "properties": { "name": "Kempaiah Clinic", "amenity": "clinic", "building": null, "healthcare": null, "beds": null, "emergency": null }, "geometry": { "type": "Point", "coordinates": [ 77.5560637, 13.0712257 ] } },
{ "type": "Feature", "properties": { "name": "Cloudnine Fertility", "amenity": "clinic", "building": null, "healthcare": null, "beds": null, "emergency": null }, "geometry": { "type": "Point", "coordinates": [ 77.6369165, 13.0241668 ] } },
{ "type": "Feature", "properties": { "name": "V Care Best Fertility IVF URO Kidney Centre", "amenity": "clinic", "building": null, "healthcare": null, "beds": null, "emergency": null }, "geometry": { "type": "Point", "coordinates": [ 77.6374429, 13.0227998 ] } },
{ "type": "Feature", "properties": { "name": "NDR Multi Speciality Hospital", "amenity": "hospital", "building": null, "healthcare": null, "beds": null, "emergency": null }, "geometry": { "type": "Point", "coordinates": [ 77.6027864, 13.1051735 ] } },
{ "type": "Feature", "properties": { "name": "Guruprasad Clinic", "amenity": "clinic", "building": null, "healthcare": null, "beds": null, "emergency": null }, "geometry": { "type": "Point", "coordinates": [ 77.5756287, 13.0999885 ] } },
{ "type": "Feature", "properties": { "name": "Malavya Nursing Home", "amenity": "clinic", "building": null, "healthcare": null, "beds": null, "emergency": null }, "geometry": { "type": "Point", "coordinates": [ 77.5960808, 13.0979448 ] } },
{ "type": "Feature", "properties": { "name": "Naina Polyclinic & Physiotherapy Centre", "amenity": "clinic", "building": null, "healthcare": null, "beds": null, "emergency": null }, "geometry": { "type": "Point", "coordinates": [ 77.5768833, 13.0989732 ] } },
{ "type": "Feature", "properties": { "name": "Raksha Orthocare", "amenity": "clinic", "building": null, "healthcare": null, "beds": null, "emergency": null }, "geometry": { "type": "Point", "coordinates": [ 77.5843706, 13.0987047 ] } },
{ "type": "Feature", "properties": { "name": "Apex Poly Clinic", "amenity": "clinic", "building": null, "healthcare": null, "beds": null, "emergency": null }, "geometry": { "type": "Point", "coordinates": [ 77.576052, 13.103358 ] } },
{ "type": "Feature", "properties": { "name": "Dr. Ashwin clinic", "amenity": "clinic", "building": null, "healthcare": null, "beds": null, "emergency": null }, "geometry": { "type": "Point", "coordinates": [ 77.625004, 13.122004 ] } },
{ "type": "Feature", "properties": { "name": "Krishna Nethralaya", "amenity": "clinic", "building": null, "healthcare": null, "beds": null, "emergency": null }, "geometry": { "type": "Point", "coordinates": [ 77.5968473, 13.0978476 ] } },
{ "type": "Feature", "properties": { "name": "Chirayu Clinic", "amenity": "clinic", "building": null, "healthcare": null, "beds": null, "emergency": null }, "geometry": { "type": "Point", "coordinates": [ 77.6140329, 13.1214057 ] } },
{ "type": "Feature", "properties": { "name": "Valens Hospitals", "amenity": "hospital", "building": null, "healthcare": null, "beds": null, "emergency": null }, "geometry": { "type": "Point", "coordinates": [ 77.6176084, 13.120977 ] } },
{ "type": "Feature", "properties": { "name": "Venkateshwara Clinic", "amenity": "clinic", "building": null, "healthcare": null, "beds": null, "emergency": null }, "geometry": { "type": "Point", "coordinates": [ 77.6260514, 13.121692 ] } },
{ "type": "Feature", "properties": { "name": "Janani Maternity & Women's Clinic", "amenity": "clinic", "building": null, "healthcare": null, "beds": null, "emergency": null }, "geometry": { "type": "Point", "coordinates": [ 77.5951888, 13.1005709 ] } },
{ "type": "Feature", "properties": { "name": "Sri Krishna Scanning and Diagnostic Centre", "amenity": "clinic", "building": null, "healthcare": null, "beds": null, "emergency": null }, "geometry": { "type": "Point", "coordinates": [ 77.5972516, 13.0972366 ] } },
{ "type": "Feature", "properties": { "name": "Gayathri Clinic", "amenity": "clinic", "building": null, "healthcare": null, "beds": null, "emergency": null }, "geometry": { "type": "Point", "coordinates": [ 77.5786496, 13.0959768 ] } },
{ "type": "Feature", "properties": { "name": "Chaithanya Poly Clinic", "amenity": "clinic", "building": null, "healthcare": null, "beds": null, "emergency": null }, "geometry": { "type": "Point", "coordinates": [ 77.6259125, 13.0982962 ] } },
{ "type": "Feature", "properties": { "name": "Bengalure Hospital", "amenity": "hospital", "building": null, "healthcare": null, "beds": null, "emergency": null }, "geometry": { "type": "Point", "coordinates": [ 77.5754898, 13.1039081 ] } },
{ "type": "Feature", "properties": { "name": "Balaji Multispeciality Dental Clinic", "amenity": "clinic", "building": null, "healthcare": null, "beds": null, "emergency": null }, "geometry": { "type": "Point", "coordinates": [ 77.5959547, 13.0974609 ] } },
{ "type": "Feature", "properties": { "name": "Amruth Hospital", "amenity": "hospital", "building": null, "healthcare": null, "beds": null, "emergency": null }, "geometry": { "type": "Point", "coordinates": [ 77.627895, 13.102578 ] } },
{ "type": "Feature", "properties": { "name": "Rangalakshmi Netralaya", "amenity": "hospital", "building": null, "healthcare": null, "beds": null, "emergency": null }, "geometry": { "type": "Point", "coordinates": [ 77.576716, 13.098943 ] } },
{ "type": "Feature", "properties": { "name": "Shuban Diabetes Center", "amenity": "clinic", "building": null, "healthcare": null, "beds": null, "emergency": null }, "geometry": { "type": "Point", "coordinates": [ 77.5821514, 13.0942729 ] } },
{ "type": "Feature", "properties": { "name": "Saralaya Hospital", "amenity": "hospital", "building": null, "healthcare": null, "beds": null, "emergency": null }, "geometry": { "type": "Point", "coordinates": [ 77.629478, 13.121743 ] } },
{ "type": "Feature", "properties": { "name": "Reva Health Centre", "amenity": "clinic", "building": null, "healthcare": null, "beds": null, "emergency": null }, "geometry": { "type": "Point", "coordinates": [ 77.635823, 13.115486 ] } },
{ "type": "Feature", "properties": { "name": "Apurva Hospital", "amenity": "hospital", "building": null, "healthcare": null, "beds": null, "emergency": null }, "geometry": { "type": "Point", "coordinates": [ 77.59858, 13.101335 ] } },
{ "type": "Feature", "properties": { "name": "Om Shakthi Hospital", "amenity": "hospital", "building": null, "healthcare": null, "beds": null, "emergency": null }, "geometry": { "type": "Point", "coordinates": [ 77.6126077, 13.1215701 ] } },
{ "type": "Feature", "properties": { "name": "Synapse Health Care", "amenity": "clinic", "building": null, "healthcare": null, "beds": null, "emergency": null }, "geometry": { "type": "Point", "coordinates": [ 77.5875066, 13.0985051 ] } },
{ "type": "Feature", "properties": { "name": "Shadab Hospital", "amenity": "hospital", "building": null, "healthcare": null, "beds": null, "emergency": null }, "geometry": { "type": "Point", "coordinates": [ 77.6278506, 13.1025229 ] } },
{ "type": "Feature", "properties": { "name": "Seven Hills Clinic", "amenity": "clinic", "building": null, "healthcare": null, "beds": null, "emergency": null }, "geometry": { "type": "Point", "coordinates": [ 77.6173714, 13.1213645 ] } },
{ "type": "Feature", "properties": { "name": "Rainbow Health Care", "amenity": "hospital", "building": null, "healthcare": null, "beds": null, "emergency": null }, "geometry": { "type": "Point", "coordinates": [ 77.5760891, 13.0997321 ] } },
{ "type": "Feature", "properties": { "name": "Jayalakshmi Hospital", "amenity": "hospital", "building": null, "healthcare": null, "beds": null, "emergency": null }, "geometry": { "type": "Point", "coordinates": [ 77.596219, 13.098909 ] } },
{ "type": "Feature", "properties": { "name": "Ganga ENT Clinic", "amenity": "clinic", "building": null, "healthcare": null, "beds": null, "emergency": null }, "geometry": { "type": "Point", "coordinates": [ 77.6124201, 13.1213917 ] } },
{ "type": "Feature", "properties": { "name": "NDR Orthopaedic", "amenity": "hospital", "building": null, "healthcare": null, "beds": null, "emergency": null }, "geometry": { "type": "Point", "coordinates": [ 77.595603, 13.10051 ] } },
{ "type": "Feature", "properties": { "name": "Srividya Clinic", "amenity": "clinic", "building": null, "healthcare": null, "beds": null, "emergency": null }, "geometry": { "type": "Point", "coordinates": [ 77.576326, 13.1033688 ] } },
{ "type": "Feature", "properties": { "name": "Sri Arogya Hospital", "amenity": "hospital", "building": null, "healthcare": null, "beds": null, "emergency": null }, "geometry": { "type": "Point", "coordinates": [ 77.6250507, 13.1215659 ] } },
{ "type": "Feature", "properties": { "name": "SB Clinic", "amenity": "clinic", "building": null, "healthcare": null, "beds": null, "emergency": null }, "geometry": { "type": "Point", "coordinates": [ 77.5754256, 13.1036671 ] } },
{ "type": "Feature", "properties": { "name": "Sri Gurumangala Eye Foundation", "amenity": "clinic", "building": null, "healthcare": null, "beds": null, "emergency": null }, "geometry": { "type": "Point", "coordinates": [ 77.57689, 13.098998 ] } },
{ "type": "Feature", "properties": { "name": "Sapthagiri Hospital", "amenity": "hospital", "building": null, "healthcare": null, "beds": null, "emergency": null }, "geometry": { "type": "Point", "coordinates": [ 77.6174817, 13.1213668 ] } },
{ "type": "Feature", "properties": { "name": "Unnathi Clinic", "amenity": "clinic", "building": null, "healthcare": null, "beds": null, "emergency": null }, "geometry": { "type": "Point", "coordinates": [ 77.5965859, 13.0973071 ] } },
{ "type": "Feature", "properties": { "name": "Mathru Clinic", "amenity": "clinic", "building": null, "healthcare": null, "beds": null, "emergency": null }, "geometry": { "type": "Point", "coordinates": [ 77.5766997, 13.1035061 ] } },
{ "type": "Feature", "properties": { "name": "Pavan Hospitals", "amenity": "hospital", "building": null, "healthcare": null, "beds": null, "emergency": null }, "geometry": { "type": "Point", "coordinates": [ 77.596139, 13.0981485 ] } },
{ "type": "Feature", "properties": { "name": "Kushi Hospital", "amenity": "hospital", "building": null, "healthcare": null, "beds": null, "emergency": null }, "geometry": { "type": "Point", "coordinates": [ 77.5804166, 13.0938081 ] } },
{ "type": "Feature", "properties": { "name": "Nisarga Poly Clinic", "amenity": "clinic", "building": null, "healthcare": null, "beds": null, "emergency": null }, "geometry": { "type": "Point", "coordinates": [ 77.6280394, 13.1205677 ] } },
{ "type": "Feature", "properties": { "name": "Sri Satya Sai Orthopaedic Clinic", "amenity": "clinic", "building": null, "healthcare": null, "beds": null, "emergency": null }, "geometry": { "type": "Point", "coordinates": [ 77.5814832, 13.0997418 ] } },
{ "type": "Feature", "properties": { "name": "Varsha Hospital", "amenity": "hospital", "building": null, "healthcare": null, "beds": null, "emergency": null }, "geometry": { "type": "Point", "coordinates": [ 77.6297932, 13.1026581 ] } },
{ "type": "Feature", "properties": { "name": "Sri Ragavendra Poly Clinic", "amenity": "clinic", "building": null, "healthcare": null, "beds": null, "emergency": null }, "geometry": { "type": "Point", "coordinates": [ 77.6289175, 13.102292 ] } },
{ "type": "Feature", "properties": { "name": "Just Smiles", "amenity": "hospital", "building": null, "healthcare": null, "beds": null, "emergency": null }, "geometry": { "type": "Point", "coordinates": [ 77.5826843, 13.098668 ] } },
{ "type": "Feature", "properties": { "name": "Aayurjisha Women's Clinic", "amenity": "clinic", "building": null, "healthcare": null, "beds": null, "emergency": null }, "geometry": { "type": "Point", "coordinates": [ 77.6023323, 13.1041255 ] } },
{ "type": "Feature", "properties": { "name": "Amogh Ortho Centre", "amenity": "clinic", "building": null, "healthcare": "clinic", "beds": null, "emergency": null }, "geometry": { "type": "Point", "coordinates": [ 77.5610481, 12.9178682 ] } },
{ "type": "Feature", "properties": { "name": "Vismaya ENT Clinic", "amenity": "clinic", "building": null, "healthcare": "clinic", "beds": null, "emergency": null }, "geometry": { "type": "Point", "coordinates": [ 77.559993, 12.9175335 ] } },
{ "type": "Feature", "properties": { "name": "Beta Clinic", "amenity": "clinic", "building": null, "healthcare": null, "beds": null, "emergency": null }, "geometry": { "type": "Point", "coordinates": [ 77.5432594, 12.9209147 ] } },
{ "type": "Feature", "properties": { "name": "Nagaratna Clinic", "amenity": "clinic", "building": null, "healthcare": "clinic", "beds": null, "emergency": null }, "geometry": { "type": "Point", "coordinates": [ 77.5433318, 12.9060631 ] } },
{ "type": "Feature", "properties": { "name": "Prashanth Nursing Home", "amenity": "clinic", "building": null, "healthcare": null, "beds": null, "emergency": null }, "geometry": { "type": "Point", "coordinates": [ 77.5635313, 12.9295017 ] } },
{ "type": "Feature", "properties": { "name": "Safa Health care", "amenity": "clinic", "building": null, "healthcare": null, "beds": null, "emergency": null }, "geometry": { "type": "Point", "coordinates": [ 77.6024467, 12.9238004 ] } },
{ "type": "Feature", "properties": { "name": "Daivik Clinic", "amenity": "clinic", "building": null, "healthcare": "clinic", "beds": null, "emergency": null }, "geometry": { "type": "Point", "coordinates": [ 77.6063204, 12.9147481 ] } },
{ "type": "Feature", "properties": { "name": "Usha Clinic", "amenity": "clinic", "building": null, "healthcare": "clinic", "beds": null, "emergency": null }, "geometry": { "type": "Point", "coordinates": [ 77.6016717, 12.9264311 ] } },
{ "type": "Feature", "properties": { "name": "Prashant Clinic", "amenity": "clinic", "building": null, "healthcare": null, "beds": null, "emergency": null }, "geometry": { "type": "Point", "coordinates": [ 77.550702, 12.9222659 ] } },
{ "type": "Feature", "properties": { "name": "Soukhya Family Clinic", "amenity": "clinic", "building": null, "healthcare": null, "beds": null, "emergency": null }, "geometry": { "type": "Point", "coordinates": [ 77.5341499, 12.9089522 ] } },
{ "type": "Feature", "properties": { "name": "Lavis Hospital", "amenity": "hospital", "building": null, "healthcare": null, "beds": null, "emergency": null }, "geometry": { "type": "Point", "coordinates": [ 77.609021, 12.925461 ] } },
{ "type": "Feature", "properties": { "name": "Hanumagiri Clinic", "amenity": "clinic", "building": null, "healthcare": null, "beds": null, "emergency": null }, "geometry": { "type": "Point", "coordinates": [ 77.5446602, 12.9280659 ] } },
{ "type": "Feature", "properties": { "name": "Reviva Dermaesthetic", "amenity": "clinic", "building": null, "healthcare": "clinic", "beds": null, "emergency": null }, "geometry": { "type": "Point", "coordinates": [ 77.5965621, 12.9165942 ] } },
{ "type": "Feature", "properties": { "name": "Sevakshetra Hospital", "amenity": "hospital", "building": null, "healthcare": "hospital", "beds": null, "emergency": null }, "geometry": { "type": "Point", "coordinates": [ 77.5724702, 12.9215119 ] } },
{ "type": "Feature", "properties": { "name": "Vitiligo Clinic", "amenity": "clinic", "building": null, "healthcare": null, "beds": null, "emergency": null }, "geometry": { "type": "Point", "coordinates": [ 77.6149488, 12.9172038 ] } },
{ "type": "Feature", "properties": { "name": "Amar Ayurveda", "amenity": "clinic", "building": null, "healthcare": null, "beds": null, "emergency": null }, "geometry": { "type": "Point", "coordinates": [ 77.5845857, 12.9194081 ] } },
{ "type": "Feature", "properties": { "name": "Disney Family Clinic", "amenity": "clinic", "building": null, "healthcare": null, "beds": null, "emergency": null }, "geometry": { "type": "Point", "coordinates": [ 77.6034614, 12.913031 ] } },
{ "type": "Feature", "properties": { "name": "Venkateshwara Clinic", "amenity": "clinic", "building": null, "healthcare": null, "beds": null, "emergency": null }, "geometry": { "type": "Point", "coordinates": [ 77.54518, 12.906888 ] } },
{ "type": "Feature", "properties": { "name": "Shrinetra Eye Clinic", "amenity": "clinic", "building": null, "healthcare": null, "beds": null, "emergency": null }, "geometry": { "type": "Point", "coordinates": [ 77.549831, 12.924971 ] } },
{ "type": "Feature", "properties": { "name": "Perfetual Help Hospital", "amenity": "hospital", "building": null, "healthcare": null, "beds": null, "emergency": null }, "geometry": { "type": "Point", "coordinates": [ 77.5425258, 12.9055752 ] } },
{ "type": "Feature", "properties": { "name": "Ramdas Homeopathy Clinic", "amenity": "clinic", "building": null, "healthcare": null, "beds": null, "emergency": null }, "geometry": { "type": "Point", "coordinates": [ 77.5447555, 12.9271897 ] } },
{ "type": "Feature", "properties": { "name": "Shree Vaishnavi Heart Centre and Multi Speciality", "amenity": "hospital", "building": null, "healthcare": null, "beds": null, "emergency": null }, "geometry": { "type": "Point", "coordinates": [ 77.6098276, 12.9121632 ] } },
{ "type": "Feature", "properties": { "name": "RespiCare", "amenity": "clinic", "building": null, "healthcare": "clinic", "beds": null, "emergency": null }, "geometry": { "type": "Point", "coordinates": [ 77.580926, 12.918078 ] } },
{ "type": "Feature", "properties": { "name": "Marigold Hospital", "amenity": "hospital", "building": null, "healthcare": "hospital", "beds": null, "emergency": "no" }, "geometry": { "type": "Point", "coordinates": [ 77.6045369, 12.9136262 ] } },
{ "type": "Feature", "properties": { "name": "Bharathi Hospitals", "amenity": "hospital", "building": null, "healthcare": null, "beds": null, "emergency": null }, "geometry": { "type": "Point", "coordinates": [ 77.5622345, 12.9334096 ] } },
{ "type": "Feature", "properties": { "name": "GBY ENT Clinic", "amenity": "clinic", "building": null, "healthcare": null, "beds": null, "emergency": null }, "geometry": { "type": "Point", "coordinates": [ 77.546796, 12.914444 ] } },
{ "type": "Feature", "properties": { "name": "Vijaya Orthopaedic Centre", "amenity": "clinic", "building": null, "healthcare": "clinic", "beds": null, "emergency": null }, "geometry": { "type": "Point", "coordinates": [ 77.5608236, 12.9174804 ] } },
{ "type": "Feature", "properties": { "name": "Devi Hospital", "amenity": "hospital", "building": null, "healthcare": "hospital", "beds": null, "emergency": null }, "geometry": { "type": "Point", "coordinates": [ 77.6198634, 12.9239445 ] } },
{ "type": "Feature", "properties": { "name": "Arogya Clinic", "amenity": "clinic", "building": null, "healthcare": null, "beds": null, "emergency": null }, "geometry": { "type": "Point", "coordinates": [ 77.5416399, 12.9212952 ] } },
{ "type": "Feature", "properties": { "name": "Dermacare Skin Clinic", "amenity": "clinic", "building": null, "healthcare": null, "beds": null, "emergency": null }, "geometry": { "type": "Point", "coordinates": [ 77.549434, 12.925261 ] } },
{ "type": "Feature", "properties": { "name": "Nisa Multi Speciality Clinics", "amenity": "clinic", "building": null, "healthcare": "clinic", "beds": null, "emergency": null }, "geometry": { "type": "Point", "coordinates": [ 77.6070373, 12.9138294 ] } },
{ "type": "Feature", "properties": { "name": "Amba Laser Clinic", "amenity": "clinic", "building": null, "healthcare": null, "beds": null, "emergency": null }, "geometry": { "type": "Point", "coordinates": [ 77.6104644, 12.9191848 ] } },
{ "type": "Feature", "properties": { "name": "Dr. Seema Sultana's Women's Clinic", "amenity": "clinic", "building": null, "healthcare": null, "beds": null, "emergency": null }, "geometry": { "type": "Point", "coordinates": [ 77.6021539, 12.9232355 ] } },
{ "type": "Feature", "properties": { "name": "Devagiri Hospital", "amenity": "hospital", "building": null, "healthcare": null, "beds": null, "emergency": null }, "geometry": { "type": "Point", "coordinates": [ 77.565797, 12.924153 ] } },
{ "type": "Feature", "properties": { "name": "Poorna Clinic", "amenity": "clinic", "building": null, "healthcare": null, "beds": null, "emergency": null }, "geometry": { "type": "Point", "coordinates": [ 77.536862, 12.905774 ] } },
{ "type": "Feature", "properties": { "name": "Metropolis Healthcare", "amenity": "clinic", "building": null, "healthcare": null, "beds": null, "emergency": null }, "geometry": { "type": "Point", "coordinates": [ 77.5453371, 12.9250629 ] } },
{ "type": "Feature", "properties": { "name": "Anand Kids", "amenity": "clinic", "building": null, "healthcare": null, "beds": null, "emergency": null }, "geometry": { "type": "Point", "coordinates": [ 77.5506292, 12.9278507 ] } },
{ "type": "Feature", "properties": { "name": "Trinetra Polyclinic", "amenity": "clinic", "building": null, "healthcare": null, "beds": null, "emergency": null }, "geometry": { "type": "Point", "coordinates": [ 77.5630076, 12.9226964 ] } },
{ "type": "Feature", "properties": { "name": "Ashya Clinic", "amenity": "clinic", "building": null, "healthcare": "clinic", "beds": null, "emergency": null }, "geometry": { "type": "Point", "coordinates": [ 77.6040762, 12.907377 ] } },
{ "type": "Feature", "properties": { "name": "Madhumeha Diabetes Centre", "amenity": "clinic", "building": null, "healthcare": null, "beds": null, "emergency": null }, "geometry": { "type": "Point", "coordinates": [ 77.575866, 12.919227 ] } },
{ "type": "Feature", "properties": { "name": "Shenoy's Children Clinic", "amenity": "clinic", "building": null, "healthcare": "clinic", "beds": null, "emergency": null }, "geometry": { "type": "Point", "coordinates": [ 77.6010132, 12.917402 ] } },
{ "type": "Feature", "properties": { "name": "Pothys Hospital", "amenity": "hospital", "building": null, "healthcare": "hospital", "beds": null, "emergency": null }, "geometry": { "type": "Point", "coordinates": [ 77.6034098, 12.9159348 ] } },
{ "type": "Feature", "properties": { "name": "Center for Liver Disease Hospital", "amenity": "hospital", "building": null, "healthcare": "hospital", "beds": null, "emergency": null }, "geometry": { "type": "Point", "coordinates": [ 77.593019, 12.916234 ] } },
{ "type": "Feature", "properties": { "name": "Banashankari Poly Clinic", "amenity": "clinic", "building": null, "healthcare": "clinic", "beds": null, "emergency": null }, "geometry": { "type": "Point", "coordinates": [ 77.584736, 12.915263 ] } },
{ "type": "Feature", "properties": { "name": "Kareem ENT", "amenity": "clinic", "building": null, "healthcare": "clinic", "beds": null, "emergency": null }, "geometry": { "type": "Point", "coordinates": [ 77.605897, 12.918787 ] } },
{ "type": "Feature", "properties": { "name": "Dr. Santosh Clinic", "amenity": "clinic", "building": null, "healthcare": null, "beds": null, "emergency": null }, "geometry": { "type": "Point", "coordinates": [ 77.6092154, 12.9190762 ] } },
{ "type": "Feature", "properties": { "name": "Sudha Prevention Centre", "amenity": "hospital", "building": null, "healthcare": null, "beds": null, "emergency": null }, "geometry": { "type": "Point", "coordinates": [ 77.5467101, 12.9254569 ] } },
{ "type": "Feature", "properties": { "name": "Sri Devi Clinic", "amenity": "clinic", "building": null, "healthcare": null, "beds": null, "emergency": null }, "geometry": { "type": "Point", "coordinates": [ 77.5440968, 12.9249909 ] } },
{ "type": "Feature", "properties": { "name": "Sahasra Hospital", "amenity": "hospital", "building": null, "healthcare": null, "beds": null, "emergency": null }, "geometry": { "type": "Point", "coordinates": [ 77.5746118, 12.920651 ] } },
{ "type": "Feature", "properties": { "name": "Nargund Clinics", "amenity": "clinic", "building": null, "healthcare": null, "beds": null, "emergency": null }, "geometry": { "type": "Point", "coordinates": [ 77.540841, 12.925235 ] } },
{ "type": "Feature", "properties": { "name": "Sri Jyoti Eye Clinic", "amenity": "clinic", "building": null, "healthcare": "clinic", "beds": null, "emergency": null }, "geometry": { "type": "Point", "coordinates": [ 77.610766, 12.9221202 ] } },
{ "type": "Feature", "properties": { "name": "Health India Hospital", "amenity": "hospital", "building": null, "healthcare": null, "beds": null, "emergency": null }, "geometry": { "type": "Point", "coordinates": [ 77.6090995, 12.9265183 ] } },
{ "type": "Feature", "properties": { "name": "Shanti Hospital", "amenity": "hospital", "building": null, "healthcare": null, "beds": null, "emergency": null }, "geometry": { "type": "Point", "coordinates": [ 77.5772991, 12.9202202 ] } },
{ "type": "Feature", "properties": { "name": "Anugraha Clinic", "amenity": "clinic", "building": null, "healthcare": "clinic", "beds": null, "emergency": null }, "geometry": { "type": "Point", "coordinates": [ 77.605728, 12.912832 ] } },
{ "type": "Feature", "properties": { "name": "Srinivas Clinic", "amenity": "clinic", "building": null, "healthcare": null, "beds": null, "emergency": null }, "geometry": { "type": "Point", "coordinates": [ 77.5423946, 12.9052928 ] } },
{ "type": "Feature", "properties": { "name": "Vaishanavi ENT Clinic", "amenity": "clinic", "building": null, "healthcare": null, "beds": null, "emergency": null }, "geometry": { "type": "Point", "coordinates": [ 77.5402548, 12.9254955 ] } },
{ "type": "Feature", "properties": { "name": "Ullas Clinic", "amenity": "clinic", "building": null, "healthcare": null, "beds": null, "emergency": null }, "geometry": { "type": "Point", "coordinates": [ 77.544557, 12.909983 ] } },
{ "type": "Feature", "properties": { "name": "Hopeberry Clinic", "amenity": "clinic", "building": null, "healthcare": null, "beds": null, "emergency": null }, "geometry": { "type": "Point", "coordinates": [ 77.55082, 12.924474 ] } },
{ "type": "Feature", "properties": { "name": "Diya Speciality Eye Care", "amenity": "clinic", "building": null, "healthcare": "clinic", "beds": null, "emergency": null }, "geometry": { "type": "Point", "coordinates": [ 77.5470543, 12.9075819 ] } },
{ "type": "Feature", "properties": { "name": "Ravi Clinic", "amenity": "clinic", "building": null, "healthcare": null, "beds": null, "emergency": null }, "geometry": { "type": "Point", "coordinates": [ 77.5467868, 12.923358 ] } },
{ "type": "Feature", "properties": { "name": "Spurthy Hospital", "amenity": "hospital", "building": null, "healthcare": null, "beds": null, "emergency": null }, "geometry": { "type": "Point", "coordinates": [ 77.611355, 12.923857 ] } },
{ "type": "Feature", "properties": { "name": "Apollo Cradle Maternity & Children's Hospital", "amenity": "hospital", "building": null, "healthcare": "hospital", "beds": null, "emergency": null }, "geometry": { "type": "Point", "coordinates": [ 77.585258, 12.916885 ] } },
{ "type": "Feature", "properties": { "name": "Ayesha Speciality Clinic", "amenity": "clinic", "building": null, "healthcare": "clinic", "beds": null, "emergency": null }, "geometry": { "type": "Point", "coordinates": [ 77.603516, 12.918036 ] } },
{ "type": "Feature", "properties": { "name": "Bharat Clinic", "amenity": "clinic", "building": null, "healthcare": "clinic", "beds": null, "emergency": null }, "geometry": { "type": "Point", "coordinates": [ 77.6050646, 12.9082942 ] } },
{ "type": "Feature", "properties": { "name": "St. Martha's Hospital", "amenity": "hospital", "building": null, "healthcare": null, "beds": null, "emergency": null }, "geometry": { "type": "Point", "coordinates": [ 77.542548, 12.906113 ] } },
{ "type": "Feature", "properties": { "name": "Lakshmi Venkateswara Clinic", "amenity": "clinic", "building": null, "healthcare": null, "beds": null, "emergency": null }, "geometry": { "type": "Point", "coordinates": [ 77.5394034, 12.9152752 ] } },
{ "type": "Feature", "properties": { "name": "The Orthopaedic Centre", "amenity": "clinic", "building": null, "healthcare": null, "beds": null, "emergency": null }, "geometry": { "type": "Point", "coordinates": [ 77.5624477, 12.9204339 ] } },
{ "type": "Feature", "properties": { "name": "Shree srinivasa uro care", "amenity": "clinic", "building": null, "healthcare": null, "beds": null, "emergency": null }, "geometry": { "type": "Point", "coordinates": [ 77.6469418, 12.9759367 ] } },
{ "type": "Feature", "properties": { "name": "Chinmaya Hrudayalaya", "amenity": "hospital", "building": null, "healthcare": null, "beds": null, "emergency": null }, "geometry": { "type": "Point", "coordinates": [ 77.6459447, 12.9778121 ] } },
{ "type": "Feature", "properties": { "name": "Manjula Clinic", "amenity": "clinic", "building": null, "healthcare": "clinic", "beds": null, "emergency": null }, "geometry": { "type": "Point", "coordinates": [ 77.5303786, 12.967786 ] } },
{ "type": "Feature", "properties": { "name": "Richfeel Hair And Scalp Clinic", "amenity": "clinic", "building": null, "healthcare": "clinic", "beds": null, "emergency": null }, "geometry": { "type": "Point", "coordinates": [ 77.5760799, 13.0096996 ] } },
{ "type": "Feature", "properties": { "name": "Dhanvanthri Clinic", "amenity": "clinic", "building": null, "healthcare": "clinic", "beds": null, "emergency": null }, "geometry": { "type": "Point", "coordinates": [ 77.5739831, 13.0055162 ] } },
{ "type": "Feature", "properties": { "name": "Alleviate Pain Management Clinic", "amenity": "clinic", "building": null, "healthcare": "clinic", "beds": null, "emergency": null }, "geometry": { "type": "Point", "coordinates": [ 77.5805903, 13.0056853 ] } },
{ "type": "Feature", "properties": { "name": "Mona Clinic and Lab", "amenity": "clinic", "building": null, "healthcare": "clinic", "beds": null, "emergency": null }, "geometry": { "type": "Point", "coordinates": [ 77.5540647, 13.002402 ] } },
{ "type": "Feature", "properties": { "name": "The orthopedics clinic", "amenity": "clinic", "building": null, "healthcare": "clinic", "beds": null, "emergency": null }, "geometry": { "type": "Point", "coordinates": [ 77.621601, 13.0022436 ] } },
{ "type": "Feature", "properties": { "name": "Dr. Satyananda Clinic", "amenity": "clinic", "building": null, "healthcare": null, "beds": null, "emergency": null }, "geometry": { "type": "Point", "coordinates": [ 77.5584934, 13.0016601 ] } },
{ "type": "Feature", "properties": { "name": "Manjunatha maternity clinic", "amenity": "clinic", "building": null, "healthcare": "clinic", "beds": null, "emergency": null }, "geometry": { "type": "Point", "coordinates": [ 77.5349821, 13.0000365 ] } },
{ "type": "Feature", "properties": { "name": "Shilpa Clinic", "amenity": "clinic", "building": null, "healthcare": "clinic", "beds": null, "emergency": null }, "geometry": { "type": "Point", "coordinates": [ 77.5425992, 12.9986082 ] } },
{ "type": "Feature", "properties": { "name": "Namma Vaidyashaala Clinic", "amenity": "clinic", "building": null, "healthcare": "clinic", "beds": null, "emergency": null }, "geometry": { "type": "Point", "coordinates": [ 77.5710706, 12.9982397 ] } },
{ "type": "Feature", "properties": { "name": "Ganesha Clinic", "amenity": "clinic", "building": null, "healthcare": "clinic", "beds": null, "emergency": null }, "geometry": { "type": "Point", "coordinates": [ 77.5626808, 12.9918121 ] } },
{ "type": "Feature", "properties": { "name": "Mythri Clinic", "amenity": "clinic", "building": null, "healthcare": "clinic", "beds": null, "emergency": null }, "geometry": { "type": "Point", "coordinates": [ 77.5662996, 12.9912126 ] } },
{ "type": "Feature", "properties": { "name": "Dr Ramesh Clinic", "amenity": "clinic", "building": null, "healthcare": null, "beds": null, "emergency": null }, "geometry": { "type": "Point", "coordinates": [ 77.5519645, 12.9717729 ] } },
{ "type": "Feature", "properties": { "name": "Government Hospital", "amenity": "hospital", "building": null, "healthcare": "hospital", "beds": null, "emergency": null }, "geometry": { "type": "Point", "coordinates": [ 77.5535057, 13.0803204 ] } },
{ "type": "Feature", "properties": { "name": "Bangalore Healthcare Center Pranav Ayurveda Hospital", "amenity": "hospital", "building": null, "healthcare": "hospital", "beds": null, "emergency": null }, "geometry": { "type": "Point", "coordinates": [ 77.5581038, 13.0770012 ] } },
{ "type": "Feature", "properties": { "name": "Government Hospital", "amenity": "hospital", "building": null, "healthcare": null, "beds": null, "emergency": null }, "geometry": { "type": "Point", "coordinates": [ 77.5388968, 13.070554 ] } },
{ "type": "Feature", "properties": { "name": "Kruthika Hospital", "amenity": "hospital", "building": null, "healthcare": "hospital", "beds": null, "emergency": null }, "geometry": { "type": "Point", "coordinates": [ 77.5041964, 13.0650144 ] } },
{ "type": "Feature", "properties": { "name": "Dr Saju George Kottakkal", "amenity": "hospital", "building": null, "healthcare": null, "beds": null, "emergency": null }, "geometry": { "type": "Point", "coordinates": [ 77.5177637, 13.0621628 ] } },
{ "type": "Feature", "properties": { "name": "Fathima Hospital", "amenity": "hospital", "building": null, "healthcare": null, "beds": null, "emergency": null }, "geometry": { "type": "Point", "coordinates": [ 77.5329456, 13.0559513 ] } },
{ "type": "Feature", "properties": { "name": "Esi Dispensary", "amenity": "hospital", "building": null, "healthcare": null, "beds": null, "emergency": null }, "geometry": { "type": "Point", "coordinates": [ 77.5065494, 13.0439933 ] } },
{ "type": "Feature", "properties": { "name": "Ashwini Hospital", "amenity": "hospital", "building": null, "healthcare": null, "beds": null, "emergency": null }, "geometry": { "type": "Point", "coordinates": [ 77.5055985, 13.0313399 ] } },
{ "type": "Feature", "properties": { "name": "Esi Hospital Peenya 1st Stage", "amenity": "hospital", "building": null, "healthcare": null, "beds": null, "emergency": null }, "geometry": { "type": "Point", "coordinates": [ 77.5231858, 13.0280728 ] } },
{ "type": "Feature", "properties": { "name": "Nayanalaya Super Speciality Eye Care Centre", "amenity": "hospital", "building": null, "healthcare": "hospital", "beds": null, "emergency": null }, "geometry": { "type": "Point", "coordinates": [ 77.571159, 13.006795 ] } },
{ "type": "Feature", "properties": { "name": "Srinidhi Health Centre", "amenity": "hospital", "building": null, "healthcare": "hospital", "beds": null, "emergency": null }, "geometry": { "type": "Point", "coordinates": [ 77.5725746, 13.005821 ] } },
{ "type": "Feature", "properties": { "name": "Orthopedic & Eye Care Center", "amenity": "hospital", "building": null, "healthcare": "hospital", "beds": null, "emergency": null }, "geometry": { "type": "Point", "coordinates": [ 77.5719519, 13.0054934 ] } },
{ "type": "Feature", "properties": { "name": "ESI Hospital", "amenity": "hospital", "building": null, "healthcare": "hospital", "beds": null, "emergency": null }, "geometry": { "type": "Point", "coordinates": [ 77.5540033, 13.004596 ] } },
{ "type": "Feature", "properties": { "name": "Ramani Orthopaedic Hospital", "amenity": "hospital", "building": null, "healthcare": "hospital", "beds": null, "emergency": null }, "geometry": { "type": "Point", "coordinates": [ 77.5785238, 13.0044307 ] } },
{ "type": "Feature", "properties": { "name": "Atharva Ayurdhama Ayurvedic Hospital", "amenity": "hospital", "building": null, "healthcare": "hospital", "beds": null, "emergency": null }, "geometry": { "type": "Point", "coordinates": [ 77.547749, 13.004314 ] } },
{ "type": "Feature", "properties": { "name": "RICH CARE HOMEOPATHY", "amenity": "hospital", "building": null, "healthcare": "hospital", "beds": null, "emergency": null }, "geometry": { "type": "Point", "coordinates": [ 77.5721683, 13.0015461 ] } },
{ "type": "Feature", "properties": { "name": "Poornayu Ayurveda Hospital", "amenity": "hospital", "building": null, "healthcare": "hospital", "beds": null, "emergency": null }, "geometry": { "type": "Point", "coordinates": [ 77.551173, 12.998238 ] } },
{ "type": "Feature", "properties": { "name": "Appllo Diagnostic", "amenity": "hospital", "building": null, "healthcare": null, "beds": null, "emergency": null }, "geometry": { "type": "Point", "coordinates": [ 77.6008126, 12.9981064 ] } },
{ "type": "Feature", "properties": { "name": "Supra Diagnostics Spine Care And Ortho Care Hospital", "amenity": "hospital", "building": null, "healthcare": "hospital", "beds": null, "emergency": null }, "geometry": { "type": "Point", "coordinates": [ 77.5730038, 12.9969996 ] } },
{ "type": "Feature", "properties": { "name": "K.C.General Hospital", "amenity": "hospital", "building": null, "healthcare": "hospital", "beds": null, "emergency": null }, "geometry": { "type": "Point", "coordinates": [ 77.5693714, 12.9960244 ] } },
{ "type": "Feature", "properties": { "name": "ESIC Model Hospital", "amenity": "hospital", "building": null, "healthcare": "hospital", "beds": null, "emergency": null }, "geometry": { "type": "Point", "coordinates": [ 77.5539007, 12.9916924 ] } },
{ "type": "Feature", "properties": { "name": "Government Hospital", "amenity": "hospital", "building": null, "healthcare": "hospital", "beds": null, "emergency": null }, "geometry": { "type": "Point", "coordinates": [ 77.5566355, 12.9905045 ] } },
{ "type": "Feature", "properties": { "name": "Esi Hospital Bangalore", "amenity": "hospital", "building": null, "healthcare": "hospital", "beds": null, "emergency": null }, "geometry": { "type": "Point", "coordinates": [ 77.5530924, 12.9904985 ] } },
{ "type": "Feature", "properties": { "name": "Government Hospital", "amenity": "hospital", "building": null, "healthcare": null, "beds": null, "emergency": null }, "geometry": { "type": "Point", "coordinates": [ 77.5551801, 12.9844963 ] } },
{ "type": "Feature", "properties": { "name": "Anupama Hospital", "amenity": "hospital", "building": null, "healthcare": null, "beds": null, "emergency": null }, "geometry": { "type": "Point", "coordinates": [ 77.4787872, 12.9831814 ] } },
{ "type": "Feature", "properties": { "name": "Sri Balaji Specialist clinic", "amenity": "clinic", "building": null, "healthcare": "clinic", "beds": null, "emergency": null }, "geometry": { "type": "Point", "coordinates": [ 77.5415266, 12.9336108 ] } },
{ "type": "Feature", "properties": { "name": "Dr. Srikanth KP", "amenity": "clinic", "building": null, "healthcare": "clinic", "beds": null, "emergency": null }, "geometry": { "type": "Point", "coordinates": [ 77.6485471, 12.9579281 ] } },
{ "type": "Feature", "properties": { "name": "Outpatients", "amenity": "clinic", "building": null, "healthcare": "clinic", "beds": null, "emergency": null }, "geometry": { "type": "Point", "coordinates": [ 77.594267, 12.9357161 ] } },
{ "type": "Feature", "properties": { "name": "Sun Orthopaedic center", "amenity": "hospital", "building": null, "healthcare": null, "beds": null, "emergency": null }, "geometry": { "type": "Point", "coordinates": [ 77.5549236, 13.0332219 ] } },
{ "type": "Feature", "properties": { "name": "St. Johns hospital Emergency ward", "amenity": "hospital", "building": null, "healthcare": "hospital", "beds": null, "emergency": null }, "geometry": { "type": "Point", "coordinates": [ 77.6186159, 12.9305937 ] } },
{ "type": "Feature", "properties": { "name": "Liss Medical and Dental Clinic", "amenity": "clinic", "building": null, "healthcare": "clinic", "beds": null, "emergency": null }, "geometry": { "type": "Point", "coordinates": [ 77.6572967, 12.8984689 ] } },
{ "type": "Feature", "properties": { "name": "Sharma Nethralaya", "amenity": "clinic", "building": null, "healthcare": null, "beds": null, "emergency": null }, "geometry": { "type": "Point", "coordinates": [ 77.5407442, 12.9977569 ] } },
{ "type": "Feature", "properties": { "name": "Cuti Care", "amenity": "clinic", "building": null, "healthcare": null, "beds": null, "emergency": null }, "geometry": { "type": "Point", "coordinates": [ 77.5674788, 12.959775 ] } },
{ "type": "Feature", "properties": { "name": "SRL Diagnostics", "amenity": "clinic", "building": null, "healthcare": "clinic", "beds": null, "emergency": null }, "geometry": { "type": "Point", "coordinates": [ 77.5847369, 12.9261315 ] } },
{ "type": "Feature", "properties": { "name": "Katherina Kasper Clinic", "amenity": "clinic", "building": null, "healthcare": "clinic", "beds": null, "emergency": null }, "geometry": { "type": "Point", "coordinates": [ 77.6216147, 13.0022702 ] } },
{ "type": "Feature", "properties": { "name": "Katherina Kasper Leprosy Control Scheme", "amenity": "clinic", "building": null, "healthcare": "clinic", "beds": null, "emergency": null }, "geometry": { "type": "Point", "coordinates": [ 77.621624, 13.0022957 ] } },
{ "type": "Feature", "properties": { "name": "Mathew Children's Specialist", "amenity": "clinic", "building": null, "healthcare": "clinic", "beds": null, "emergency": null }, "geometry": { "type": "Point", "coordinates": [ 77.6208809, 13.0002611 ] } },
{ "type": "Feature", "properties": { "name": "Healing Hands Advanced Physiotherapy Clinic", "amenity": "hospital", "building": null, "healthcare": "hospital", "beds": null, "emergency": null }, "geometry": { "type": "Point", "coordinates": [ 77.5714903, 12.9128623 ] } },
{ "type": "Feature", "properties": { "name": "Narayan Multispeciality clinic", "amenity": "hospital", "building": null, "healthcare": null, "beds": null, "emergency": null }, "geometry": { "type": "Point", "coordinates": [ 77.5828703, 12.9288444 ] } },
{ "type": "Feature", "properties": { "name": "Adarsh Hospital", "amenity": "hospital", "building": null, "healthcare": null, "beds": null, "emergency": null }, "geometry": { "type": "Point", "coordinates": [ 77.4847891, 12.9208444 ] } },
{ "type": "Feature", "properties": { "name": "clinic", "amenity": "hospital", "building": null, "healthcare": "hospital", "beds": null, "emergency": null }, "geometry": { "type": "Point", "coordinates": [ 77.586437, 12.9395279 ] } },
{ "type": "Feature", "properties": { "name": "Magnum Onco Care", "amenity": "clinic", "building": null, "healthcare": null, "beds": null, "emergency": null }, "geometry": { "type": "Point", "coordinates": [ 77.5931659, 12.9592631 ] } },
{ "type": "Feature", "properties": { "name": "Maya Clinic", "amenity": "clinic", "building": null, "healthcare": "clinic", "beds": null, "emergency": null }, "geometry": { "type": "Point", "coordinates": [ 77.6936227, 12.9689946 ] } },
{ "type": "Feature", "properties": { "name": "Navashakthi Nethralaya", "amenity": "clinic", "building": null, "healthcare": null, "beds": null, "emergency": null }, "geometry": { "type": "Point", "coordinates": [ 77.6278442, 13.0370182 ] } },
{ "type": "Feature", "properties": { "name": "Shree Manyata Hospitals", "amenity": "hospital", "building": null, "healthcare": null, "beds": null, "emergency": null }, "geometry": { "type": "Point", "coordinates": [ 77.6316369, 13.0544507 ] } },
{ "type": "Feature", "properties": { "name": "Kaveri Diagnostic Centre", "amenity": "clinic", "building": null, "healthcare": null, "beds": null, "emergency": null }, "geometry": { "type": "Point", "coordinates": [ 77.5777955, 13.0968582 ] } },
{ "type": "Feature", "properties": { "name": "Sri Ganesha Clinic", "amenity": "clinic", "building": null, "healthcare": null, "beds": null, "emergency": null }, "geometry": { "type": "Point", "coordinates": [ 77.4995649, 12.9519232 ] } },
{ "type": "Feature", "properties": { "name": "Sri Badri Clinic", "amenity": "clinic", "building": null, "healthcare": "clinic", "beds": null, "emergency": null }, "geometry": { "type": "Point", "coordinates": [ 77.5712728, 13.1025097 ] } },
{ "type": "Feature", "properties": { "name": "NLSIU Health Center", "amenity": "clinic", "building": null, "healthcare": null, "beds": null, "emergency": null }, "geometry": { "type": "Point", "coordinates": [ 77.5177181, 12.9557239 ] } },
{ "type": "Feature", "properties": { "name": "Deepa polyclinic", "amenity": "clinic", "building": null, "healthcare": "clinic", "beds": null, "emergency": null }, "geometry": { "type": "Point", "coordinates": [ 77.5739215, 13.1039641 ] } },
{ "type": "Feature", "properties": { "name": "Yelahanka new standard diagnostic centre", "amenity": "clinic", "building": null, "healthcare": "clinic", "beds": null, "emergency": null }, "geometry": { "type": "Point", "coordinates": [ 77.5739432, 13.1039477 ] } },
{ "type": "Feature", "properties": { "name": "Kidwai Cancer Institute Radiation Block", "amenity": "hospital", "building": null, "healthcare": "hospital", "beds": null, "emergency": null }, "geometry": { "type": "Point", "coordinates": [ 77.5971575, 12.9355966 ] } },
{ "type": "Feature", "properties": { "name": "Altius Hospital", "amenity": "hospital", "building": null, "healthcare": null, "beds": null, "emergency": null }, "geometry": { "type": "Point", "coordinates": [ 77.6291947, 13.0344639 ] } },
{ "type": "Feature", "properties": { "name": "Nurture", "amenity": "clinic", "building": null, "healthcare": "clinic", "beds": null, "emergency": null }, "geometry": { "type": "Point", "coordinates": [ 77.6970325, 12.9343959 ] } },
{ "type": "Feature", "properties": { "name": "Sai Clinic", "amenity": "clinic", "building": null, "healthcare": "clinic", "beds": null, "emergency": null }, "geometry": { "type": "Point", "coordinates": [ 77.7033198, 12.9365809 ] } },
{ "type": "Feature", "properties": { "name": "Maya Hospital", "amenity": "hospital", "building": null, "healthcare": null, "beds": null, "emergency": null }, "geometry": { "type": "Point", "coordinates": [ 77.7046741, 12.9365283 ] } },
{ "type": "Feature", "properties": { "name": "Devi Eye Hospital", "amenity": "hospital", "building": null, "healthcare": "hospital", "beds": null, "emergency": null }, "geometry": { "type": "Point", "coordinates": [ 77.7216631, 12.9556074 ] } },
{ "type": "Feature", "properties": { "name": "Janani Clinic", "amenity": "clinic", "building": null, "healthcare": "clinic", "beds": null, "emergency": null }, "geometry": { "type": "Point", "coordinates": [ 77.6970795, 12.9385536 ] } },
{ "type": "Feature", "properties": { "name": "Apollo Clinic", "amenity": "clinic", "building": null, "healthcare": "clinic", "beds": null, "emergency": null }, "geometry": { "type": "Point", "coordinates": [ 77.7211024, 12.9358709 ] } },
{ "type": "Feature", "properties": { "name": "Shubham", "amenity": "clinic", "building": null, "healthcare": "clinic", "beds": null, "emergency": null }, "geometry": { "type": "Point", "coordinates": [ 77.722405, 12.9396871 ] } },
{ "type": "Feature", "properties": { "name": "Sahasra Hospital", "amenity": "hospital", "building": null, "healthcare": "hospital", "beds": null, "emergency": null }, "geometry": { "type": "Point", "coordinates": [ 77.7433234, 12.9337751 ] } },
{ "type": "Feature", "properties": { "name": "Kosmoderma dermatologist", "amenity": "clinic", "building": null, "healthcare": "clinic", "beds": null, "emergency": null }, "geometry": { "type": "Point", "coordinates": [ 77.7215706, 12.9555826 ] } },
{ "type": "Feature", "properties": { "name": "Clove Dental", "amenity": "clinic", "building": null, "healthcare": "clinic", "beds": null, "emergency": null }, "geometry": { "type": "Point", "coordinates": [ 77.7214813, 12.9555812 ] } },
{ "type": "Feature", "properties": { "name": "Health Bloom Poly Clinic", "amenity": "clinic", "building": null, "healthcare": "clinic", "beds": null, "emergency": null }, "geometry": { "type": "Point", "coordinates": [ 77.7187368, 12.960334 ] } },
{ "type": "Feature", "properties": { "name": "Cloudnine Hospital", "amenity": "hospital", "building": null, "healthcare": "hospital", "beds": null, "emergency": "yes" }, "geometry": { "type": "Point", "coordinates": [ 77.5500857, 12.8832909 ] } },
{ "type": "Feature", "properties": { "name": "Whitefield Spine Clinic", "amenity": "clinic", "building": null, "healthcare": "clinic", "beds": null, "emergency": null }, "geometry": { "type": "Point", "coordinates": [ 77.7197673, 12.9555785 ] } },
{ "type": "Feature", "properties": { "name": "My Dentist", "amenity": "hospital", "building": null, "healthcare": "hospital", "beds": null, "emergency": null }, "geometry": { "type": "Point", "coordinates": [ 77.5460604, 12.9429852 ] } },
{ "type": "Feature", "properties": { "name": "G. S. Clinic", "amenity": "clinic", "building": null, "healthcare": "clinic", "beds": null, "emergency": null }, "geometry": { "type": "Point", "coordinates": [ 77.7184595, 12.9594686 ] } },
{ "type": "Feature", "properties": { "name": "Iswarya Fertility", "amenity": "clinic", "building": null, "healthcare": null, "beds": null, "emergency": null }, "geometry": { "type": "Point", "coordinates": [ 77.7017071, 12.965142 ] } },
{ "type": "Feature", "properties": { "name": "Hurbz", "amenity": "clinic", "building": null, "healthcare": "alternative", "beds": null, "emergency": null }, "geometry": { "type": "Point", "coordinates": [ 77.6405793, 12.9691264 ] } },
{ "type": "Feature", "properties": { "name": "Anand Diagnostic Laboratory", "amenity": "clinic", "building": null, "healthcare": "clinic", "beds": null, "emergency": null }, "geometry": { "type": "Point", "coordinates": [ 77.6061401, 12.9814463 ] } },
{ "type": "Feature", "properties": { "name": "IVF Access - Fertility Clinic", "amenity": "clinic", "building": null, "healthcare": null, "beds": null, "emergency": null }, "geometry": { "type": "Point", "coordinates": [ 77.6196372, 12.9449334 ] } },
{ "type": "Feature", "properties": { "name": "Olivia Hair & Skin Clinic", "amenity": "clinic", "building": null, "healthcare": "clinic", "beds": null, "emergency": null }, "geometry": { "type": "Point", "coordinates": [ 77.6515123, 12.9174635 ] } },
{ "type": "Feature", "properties": { "name": "Siddanth Hospital", "amenity": "hospital", "building": null, "healthcare": "hospital", "beds": null, "emergency": null }, "geometry": { "type": "Point", "coordinates": [ 77.7305782, 12.9563317 ] } },
{ "type": "Feature", "properties": { "name": "Skinsi", "amenity": "clinic", "building": null, "healthcare": "clinic", "beds": null, "emergency": null }, "geometry": { "type": "Point", "coordinates": [ 77.6224709, 12.9333552 ] } },
{ "type": "Feature", "properties": { "name": "Toothsi", "amenity": "clinic", "building": null, "healthcare": "clinic", "beds": null, "emergency": null }, "geometry": { "type": "Point", "coordinates": [ 77.6224577, 12.9333754 ] } },
{ "type": "Feature", "properties": { "name": "Sanjith Clinic", "amenity": "clinic", "building": null, "healthcare": null, "beds": null, "emergency": null }, "geometry": { "type": "Point", "coordinates": [ 77.6225552, 12.9511615 ] } },
{ "type": "Feature", "properties": { "name": "Apollo Pharmacy", "amenity": "hospital", "building": null, "healthcare": "hospital", "beds": null, "emergency": null }, "geometry": { "type": "Point", "coordinates": [ 77.6766068, 12.9263862 ] } },
{ "type": "Feature", "properties": { "name": "Aspire", "amenity": "clinic", "building": null, "healthcare": "clinic", "beds": null, "emergency": null }, "geometry": { "type": "Point", "coordinates": [ 77.64467, 12.9174363 ] } },
{ "type": "Feature", "properties": { "name": "BBMP Clinic", "amenity": "clinic", "building": null, "healthcare": null, "beds": null, "emergency": null }, "geometry": { "type": "Point", "coordinates": [ 77.5776319, 13.0261502 ] } },
{ "type": "Feature", "properties": { "name": "Apollo Clinic", "amenity": "clinic", "building": null, "healthcare": "clinic", "beds": null, "emergency": null }, "geometry": { "type": "Point", "coordinates": [ 77.541725, 12.8567838 ] } },
{ "type": "Feature", "properties": { "name": "Turning Point Therapists", "amenity": "clinic", "building": null, "healthcare": "clinic", "beds": null, "emergency": null }, "geometry": { "type": "Point", "coordinates": [ 77.5915324, 12.920554 ] } },
{ "type": "Feature", "properties": { "name": "Geronics", "amenity": "clinic", "building": null, "healthcare": "clinic", "beds": null, "emergency": null }, "geometry": { "type": "Point", "coordinates": [ 77.6616046, 12.894727 ] } },
{ "type": "Feature", "properties": { "name": "Jiva Ayurveda", "amenity": "clinic", "building": null, "healthcare": "clinic", "beds": null, "emergency": null }, "geometry": { "type": "Point", "coordinates": [ 77.6519241, 12.9127582 ] } },
{ "type": "Feature", "properties": { "name": "Suraksha Hospital", "amenity": "hospital", "building": null, "healthcare": null, "beds": null, "emergency": null }, "geometry": { "type": "Point", "coordinates": [ 77.628791, 13.048083 ] } },
{ "type": "Feature", "properties": { "name": "Bangalore Baptist Clinic", "amenity": "clinic", "building": null, "healthcare": null, "beds": null, "emergency": null }, "geometry": { "type": "Point", "coordinates": [ 77.641042, 13.0664266 ] } },
{ "type": "Feature", "properties": { "name": "Harsha Poly Clinic & Maternity Home", "amenity": "clinic", "building": null, "healthcare": "clinic", "beds": null, "emergency": null }, "geometry": { "type": "Point", "coordinates": [ 77.6961287, 12.9946616 ] } },
{ "type": "Feature", "properties": { "name": "Parency Hospital", "amenity": "clinic", "building": null, "healthcare": null, "beds": null, "emergency": null }, "geometry": { "type": "Point", "coordinates": [ 77.5845399, 12.9172857 ] } },
{ "type": "Feature", "properties": { "name": "GHOC Obesity Clinic", "amenity": "clinic", "building": null, "healthcare": null, "beds": null, "emergency": null }, "geometry": { "type": "Point", "coordinates": [ 77.5785137, 12.9173916 ] } },
{ "type": "Feature", "properties": { "name": "Apollo Clinic", "amenity": "clinic", "building": null, "healthcare": "clinic", "beds": null, "emergency": null }, "geometry": { "type": "Point", "coordinates": [ 77.6893768, 12.9874393 ] } },
{ "type": "Feature", "properties": { "name": "Namma Clinic", "amenity": "clinic", "building": null, "healthcare": null, "beds": null, "emergency": null }, "geometry": { "type": "Point", "coordinates": [ 77.5799118, 12.9177197 ] } },
{ "type": "Feature", "properties": { "name": "Namma Clinic", "amenity": "clinic", "building": null, "healthcare": null, "beds": null, "emergency": null }, "geometry": { "type": "Point", "coordinates": [ 77.5575603, 12.9985298 ] } },
{ "type": "Feature", "properties": { "name": "The Local Dentist", "amenity": "hospital", "building": null, "healthcare": "hospital", "beds": null, "emergency": "yes" }, "geometry": { "type": "Point", "coordinates": [ 77.663997, 12.9094156 ] } },
{ "type": "Feature", "properties": { "name": "Kirti Eye and Dental Hospital", "amenity": "clinic", "building": null, "healthcare": null, "beds": null, "emergency": null }, "geometry": { "type": "Point", "coordinates": [ 77.6211025, 12.9966455 ] } },
{ "type": "Feature", "properties": { "name": "Saalik's Healthcare Centre", "amenity": "clinic", "building": null, "healthcare": "clinic", "beds": null, "emergency": null }, "geometry": { "type": "Point", "coordinates": [ 77.6232049, 13.0053041 ] } },
{ "type": "Feature", "properties": { "name": "Janani Clinics", "amenity": "hospital", "building": null, "healthcare": "hospital", "beds": null, "emergency": null }, "geometry": { "type": "Point", "coordinates": [ 77.5437825, 12.9918503 ] } },
{ "type": "Feature", "properties": { "name": "Lotus Hospital", "amenity": "hospital", "building": null, "healthcare": "hospital", "beds": null, "emergency": null }, "geometry": { "type": "Point", "coordinates": [ 77.6491563, 12.9144825 ] } },
{ "type": "Feature", "properties": { "name": "Dhanavantri Health Care", "amenity": "clinic", "building": null, "healthcare": null, "beds": null, "emergency": null }, "geometry": { "type": "Point", "coordinates": [ 77.5507381, 12.9873583 ] } },
{ "type": "Feature", "properties": { "name": "Shankarapuram Diagnostic Centre", "amenity": "clinic", "building": null, "healthcare": "clinic", "beds": null, "emergency": null }, "geometry": { "type": "Point", "coordinates": [ 77.5697604, 12.9568006 ] } },
{ "type": "Feature", "properties": { "name": "Rayara Kirana", "amenity": "clinic", "building": null, "healthcare": "physiotherapist", "beds": null, "emergency": null }, "geometry": { "type": "Point", "coordinates": [ 77.569727, 12.9525434 ] } },
{ "type": "Feature", "properties": { "name": "ProDerma Skin Clinic", "amenity": "clinic", "building": null, "healthcare": "clinic", "beds": null, "emergency": null }, "geometry": { "type": "Point", "coordinates": [ 77.5694518, 12.9570283 ] } },
{ "type": "Feature", "properties": { "name": "Pandit Clinic (Ayurveda and Panchkarma Center)", "amenity": "clinic", "building": null, "healthcare": "clinic", "beds": null, "emergency": null }, "geometry": { "type": "Point", "coordinates": [ 77.5701608, 12.9570859 ] } },
{ "type": "Feature", "properties": { "name": "Prestige Medical Healthcare PMHS", "amenity": "clinic", "building": null, "healthcare": null, "beds": null, "emergency": null }, "geometry": { "type": "Point", "coordinates": [ 77.6235326, 13.0008846 ] } },
{ "type": "Feature", "properties": { "name": "Smile 365 Dental Clinic", "amenity": "clinic", "building": null, "healthcare": "clinic", "beds": null, "emergency": null }, "geometry": { "type": "Point", "coordinates": [ 77.6423538, 13.0139282 ] } },
{ "type": "Feature", "properties": { "name": "Namma Clinics", "amenity": "clinic", "building": null, "healthcare": "clinic", "beds": null, "emergency": null }, "geometry": { "type": "Point", "coordinates": [ 77.5899294, 13.0636324 ] } },
{ "type": "Feature", "properties": { "name": "Amogha Fertility Clinic", "amenity": "clinic", "building": null, "healthcare": "clinic", "beds": null, "emergency": null }, "geometry": { "type": "Point", "coordinates": [ 77.5881871, 13.0636273 ] } },
{ "type": "Feature", "properties": { "name": "B mom", "amenity": "clinic", "building": null, "healthcare": "clinic", "beds": null, "emergency": null }, "geometry": { "type": "Point", "coordinates": [ 77.5892806, 13.0639293 ] } },
{ "type": "Feature", "properties": { "name": "Saphire Heart Care", "amenity": "clinic", "building": null, "healthcare": null, "beds": null, "emergency": null }, "geometry": { "type": "Point", "coordinates": [ 77.5856497, 12.9046774 ] } },
{ "type": "Feature", "properties": { "name": "Epicorium Skin Hair Nail Clinic", "amenity": "clinic", "building": null, "healthcare": "clinic", "beds": null, "emergency": null }, "geometry": { "type": "Point", "coordinates": [ 77.6325124, 12.9150191 ] } },
{ "type": "Feature", "properties": { "name": "Ayaans Hospital", "amenity": "hospital", "building": null, "healthcare": "hospital", "beds": null, "emergency": null }, "geometry": { "type": "Point", "coordinates": [ 77.6435889, 12.9782618 ] } },
{ "type": "Feature", "properties": { "name": "Harsha Polyclinic", "amenity": "clinic", "building": null, "healthcare": null, "beds": null, "emergency": null }, "geometry": { "type": "Point", "coordinates": [ 77.4908305, 13.0141223 ] } },
{ "type": "Feature", "properties": { "name": "Gaur Physiotherapy", "amenity": "clinic", "building": null, "healthcare": "clinic", "beds": null, "emergency": null }, "geometry": { "type": "Point", "coordinates": [ 77.5757825, 12.917472 ] } },
{ "type": "Feature", "properties": { "name": "Urocare Urology Superspeciality Clinic", "amenity": "clinic", "building": null, "healthcare": "clinic", "beds": null, "emergency": null }, "geometry": { "type": "Point", "coordinates": [ 77.6057264, 12.9132656 ] } },
{ "type": "Feature", "properties": { "name": "Smruthi ENT Clinic & Multispeciality Centre", "amenity": "clinic", "building": null, "healthcare": "clinic", "beds": null, "emergency": null }, "geometry": { "type": "Point", "coordinates": [ 77.6070457, 12.9136053 ] } },
{ "type": "Feature", "properties": { "name": "NIMHANS Department Of Psychiatric and Neuro Rehabilitation", "amenity": "hospital", "building": null, "healthcare": "hospital", "beds": null, "emergency": null }, "geometry": { "type": "Point", "coordinates": [ 77.5954768, 12.9400516 ] } },
{ "type": "Feature", "properties": { "name": "Nimhans Mr-pet Center", "amenity": "hospital", "building": null, "healthcare": "hospital", "beds": null, "emergency": null }, "geometry": { "type": "Point", "coordinates": [ 77.5967825, 12.9396498 ] } },
{ "type": "Feature", "properties": { "name": "NIMHANS Physiotherapy Center", "amenity": "hospital", "building": null, "healthcare": "hospital", "beds": null, "emergency": null }, "geometry": { "type": "Point", "coordinates": [ 77.5954721, 12.9402037 ] } },
{ "type": "Feature", "properties": { "name": "Bangalore Orthopaedic Clinic", "amenity": "clinic", "building": null, "healthcare": "clinic", "beds": null, "emergency": null }, "geometry": { "type": "Point", "coordinates": [ 77.6050916, 12.9134261 ] } },
{ "type": "Feature", "properties": { "name": "Zymus Hospitals", "amenity": "hospital", "building": null, "healthcare": "hospital", "beds": null, "emergency": null }, "geometry": { "type": "Point", "coordinates": [ 77.5450234, 12.8784742 ] } },
{ "type": "Feature", "properties": { "name": "Banashankari Heart Clinic", "amenity": "clinic", "building": null, "healthcare": "clinic", "beds": null, "emergency": null }, "geometry": { "type": "Point", "coordinates": [ 77.5762138, 12.9062356 ] } },
{ "type": "Feature", "properties": { "name": "Apollo CM fertility", "amenity": "clinic", "building": null, "healthcare": null, "beds": null, "emergency": null }, "geometry": { "type": "Point", "coordinates": [ 77.5769133, 12.9062412 ] } },
{ "type": "Feature", "properties": { "name": "Pristyn Care", "amenity": "clinic", "building": null, "healthcare": "clinic", "beds": null, "emergency": null }, "geometry": { "type": "Point", "coordinates": [ 77.5822781, 12.9107901 ] } },
{ "type": "Feature", "properties": { "name": "Cadabam's Hospitals", "amenity": "hospital", "building": null, "healthcare": "hospital", "beds": null, "emergency": null }, "geometry": { "type": "Point", "coordinates": [ 77.5869281, 12.906071 ] } },
{ "type": "Feature", "properties": { "name": "Medall Clumax Diagnostics", "amenity": "clinic", "building": null, "healthcare": "clinic", "beds": null, "emergency": null }, "geometry": { "type": "Point", "coordinates": [ 77.5825707, 12.9070993 ] } },
{ "type": "Feature", "properties": { "name": "Aster Labs", "amenity": "clinic", "building": null, "healthcare": "clinic", "beds": null, "emergency": null }, "geometry": { "type": "Point", "coordinates": [ 77.5841885, 12.9106464 ] } },
{ "type": "Feature", "properties": { "name": "Baby Science IVF clinic", "amenity": "clinic", "building": null, "healthcare": "clinic", "beds": null, "emergency": null }, "geometry": { "type": "Point", "coordinates": [ 77.5841885, 12.9106464 ] } },
{ "type": "Feature", "properties": { "name": "PharmEasy Labs collection centre", "amenity": "clinic", "building": null, "healthcare": null, "beds": null, "emergency": null }, "geometry": { "type": "Point", "coordinates": [ 77.5762286, 12.9062374 ] } },
{ "type": "Feature", "properties": { "name": "Skanda Health Care", "amenity": "clinic", "building": null, "healthcare": "clinic", "beds": null, "emergency": null }, "geometry": { "type": "Point", "coordinates": [ 77.5914037, 12.9061026 ] } },
{ "type": "Feature", "properties": { "name": "sugar.fit", "amenity": "clinic", "building": null, "healthcare": "clinic", "beds": null, "emergency": null }, "geometry": { "type": "Point", "coordinates": [ 77.6494595, 12.9089273 ] } },
{ "type": "Feature", "properties": { "name": "partha", "amenity": "clinic", "building": null, "healthcare": "clinic", "beds": null, "emergency": null }, "geometry": { "type": "Point", "coordinates": [ 77.5936147, 12.9166445 ] } },
{ "type": "Feature", "properties": { "name": "Fortis Hospital, Nagarbhavi", "amenity": "hospital", "building": null, "healthcare": "hospital", "beds": null, "emergency": null }, "geometry": { "type": "Point", "coordinates": [ 77.5112481, 12.9596032 ] } },
{ "type": "Feature", "properties": { "name": "Nova IVF", "amenity": "clinic", "building": null, "healthcare": "clinic", "beds": null, "emergency": null }, "geometry": { "type": "Point", "coordinates": [ 77.7158331, 12.9644348 ] } },
{ "type": "Feature", "properties": { "name": "MEDSTAR Speciality Hospital", "amenity": "hospital", "building": null, "healthcare": null, "beds": null, "emergency": null }, "geometry": { "type": "Point", "coordinates": [ 77.5860405, 13.058128 ] } },
{ "type": "Feature", "properties": { "name": "Care and Cure", "amenity": "clinic", "building": null, "healthcare": "clinic", "beds": null, "emergency": null }, "geometry": { "type": "Point", "coordinates": [ 77.5781644, 13.0955323 ] } },
{ "type": "Feature", "properties": { "name": "Hayagreeva Medical And Women's Health", "amenity": "clinic", "building": null, "healthcare": "clinic", "beds": null, "emergency": null }, "geometry": { "type": "Point", "coordinates": [ 77.5782466, 13.0941852 ] } },
{ "type": "Feature", "properties": { "name": "Namma Clinic", "amenity": "clinic", "building": null, "healthcare": "clinic", "beds": null, "emergency": null }, "geometry": { "type": "Point", "coordinates": [ 77.5718825, 13.0086529 ] } },
{ "type": "Feature", "properties": { "name": "Sanjeevani", "amenity": "clinic", "building": null, "healthcare": "clinic", "beds": null, "emergency": null }, "geometry": { "type": "Point", "coordinates": [ 77.6002084, 13.1070097 ] } },
{ "type": "Feature", "properties": { "name": "Elite Physiotherapy Clinic", "amenity": "clinic", "building": null, "healthcare": "clinic", "beds": null, "emergency": null }, "geometry": { "type": "Point", "coordinates": [ 77.6014754, 13.106768 ] } },
{ "type": "Feature", "properties": { "name": "Sri Shakthi Clinic", "amenity": "clinic", "building": null, "healthcare": "clinic", "beds": null, "emergency": null }, "geometry": { "type": "Point", "coordinates": [ 77.5573862, 13.0355885 ] } },
{ "type": "Feature", "properties": { "name": "Tenet Diagnostics", "amenity": "clinic", "building": null, "healthcare": "clinic", "beds": null, "emergency": null }, "geometry": { "type": "Point", "coordinates": [ 77.5798606, 13.0093245 ] } },
{ "type": "Feature", "properties": { "name": "Amruth Clinic", "amenity": "clinic", "building": null, "healthcare": null, "beds": null, "emergency": null }, "geometry": { "type": "Point", "coordinates": [ 77.5953761, 13.1022809 ] } },
{ "type": "Feature", "properties": { "name": "Shivaprasad Health Centre", "amenity": "clinic", "building": null, "healthcare": "clinic", "beds": null, "emergency": null }, "geometry": { "type": "Point", "coordinates": [ 77.595244, 13.1024507 ] } },
{ "type": "Feature", "properties": { "name": "Ashirvad Clinic", "amenity": "clinic", "building": null, "healthcare": null, "beds": null, "emergency": null }, "geometry": { "type": "Point", "coordinates": [ 77.6495699, 12.9206693 ] } },
{ "type": "Feature", "properties": { "name": "Care Clinic", "amenity": "clinic", "building": null, "healthcare": null, "beds": null, "emergency": null }, "geometry": { "type": "Point", "coordinates": [ 77.6509828, 12.9163949 ] } },
{ "type": "Feature", "properties": { "name": "Narayan Nethralaya", "amenity": "clinic", "building": null, "healthcare": "clinic", "beds": null, "emergency": null }, "geometry": { "type": "Point", "coordinates": [ 77.6412175, 12.977022 ] } },
{ "type": "Feature", "properties": { "name": "Apollo Clinic", "amenity": "clinic", "building": null, "healthcare": "clinic", "beds": null, "emergency": null }, "geometry": { "type": "Point", "coordinates": [ 77.5531501, 13.0094685 ] } },
{ "type": "Feature", "properties": { "name": "Span Health Center", "amenity": "hospital", "building": null, "healthcare": "hospital", "beds": null, "emergency": null }, "geometry": { "type": "Point", "coordinates": [ 77.6271297, 12.9774449 ] } },
{ "type": "Feature", "properties": { "name": "Laxmi Piles Clinic", "amenity": "clinic", "building": null, "healthcare": "clinic", "beds": null, "emergency": null }, "geometry": { "type": "Point", "coordinates": [ 77.6306998, 12.9784197 ] } },
{ "type": "Feature", "properties": { "name": "Smile Smart Dental & Implant Centre", "amenity": "hospital", "building": null, "healthcare": "dentist", "beds": null, "emergency": null }, "geometry": { "type": "Point", "coordinates": [ 77.6552588, 12.8804891 ] } },
{ "type": "Feature", "properties": { "name": "Uvin Care Hospital", "amenity": "hospital", "building": null, "healthcare": "hospital", "beds": null, "emergency": null }, "geometry": { "type": "Point", "coordinates": [ 77.6282837, 12.9778346 ] } },
{ "type": "Feature", "properties": { "name": "Cosmo Clinic and Diagnostic Centre", "amenity": "clinic", "building": null, "healthcare": null, "beds": null, "emergency": null }, "geometry": { "type": "Point", "coordinates": [ 77.721061, 12.9549096 ] } },
{ "type": "Feature", "properties": { "name": "Ashwini Clinic", "amenity": "clinic", "building": null, "healthcare": null, "beds": null, "emergency": null }, "geometry": { "type": "Point", "coordinates": [ 77.7209014, 12.9553436 ] } },
{ "type": "Feature", "properties": { "name": "Nakkshatra Clinic", "amenity": "clinic", "building": null, "healthcare": null, "beds": null, "emergency": null }, "geometry": { "type": "Point", "coordinates": [ 77.722384, 12.9469762 ] } },
{ "type": "Feature", "properties": { "name": "Sai Sparsh Hospital", "amenity": "hospital", "building": null, "healthcare": "hospital", "beds": null, "emergency": null }, "geometry": { "type": "Point", "coordinates": [ 77.6368614, 12.8933895 ] } },
{ "type": "Feature", "properties": { "name": "Maruthi Clinic", "amenity": "clinic", "building": null, "healthcare": null, "beds": null, "emergency": null }, "geometry": { "type": "Point", "coordinates": [ 77.5600192, 12.9051059 ] } },
{ "type": "Feature", "properties": { "name": "Balaji ENT Clinic", "amenity": "clinic", "building": null, "healthcare": null, "beds": null, "emergency": null }, "geometry": { "type": "Point", "coordinates": [ 77.5630843, 12.9061994 ] } },
{ "type": "Feature", "properties": { "name": "Bengaluru City Hospital", "amenity": "hospital", "building": null, "healthcare": null, "beds": null, "emergency": null }, "geometry": { "type": "Point", "coordinates": [ 77.5707809, 12.9075935 ] } },
{ "type": "Feature", "properties": { "name": "Aspire Hospital", "amenity": "hospital", "building": null, "healthcare": "hospital", "beds": null, "emergency": null }, "geometry": { "type": "Point", "coordinates": [ 77.6145878, 12.9971683 ] } },
{ "type": "Feature", "properties": { "name": "Cardoza Clinic", "amenity": "clinic", "building": null, "healthcare": "clinic", "beds": null, "emergency": null }, "geometry": { "type": "Point", "coordinates": [ 77.6166833, 13.0006814 ] } },
{ "type": "Feature", "properties": { "name": "Sai Divine ENT", "amenity": "clinic", "building": null, "healthcare": "clinic", "beds": null, "emergency": null }, "geometry": { "type": "Point", "coordinates": [ 77.6182696, 12.9993917 ] } },
{ "type": "Feature", "properties": { "name": "Dhee Hospital", "amenity": "hospital", "building": null, "healthcare": null, "beds": null, "emergency": null }, "geometry": { "type": "Point", "coordinates": [ 77.550214, 12.8835095 ] } },
{ "type": "Feature", "properties": { "name": "Shastri Skin Clinic", "amenity": "clinic", "building": null, "healthcare": "clinic", "beds": null, "emergency": null }, "geometry": { "type": "Point", "coordinates": [ 77.569424, 13.0040251 ] } },
{ "type": "Feature", "properties": { "name": "Arista Health Clinic", "amenity": "clinic", "building": null, "healthcare": "clinic", "beds": null, "emergency": null }, "geometry": { "type": "Point", "coordinates": [ 77.5692974, 13.0075248 ] } },
{ "type": "Feature", "properties": { "name": "Sugar.Fit Diabetes Reversal Centre", "amenity": "clinic", "building": null, "healthcare": "clinic", "beds": null, "emergency": null }, "geometry": { "type": "Point", "coordinates": [ 77.5691213, 13.0058272 ] } },
{ "type": "Feature", "properties": { "name": "Vaidyaratnam Oushadhasala Ayurvedic Clinic", "amenity": "clinic", "building": null, "healthcare": "clinic", "beds": null, "emergency": null }, "geometry": { "type": "Point", "coordinates": [ 77.569112, 13.0081116 ] } },
{ "type": "Feature", "properties": { "name": "Homeocare International", "amenity": "clinic", "building": null, "healthcare": "clinic", "beds": null, "emergency": null }, "geometry": { "type": "Point", "coordinates": [ 77.5712549, 13.0026347 ] } },
{ "type": "Feature", "properties": { "name": "Temple Health Clinic", "amenity": "clinic", "building": null, "healthcare": "clinic", "beds": null, "emergency": null }, "geometry": { "type": "Point", "coordinates": [ 77.5363679, 12.9671277 ] } },
{ "type": "Feature", "properties": { "name": "Tata MD", "amenity": "clinic", "building": null, "healthcare": "clinic", "beds": null, "emergency": null }, "geometry": { "type": "Point", "coordinates": [ 77.7506394, 12.9727771 ] } },
{ "type": "Feature", "properties": { "name": "QI Spine Clinic", "amenity": "clinic", "building": null, "healthcare": "clinic", "beds": null, "emergency": null }, "geometry": { "type": "Point", "coordinates": [ 77.5694635, 13.0023121 ] } },
{ "type": "Feature", "properties": { "name": "Sai Thunga Hospitals", "amenity": "hospital", "building": null, "healthcare": null, "beds": null, "emergency": null }, "geometry": { "type": "Point", "coordinates": [ 77.6481809, 12.9240012 ] } },
{ "type": "Feature", "properties": { "name": "Keshava Polyclinic", "amenity": "clinic", "building": null, "healthcare": "clinic", "beds": null, "emergency": null }, "geometry": { "type": "Point", "coordinates": [ 77.5335655, 12.9598176 ] } },
{ "type": "Feature", "properties": { "name": "Namma Clinic", "amenity": "clinic", "building": null, "healthcare": "clinic", "beds": null, "emergency": null }, "geometry": { "type": "Point", "coordinates": [ 77.5360153, 12.9593134 ] } },
{ "type": "Feature", "properties": { "name": "Chaitanya Clinic", "amenity": "clinic", "building": null, "healthcare": "clinic", "beds": null, "emergency": null }, "geometry": { "type": "Point", "coordinates": [ 77.5332602, 12.9567879 ] } },
{ "type": "Feature", "properties": { "name": "Dhatri Ayurdhama", "amenity": "clinic", "building": null, "healthcare": "clinic", "beds": null, "emergency": null }, "geometry": { "type": "Point", "coordinates": [ 77.5327946, 12.9570968 ] } },
{ "type": "Feature", "properties": { "name": "Prasad Ortho Care", "amenity": "clinic", "building": null, "healthcare": "clinic", "beds": null, "emergency": null }, "geometry": { "type": "Point", "coordinates": [ 77.5389467, 12.9650601 ] } },
{ "type": "Feature", "properties": { "name": "Avikova Clinics", "amenity": "clinic", "building": null, "healthcare": "clinic", "beds": null, "emergency": null }, "geometry": { "type": "Point", "coordinates": [ 77.5392244, 12.9649164 ] } },
{ "type": "Feature", "properties": { "name": "Esha Hospital", "amenity": "hospital", "building": null, "healthcare": "hospital", "beds": null, "emergency": null }, "geometry": { "type": "Point", "coordinates": [ 77.567378, 13.098072 ] } },
{ "type": "Feature", "properties": { "name": "Chirag Global Hospital", "amenity": "hospital", "building": null, "healthcare": "hospital", "beds": null, "emergency": null }, "geometry": { "type": "Point", "coordinates": [ 77.6037517, 12.9058817 ] } },
{ "type": "Feature", "properties": { "name": "Aditya Kids Clinic", "amenity": "clinic", "building": null, "healthcare": "clinic", "beds": null, "emergency": null }, "geometry": { "type": "Point", "coordinates": [ 77.5888831, 13.0602165 ] } },
{ "type": "Feature", "properties": { "name": "Victory Homeo Speciality Clinic", "amenity": "clinic", "building": null, "healthcare": "clinic", "beds": null, "emergency": null }, "geometry": { "type": "Point", "coordinates": [ 77.5885002, 13.0604878 ] } },
{ "type": "Feature", "properties": { "name": null, "amenity": "clinic", "building": null, "healthcare": "clinic", "beds": null, "emergency": null }, "geometry": { "type": "Point", "coordinates": [ 77.5905918, 13.0588992 ] } },
{ "type": "Feature", "properties": { "name": "Dr. B K Mudhusudhan Neurology Superspeciality", "amenity": "clinic", "building": null, "healthcare": "clinic", "beds": null, "emergency": null }, "geometry": { "type": "Point", "coordinates": [ 77.5888392, 13.0578826 ] } },
{ "type": "Feature", "properties": { "name": "Apollo Diagnostics", "amenity": "clinic", "building": null, "healthcare": "clinic", "beds": null, "emergency": null }, "geometry": { "type": "Point", "coordinates": [ 77.5873304, 13.0605948 ] } },
{ "type": "Feature", "properties": { "name": "Aishwarya health care centre", "amenity": "clinic", "building": null, "healthcare": null, "beds": null, "emergency": null }, "geometry": { "type": "Point", "coordinates": [ 77.5900752, 13.0632365 ] } },
{ "type": "Feature", "properties": { "name": "4 Sense Skin, Hair And ENT Clinic", "amenity": "clinic", "building": null, "healthcare": "clinic", "beds": null, "emergency": null }, "geometry": { "type": "Point", "coordinates": [ 77.5910073, 13.057458 ] } },
{ "type": "Feature", "properties": { "name": "Archish Fertility & IVF", "amenity": "clinic", "building": null, "healthcare": "clinic", "beds": null, "emergency": null }, "geometry": { "type": "Point", "coordinates": [ 77.590642, 13.0589649 ] } },
{ "type": "Feature", "properties": { "name": "Manipal Hospital OPD", "amenity": "hospital", "building": null, "healthcare": "hospital", "beds": null, "emergency": null }, "geometry": { "type": "Point", "coordinates": [ 77.592227, 13.0624568 ] } },
{ "type": "Feature", "properties": { "name": "Mother And Heart Care", "amenity": "clinic", "building": null, "healthcare": "clinic", "beds": null, "emergency": null }, "geometry": { "type": "Point", "coordinates": [ 77.5926249, 13.0593748 ] } },
{ "type": "Feature", "properties": { "name": "Sanjivani Clinic", "amenity": "clinic", "building": null, "healthcare": "clinic", "beds": null, "emergency": null }, "geometry": { "type": "Point", "coordinates": [ 77.5904617, 13.0574294 ] } },
{ "type": "Feature", "properties": { "name": "Ekdanta Dental Wellness", "amenity": "clinic", "building": null, "healthcare": "clinic", "beds": null, "emergency": null }, "geometry": { "type": "Point", "coordinates": [ 77.5902837, 13.0574767 ] } },
{ "type": "Feature", "properties": { "name": "Glow up Skin, Hair & Laser clinic", "amenity": "clinic", "building": null, "healthcare": "clinic", "beds": null, "emergency": null }, "geometry": { "type": "Point", "coordinates": [ 77.5871633, 13.0610523 ] } },
{ "type": "Feature", "properties": { "name": "Sukhibhava ayurvedic Clinic", "amenity": "clinic", "building": null, "healthcare": "clinic", "beds": null, "emergency": null }, "geometry": { "type": "Point", "coordinates": [ 77.5873596, 13.0604183 ] } },
{ "type": "Feature", "properties": { "name": "Dr. B M Krupa Obstetrics And Gynaec Speciality", "amenity": "clinic", "building": null, "healthcare": "clinic", "beds": null, "emergency": null }, "geometry": { "type": "Point", "coordinates": [ 77.5889485, 13.0578745 ] } },
{ "type": "Feature", "properties": { "name": "Aposs Diagnostics Health Care Pvt Ltd", "amenity": "clinic", "building": null, "healthcare": "clinic", "beds": null, "emergency": null }, "geometry": { "type": "Point", "coordinates": [ 77.606061, 12.8908863 ] } },
{ "type": "Feature", "properties": { "name": "Ketaki kids care clinic", "amenity": "clinic", "building": null, "healthcare": "clinic", "beds": null, "emergency": null }, "geometry": { "type": "Point", "coordinates": [ 77.6065268, 12.8911892 ] } },
{ "type": "Feature", "properties": { "name": "Vijaya Medical Centre", "amenity": "clinic", "building": null, "healthcare": "clinic", "beds": null, "emergency": null }, "geometry": { "type": "Point", "coordinates": [ 77.6112304, 12.892281 ] } },
{ "type": "Feature", "properties": { "name": "PMC Hospital", "amenity": "hospital", "building": null, "healthcare": "hospital", "beds": null, "emergency": null }, "geometry": { "type": "Point", "coordinates": [ 77.5545009, 13.0065047 ] } },
{ "type": "Feature", "properties": { "name": "Spectrum Diagnostics", "amenity": "clinic", "building": null, "healthcare": "clinic", "beds": null, "emergency": null }, "geometry": { "type": "Point", "coordinates": [ 77.5546283, 13.0075047 ] } },
{ "type": "Feature", "properties": { "name": "New Varalakshmi Hospital", "amenity": "hospital", "building": null, "healthcare": "hospital", "beds": null, "emergency": null }, "geometry": { "type": "Point", "coordinates": [ 77.5550964, 12.9988382 ] } },
{ "type": "Feature", "properties": { "name": "Saptagiri Health Care", "amenity": "clinic", "building": null, "healthcare": "clinic", "beds": null, "emergency": null }, "geometry": { "type": "Point", "coordinates": [ 77.7167045, 13.0045882 ] } },
{ "type": "Feature", "properties": { "name": "Oncquest Laboratories", "amenity": "clinic", "building": null, "healthcare": null, "beds": null, "emergency": null }, "geometry": { "type": "Point", "coordinates": [ 77.5933109, 12.9218007 ] } },
{ "type": "Feature", "properties": { "name": "Manipal Clinics", "amenity": "clinic", "building": null, "healthcare": "clinic", "beds": null, "emergency": null }, "geometry": { "type": "Point", "coordinates": [ 77.7138464, 12.9658922 ] } },
{ "type": "Feature", "properties": { "name": "Sattva Fertility", "amenity": "clinic", "building": null, "healthcare": "clinic", "beds": null, "emergency": null }, "geometry": { "type": "Point", "coordinates": [ 77.7142226, 12.9641605 ] } },
{ "type": "Feature", "properties": { "name": "Fertilite IVF", "amenity": "clinic", "building": null, "healthcare": "clinic", "beds": null, "emergency": null }, "geometry": { "type": "Point", "coordinates": [ 77.6046546, 12.9164448 ] } },
{ "type": "Feature", "properties": { "name": "Ashwini Hospital", "amenity": "hospital", "building": null, "healthcare": null, "beds": null, "emergency": null }, "geometry": { "type": "Point", "coordinates": [ 77.5978974, 13.0988482 ] } },
{ "type": "Feature", "properties": { "name": "dermalogica", "amenity": "clinic", "building": null, "healthcare": "clinic", "beds": null, "emergency": null }, "geometry": { "type": "Point", "coordinates": [ 77.6027445, 12.9654724 ] } },
{ "type": "Feature", "properties": { "name": "Apollo Cradle Children's Hospital", "amenity": "hospital", "building": null, "healthcare": "hospital", "beds": null, "emergency": null }, "geometry": { "type": "Point", "coordinates": [ 77.5536287, 13.002768 ] } },
{ "type": "Feature", "properties": { "name": "Dr. Farzana", "amenity": "clinic", "building": null, "healthcare": "clinic", "beds": null, "emergency": null }, "geometry": { "type": "Point", "coordinates": [ 77.6081268, 12.9952654 ] } },
{ "type": "Feature", "properties": { "name": "Dr. Markiyar Abdul Razack", "amenity": "clinic", "building": null, "healthcare": "clinic", "beds": null, "emergency": null }, "geometry": { "type": "Point", "coordinates": [ 77.607752, 12.9944409 ] } },
{ "type": "Feature", "properties": { "name": "Ray Speciality Clinic", "amenity": "clinic", "building": null, "healthcare": "clinic", "beds": null, "emergency": null }, "geometry": { "type": "Point", "coordinates": [ 77.5723384, 12.9966044 ] } },
{ "type": "Feature", "properties": { "name": "Cherish Fertinity Clinic", "amenity": "clinic", "building": null, "healthcare": "clinic", "beds": null, "emergency": null }, "geometry": { "type": "Point", "coordinates": [ 77.6316244, 12.9296138 ] } },
{ "type": "Feature", "properties": { "name": "Motherhood Children's Hospital", "amenity": "hospital", "building": null, "healthcare": null, "beds": null, "emergency": null }, "geometry": { "type": "Point", "coordinates": [ 77.5930638, 13.0620051 ] } },
{ "type": "Feature", "properties": { "name": "Abiramm Hospital", "amenity": "hospital", "building": null, "healthcare": "hospital", "beds": null, "emergency": null }, "geometry": { "type": "Point", "coordinates": [ 77.6515698, 12.8728525 ] } },
{ "type": "Feature", "properties": { "name": "Partha Dental Clinic", "amenity": "clinic", "building": null, "healthcare": null, "beds": null, "emergency": null }, "geometry": { "type": "Point", "coordinates": [ 77.696718, 12.9754341 ] } },
{ "type": "Feature", "properties": { "name": "Shifa Piles Hospital", "amenity": "clinic", "building": null, "healthcare": "clinic", "beds": null, "emergency": null }, "geometry": { "type": "Point", "coordinates": [ 77.7478233, 12.9395976 ] } },
{ "type": "Feature", "properties": { "name": "JJ Poly Clinic & Diagnostic Center", "amenity": "clinic", "building": null, "healthcare": "clinic", "beds": null, "emergency": null }, "geometry": { "type": "Point", "coordinates": [ 77.7479108, 12.9376469 ] } },
{ "type": "Feature", "properties": { "name": "Balaji Clinic", "amenity": "clinic", "building": null, "healthcare": "clinic", "beds": null, "emergency": null }, "geometry": { "type": "Point", "coordinates": [ 77.5973243, 13.1028446 ] } },
{ "type": "Feature", "properties": { "name": "Dixit Skin & Ortho Care", "amenity": "clinic", "building": null, "healthcare": null, "beds": null, "emergency": null }, "geometry": { "type": "Point", "coordinates": [ 77.54525, 12.8663372 ] } },
{ "type": "Feature", "properties": { "name": "Milann", "amenity": "clinic", "building": null, "healthcare": null, "beds": null, "emergency": null }, "geometry": { "type": "Point", "coordinates": [ 77.6419176, 12.9123978 ] } },
{ "type": "Feature", "properties": { "name": "Netradhama", "amenity": "hospital", "building": null, "healthcare": null, "beds": null, "emergency": null }, "geometry": { "type": "Point", "coordinates": [ 77.5510293, 12.99743 ] } },
{ "type": "Feature", "properties": { "name": "Aria Multispeciality Clinic", "amenity": "clinic", "building": null, "healthcare": "clinic", "beds": null, "emergency": null }, "geometry": { "type": "Point", "coordinates": [ 77.747312, 12.9421804 ] } },
{ "type": "Feature", "properties": { "name": "RK Multispeciality center", "amenity": "clinic", "building": null, "healthcare": null, "beds": null, "emergency": null }, "geometry": { "type": "Point", "coordinates": [ 77.7402255, 12.9568467 ] } },
{ "type": "Feature", "properties": { "name": "Shishu Ivf Fertility Centre Pvt Ltd", "amenity": "clinic", "building": null, "healthcare": "clinic", "beds": null, "emergency": null }, "geometry": { "type": "Point", "coordinates": [ 77.552661, 12.9987184 ] } },
{ "type": "Feature", "properties": { "name": null, "amenity": "clinic", "building": null, "healthcare": "clinic", "beds": null, "emergency": null }, "geometry": { "type": "Point", "coordinates": [ 77.5924406, 13.1076683 ] } },
{ "type": "Feature", "properties": { "name": "Sri Sai Hospital", "amenity": "hospital", "building": null, "healthcare": "hospital", "beds": null, "emergency": null }, "geometry": { "type": "Point", "coordinates": [ 77.6542581, 12.871395 ] } },
{ "type": "Feature", "properties": { "name": "Seva Clinic", "amenity": "clinic", "building": null, "healthcare": "clinic", "beds": null, "emergency": null }, "geometry": { "type": "Point", "coordinates": [ 77.654013, 12.8719033 ] } },
{ "type": "Feature", "properties": { "name": null, "amenity": "clinic", "building": null, "healthcare": "clinic", "beds": null, "emergency": null }, "geometry": { "type": "Point", "coordinates": [ 77.6530592, 12.8800977 ] } },
{ "type": "Feature", "properties": { "name": null, "amenity": "hospital", "building": null, "healthcare": "hospital", "beds": null, "emergency": null }, "geometry": { "type": "Point", "coordinates": [ 77.6492549, 12.8841477 ] } },
{ "type": "Feature", "properties": { "name": "Raksha Hospital", "amenity": "hospital", "building": null, "healthcare": "hospital", "beds": null, "emergency": null }, "geometry": { "type": "Point", "coordinates": [ 77.6505317, 12.8892622 ] } },
{ "type": "Feature", "properties": { "name": "West Mead Clinic", "amenity": "clinic", "building": null, "healthcare": "clinic", "beds": null, "emergency": null }, "geometry": { "type": "Point", "coordinates": [ 77.6349717, 12.9166014 ] } },
{ "type": "Feature", "properties": { "name": "Aster Clinic", "amenity": "clinic", "building": null, "healthcare": "clinic", "beds": null, "emergency": null }, "geometry": { "type": "Point", "coordinates": [ 77.5845455, 13.0977696 ] } },
{ "type": "Feature", "properties": { "name": "PR Dental Clinic", "amenity": "clinic", "building": null, "healthcare": "clinic", "beds": null, "emergency": null }, "geometry": { "type": "Point", "coordinates": [ 77.6511037, 12.973074 ] } },
{ "type": "Feature", "properties": { "name": "St Philomenas Hospital OPD Building", "amenity": "hospital", "building": null, "healthcare": null, "beds": null, "emergency": null }, "geometry": { "type": "Point", "coordinates": [ 77.6109015, 12.9658506 ] } },
{ "type": "Feature", "properties": { "name": "Namma Clinic", "amenity": "clinic", "building": null, "healthcare": "clinic", "beds": null, "emergency": null }, "geometry": { "type": "Point", "coordinates": [ 77.5696584, 13.097981 ] } },
{ "type": "Feature", "properties": { "name": "Ashirvad Clinic", "amenity": "clinic", "building": null, "healthcare": "clinic", "beds": null, "emergency": null }, "geometry": { "type": "Point", "coordinates": [ 77.5361674, 12.9756434 ] } },
{ "type": "Feature", "properties": { "name": "Dr. Gayatri Taggarai", "amenity": "clinic", "building": null, "healthcare": "clinic", "beds": null, "emergency": null }, "geometry": { "type": "Point", "coordinates": [ 77.5366398, 12.9717272 ] } },
{ "type": "Feature", "properties": { "name": "Chaitanya Clinic", "amenity": "clinic", "building": null, "healthcare": "clinic", "beds": null, "emergency": null }, "geometry": { "type": "Point", "coordinates": [ 77.5358082, 12.9756929 ] } },
{ "type": "Feature", "properties": { "name": "Hiremath Hospital", "amenity": "hospital", "building": null, "healthcare": "hospital", "beds": null, "emergency": null }, "geometry": { "type": "Point", "coordinates": [ 77.5358965, 12.9754354 ] } },
{ "type": "Feature", "properties": { "name": "Baptist Express Healthcare", "amenity": "clinic", "building": null, "healthcare": "clinic", "beds": null, "emergency": null }, "geometry": { "type": "Point", "coordinates": [ 77.6444364, 13.0570278 ] } },
{ "type": "Feature", "properties": { "name": "Gawai Hospital", "amenity": "hospital", "building": null, "healthcare": "hospital", "beds": null, "emergency": null }, "geometry": { "type": "Point", "coordinates": [ 77.6075693, 12.9962739 ] } },
{ "type": "Feature", "properties": { "name": "Tara Healthcare", "amenity": "clinic", "building": null, "healthcare": "clinic", "beds": null, "emergency": null }, "geometry": { "type": "Point", "coordinates": [ 77.5854336, 12.9236086 ] } },
{ "type": "Feature", "properties": { "name": "Dr. Agarwal's Eye Hospital", "amenity": "hospital", "building": null, "healthcare": "hospital", "beds": null, "emergency": null }, "geometry": { "type": "Point", "coordinates": [ 77.7500478, 12.9678752 ] } },
{ "type": "Feature", "properties": { "name": "Apollo Medical Center", "amenity": "clinic", "building": null, "healthcare": "clinic", "beds": null, "emergency": null }, "geometry": { "type": "Point", "coordinates": [ 77.717073, 12.9560244 ] } },
{ "type": "Feature", "properties": { "name": "Baby Sciences IVF Clinic Pvt Ltd", "amenity": "clinic", "building": null, "healthcare": "clinic", "beds": null, "emergency": null }, "geometry": { "type": "Point", "coordinates": [ 77.7284867, 12.9563494 ] } },
{ "type": "Feature", "properties": { "name": "Beams Hospitals Private Limited", "amenity": "hospital", "building": null, "healthcare": "hospital", "beds": null, "emergency": null }, "geometry": { "type": "Point", "coordinates": [ 77.6296323, 12.9342277 ] } },
{ "type": "Feature", "properties": { "name": "Da Lives's Clinic", "amenity": "clinic", "building": null, "healthcare": "clinic", "beds": null, "emergency": null }, "geometry": { "type": "Point", "coordinates": [ 77.5012273, 13.0668948 ] } },
{ "type": "Feature", "properties": { "name": "Dental Cures Clinic", "amenity": "clinic", "building": null, "healthcare": "clinic", "beds": null, "emergency": null }, "geometry": { "type": "Point", "coordinates": [ 77.5778326, 13.0271055 ] } },
{ "type": "Feature", "properties": { "name": "Dental Solutions", "amenity": "clinic", "building": null, "healthcare": "clinic", "beds": null, "emergency": null }, "geometry": { "type": "Point", "coordinates": [ 77.6354352, 12.9797531 ] } },
{ "type": "Feature", "properties": { "name": "Sangeevini Clinic", "amenity": "clinic", "building": null, "healthcare": "clinic", "beds": null, "emergency": null }, "geometry": { "type": "Point", "coordinates": [ 77.5057075, 13.0633964 ] } },
{ "type": "Feature", "properties": { "name": "H Siddiah Referral Hospital", "amenity": "hospital", "building": null, "healthcare": null, "beds": null, "emergency": null }, "geometry": { "type": "Point", "coordinates": [ 77.5824398, 12.9569057 ] } },
{ "type": "Feature", "properties": { "name": "Apollo Medical Center", "amenity": "clinic", "building": null, "healthcare": "clinic", "beds": null, "emergency": null }, "geometry": { "type": "Point", "coordinates": [ 77.7168607, 12.956499 ] } },
{ "type": "Feature", "properties": { "name": "Suraksha Hospitsls", "amenity": "hospital", "building": null, "healthcare": "hospital", "beds": null, "emergency": null }, "geometry": { "type": "Point", "coordinates": [ 77.7467408, 12.939978 ] } },
{ "type": "Feature", "properties": { "name": "AnK Senior Citizen Healthcare Home", "amenity": "clinic", "building": null, "healthcare": null, "beds": null, "emergency": null }, "geometry": { "type": "Point", "coordinates": [ 77.5678264, 13.105914 ] } },
{ "type": "Feature", "properties": { "name": "SR Clinic", "amenity": "clinic", "building": null, "healthcare": "clinic", "beds": null, "emergency": null }, "geometry": { "type": "Point", "coordinates": [ 77.7495603, 12.9371045 ] } },
{ "type": "Feature", "properties": { "name": "Aria", "amenity": "hospital", "building": null, "healthcare": "hospital", "beds": null, "emergency": null }, "geometry": { "type": "Point", "coordinates": [ 77.7475266, 12.9433908 ] } },
{ "type": "Feature", "properties": { "name": "Sigma Diagnostics", "amenity": "clinic", "building": null, "healthcare": "clinic", "beds": null, "emergency": null }, "geometry": { "type": "Point", "coordinates": [ 77.5718736, 13.1041869 ] } },
{ "type": "Feature", "properties": { "name": "Shri Mokambika Women's Clinic, Child care and Nethralaya", "amenity": "hospital", "building": null, "healthcare": "hospital", "beds": null, "emergency": null }, "geometry": { "type": "Point", "coordinates": [ 77.4989075, 12.9519863 ] } },
{ "type": "Feature", "properties": { "name": "Suraksha Diagnostic Centre", "amenity": "hospital", "building": null, "healthcare": "hospital", "beds": null, "emergency": null }, "geometry": { "type": "Point", "coordinates": [ 77.4990341, 12.9519538 ] } },
{ "type": "Feature", "properties": { "name": "Cloud Nine", "amenity": "hospital", "building": null, "healthcare": "hospital", "beds": null, "emergency": null }, "geometry": { "type": "Point", "coordinates": [ 77.7414284, 12.9566829 ] } },
{ "type": "Feature", "properties": { "name": "Jindal Charitable Hospital", "amenity": "hospital", "building": null, "healthcare": "hospital", "beds": null, "emergency": null }, "geometry": { "type": "Point", "coordinates": [ 77.5539724, 12.9937247 ] } },
{ "type": "Feature", "properties": { "name": "Celera Diagnostics", "amenity": "clinic", "building": null, "healthcare": "clinic", "beds": null, "emergency": null }, "geometry": { "type": "Point", "coordinates": [ 77.6020482, 12.9812089 ] } },
{ "type": "Feature", "properties": { "name": "Aster Labs", "amenity": "clinic", "building": null, "healthcare": "clinic", "beds": null, "emergency": null }, "geometry": { "type": "Point", "coordinates": [ 77.5984573, 12.9868761 ] } },
{ "type": "Feature", "properties": { "name": "Pranathi Clinic", "amenity": "clinic", "building": null, "healthcare": "clinic", "beds": null, "emergency": null }, "geometry": { "type": "Point", "coordinates": [ 77.7377807, 12.9257492 ] } },
{ "type": "Feature", "properties": { "name": "Niyamh Health", "amenity": "clinic", "building": null, "healthcare": "clinic", "beds": null, "emergency": null }, "geometry": { "type": "Point", "coordinates": [ 77.7408435, 12.9568252 ] } },
{ "type": "Feature", "properties": { "name": "BOSH Physiotherapy", "amenity": "clinic", "building": null, "healthcare": "clinic", "beds": null, "emergency": null }, "geometry": { "type": "Point", "coordinates": [ 77.6388793, 13.022113 ] } },
{ "type": "Feature", "properties": { "name": "Siddanth Health Care", "amenity": "clinic", "building": null, "healthcare": "clinic", "beds": null, "emergency": null }, "geometry": { "type": "Point", "coordinates": [ 77.7469772, 12.9399835 ] } },
{ "type": "Feature", "properties": { "name": "Hosmat Hospitals", "amenity": "hospital", "building": null, "healthcare": null, "beds": null, "emergency": null }, "geometry": { "type": "Point", "coordinates": [ 77.6143018, 12.9644726 ] } },
{ "type": "Feature", "properties": { "name": "Metier", "amenity": "clinic", "building": null, "healthcare": "clinic", "beds": null, "emergency": null }, "geometry": { "type": "Point", "coordinates": [ 77.5561774, 13.0692173 ] } },
{ "type": "Feature", "properties": { "name": "Bangalore Gastro Centre", "amenity": "hospital", "building": null, "healthcare": "hospital", "beds": null, "emergency": null }, "geometry": { "type": "Point", "coordinates": [ 77.6523087, 12.9160037 ] } },
{ "type": "Feature", "properties": { "name": "Narayana Nethralaya", "amenity": "hospital", "building": null, "healthcare": null, "beds": null, "emergency": null }, "geometry": { "type": "Point", "coordinates": [ 77.7092104, 12.980602 ] } },
{ "type": "Feature", "properties": { "name": "Nethradhama", "amenity": "hospital", "building": null, "healthcare": null, "beds": null, "emergency": null }, "geometry": { "type": "Point", "coordinates": [ 77.7258334, 12.9762006 ] } },
{ "type": "Feature", "properties": { "name": "Apollo Clinic", "amenity": "clinic", "building": null, "healthcare": null, "beds": null, "emergency": null }, "geometry": { "type": "Point", "coordinates": [ 77.5394104, 12.8745652 ] } },
{ "type": "Feature", "properties": { "name": "Bangalore Endocrinology & Diabetes Research Center (BEDRC)", "amenity": "clinic", "building": null, "healthcare": null, "beds": null, "emergency": null }, "geometry": { "type": "Point", "coordinates": [ 77.5728746, 12.9966783 ] } },
{ "type": "Feature", "properties": { "name": "Srinivasa Clinic", "amenity": "clinic", "building": null, "healthcare": "clinic", "beds": null, "emergency": null }, "geometry": { "type": "Point", "coordinates": [ 77.7495183, 12.9685348 ] } },
{ "type": "Feature", "properties": { "name": "Sree Venkateshwara Hospital", "amenity": "hospital", "building": null, "healthcare": "hospital", "beds": null, "emergency": null }, "geometry": { "type": "Point", "coordinates": [ 77.7472104, 12.9388501 ] } },
{ "type": "Feature", "properties": { "name": "Manjunath Clinic", "amenity": "clinic", "building": null, "healthcare": "clinic", "beds": null, "emergency": null }, "geometry": { "type": "Point", "coordinates": [ 77.7469777, 12.9377907 ] } },
{ "type": "Feature", "properties": { "name": "Sri Sangama Diagnostic and Health Centre", "amenity": "clinic", "building": null, "healthcare": null, "beds": null, "emergency": null }, "geometry": { "type": "Point", "coordinates": [ 77.5769386, 12.928995 ] } },
{ "type": "Feature", "properties": { "name": "AMC Multispeciality Hospital", "amenity": "hospital", "building": null, "healthcare": null, "beds": null, "emergency": null }, "geometry": { "type": "Point", "coordinates": [ 77.5764082, 12.9296701 ] } },
{ "type": "Feature", "properties": { "name": "Dezy", "amenity": "clinic", "building": null, "healthcare": "clinic", "beds": null, "emergency": null }, "geometry": { "type": "Point", "coordinates": [ 77.659597, 13.0054941 ] } },
{ "type": "Feature", "properties": { "name": "Heart Clinic & Pharmacy", "amenity": "clinic", "building": null, "healthcare": "clinic", "beds": null, "emergency": null }, "geometry": { "type": "Point", "coordinates": [ 77.7462313, 12.9592301 ] } },
{ "type": "Feature", "properties": { "name": "Genea", "amenity": "clinic", "building": null, "healthcare": "clinic", "beds": null, "emergency": null }, "geometry": { "type": "Point", "coordinates": [ 77.5908631, 12.9101317 ] } },
{ "type": "Feature", "properties": { "name": "Aitone Diagnostics & Clinics", "amenity": "clinic", "building": null, "healthcare": "clinic", "beds": null, "emergency": null }, "geometry": { "type": "Point", "coordinates": [ 77.7473207, 12.9422585 ] } },
{ "type": "Feature", "properties": { "name": "Proteeth Dental", "amenity": "hospital", "building": null, "healthcare": "hospital", "beds": null, "emergency": "no" }, "geometry": { "type": "Point", "coordinates": [ 77.6284665, 12.9346221 ] } },
{ "type": "Feature", "properties": { "name": "Trilife Hospital", "amenity": "hospital", "building": null, "healthcare": "hospital", "beds": null, "emergency": null }, "geometry": { "type": "Point", "coordinates": [ 77.6429262, 13.0170153 ] } },
{ "type": "Feature", "properties": { "name": "Whitefield Clinic of Nephro-Urology", "amenity": "clinic", "building": null, "healthcare": "clinic", "beds": null, "emergency": null }, "geometry": { "type": "Point", "coordinates": [ 77.7519481, 12.9833772 ] } },
{ "type": "Feature", "properties": { "name": "MS Clinic, Diagnostic & Scan Center", "amenity": "clinic", "building": null, "healthcare": "clinic", "beds": null, "emergency": null }, "geometry": { "type": "Point", "coordinates": [ 77.7502477, 12.9701393 ] } },
{ "type": "Feature", "properties": { "name": "Big Hospitals", "amenity": "hospital", "building": null, "healthcare": "hospital", "beds": null, "emergency": null }, "geometry": { "type": "Point", "coordinates": [ 77.5848675, 12.9405054 ] } },
{ "type": "Feature", "properties": { "name": "The Eye Foundation", "amenity": "clinic", "building": null, "healthcare": null, "beds": null, "emergency": null }, "geometry": { "type": "Point", "coordinates": [ 77.7418274, 12.9313014 ] } },
{ "type": "Feature", "properties": { "name": "Health Point", "amenity": "clinic", "building": null, "healthcare": "clinic", "beds": null, "emergency": null }, "geometry": { "type": "Point", "coordinates": [ 77.7473505, 12.939425 ] } },
{ "type": "Feature", "properties": { "name": "Motherhood", "amenity": "hospital", "building": null, "healthcare": "hospital", "beds": null, "emergency": null }, "geometry": { "type": "Point", "coordinates": [ 77.6516186, 13.0202419 ] } },
{ "type": "Feature", "properties": { "name": "NASA Hospitals", "amenity": "hospital", "building": null, "healthcare": "hospital", "beds": null, "emergency": null }, "geometry": { "type": "Point", "coordinates": [ 77.6597392, 13.0058328 ] } },
{ "type": "Feature", "properties": { "name": "Corner Clinic", "amenity": "clinic", "building": null, "healthcare": "clinic", "beds": null, "emergency": null }, "geometry": { "type": "Point", "coordinates": [ 77.5651154, 13.0059814 ] } },
{ "type": "Feature", "properties": { "name": "Bangalore Orthopeadic And Surgical Hospital", "amenity": "hospital", "building": null, "healthcare": "hospital", "beds": null, "emergency": null }, "geometry": { "type": "Point", "coordinates": [ 77.6385853, 13.0219385 ] } },
{ "type": "Feature", "properties": { "name": "Chiranjeevi Specialist Center", "amenity": "clinic", "building": null, "healthcare": null, "beds": null, "emergency": null }, "geometry": { "type": "Point", "coordinates": [ 77.5967581, 12.9179144 ] } },
{ "type": "Feature", "properties": { "name": "Nano Hospitals", "amenity": "hospital", "building": null, "healthcare": null, "beds": null, "emergency": null }, "geometry": { "type": "Point", "coordinates": [ 77.5460762, 12.9070989 ] } },
{ "type": "Feature", "properties": { "name": "Dr Swarna Skin Hair & Laser Clinic", "amenity": "clinic", "building": null, "healthcare": "clinic", "beds": null, "emergency": null }, "geometry": { "type": "Point", "coordinates": [ 77.7025524, 12.9364209 ] } },
{ "type": "Feature", "properties": { "name": "Kasper Multi Speciality Clinic", "amenity": "clinic", "building": null, "healthcare": "clinic", "beds": null, "emergency": null }, "geometry": { "type": "Point", "coordinates": [ 77.6474946, 12.9714129 ] } },
{ "type": "Feature", "properties": { "name": null, "amenity": "clinic", "building": null, "healthcare": "clinic", "beds": null, "emergency": null }, "geometry": { "type": "Point", "coordinates": [ 77.568516, 13.0040144 ] } },
{ "type": "Feature", "properties": { "name": "Salecha Dental Clinic", "amenity": "clinic", "building": null, "healthcare": "clinic", "beds": null, "emergency": null }, "geometry": { "type": "Point", "coordinates": [ 77.5712977, 12.9531575 ] } },
{ "type": "Feature", "properties": { "name": "Sri Ganesh Clinic - Family physician", "amenity": "clinic", "building": null, "healthcare": "clinic", "beds": null, "emergency": null }, "geometry": { "type": "Point", "coordinates": [ 77.5425278, 12.9966075 ] } },
{ "type": "Feature", "properties": { "name": "Orange Health Labs", "amenity": "clinic", "building": null, "healthcare": null, "beds": null, "emergency": null }, "geometry": { "type": "Point", "coordinates": [ 77.6329359, 12.9126004 ] } },
{ "type": "Feature", "properties": { "name": "Shishu Care Clinic", "amenity": "clinic", "building": null, "healthcare": null, "beds": null, "emergency": null }, "geometry": { "type": "Point", "coordinates": [ 77.5423146, 12.8603132 ] } },
{ "type": "Feature", "properties": { "name": "Femlife", "amenity": "clinic", "building": null, "healthcare": "clinic", "beds": null, "emergency": null }, "geometry": { "type": "Point", "coordinates": [ 77.7162207, 12.9610086 ] } },
{ "type": "Feature", "properties": { "name": "Garbha Gudi", "amenity": "clinic", "building": null, "healthcare": "clinic", "beds": null, "emergency": null }, "geometry": { "type": "Point", "coordinates": [ 77.7026221, 12.9670092 ] } },
{ "type": "Feature", "properties": { "name": "Amala Eye Care", "amenity": "clinic", "building": null, "healthcare": null, "beds": null, "emergency": null }, "geometry": { "type": "Point", "coordinates": [ 77.6228679, 13.0087658 ] } },
{ "type": "Feature", "properties": { "name": "Sakra World Hospital", "amenity": "hospital", "building": null, "healthcare": "hospital", "beds": null, "emergency": null }, "geometry": { "type": "Point", "coordinates": [ 77.6852483, 12.932315 ] } },
{ "type": "Feature", "properties": { "name": "Healing Hands Clinic - J.P Nagar, Bengaluru", "amenity": "hospital", "building": null, "healthcare": "hospital", "beds": null, "emergency": null }, "geometry": { "type": "Point", "coordinates": [ 77.5868707, 12.9061361 ] } },
{ "type": "Feature", "properties": { "name": "Healing Hands Clinic - Indiranagar, Bengaluru", "amenity": "hospital", "building": null, "healthcare": "hospital", "beds": null, "emergency": null }, "geometry": { "type": "Point", "coordinates": [ 77.6426202, 12.9783093 ] } },
{ "type": "Feature", "properties": { "name": "Healing Hands Clinic - Sahakar Nagar, Bengaluru", "amenity": "hospital", "building": null, "healthcare": "hospital", "beds": null, "emergency": null }, "geometry": { "type": "Point", "coordinates": [ 77.5895961, 13.0635992 ] } },
{ "type": "Feature", "properties": { "name": "Healing Hands Clinic - HSR Layout, Bengaluru", "amenity": "hospital", "building": null, "healthcare": "hospital", "beds": null, "emergency": null }, "geometry": { "type": "Point", "coordinates": [ 77.6479898, 12.9120415 ] } },
{ "type": "Feature", "properties": { "name": "Healing Hands Clinic - Rajajinagar, Bengaluru", "amenity": "hospital", "building": null, "healthcare": "hospital", "beds": null, "emergency": null }, "geometry": { "type": "Point", "coordinates": [ 77.5429724, 12.9981698 ] } },
{ "type": "Feature", "properties": { "name": "Healing Hands Clinic - Whitefield, Bengaluru", "amenity": "hospital", "building": null, "healthcare": "hospital", "beds": null, "emergency": null }, "geometry": { "type": "Point", "coordinates": [ 77.7298427, 12.9880628 ] } },
{ "type": "Feature", "properties": { "name": "Shiva Krupa", "amenity": "clinic", "building": null, "healthcare": "clinic", "beds": null, "emergency": null }, "geometry": { "type": "Point", "coordinates": [ 77.5368865, 12.9836261 ] } },
{ "type": "Feature", "properties": { "name": "Portea Heal At Home", "amenity": "clinic", "building": null, "healthcare": "clinic", "beds": null, "emergency": null }, "geometry": { "type": "Point", "coordinates": [ 77.6357945, 12.9609602 ] } },
{ "type": "Feature", "properties": { "name": "Apollo Cradle & Children's Hospital", "amenity": "hospital", "building": null, "healthcare": "hospital", "beds": null, "emergency": null }, "geometry": { "type": "Point", "coordinates": [ 77.6542531, 12.8695143 ] } },
{ "type": "Feature", "properties": { "name": "ENTRUST ENT Clinic", "amenity": "clinic", "building": null, "healthcare": "clinic", "beds": null, "emergency": null }, "geometry": { "type": "Point", "coordinates": [ 77.6401984, 12.9703089 ] } },
{ "type": "Feature", "properties": { "name": "Namma Clinic", "amenity": "clinic", "building": null, "healthcare": "clinic", "beds": null, "emergency": null }, "geometry": { "type": "Point", "coordinates": [ 77.748775, 12.9645507 ] } },
{ "type": "Feature", "properties": { "name": "Sukoon Psychiatry Centre", "amenity": "hospital", "building": null, "healthcare": null, "beds": null, "emergency": null }, "geometry": { "type": "Point", "coordinates": [ 77.5626277, 13.0408289 ] } },
{ "type": "Feature", "properties": { "name": "Vtiara Hair & Skin Clinic", "amenity": "clinic", "building": null, "healthcare": "clinic", "beds": null, "emergency": null }, "geometry": { "type": "Point", "coordinates": [ 77.5702604, 13.0319227 ] } },
{ "type": "Feature", "properties": { "name": "Dr. Amrika's Aesthetics", "amenity": "clinic", "building": null, "healthcare": null, "beds": null, "emergency": null }, "geometry": { "type": "Point", "coordinates": [ 77.6962627, 12.907304 ] } },
{ "type": "Feature", "properties": { "name": "Jyothi Eye Care Center", "amenity": "clinic", "building": null, "healthcare": "clinic", "beds": null, "emergency": null }, "geometry": { "type": "Point", "coordinates": [ 77.6999034, 12.970552 ] } },
{ "type": "Feature", "properties": { "name": "Sunshine Hospital", "amenity": "hospital", "building": null, "healthcare": null, "beds": null, "emergency": null }, "geometry": { "type": "Point", "coordinates": [ 77.648516, 13.059585 ] } },
{ "type": "Feature", "properties": { "name": "GS Family Clinic", "amenity": "clinic", "building": null, "healthcare": "clinic", "beds": null, "emergency": null }, "geometry": { "type": "Point", "coordinates": [ 77.5427521, 12.8708812 ] } },
{ "type": "Feature", "properties": { "name": "Varchas Clinic", "amenity": "clinic", "building": null, "healthcare": "clinic", "beds": null, "emergency": null }, "geometry": { "type": "Point", "coordinates": [ 77.5506789, 12.9102407 ] } },
{ "type": "Feature", "properties": { "name": "Shivanad Dental Clinic", "amenity": "clinic", "building": null, "healthcare": "clinic", "beds": null, "emergency": null }, "geometry": { "type": "Point", "coordinates": [ 77.50915, 13.0570579 ] } },
{ "type": "Feature", "properties": { "name": "Mamatha medical and Polyclinic", "amenity": "clinic", "building": null, "healthcare": "clinic", "beds": null, "emergency": null }, "geometry": { "type": "Point", "coordinates": [ 77.5096801, 13.0569019 ] } },
{ "type": "Feature", "properties": { "name": "Ovum Women & Child Speciality Hospital", "amenity": "hospital", "building": null, "healthcare": "hospital", "beds": null, "emergency": null }, "geometry": { "type": "Point", "coordinates": [ 77.64555, 12.9072685 ] } },
{ "type": "Feature", "properties": { "name": "Dr Ramesh Dalwai Spine Surgeon", "amenity": "hospital", "building": null, "healthcare": "hospital", "beds": null, "emergency": null }, "geometry": { "type": "Point", "coordinates": [ 77.6853621, 12.9324666 ] } },
{ "type": "Feature", "properties": { "name": "Chaithnya ENT Clinic", "amenity": "clinic", "building": null, "healthcare": "clinic", "beds": null, "emergency": null }, "geometry": { "type": "Point", "coordinates": [ 77.577866, 12.9223321 ] } },
{ "type": "Feature", "properties": { "name": null, "amenity": "clinic", "building": null, "healthcare": null, "beds": null, "emergency": null }, "geometry": { "type": "Point", "coordinates": [ 77.5957261, 12.9505221 ] } },
{ "type": "Feature", "properties": { "name": "Narayana Clinic", "amenity": "clinic", "building": null, "healthcare": "clinic", "beds": null, "emergency": null }, "geometry": { "type": "Point", "coordinates": [ 77.5952696, 12.9094559 ] } },
{ "type": "Feature", "properties": { "name": "City Clinic", "amenity": "clinic", "building": null, "healthcare": null, "beds": null, "emergency": null }, "geometry": { "type": "Point", "coordinates": [ 77.7409744, 12.9309452 ] } },
{ "type": "Feature", "properties": { "name": "Aswitha Poly Clinic", "amenity": "clinic", "building": null, "healthcare": null, "beds": null, "emergency": null }, "geometry": { "type": "Point", "coordinates": [ 77.732559, 12.969691 ] } },
{ "type": "Feature", "properties": { "name": "K M Gastro Center", "amenity": "clinic", "building": null, "healthcare": null, "beds": null, "emergency": null }, "geometry": { "type": "Point", "coordinates": [ 77.7325483, 12.9634656 ] } },
{ "type": "Feature", "properties": { "name": "Step Care", "amenity": "clinic", "building": null, "healthcare": null, "beds": null, "emergency": null }, "geometry": { "type": "Point", "coordinates": [ 77.7327595, 12.9618332 ] } },
{ "type": "Feature", "properties": { "name": "Image", "amenity": "clinic", "building": null, "healthcare": null, "beds": null, "emergency": null }, "geometry": { "type": "Point", "coordinates": [ 77.7320155, 12.9585926 ] } },
{ "type": "Feature", "properties": { "name": "Vanivilas Women and Children Hospital", "amenity": "hospital", "building": "yes", "healthcare": "hospital", "beds": null, "emergency": "yes" }, "geometry": { "type": "Polygon", "coordinates": [ [ [ 77.573673, 12.9618927 ], [ 77.573637, 12.9619056 ], [ 77.5736748, 12.9620052 ], [ 77.5741956, 12.9618173 ], [ 77.5740678, 12.9614809 ], [ 77.5741635, 12.9614463 ], [ 77.5741417, 12.9613888 ], [ 77.5740498, 12.9614219 ], [ 77.573937, 12.9611249 ], [ 77.5739135, 12.9611334 ], [ 77.5735601, 12.9612609 ], [ 77.5735103, 12.9611299 ], [ 77.573802, 12.9610247 ], [ 77.5737673, 12.9609333 ], [ 77.5733989, 12.9610663 ], [ 77.5734695, 12.9612522 ], [ 77.5733848, 12.9612827 ], [ 77.5734345, 12.9614134 ], [ 77.573484, 12.9613956 ], [ 77.5735579, 12.9615949 ], [ 77.5735225, 12.9616069 ], [ 77.5734966, 12.9615343 ], [ 77.5734447, 12.9615515 ], [ 77.573406, 12.9614382 ], [ 77.5732328, 12.9614968 ], [ 77.5732549, 12.9615588 ], [ 77.5731822, 12.9615834 ], [ 77.5733195, 12.961969 ], [ 77.5734103, 12.9619383 ], [ 77.5734219, 12.9619709 ], [ 77.5735821, 12.9619168 ], [ 77.5735443, 12.9618108 ], [ 77.5735918, 12.9617947 ], [ 77.573562, 12.9617111 ], [ 77.5735952, 12.9616998 ], [ 77.573673, 12.9618927 ] ], [ [ 77.5738403, 12.961258 ], [ 77.5740375, 12.9617574 ], [ 77.5737696, 12.9618579 ], [ 77.5735723, 12.9613585 ], [ 77.5738403, 12.961258 ] ], [ [ 77.5734424, 12.9616277 ], [ 77.5733164, 12.961672 ], [ 77.5732888, 12.9615975 ], [ 77.5734148, 12.9615532 ], [ 77.5734424, 12.9616277 ] ], [ [ 77.573529, 12.9618438 ], [ 77.5734058, 12.9618872 ], [ 77.5733792, 12.9618153 ], [ 77.5735024, 12.9617719 ], [ 77.573529, 12.9618438 ] ] ] } },
{ "type": "Feature", "properties": { "name": "Minto Eye Hospital", "amenity": "hospital", "building": "yes", "healthcare": null, "beds": null, "emergency": "yes" }, "geometry": { "type": "Polygon", "coordinates": [ [ [ 77.5719724, 12.9611431 ], [ 77.5722069, 12.9613103 ], [ 77.572327, 12.9613965 ], [ 77.5726205, 12.9610084 ], [ 77.5722602, 12.9607496 ], [ 77.5721517, 12.960893 ], [ 77.572111, 12.9608638 ], [ 77.5720917, 12.9608893 ], [ 77.5720489, 12.9608586 ], [ 77.5720128, 12.9609064 ], [ 77.5720543, 12.9609362 ], [ 77.5720251, 12.9609748 ], [ 77.5720585, 12.9609988 ], [ 77.5719575, 12.9611323 ], [ 77.5719724, 12.9611431 ] ], [ [ 77.572297, 12.9608908 ], [ 77.5724621, 12.961012 ], [ 77.5722834, 12.9612431 ], [ 77.5721183, 12.9611219 ], [ 77.572297, 12.9608908 ] ] ] } },
{ "type": "Feature", "properties": { "name": "M S Ramaiah Hospital", "amenity": "hospital", "building": "yes", "healthcare": null, "beds": null, "emergency": "yes" }, "geometry": { "type": "Polygon", "coordinates": [ [ [ 77.5681424, 13.0290376 ], [ 77.5683519, 13.0305095 ], [ 77.56904, 13.0304165 ], [ 77.5690093, 13.0302009 ], [ 77.5688577, 13.0302213 ], [ 77.5688086, 13.0298767 ], [ 77.5685852, 13.0299069 ], [ 77.5685782, 13.0298578 ], [ 77.5689197, 13.0298117 ], [ 77.5688754, 13.0295004 ], [ 77.5687968, 13.0289491 ], [ 77.5681424, 13.0290376 ] ], [ [ 77.5685037, 13.0292125 ], [ 77.5685426, 13.0292065 ], [ 77.5685295, 13.029126 ], [ 77.5687109, 13.0290979 ], [ 77.5687203, 13.0291557 ], [ 77.5685651, 13.0291797 ], [ 77.5686102, 13.0294562 ], [ 77.5687857, 13.0294291 ], [ 77.5687954, 13.0294885 ], [ 77.5685548, 13.0295257 ], [ 77.5685037, 13.0292125 ] ] ] } },
{ "type": "Feature", "properties": { "name": "Faculty Of Dental Sciences", "amenity": "hospital", "building": "yes", "healthcare": null, "beds": null, "emergency": "yes" }, "geometry": { "type": "Polygon", "coordinates": [ [ [ 77.5691375, 13.0294324 ], [ 77.5696662, 13.0293538 ], [ 77.5696127, 13.0290119 ], [ 77.569084, 13.0290905 ], [ 77.5691375, 13.0294324 ] ] ] } },
{ "type": "Feature", "properties": { "name": "Vydehi Institute Of Medical Sciences And Research Centre", "amenity": "hospital", "building": "hospital", "healthcare": null, "beds": null, "emergency": "yes" }, "geometry": { "type": "Polygon", "coordinates": [ [ [ 77.7295014, 12.97602 ], [ 77.7294935, 12.9759159 ], [ 77.7299378, 12.9758838 ], [ 77.7299245, 12.9757094 ], [ 77.7298481, 12.975715 ], [ 77.7298455, 12.9756849 ], [ 77.729901, 12.9756795 ], [ 77.7298981, 12.9756439 ], [ 77.7298838, 12.9754701 ], [ 77.7294919, 12.9754984 ], [ 77.7294855, 12.9754137 ], [ 77.7298551, 12.975387 ], [ 77.7298287, 12.9750404 ], [ 77.7296932, 12.9750503 ], [ 77.7297078, 12.9752425 ], [ 77.7295989, 12.9752504 ], [ 77.7295818, 12.9750255 ], [ 77.7293135, 12.975045 ], [ 77.7293066, 12.9749538 ], [ 77.7288314, 12.9749882 ], [ 77.7288391, 12.9750894 ], [ 77.7287693, 12.9750945 ], [ 77.7287994, 12.9754895 ], [ 77.7291501, 12.9754642 ], [ 77.7291549, 12.975527 ], [ 77.7288159, 12.9755515 ], [ 77.72883, 12.9757368 ], [ 77.7292121, 12.9757092 ], [ 77.7292169, 12.9757721 ], [ 77.7288494, 12.9757986 ], [ 77.7288636, 12.9759858 ], [ 77.7293152, 12.9759532 ], [ 77.7293213, 12.976033 ], [ 77.7295014, 12.97602 ] ], [ [ 77.7289547, 12.975221 ], [ 77.7291345, 12.9752081 ], [ 77.7291437, 12.9753301 ], [ 77.7289639, 12.9753431 ], [ 77.7289547, 12.975221 ] ] ] } },
{ "type": "Feature", "properties": { "name": "Sapthagiri Hospital", "amenity": "hospital", "building": "hospital", "healthcare": "hospital", "beds": null, "emergency": null }, "geometry": { "type": "Polygon", "coordinates": [ [ [ 77.5027089, 13.0706175 ], [ 77.5027371, 13.0701971 ], [ 77.5022256, 13.0701645 ], [ 77.5022193, 13.0702591 ], [ 77.5021479, 13.0702546 ], [ 77.502137, 13.0704159 ], [ 77.5020941, 13.0704132 ], [ 77.50209, 13.0704739 ], [ 77.5020619, 13.0704721 ], [ 77.5020575, 13.0705386 ], [ 77.5020272, 13.0705369 ], [ 77.5020053, 13.0708893 ], [ 77.5019716, 13.0708875 ], [ 77.501968, 13.070952 ], [ 77.5026753, 13.0709891 ], [ 77.5026789, 13.0709246 ], [ 77.5026588, 13.0709235 ], [ 77.5026786, 13.0706155 ], [ 77.5027089, 13.0706175 ] ], [ [ 77.5021665, 13.070896 ], [ 77.5021278, 13.070894 ], [ 77.5021299, 13.0708605 ], [ 77.5020796, 13.0708575 ], [ 77.5020965, 13.0705837 ], [ 77.5021871, 13.0705895 ], [ 77.5021665, 13.070896 ] ], [ [ 77.5024227, 13.0709094 ], [ 77.5023233, 13.0709042 ], [ 77.5023349, 13.0707326 ], [ 77.5023966, 13.0707365 ], [ 77.502406, 13.0705973 ], [ 77.5024426, 13.0705997 ], [ 77.5024227, 13.0709094 ] ] ] } },
{ "type": "Feature", "properties": { "name": "National Institute of Mental Health and NeuroSciences", "amenity": "university", "building": null, "healthcare": "hospital", "beds": null, "emergency": "yes" }, "geometry": { "type": "MultiPolygon", "coordinates": [ [ [ [ 77.5963631, 12.9434551 ], [ 77.5964588, 12.9434299 ], [ 77.5967333, 12.9434233 ], [ 77.59675, 12.9434229 ], [ 77.5968499, 12.9434204 ], [ 77.5971222, 12.9434673 ], [ 77.5971517, 12.943368 ], [ 77.597196, 12.9430477 ], [ 77.5972015, 12.9430081 ], [ 77.5972498, 12.9428106 ], [ 77.5972913, 12.9423349 ], [ 77.5973494, 12.941744 ], [ 77.5975875, 12.9398353 ], [ 77.5976218, 12.9397758 ], [ 77.5979054, 12.9392072 ], [ 77.5983896, 12.9384822 ], [ 77.5983603, 12.9384644 ], [ 77.5973517, 12.9378533 ], [ 77.5958571, 12.9381922 ], [ 77.5948276, 12.9354745 ], [ 77.5966023, 12.9351044 ], [ 77.5968001, 12.9350783 ], [ 77.5963763, 12.9338235 ], [ 77.5959112, 12.9329566 ], [ 77.5952257, 12.9326272 ], [ 77.5945742, 12.931742 ], [ 77.5935725, 12.9318591 ], [ 77.5928611, 12.9318947 ], [ 77.5929916, 12.9341397 ], [ 77.5932473, 12.9349533 ], [ 77.5940938, 12.9349386 ], [ 77.5944231, 12.9361689 ], [ 77.5940101, 12.9362768 ], [ 77.5940444, 12.9366154 ], [ 77.5940006, 12.9366575 ], [ 77.5935012, 12.9371381 ], [ 77.5931391, 12.9368192 ], [ 77.5930607, 12.936483 ], [ 77.5929949, 12.9362011 ], [ 77.5927708, 12.9362071 ], [ 77.5927539, 12.9364915 ], [ 77.5926718, 12.9378407 ], [ 77.592627, 12.9384009 ], [ 77.5926099, 12.9386458 ], [ 77.5925584, 12.9395676 ], [ 77.5925251, 12.9405284 ], [ 77.5927949, 12.9408477 ], [ 77.592979, 12.9407507 ], [ 77.5937468, 12.9404939 ], [ 77.5938043, 12.9408868 ], [ 77.5937037, 12.9409057 ], [ 77.5937614, 12.941274 ], [ 77.5944858, 12.9412061 ], [ 77.5944921, 12.9419364 ], [ 77.5944923, 12.9419572 ], [ 77.5943796, 12.9422461 ], [ 77.5943863, 12.9426238 ], [ 77.5945416, 12.9427589 ], [ 77.5946529, 12.9427848 ], [ 77.5948316, 12.9428264 ], [ 77.5953752, 12.9428017 ], [ 77.5953834, 12.9428384 ], [ 77.5950639, 12.943347 ], [ 77.5952084, 12.943325 ], [ 77.5955588, 12.9432245 ], [ 77.5955467, 12.9431626 ], [ 77.5957572, 12.9431245 ], [ 77.5957836, 12.9432412 ], [ 77.5958401, 12.9434892 ], [ 77.5963631, 12.9434551 ] ] ], [ [ [ 77.5976407, 12.9428059 ], [ 77.5977378, 12.9428114 ], [ 77.5982564, 12.9428408 ], [ 77.5983171, 12.9418564 ], [ 77.5983913, 12.941323 ], [ 77.5986092, 12.9413204 ], [ 77.5990211, 12.9412748 ], [ 77.5989405, 12.9408835 ], [ 77.59903, 12.9408625 ], [ 77.5989908, 12.9404202 ], [ 77.5990693, 12.9404065 ], [ 77.5990571, 12.9403053 ], [ 77.5992482, 12.9402673 ], [ 77.5995406, 12.9393968 ], [ 77.59984, 12.9395081 ], [ 77.5998551, 12.9389608 ], [ 77.6018657, 12.9385859 ], [ 77.6016773, 12.9376944 ], [ 77.6016516, 12.937586 ], [ 77.6013075, 12.9373624 ], [ 77.6012841, 12.9373472 ], [ 77.6002113, 12.9375204 ], [ 77.5997411, 12.9376942 ], [ 77.5991894, 12.9380289 ], [ 77.5986925, 12.9384109 ], [ 77.5985659, 12.938582 ], [ 77.5981441, 12.9391745 ], [ 77.597795, 12.9398826 ], [ 77.5977601, 12.9399673 ], [ 77.5977352, 12.940032 ], [ 77.5977126, 12.9402185 ], [ 77.5975937, 12.9410637 ], [ 77.5975225, 12.9419265 ], [ 77.5974359, 12.9427943 ], [ 77.5976407, 12.9428059 ] ] ] ] } },
{ "type": "Feature", "properties": { "name": "St.John's Medical College Hospital", "amenity": "hospital", "building": "yes", "healthcare": "hospital", "beds": null, "emergency": "yes" }, "geometry": { "type": "Polygon", "coordinates": [ [ [ 77.6190311, 12.9301896 ], [ 77.6189962, 12.9301084 ], [ 77.6192286, 12.9300136 ], [ 77.6191887, 12.9299204 ], [ 77.6189652, 12.9300116 ], [ 77.6189328, 12.929936 ], [ 77.6193683, 12.9297583 ], [ 77.6192759, 12.9295432 ], [ 77.6192068, 12.9295714 ], [ 77.6191668, 12.9294781 ], [ 77.6193512, 12.9294029 ], [ 77.6191124, 12.9288468 ], [ 77.6182376, 12.9292036 ], [ 77.6181657, 12.9290363 ], [ 77.617818, 12.9291712 ], [ 77.6183275, 12.9304491 ], [ 77.6190311, 12.9301896 ] ], [ [ 77.6187319, 12.9293078 ], [ 77.6186663, 12.929155 ], [ 77.6188914, 12.9290631 ], [ 77.6189571, 12.9292159 ], [ 77.6187319, 12.9293078 ] ], [ [ 77.6185962, 12.9294624 ], [ 77.6184076, 12.9295394 ], [ 77.618341, 12.9293845 ], [ 77.6185297, 12.9293075 ], [ 77.6185962, 12.9294624 ] ], [ [ 77.6190143, 12.9296188 ], [ 77.6187225, 12.9297379 ], [ 77.6186654, 12.9296052 ], [ 77.6189573, 12.929486 ], [ 77.6190143, 12.9296188 ] ] ] } },
{ "type": "Feature", "properties": { "name": "Sri Lakshmi Clinic", "amenity": "clinic", "building": null, "healthcare": "clinic", "beds": null, "emergency": null }, "geometry": { "type": "Polygon", "coordinates": [ [ [ 77.6605946, 12.9016039 ], [ 77.660483, 12.9016374 ], [ 77.6604572, 12.901537 ], [ 77.6605645, 12.9014883 ], [ 77.6605946, 12.9016039 ] ] ] } },
{ "type": "Feature", "properties": { "name": "Aster RV Hospital", "amenity": "hospital", "building": null, "healthcare": "hospital", "beds": null, "emergency": null }, "geometry": { "type": "Polygon", "coordinates": [ [ [ 77.5844511, 12.912195 ], [ 77.5856286, 12.9121693 ], [ 77.5856057, 12.9106449 ], [ 77.5844212, 12.910665 ], [ 77.5844511, 12.912195 ] ] ] } },
{ "type": "Feature", "properties": { "name": "Chinmaya Mission Hospital", "amenity": "hospital", "building": null, "healthcare": "hospital", "beds": null, "emergency": "yes" }, "geometry": { "type": "Polygon", "coordinates": [ [ [ 77.6458029, 12.9784387 ], [ 77.6458059, 12.9783793 ], [ 77.645857, 12.9773938 ], [ 77.6465741, 12.9774333 ], [ 77.6465242, 12.9784737 ], [ 77.6458029, 12.9784387 ] ] ] } },
{ "type": "Feature", "properties": { "name": "KLE Dental College", "amenity": "hospital", "building": null, "healthcare": null, "beds": null, "emergency": null }, "geometry": { "type": "Polygon", "coordinates": [ [ [ 77.5351509, 13.0302527 ], [ 77.5356185, 13.0310833 ], [ 77.5356447, 13.0310683 ], [ 77.536061, 13.030834 ], [ 77.5361831, 13.0307421 ], [ 77.5359102, 13.0302607 ], [ 77.5357131, 13.0299324 ], [ 77.5355304, 13.0300328 ], [ 77.5351509, 13.0302527 ] ] ] } },
{ "type": "Feature", "properties": { "name": "Bangalore Medical College Hospitals", "amenity": null, "building": null, "healthcare": "hospital", "beds": null, "emergency": "yes" }, "geometry": { "type": "Polygon", "coordinates": [ [ [ 77.5730987, 12.9644116 ], [ 77.5742113, 12.9644998 ], [ 77.5749382, 12.9645656 ], [ 77.5750945, 12.9645245 ], [ 77.5751077, 12.9641957 ], [ 77.5751018, 12.9639797 ], [ 77.5751139, 12.9633684 ], [ 77.575124, 12.962855 ], [ 77.5751766, 12.9627821 ], [ 77.5750835, 12.9625463 ], [ 77.5749084, 12.9621025 ], [ 77.5748791, 12.9620858 ], [ 77.5747062, 12.9616941 ], [ 77.5740971, 12.9600816 ], [ 77.5740234, 12.9600334 ], [ 77.5718579, 12.9606774 ], [ 77.5717477, 12.960785 ], [ 77.5716932, 12.961943 ], [ 77.5722721, 12.9621939 ], [ 77.5721888, 12.9642914 ], [ 77.5722431, 12.9643437 ], [ 77.5728398, 12.964391 ], [ 77.5728495, 12.9640047 ], [ 77.573107, 12.9641027 ], [ 77.5730987, 12.9644116 ] ] ] } },
{ "type": "Feature", "properties": { "name": "Health Centre", "amenity": "hospital", "building": "university", "healthcare": null, "beds": null, "emergency": null }, "geometry": { "type": "Polygon", "coordinates": [ [ [ 77.563702, 13.015694 ], [ 77.5639031, 13.015691 ], [ 77.5639056, 13.0158506 ], [ 77.563794, 13.0158522 ], [ 77.5637044, 13.0158535 ], [ 77.563702, 13.015694 ] ] ] } },
{ "type": "Feature", "properties": { "name": "K C General Hospital", "amenity": "hospital", "building": null, "healthcare": "hospital", "beds": null, "emergency": null }, "geometry": { "type": "Polygon", "coordinates": [ [ [ 77.5708719, 12.9934872 ], [ 77.5696323, 12.993419 ], [ 77.5686143, 12.9965469 ], [ 77.5689121, 12.9965462 ], [ 77.5689107, 12.9966873 ], [ 77.5695477, 12.9966756 ], [ 77.5695464, 12.9965383 ], [ 77.569993, 12.9965279 ], [ 77.5699876, 12.995708 ], [ 77.5708417, 12.9956702 ], [ 77.5708719, 12.9934872 ] ] ] } },
{ "type": "Feature", "properties": { "name": "St Marthas Hospital", "amenity": "hospital", "building": null, "healthcare": "hospital", "beds": null, "emergency": "yes" }, "geometry": { "type": "Polygon", "coordinates": [ [ [ 77.5844827, 12.9704823 ], [ 77.5850201, 12.9700244 ], [ 77.585217, 12.9698589 ], [ 77.5860213, 12.9691487 ], [ 77.5861597, 12.969032 ], [ 77.5870036, 12.9698959 ], [ 77.5869643, 12.9701892 ], [ 77.5867497, 12.9716341 ], [ 77.5858792, 12.9723578 ], [ 77.5856406, 12.9725562 ], [ 77.5855842, 12.9726031 ], [ 77.5849896, 12.9715663 ], [ 77.5852082, 12.9713608 ], [ 77.5844827, 12.9704823 ] ] ] } },
{ "type": "Feature", "properties": { "name": "Vydehi Superspeciality Hospital", "amenity": "hospital", "building": null, "healthcare": "hospital", "beds": null, "emergency": null }, "geometry": { "type": "Polygon", "coordinates": [ [ [ 77.5952352, 12.9677564 ], [ 77.594954, 12.9677088 ], [ 77.5947891, 12.9685229 ], [ 77.5952952, 12.9686018 ], [ 77.5952876, 12.9685278 ], [ 77.5952645, 12.9682031 ], [ 77.5952352, 12.9677564 ] ] ] } },
{ "type": "Feature", "properties": { "name": "Jayanagar General Hospital", "amenity": "hospital", "building": null, "healthcare": "hospital", "beds": null, "emergency": null }, "geometry": { "type": "Polygon", "coordinates": [ [ [ 77.5916365, 12.9252579 ], [ 77.5934322, 12.9252419 ], [ 77.5934615, 12.9269491 ], [ 77.5919621, 12.9269931 ], [ 77.5916458, 12.9269873 ], [ 77.5916365, 12.9252579 ] ] ] } },
{ "type": "Feature", "properties": { "name": "Hospital Complex", "amenity": "hospital", "building": null, "healthcare": "hospital", "beds": null, "emergency": null }, "geometry": { "type": "Polygon", "coordinates": [ [ [ 77.5924922, 12.9387662 ], [ 77.5923334, 12.9387276 ], [ 77.5922685, 12.9389728 ], [ 77.5924876, 12.9390167 ], [ 77.5924597, 12.9405242 ], [ 77.5925329, 12.9406607 ], [ 77.592661, 12.9408169 ], [ 77.592126, 12.9409395 ], [ 77.5911668, 12.9410122 ], [ 77.5909079, 12.9402375 ], [ 77.5899973, 12.9405311 ], [ 77.5899032, 12.9405614 ], [ 77.5900358, 12.9408397 ], [ 77.5895257, 12.9411746 ], [ 77.5887555, 12.9401185 ], [ 77.5884474, 12.9402148 ], [ 77.5884066, 12.9401325 ], [ 77.588217, 12.9397567 ], [ 77.5880671, 12.9391547 ], [ 77.5882017, 12.9390354 ], [ 77.5880107, 12.9387741 ], [ 77.5881681, 12.9386347 ], [ 77.587907, 12.9381828 ], [ 77.5873956, 12.9375871 ], [ 77.5871527, 12.9374 ], [ 77.5872788, 12.937314 ], [ 77.5883359, 12.9377907 ], [ 77.5883535, 12.937384 ], [ 77.588732, 12.9373909 ], [ 77.5888911, 12.937477 ], [ 77.5891387, 12.9374874 ], [ 77.5891528, 12.9369876 ], [ 77.5895595, 12.9363913 ], [ 77.5896621, 12.9361328 ], [ 77.589596, 12.9356233 ], [ 77.5897045, 12.9356054 ], [ 77.5900109, 12.935562 ], [ 77.5901535, 12.9363409 ], [ 77.5906341, 12.9361363 ], [ 77.5911016, 12.936693 ], [ 77.5914554, 12.9364859 ], [ 77.5918227, 12.9363336 ], [ 77.5926361, 12.93618 ], [ 77.5924953, 12.9385991 ], [ 77.5924922, 12.9387662 ] ] ] } },
{ "type": "Feature", "properties": { "name": "Sri Jayadeva Institute Of Cardiology", "amenity": "hospital", "building": null, "healthcare": "hospital", "beds": null, "emergency": "yes" }, "geometry": { "type": "Polygon", "coordinates": [ [ [ 77.5998236, 12.9173089 ], [ 77.5997286, 12.9173112 ], [ 77.5997246, 12.916989 ], [ 77.5993521, 12.9169958 ], [ 77.5993518, 12.9169837 ], [ 77.5993477, 12.9169038 ], [ 77.5993464, 12.9168789 ], [ 77.5985958, 12.9169001 ], [ 77.5986561, 12.9189254 ], [ 77.5987416, 12.918923 ], [ 77.5987574, 12.9194694 ], [ 77.5987694, 12.9198835 ], [ 77.5993623, 12.9198736 ], [ 77.5993641, 12.9199755 ], [ 77.5993676, 12.920173 ], [ 77.5999123, 12.9201638 ], [ 77.5998963, 12.919951 ], [ 77.5999343, 12.9198986 ], [ 77.5998849, 12.9192816 ], [ 77.5998236, 12.9173089 ] ] ] } },
{ "type": "Feature", "properties": { "name": "BEL Hospital", "amenity": "hospital", "building": null, "healthcare": null, "beds": null, "emergency": null }, "geometry": { "type": "Polygon", "coordinates": [ [ [ 77.5561492, 13.0498518 ], [ 77.5573932, 13.0498678 ], [ 77.5573802, 13.0508256 ], [ 77.5561362, 13.0508096 ], [ 77.5561492, 13.0498518 ] ] ] } },
{ "type": "Feature", "properties": { "name": "Fortis Hospitals, Bannerghatta Road", "amenity": "hospital", "building": null, "healthcare": "hospital", "beds": null, "emergency": "yes" }, "geometry": { "type": "Polygon", "coordinates": [ [ [ 77.5978327, 12.8954839 ], [ 77.5978513, 12.89543 ], [ 77.5979869, 12.8950374 ], [ 77.5981296, 12.8946243 ], [ 77.598287, 12.8945307 ], [ 77.5983292, 12.8941164 ], [ 77.5985424, 12.8941373 ], [ 77.5985289, 12.8943705 ], [ 77.5990607, 12.8940183 ], [ 77.5990779, 12.8941265 ], [ 77.5993046, 12.8948772 ], [ 77.5993304, 12.8949854 ], [ 77.5988993, 12.8951289 ], [ 77.5979092, 12.8954584 ], [ 77.5978327, 12.8954839 ] ] ] } },
{ "type": "Feature", "properties": { "name": "Apollo Hospital", "amenity": "hospital", "building": null, "healthcare": "hospital", "beds": null, "emergency": "yes" }, "geometry": { "type": "Polygon", "coordinates": [ [ [ 77.5971952, 12.8960595 ], [ 77.5974175, 12.8963983 ], [ 77.5977068, 12.896989 ], [ 77.5980462, 12.8968277 ], [ 77.5985982, 12.8965118 ], [ 77.5987031, 12.8964455 ], [ 77.5989327, 12.8963799 ], [ 77.5995039, 12.8962168 ], [ 77.5993219, 12.895621 ], [ 77.5977297, 12.89614 ], [ 77.5975133, 12.8962102 ], [ 77.5974639, 12.8960344 ], [ 77.5971952, 12.8960595 ] ] ] } },
{ "type": "Feature", "properties": { "name": "Bhagwan Mahaveer Jain Hospital", "amenity": "hospital", "building": null, "healthcare": "hospital", "beds": null, "emergency": "yes" }, "geometry": { "type": "Polygon", "coordinates": [ [ [ 77.5949902, 12.9925629 ], [ 77.5944482, 12.9919307 ], [ 77.5948223, 12.9914487 ], [ 77.5953034, 12.9907036 ], [ 77.5954506, 12.9904139 ], [ 77.5960736, 12.9906665 ], [ 77.5961504, 12.9906983 ], [ 77.5955229, 12.9918553 ], [ 77.5951738, 12.9923661 ], [ 77.5949902, 12.9925629 ] ] ] } },
{ "type": "Feature", "properties": { "name": "Bowring and Lady Curzon Hospitals", "amenity": "hospital", "building": null, "healthcare": "hospital", "beds": null, "emergency": null }, "geometry": { "type": "Polygon", "coordinates": [ [ [ 77.60362, 12.9837207 ], [ 77.6033731, 12.9829684 ], [ 77.603376, 12.9827887 ], [ 77.6034267, 12.982755 ], [ 77.6034543, 12.9826988 ], [ 77.6034871, 12.9826309 ], [ 77.603472, 12.9825652 ], [ 77.6035481, 12.9823736 ], [ 77.6035776, 12.9822078 ], [ 77.6043112, 12.9819805 ], [ 77.6043621, 12.9821434 ], [ 77.6047429, 12.9820285 ], [ 77.6050474, 12.9819447 ], [ 77.6050937, 12.9820807 ], [ 77.6055304, 12.981955 ], [ 77.6056163, 12.9821131 ], [ 77.6058903, 12.9823029 ], [ 77.6056758, 12.9823675 ], [ 77.6057117, 12.9824951 ], [ 77.6056, 12.982526 ], [ 77.6060501, 12.9838504 ], [ 77.6053016, 12.9840109 ], [ 77.6045075, 12.9840783 ], [ 77.6038967, 12.9840698 ], [ 77.6038183, 12.9840546 ], [ 77.603692, 12.9839399 ], [ 77.6037969, 12.9838266 ], [ 77.6037794, 12.9837907 ], [ 77.6037304, 12.9837515 ], [ 77.6036742, 12.9837175 ], [ 77.60362, 12.9837207 ] ] ] } },
{ "type": "Feature", "properties": { "name": "Sir Haji Ismail Gosha Sait Hospital", "amenity": "hospital", "building": null, "healthcare": "hospital", "beds": null, "emergency": null }, "geometry": { "type": "Polygon", "coordinates": [ [ [ 77.6002539, 12.9840951 ], [ 77.5999264, 12.9842193 ], [ 77.599777, 12.9842446 ], [ 77.5993902, 12.9841666 ], [ 77.599398, 12.9841004 ], [ 77.5992254, 12.983533 ], [ 77.6002669, 12.9831904 ], [ 77.6003587, 12.9834433 ], [ 77.6000109, 12.9835548 ], [ 77.6001491, 12.9839828 ], [ 77.6002539, 12.9840951 ] ] ] } },
{ "type": "Feature", "properties": { "name": "Government Veterinary Hospital", "amenity": "hospital", "building": null, "healthcare": "hospital", "beds": null, "emergency": null }, "geometry": { "type": "Polygon", "coordinates": [ [ [ 77.5672137, 12.9647552 ], [ 77.5681542, 12.9649071 ], [ 77.5681757, 12.9639958 ], [ 77.5680521, 12.9637968 ], [ 77.5674932, 12.9635035 ], [ 77.5673628, 12.9634229 ], [ 77.5673477, 12.9636341 ], [ 77.5672137, 12.9647552 ] ] ] } },
{ "type": "Feature", "properties": { "name": "Divisional Railway Hospital", "amenity": "hospital", "building": null, "healthcare": "hospital", "beds": null, "emergency": null }, "geometry": { "type": "Polygon", "coordinates": [ [ [ 77.56574, 12.9802166 ], [ 77.5647761, 12.980308 ], [ 77.5645109, 12.9802981 ], [ 77.564481, 12.9794404 ], [ 77.5656525, 12.9793627 ], [ 77.56574, 12.9802166 ] ] ] } },
{ "type": "Feature", "properties": { "name": "Baptist Hospital", "amenity": "hospital", "building": null, "healthcare": "hospital", "beds": null, "emergency": "yes" }, "geometry": { "type": "Polygon", "coordinates": [ [ [ 77.5914295, 13.0357041 ], [ 77.5913977, 13.0358269 ], [ 77.5913844, 13.0358545 ], [ 77.591314, 13.0360009 ], [ 77.5909979, 13.0360872 ], [ 77.5909121, 13.035916 ], [ 77.5903508, 13.0359943 ], [ 77.5903404, 13.0359762 ], [ 77.5894914, 13.0361691 ], [ 77.5893675, 13.0359821 ], [ 77.5891111, 13.035415 ], [ 77.589468, 13.035307 ], [ 77.5906325, 13.0349534 ], [ 77.5897063, 13.0337216 ], [ 77.5895838, 13.033789 ], [ 77.5887662, 13.0339976 ], [ 77.5885545, 13.0340516 ], [ 77.5885358, 13.0339066 ], [ 77.5885297, 13.0337551 ], [ 77.5885512, 13.0336028 ], [ 77.5901341, 13.0333372 ], [ 77.5902222, 13.0333219 ], [ 77.5902697, 13.0333788 ], [ 77.5908086, 13.0332807 ], [ 77.5909684, 13.033581 ], [ 77.5911247, 13.0337469 ], [ 77.5913548, 13.0339482 ], [ 77.591812, 13.0344318 ], [ 77.5917112, 13.0345955 ], [ 77.5916083, 13.0347627 ], [ 77.5915867, 13.0347977 ], [ 77.591477, 13.034849 ], [ 77.5914525, 13.0350156 ], [ 77.5915409, 13.0350538 ], [ 77.5914295, 13.0357041 ] ] ] } },
{ "type": "Feature", "properties": { "name": "ESI Hospital", "amenity": "hospital", "building": null, "healthcare": "hospital", "beds": null, "emergency": null }, "geometry": { "type": "Polygon", "coordinates": [ [ [ 77.6373247, 12.9722022 ], [ 77.6373865, 12.9715408 ], [ 77.6374164, 12.9710627 ], [ 77.6374468, 12.9705802 ], [ 77.6360041, 12.9704936 ], [ 77.6360017, 12.9715538 ], [ 77.6360033, 12.9716165 ], [ 77.6373247, 12.9722022 ] ] ] } },
{ "type": "Feature", "properties": { "name": "Railways Hospital", "amenity": "hospital", "building": null, "healthcare": "hospital", "beds": null, "emergency": null }, "geometry": { "type": "Polygon", "coordinates": [ [ [ 77.5824316, 13.1038325 ], [ 77.5829508, 13.1047783 ], [ 77.5832328, 13.1044566 ], [ 77.583561, 13.1040823 ], [ 77.5832071, 13.1034444 ], [ 77.5824316, 13.1038325 ] ] ] } },
{ "type": "Feature", "properties": { "name": "KK Hospital", "amenity": "hospital", "building": null, "healthcare": "hospital", "beds": null, "emergency": null }, "geometry": { "type": "Polygon", "coordinates": [ [ [ 77.589464, 13.0973536 ], [ 77.589103, 13.097155 ], [ 77.5893311, 13.0969331 ], [ 77.5896673, 13.0971259 ], [ 77.589464, 13.0973536 ] ] ] } },
{ "type": "Feature", "properties": { "name": "ESI Dispensary", "amenity": "hospital", "building": null, "healthcare": "hospital", "beds": null, "emergency": null }, "geometry": { "type": "Polygon", "coordinates": [ [ [ 77.7058913, 12.992861 ], [ 77.7063603, 12.9928423 ], [ 77.7064912, 12.9924216 ], [ 77.7065535, 12.9922212 ], [ 77.7061156, 12.9921149 ], [ 77.7060469, 12.9923399 ], [ 77.7059451, 12.9926728 ], [ 77.7058913, 12.992861 ] ] ] } },
{ "type": "Feature", "properties": { "name": "Rajshekhar Hospital", "amenity": "hospital", "building": null, "healthcare": "hospital", "beds": null, "emergency": "yes" }, "geometry": { "type": "Polygon", "coordinates": [ [ [ 77.5795391, 12.9109254 ], [ 77.5795767, 12.9111686 ], [ 77.5799978, 12.9110875 ], [ 77.5800058, 12.9108601 ], [ 77.5795391, 12.9109254 ] ] ] } },
{ "type": "Feature", "properties": { "name": "Karunashraya", "amenity": "hospital", "building": null, "healthcare": "hospital", "beds": null, "emergency": null }, "geometry": { "type": "Polygon", "coordinates": [ [ [ 77.713565, 12.9561646 ], [ 77.7136546, 12.956203 ], [ 77.7141388, 12.9562964 ], [ 77.7134009, 12.9586563 ], [ 77.7128362, 12.9585004 ], [ 77.7129523, 12.9581227 ], [ 77.713565, 12.9561646 ] ] ] } },
{ "type": "Feature", "properties": { "name": "Sankara Eye Hospital", "amenity": "hospital", "building": null, "healthcare": "hospital", "beds": null, "emergency": null }, "geometry": { "type": "Polygon", "coordinates": [ [ [ 77.713336, 12.956216 ], [ 77.713565, 12.9561646 ], [ 77.7129523, 12.9581227 ], [ 77.712078, 12.9579489 ], [ 77.7121102, 12.9577816 ], [ 77.7121582, 12.9576543 ], [ 77.7122282, 12.9574888 ], [ 77.7123299, 12.9573197 ], [ 77.7123982, 12.9571946 ], [ 77.7124374, 12.9571229 ], [ 77.7127325, 12.9566471 ], [ 77.7128895, 12.9561727 ], [ 77.713336, 12.956216 ] ] ] } },
{ "type": "Feature", "properties": { "name": "Sparsh Hospital For Advanced Surgeries, Bengaluru Urban", "amenity": "hospital", "building": null, "healthcare": null, "beds": null, "emergency": null }, "geometry": { "type": "Polygon", "coordinates": [ [ [ 77.5941561, 12.9836942 ], [ 77.5940109, 12.9832706 ], [ 77.5949195, 12.9829748 ], [ 77.5950608, 12.9833885 ], [ 77.5941561, 12.9836942 ] ] ] } },
{ "type": "Feature", "properties": { "name": "Sri Sathya Sai Institute of Higher Medical Sciences", "amenity": "hospital", "building": null, "healthcare": "hospital", "beds": null, "emergency": null }, "geometry": { "type": "Polygon", "coordinates": [ [ [ 77.7275661, 12.9802633 ], [ 77.727587, 12.9803684 ], [ 77.7276716, 12.9804146 ], [ 77.7277163, 12.9804936 ], [ 77.7279564, 12.98162 ], [ 77.7279934, 12.9816747 ], [ 77.7280164, 12.9817507 ], [ 77.7279249, 12.9818599 ], [ 77.7282965, 12.9826547 ], [ 77.7284639, 12.9830536 ], [ 77.7286208, 12.9833672 ], [ 77.7286515, 12.9834331 ], [ 77.7307563, 12.9824124 ], [ 77.7321044, 12.9824401 ], [ 77.7330434, 12.9824572 ], [ 77.7326074, 12.9807109 ], [ 77.732965, 12.980662 ], [ 77.7329969, 12.9802933 ], [ 77.7327289, 12.9800358 ], [ 77.7317697, 12.9784154 ], [ 77.7298935, 12.9783298 ], [ 77.7298984, 12.9785213 ], [ 77.7299277, 12.9793195 ], [ 77.7295647, 12.9794754 ], [ 77.7295971, 12.9795457 ], [ 77.7296425, 12.9796445 ], [ 77.7281412, 12.9802566 ], [ 77.7275661, 12.9802633 ] ] ] } },
{ "type": "Feature", "properties": { "name": "Namma Clinic", "amenity": "clinic", "building": "yes", "healthcare": "clinic", "beds": null, "emergency": null }, "geometry": { "type": "Polygon", "coordinates": [ [ [ 77.5955541, 12.9468483 ], [ 77.595669, 12.9469703 ], [ 77.5958055, 12.9468481 ], [ 77.5956906, 12.9467261 ], [ 77.5955541, 12.9468483 ] ] ] } },
{ "type": "Feature", "properties": { "name": "Manipal Speciality Hospital", "amenity": "hospital", "building": null, "healthcare": "hospital", "beds": null, "emergency": null }, "geometry": { "type": "Polygon", "coordinates": [ [ [ 77.5134841, 12.9095733 ], [ 77.5142567, 12.909345 ], [ 77.5139924, 12.908504 ], [ 77.5138596, 12.9084491 ], [ 77.5137658, 12.9081947 ], [ 77.5130697, 12.9084727 ], [ 77.5129805, 12.9089008 ], [ 77.5132532, 12.9090664 ], [ 77.5133836, 12.9093485 ], [ 77.5134841, 12.9095733 ] ] ] } },
{ "type": "Feature", "properties": { "name": "Manipal Hospital, Bengaluru Urban", "amenity": "hospital", "building": "hospital", "healthcare": "hospital", "beds": null, "emergency": "yes" }, "geometry": { "type": "Polygon", "coordinates": [ [ [ 77.6488918, 12.9591365 ], [ 77.6487905, 12.9589148 ], [ 77.6487922, 12.958894 ], [ 77.6488167, 12.9588647 ], [ 77.6487711, 12.9587679 ], [ 77.648704, 12.9587679 ], [ 77.6485994, 12.9585405 ], [ 77.6486021, 12.9584909 ], [ 77.6486289, 12.9584412 ], [ 77.6486665, 12.9584098 ], [ 77.6490634, 12.9582373 ], [ 77.6491519, 12.9582661 ], [ 77.6491764, 12.9582823 ], [ 77.6492311, 12.9582817 ], [ 77.6493062, 12.9584692 ], [ 77.6493923, 12.9586636 ], [ 77.6493531, 12.9586791 ], [ 77.6494599, 12.9589467 ], [ 77.6494456, 12.9589902 ], [ 77.6494162, 12.9590181 ], [ 77.6492153, 12.9591193 ], [ 77.6492201, 12.959134 ], [ 77.6490983, 12.959172 ], [ 77.6490803, 12.9591467 ], [ 77.6489904, 12.9591735 ], [ 77.6489772, 12.9591776 ], [ 77.6489201, 12.9591558 ], [ 77.6489231, 12.9591483 ], [ 77.6488918, 12.9591365 ] ] ] } },
{ "type": "Feature", "properties": { "name": "Narayana Nethralaya", "amenity": "clinic", "building": null, "healthcare": null, "beds": null, "emergency": null }, "geometry": { "type": "Polygon", "coordinates": [ [ [ 77.5518576, 13.0117043 ], [ 77.5520914, 13.0118247 ], [ 77.5523563, 13.0113366 ], [ 77.5521225, 13.0112161 ], [ 77.5518576, 13.0117043 ] ] ] } },
{ "type": "Feature", "properties": { "name": "Chaitanya Nursing Home", "amenity": "hospital", "building": null, "healthcare": null, "beds": null, "emergency": null }, "geometry": { "type": "Polygon", "coordinates": [ [ [ 77.5862721, 13.0991728 ], [ 77.5860222, 13.0991754 ], [ 77.5860213, 13.0989794 ], [ 77.5862714, 13.0989833 ], [ 77.5862721, 13.0991728 ] ] ] } },
{ "type": "Feature", "properties": { "name": "Radhakrishna Multispeciality Hospital", "amenity": "hospital", "building": null, "healthcare": null, "beds": null, "emergency": "yes" }, "geometry": { "type": "Polygon", "coordinates": [ [ [ 77.5457012, 12.9410249 ], [ 77.545551, 12.9410197 ], [ 77.5454222, 12.9410014 ], [ 77.5454222, 12.9409341 ], [ 77.5455644, 12.9409184 ], [ 77.5456958, 12.9408975 ], [ 77.5457012, 12.9410249 ] ] ] } },
{ "type": "Feature", "properties": { "name": "Rajalakshmi Multispeciality Hospital", "amenity": "hospital", "building": null, "healthcare": "hospital", "beds": null, "emergency": null }, "geometry": { "type": "Polygon", "coordinates": [ [ [ 77.5794031, 12.9166469 ], [ 77.5793963, 12.9162881 ], [ 77.5798278, 12.9162804 ], [ 77.5798346, 12.9166392 ], [ 77.5794031, 12.9166469 ] ] ] } },
{ "type": "Feature", "properties": { "name": "Manipal Hospital", "amenity": "hospital", "building": null, "healthcare": "hospital", "beds": null, "emergency": null }, "geometry": { "type": "Polygon", "coordinates": [ [ [ 77.6493383, 12.9580486 ], [ 77.649134, 12.9575576 ], [ 77.6481906, 12.9578852 ], [ 77.6479828, 12.9575211 ], [ 77.6473284, 12.9578157 ], [ 77.6473166, 12.957821 ], [ 77.6474152, 12.9581936 ], [ 77.6473087, 12.9582358 ], [ 77.6465399, 12.9585405 ], [ 77.6466131, 12.958754 ], [ 77.6472385, 12.9585868 ], [ 77.6473993, 12.9585438 ], [ 77.6476282, 12.9584826 ], [ 77.6478809, 12.9584405 ], [ 77.6484841, 12.958313 ], [ 77.6485249, 12.9584173 ], [ 77.648591, 12.9585862 ], [ 77.6490229, 12.9596344 ], [ 77.649742, 12.9595613 ], [ 77.6495339, 12.958722 ], [ 77.6493383, 12.9580486 ] ] ] } },
{ "type": "Feature", "properties": { "name": "Indiranagar Government Hospital", "amenity": "hospital", "building": null, "healthcare": "hospital", "beds": null, "emergency": null }, "geometry": { "type": "Polygon", "coordinates": [ [ [ 77.6440655, 12.9822064 ], [ 77.6441762, 12.9826425 ], [ 77.6438936, 12.9826807 ], [ 77.6437362, 12.9833981 ], [ 77.6454092, 12.9836412 ], [ 77.6454337, 12.9835195 ], [ 77.6454557, 12.9833761 ], [ 77.6455745, 12.9827879 ], [ 77.6455771, 12.982774 ], [ 77.645609, 12.9826492 ], [ 77.6456581, 12.9824052 ], [ 77.6446957, 12.9822852 ], [ 77.64431, 12.982237 ], [ 77.6440655, 12.9822064 ] ] ] } },
{ "type": "Feature", "properties": { "name": "Isolation Hospital", "amenity": "hospital", "building": null, "healthcare": "hospital", "beds": null, "emergency": null }, "geometry": { "type": "Polygon", "coordinates": [ [ [ 77.641998, 12.9842602 ], [ 77.6419704, 12.9842543 ], [ 77.6420013, 12.9839735 ], [ 77.6419962, 12.9839061 ], [ 77.6419639, 12.9839127 ], [ 77.641829, 12.9831269 ], [ 77.6419867, 12.9829217 ], [ 77.6420066, 12.9828156 ], [ 77.642648, 12.9829976 ], [ 77.6434148, 12.9828025 ], [ 77.6438936, 12.9826807 ], [ 77.6437362, 12.9833981 ], [ 77.6454092, 12.9836412 ], [ 77.6452734, 12.9842688 ], [ 77.645179, 12.984705 ], [ 77.6446461, 12.9845925 ], [ 77.6445972, 12.9847004 ], [ 77.6442614, 12.9846356 ], [ 77.6441519, 12.9851716 ], [ 77.6440742, 12.9851468 ], [ 77.6439901, 12.9851186 ], [ 77.6428867, 12.9847486 ], [ 77.6419615, 12.9843933 ], [ 77.641998, 12.9842602 ] ] ] } },
{ "type": "Feature", "properties": { "name": "Epidemic Disesase Hospital", "amenity": "hospital", "building": null, "healthcare": null, "beds": null, "emergency": null }, "geometry": { "type": "Polygon", "coordinates": [ [ [ 77.6443497, 12.9858301 ], [ 77.6443183, 12.985892 ], [ 77.6445436, 12.9860123 ], [ 77.6445894, 12.9862526 ], [ 77.6446008, 12.9863124 ], [ 77.6446969, 12.9868174 ], [ 77.6447288, 12.9869846 ], [ 77.6432251, 12.9873903 ], [ 77.6429799, 12.9874525 ], [ 77.6427884, 12.986594 ], [ 77.6433883, 12.9865587 ], [ 77.6433274, 12.9853784 ], [ 77.6440375, 12.9856768 ], [ 77.6441427, 12.985721 ], [ 77.6443455, 12.9858063 ], [ 77.6443497, 12.9858301 ] ] ] } },
{ "type": "Feature", "properties": { "name": "Employees' State Insurance Corporation Model Hospital", "amenity": "hospital", "building": null, "healthcare": "hospital", "beds": null, "emergency": "yes" }, "geometry": { "type": "Polygon", "coordinates": [ [ [ 77.5540454, 12.9918362 ], [ 77.5540356, 12.9914957 ], [ 77.5543788, 12.9914862 ], [ 77.5543105, 12.9900471 ], [ 77.5537173, 12.9900658 ], [ 77.5526234, 12.9900993 ], [ 77.5526998, 12.9918874 ], [ 77.5540454, 12.9918362 ] ] ] } },
{ "type": "Feature", "properties": { "name": "Vittala International Institute Of Ophthalmology, Hosakerehalli", "amenity": "hospital", "building": null, "healthcare": null, "beds": null, "emergency": "yes" }, "geometry": { "type": "Polygon", "coordinates": [ [ [ 77.5408805, 12.9308423 ], [ 77.5414278, 12.93049 ], [ 77.5415644, 12.9307467 ], [ 77.5410146, 12.9311353 ], [ 77.5408805, 12.9308423 ] ] ] } },
{ "type": "Feature", "properties": { "name": "ISRO Employees Hospital", "amenity": "hospital", "building": null, "healthcare": null, "beds": null, "emergency": null }, "geometry": { "type": "Polygon", "coordinates": [ [ [ 77.6565204, 12.9658941 ], [ 77.6560885, 12.9659541 ], [ 77.6560679, 12.965957 ], [ 77.6561137, 12.9662699 ], [ 77.6563494, 12.9662374 ], [ 77.6565661, 12.966207 ], [ 77.6565204, 12.9658941 ] ] ] } },
{ "type": "Feature", "properties": { "name": "Ramaiah Memorial Hospital", "amenity": "hospital", "building": "yes", "healthcare": "hospital", "beds": null, "emergency": "yes" }, "geometry": { "type": "Polygon", "coordinates": [ [ [ 77.5691904, 13.0285524 ], [ 77.5691862, 13.0285247 ], [ 77.5690279, 13.0285579 ], [ 77.5690112, 13.0284521 ], [ 77.5689751, 13.0284598 ], [ 77.5689561, 13.0283663 ], [ 77.568989, 13.0283574 ], [ 77.5689437, 13.0281696 ], [ 77.5691405, 13.0281305 ], [ 77.5691462, 13.0281707 ], [ 77.5692836, 13.0281436 ], [ 77.5692766, 13.0280998 ], [ 77.5700061, 13.0279607 ], [ 77.5703194, 13.0278855 ], [ 77.5704144, 13.0278773 ], [ 77.570419, 13.0279062 ], [ 77.5705707, 13.0278866 ], [ 77.5706063, 13.0280427 ], [ 77.5704832, 13.0280699 ], [ 77.5705159, 13.0282696 ], [ 77.5704324, 13.0282967 ], [ 77.5702697, 13.0283281 ], [ 77.5700885, 13.0283669 ], [ 77.5700861, 13.0283531 ], [ 77.5699441, 13.0283832 ], [ 77.569951, 13.028418 ], [ 77.5698092, 13.0284411 ], [ 77.5698073, 13.028412 ], [ 77.5696556, 13.0284401 ], [ 77.5695595, 13.0284594 ], [ 77.5693828, 13.0284921 ], [ 77.5693768, 13.028512 ], [ 77.5691904, 13.0285524 ] ] ] } },
{ "type": "Feature", "properties": { "name": "Hosmat Hospital", "amenity": "hospital", "building": null, "healthcare": "hospital", "beds": null, "emergency": "yes" }, "geometry": { "type": "Polygon", "coordinates": [ [ [ 77.6135488, 12.9694195 ], [ 77.613469, 12.969416 ], [ 77.6129024, 12.9690222 ], [ 77.612971, 12.9689737 ], [ 77.6133735, 12.968823 ], [ 77.6134645, 12.9687863 ], [ 77.613631, 12.9692291 ], [ 77.6137432, 12.9692022 ], [ 77.6135488, 12.9694195 ] ] ] } },
{ "type": "Feature", "properties": { "name": "Victoria Hospital", "amenity": "hospital", "building": "hospital", "healthcare": "hospital", "beds": null, "emergency": "yes" }, "geometry": { "type": "Polygon", "coordinates": [ [ [ 77.5736931, 12.9637216 ], [ 77.5737248, 12.9637386 ], [ 77.5736696, 12.9638365 ], [ 77.5734212, 12.9637036 ], [ 77.573467, 12.9636224 ], [ 77.5735268, 12.9636543 ], [ 77.5735617, 12.9635923 ], [ 77.5734767, 12.9635468 ], [ 77.5735144, 12.9634798 ], [ 77.5735802, 12.9635149 ], [ 77.5735951, 12.9634884 ], [ 77.573582, 12.9634811 ], [ 77.57357, 12.9634706 ], [ 77.5735624, 12.9634567 ], [ 77.5735601, 12.9634411 ], [ 77.5735635, 12.9634257 ], [ 77.5735675, 12.9634181 ], [ 77.5735785, 12.9634065 ], [ 77.5735928, 12.9633993 ], [ 77.5736089, 12.9633974 ], [ 77.5736268, 12.9634018 ], [ 77.5736406, 12.9634077 ], [ 77.5736603, 12.9633727 ], [ 77.5736104, 12.963346 ], [ 77.5736392, 12.9632948 ], [ 77.5737318, 12.9633443 ], [ 77.573775, 12.9632677 ], [ 77.5736995, 12.9632273 ], [ 77.5737306, 12.9631721 ], [ 77.5737886, 12.9632032 ], [ 77.5738158, 12.9631549 ], [ 77.5739593, 12.9632317 ], [ 77.5739403, 12.9632654 ], [ 77.5739684, 12.9632805 ], [ 77.5739231, 12.9633609 ], [ 77.5738968, 12.9633469 ], [ 77.5738149, 12.9634922 ], [ 77.5738818, 12.963528 ], [ 77.5738279, 12.9636238 ], [ 77.5737667, 12.963591 ], [ 77.5736931, 12.9637216 ] ] ] } },
{ "type": "Feature", "properties": { "name": "Manipal Hospital", "amenity": "hospital", "building": null, "healthcare": "hospital", "beds": null, "emergency": "yes" }, "geometry": { "type": "Polygon", "coordinates": [ [ [ 77.593583, 13.0514034 ], [ 77.5943195, 13.0512768 ], [ 77.5941371, 13.0505027 ], [ 77.5934113, 13.0506624 ], [ 77.593583, 13.0514034 ] ] ] } },
{ "type": "Feature", "properties": { "name": "Dasappa Maternity Hospital", "amenity": "hospital", "building": null, "healthcare": "hospital", "beds": null, "emergency": "yes" }, "geometry": { "type": "Polygon", "coordinates": [ [ [ 77.5842044, 12.9646929 ], [ 77.5842, 12.9645699 ], [ 77.5841174, 12.9645671 ], [ 77.5840472, 12.9639833 ], [ 77.5842459, 12.963954 ], [ 77.5846015, 12.9639533 ], [ 77.5849664, 12.9639525 ], [ 77.585004, 12.9643655 ], [ 77.5849845, 12.9644672 ], [ 77.5849317, 12.9647429 ], [ 77.5842044, 12.9646929 ] ] ] } },
{ "type": "Feature", "properties": { "name": "Isolation Hospital", "amenity": "hospital", "building": null, "healthcare": null, "beds": null, "emergency": "no" }, "geometry": { "type": "Polygon", "coordinates": [ [ [ 77.6427884, 12.986594 ], [ 77.6433883, 12.9865587 ], [ 77.6433274, 12.9853784 ], [ 77.6425415, 12.9850617 ], [ 77.6427884, 12.986594 ] ] ] } },
{ "type": "Feature", "properties": { "name": "Sarvodaya Hospital", "amenity": "hospital", "building": null, "healthcare": null, "beds": null, "emergency": "yes" }, "geometry": { "type": "Polygon", "coordinates": [ [ [ 77.5390417, 12.9808268 ], [ 77.539317, 12.9807207 ], [ 77.5389254, 12.9799069 ], [ 77.5387148, 12.9800265 ], [ 77.5390417, 12.9808268 ] ] ] } },
{ "type": "Feature", "properties": { "name": "Dasarahalli Referral Hospital", "amenity": "hospital", "building": null, "healthcare": null, "beds": null, "emergency": null }, "geometry": { "type": "Polygon", "coordinates": [ [ [ 77.5425472, 12.9777715 ], [ 77.5430998, 12.9776656 ], [ 77.5430381, 12.9772225 ], [ 77.5432125, 12.9771899 ], [ 77.543187, 12.9769482 ], [ 77.5424279, 12.9770135 ], [ 77.5425472, 12.9777715 ] ] ] } },
{ "type": "Feature", "properties": { "name": "Nethra Eye Hospital", "amenity": "hospital", "building": "yes", "healthcare": null, "beds": null, "emergency": null }, "geometry": { "type": "Polygon", "coordinates": [ [ [ 77.5767989, 13.0273025 ], [ 77.5767971, 13.0271791 ], [ 77.5767945, 13.0269999 ], [ 77.5769255, 13.026998 ], [ 77.57693, 13.0273007 ], [ 77.5767989, 13.0273025 ] ] ] } },
{ "type": "Feature", "properties": { "name": "Kidwai Memorial Institute of Oncology", "amenity": "hospital", "building": null, "healthcare": "hospital", "beds": null, "emergency": "yes" }, "geometry": { "type": "Polygon", "coordinates": [ [ [ 77.5996754, 12.9373526 ], [ 77.5995082, 12.9366861 ], [ 77.5992302, 12.9361642 ], [ 77.5990886, 12.9355169 ], [ 77.5988815, 12.9345698 ], [ 77.5982068, 12.9347346 ], [ 77.5968001, 12.9350783 ], [ 77.5966023, 12.9351044 ], [ 77.5973517, 12.9378533 ], [ 77.5983603, 12.9384644 ], [ 77.5983896, 12.9384822 ], [ 77.5989042, 12.9378865 ], [ 77.5989421, 12.9377453 ], [ 77.5996754, 12.9373526 ] ] ] } },
{ "type": "Feature", "properties": { "name": "P.D. Hinduja Sindhi Hospital", "amenity": "hospital", "building": null, "healthcare": null, "beds": null, "emergency": "yes" }, "geometry": { "type": "Polygon", "coordinates": [ [ [ 77.5925254, 12.9645015 ], [ 77.5928269, 12.9644934 ], [ 77.5928236, 12.9643799 ], [ 77.5925222, 12.964388 ], [ 77.5925254, 12.9645015 ] ] ] } },
{ "type": "Feature", "properties": { "name": "Nmpc Hospital", "amenity": "hospital", "building": "yes", "healthcare": null, "beds": null, "emergency": "yes" }, "geometry": { "type": "Polygon", "coordinates": [ [ [ 77.6580052, 13.0224904 ], [ 77.6581236, 13.0224263 ], [ 77.658075, 13.0223411 ], [ 77.6579566, 13.0224052 ], [ 77.6580052, 13.0224904 ] ] ] } },
{ "type": "Feature", "properties": { "name": "Shri Krishna Sevashrama Hospital", "amenity": "hospital", "building": "yes", "healthcare": "hospital", "beds": null, "emergency": null }, "geometry": { "type": "Polygon", "coordinates": [ [ [ 77.5849295, 12.9174445 ], [ 77.5852815, 12.9174365 ], [ 77.5852762, 12.9172158 ], [ 77.5849242, 12.9172238 ], [ 77.5849295, 12.9174445 ] ] ] } },
{ "type": "Feature", "properties": { "name": "Lions Seva Hospital", "amenity": "hospital", "building": "yes", "healthcare": "hospital", "beds": null, "emergency": null }, "geometry": { "type": "Polygon", "coordinates": [ [ [ 77.7053665, 12.955587 ], [ 77.7052718, 12.9555863 ], [ 77.7052731, 12.9554164 ], [ 77.7053677, 12.9554171 ], [ 77.7053665, 12.955587 ] ] ] } },
{ "type": "Feature", "properties": { "name": "Sreerampura Referal Hospital", "amenity": "hospital", "building": null, "healthcare": "hospital", "beds": null, "emergency": null }, "geometry": { "type": "Polygon", "coordinates": [ [ [ 77.5647289, 12.9905166 ], [ 77.5647436, 12.99098 ], [ 77.5650875, 12.9909697 ], [ 77.5650728, 12.9905063 ], [ 77.5649713, 12.9905093 ], [ 77.5647289, 12.9905166 ] ] ] } },
{ "type": "Feature", "properties": { "name": "HAL Hospital", "amenity": "hospital", "building": null, "healthcare": null, "beds": null, "emergency": "yes" }, "geometry": { "type": "Polygon", "coordinates": [ [ [ 77.6657975, 12.9610773 ], [ 77.6662637, 12.9608637 ], [ 77.6665641, 12.960801 ], [ 77.6669509, 12.9607845 ], [ 77.6673634, 12.9608219 ], [ 77.6676965, 12.9608786 ], [ 77.6681225, 12.9610153 ], [ 77.6682539, 12.9617263 ], [ 77.6672454, 12.9625209 ], [ 77.6655829, 12.96378 ], [ 77.6653415, 12.9639525 ], [ 77.6647822, 12.9632004 ], [ 77.664553, 12.9630324 ], [ 77.665157, 12.9620988 ], [ 77.6652831, 12.9619103 ], [ 77.6651962, 12.9617786 ], [ 77.665341, 12.9615851 ], [ 77.6657975, 12.9610773 ] ] ] } },
{ "type": "Feature", "properties": { "name": "Pro MED Hospital", "amenity": "hospital", "building": "hospital", "healthcare": null, "beds": null, "emergency": null }, "geometry": { "type": "Polygon", "coordinates": [ [ [ 77.5639296, 12.9293654 ], [ 77.5640447, 12.9293415 ], [ 77.5640805, 12.9295056 ], [ 77.5639654, 12.9295294 ], [ 77.5639296, 12.9293654 ] ] ] } },
{ "type": "Feature", "properties": { "name": "Apollo Speciality Hospital", "amenity": "hospital", "building": "yes", "healthcare": "hospital", "beds": null, "emergency": null }, "geometry": { "type": "Polygon", "coordinates": [ [ [ 77.5841169, 12.9364893 ], [ 77.5841113, 12.9362565 ], [ 77.584516, 12.9362473 ], [ 77.5845216, 12.93648 ], [ 77.5841169, 12.9364893 ] ] ] } },
{ "type": "Feature", "properties": { "name": "Sevakshetra Hospital, Bengaluru Urban", "amenity": "hospital", "building": null, "healthcare": "hospital", "beds": null, "emergency": "yes" }, "geometry": { "type": "Polygon", "coordinates": [ [ [ 77.5719475, 12.9218676 ], [ 77.5724495, 12.9217499 ], [ 77.5723822, 12.921477 ], [ 77.5718802, 12.9215947 ], [ 77.5719475, 12.9218676 ] ] ] } },
{ "type": "Feature", "properties": { "name": "Netradhama Hospital", "amenity": "hospital", "building": null, "healthcare": null, "beds": null, "emergency": "yes" }, "geometry": { "type": "Polygon", "coordinates": [ [ [ 77.5772433, 12.9253799 ], [ 77.5775707, 12.9253774 ], [ 77.5775695, 12.925225 ], [ 77.5772421, 12.9252275 ], [ 77.5772433, 12.9253799 ] ] ] } },
{ "type": "Feature", "properties": { "name": "Subbaiah Hospital", "amenity": "hospital", "building": null, "healthcare": null, "beds": null, "emergency": "yes" }, "geometry": { "type": "Polygon", "coordinates": [ [ [ 77.5607936, 13.0302545 ], [ 77.5606943, 13.0303059 ], [ 77.5606143, 13.0301591 ], [ 77.5607136, 13.0301078 ], [ 77.5607936, 13.0302545 ] ] ] } },
{ "type": "Feature", "properties": { "name": "Fortis Hospitals Limited, Bengaluru Urban", "amenity": "hospital", "building": null, "healthcare": "hospital", "beds": null, "emergency": "yes" }, "geometry": { "type": "Polygon", "coordinates": [ [ [ 77.5949331, 12.9887431 ], [ 77.5947264, 12.9889265 ], [ 77.5941546, 12.988252 ], [ 77.5941759, 12.988225 ], [ 77.594289, 12.9880817 ], [ 77.5943063, 12.9880598 ], [ 77.5945864, 12.9883723 ], [ 77.5945907, 12.9883688 ], [ 77.5946788, 12.9884672 ], [ 77.5946741, 12.988471 ], [ 77.5948153, 12.988631 ], [ 77.5948203, 12.9886266 ], [ 77.5949119, 12.9887296 ], [ 77.5949291, 12.9887147 ], [ 77.5949463, 12.9887325 ], [ 77.5949331, 12.9887431 ] ] ] } },
{ "type": "Feature", "properties": { "name": "ESI Hospital", "amenity": "hospital", "building": null, "healthcare": null, "beds": null, "emergency": null }, "geometry": { "type": "Polygon", "coordinates": [ [ [ 77.6522219, 12.9951694 ], [ 77.6522412, 12.9953497 ], [ 77.6526538, 12.9953243 ], [ 77.6526374, 12.9951421 ], [ 77.6522219, 12.9951694 ] ] ] } },
{ "type": "Feature", "properties": { "name": "Milann Fertility Center", "amenity": "hospital", "building": "yes", "healthcare": "hospital", "beds": null, "emergency": null }, "geometry": { "type": "Polygon", "coordinates": [ [ [ 77.6380101, 12.9788544 ], [ 77.6381593, 12.9788549 ], [ 77.6381597, 12.9787483 ], [ 77.6380105, 12.9787478 ], [ 77.6380101, 12.9788544 ] ] ] } },
{ "type": "Feature", "properties": { "name": "Sanjeevani Hospital", "amenity": "hospital", "building": "yes", "healthcare": "hospital", "beds": null, "emergency": null }, "geometry": { "type": "Polygon", "coordinates": [ [ [ 77.5437623, 13.0116947 ], [ 77.543884, 13.0118449 ], [ 77.5439493, 13.0117815 ], [ 77.5439225, 13.0117236 ], [ 77.5439502, 13.0117024 ], [ 77.5439284, 13.0116773 ], [ 77.5439838, 13.0116195 ], [ 77.5439225, 13.0115386 ], [ 77.5437623, 13.0116947 ] ] ] } },
{ "type": "Feature", "properties": { "name": "Dr. Agarwal's Eye Hospital", "amenity": "hospital", "building": "yes", "healthcare": "hospital", "beds": null, "emergency": null }, "geometry": { "type": "Polygon", "coordinates": [ [ [ 77.6003885, 12.9102308 ], [ 77.6003653, 12.9104202 ], [ 77.6005695, 12.9104439 ], [ 77.6005926, 12.9102545 ], [ 77.6003885, 12.9102308 ] ] ] } },
{ "type": "Feature", "properties": { "name": "Sanjay Gandhi Accident and Trauma Hospital", "amenity": "hospital", "building": null, "healthcare": "hospital", "beds": null, "emergency": "yes" }, "geometry": { "type": "Polygon", "coordinates": [ [ [ 77.5932473, 12.9349533 ], [ 77.5940938, 12.9349386 ], [ 77.5944231, 12.9361689 ], [ 77.5940101, 12.9362768 ], [ 77.5937713, 12.9363392 ], [ 77.5936678, 12.936183 ], [ 77.5929949, 12.9362011 ], [ 77.5927708, 12.9362071 ], [ 77.5927708, 12.936087 ], [ 77.5927659, 12.9359789 ], [ 77.5933598, 12.9359477 ], [ 77.5933622, 12.9357868 ], [ 77.5934435, 12.935758 ], [ 77.5932473, 12.9349533 ] ] ] } },
{ "type": "Feature", "properties": { "name": "Sanjay Gandhi Accident and Trauma Hospital", "amenity": "hospital", "building": "yes", "healthcare": "hospital", "beds": null, "emergency": "yes" }, "geometry": { "type": "Polygon", "coordinates": [ [ [ 77.5936333, 12.935489 ], [ 77.5936727, 12.9360894 ], [ 77.5942533, 12.9360532 ], [ 77.5942138, 12.9354528 ], [ 77.5936333, 12.935489 ] ] ] } },
{ "type": "Feature", "properties": { "name": "Greenview Hospital", "amenity": "hospital", "building": null, "healthcare": "hospital", "beds": null, "emergency": null }, "geometry": { "type": "Polygon", "coordinates": [ [ [ 77.6380084, 12.9193427 ], [ 77.6382471, 12.9193342 ], [ 77.6382363, 12.9190429 ], [ 77.6379975, 12.9190513 ], [ 77.6380084, 12.9193427 ] ] ] } },
{ "type": "Feature", "properties": { "name": "Leprosy Hospital", "amenity": "hospital", "building": null, "healthcare": "hospital", "beds": null, "emergency": null }, "geometry": { "type": "Polygon", "coordinates": [ [ [ 77.5650884, 12.975074 ], [ 77.5648704, 12.9743718 ], [ 77.5647794, 12.9736183 ], [ 77.5638984, 12.9734141 ], [ 77.5631586, 12.9733045 ], [ 77.5630258, 12.9747892 ], [ 77.5629561, 12.9754479 ], [ 77.5642512, 12.9755907 ], [ 77.5643777, 12.9756047 ], [ 77.5648577, 12.9754308 ], [ 77.5650884, 12.975074 ] ] ] } },
{ "type": "Feature", "properties": { "name": "Nandi Clinic", "amenity": "clinic", "building": "clinic", "healthcare": null, "beds": null, "emergency": null }, "geometry": { "type": "Polygon", "coordinates": [ [ [ 77.501338, 13.0345655 ], [ 77.5015293, 13.0345362 ], [ 77.5015091, 13.0344108 ], [ 77.5013178, 13.0344401 ], [ 77.501338, 13.0345655 ] ] ] } },
{ "type": "Feature", "properties": { "name": "Ravi Kirloskar Memorial Hospital", "amenity": "hospital", "building": "hospital", "healthcare": "hospital", "beds": null, "emergency": "yes" }, "geometry": { "type": "Polygon", "coordinates": [ [ [ 77.5276267, 13.0384418 ], [ 77.5273397, 13.0385872 ], [ 77.527358, 13.0386215 ], [ 77.5275031, 13.0388933 ], [ 77.5276472, 13.0388203 ], [ 77.5275069, 13.0385573 ], [ 77.5276465, 13.0384866 ], [ 77.5277282, 13.0386396 ], [ 77.5278845, 13.0385605 ], [ 77.5278102, 13.0384211 ], [ 77.5282644, 13.038191 ], [ 77.5281848, 13.0380418 ], [ 77.5275774, 13.0383495 ], [ 77.5276267, 13.0384418 ] ] ] } },
{ "type": "Feature", "properties": { "name": "Dr. Agarwal Eye Hospital", "amenity": "hospital", "building": "hospital", "healthcare": null, "beds": null, "emergency": null }, "geometry": { "type": "Polygon", "coordinates": [ [ [ 77.5806555, 13.0943898 ], [ 77.580818, 13.0943019 ], [ 77.580793, 13.094258 ], [ 77.5807347, 13.0942896 ], [ 77.5807063, 13.0942398 ], [ 77.5806021, 13.0942961 ], [ 77.5806555, 13.0943898 ] ] ] } },
{ "type": "Feature", "properties": { "name": "Annasawmy Mudaliar General Hospital", "amenity": "hospital", "building": "yes", "healthcare": null, "beds": null, "emergency": null }, "geometry": { "type": "Polygon", "coordinates": [ [ [ 77.6143285, 12.9998648 ], [ 77.6143583, 13.000129 ], [ 77.6146687, 13.0000958 ], [ 77.614639, 12.9998316 ], [ 77.6143285, 12.9998648 ] ] ] } },
{ "type": "Feature", "properties": { "name": "Arth Ayurveda World", "amenity": "hospital", "building": "yes", "healthcare": "alternative", "beds": null, "emergency": null }, "geometry": { "type": "Polygon", "coordinates": [ [ [ 77.6457104, 12.9686181 ], [ 77.6458324, 12.9686223 ], [ 77.6458392, 12.9684384 ], [ 77.6457171, 12.9684341 ], [ 77.6457104, 12.9686181 ] ] ] } },
{ "type": "Feature", "properties": { "name": "Neha Prakash Hospital, Bengaluru Urban", "amenity": "hospital", "building": "hospital", "healthcare": null, "beds": null, "emergency": null }, "geometry": { "type": "Polygon", "coordinates": [ [ [ 77.5716606, 13.1078583 ], [ 77.5718146, 13.1078492 ], [ 77.5717993, 13.1076045 ], [ 77.5716453, 13.1076135 ], [ 77.5716606, 13.1078583 ] ] ] } },
{ "type": "Feature", "properties": { "name": "Sri Lakshmi Venkateshwara Hospital", "amenity": "hospital", "building": "yes", "healthcare": "hospital", "beds": null, "emergency": null }, "geometry": { "type": "Polygon", "coordinates": [ [ [ 77.5773962, 13.1056818 ], [ 77.577329, 13.1055233 ], [ 77.5772033, 13.1055739 ], [ 77.5772704, 13.1057324 ], [ 77.5773962, 13.1056818 ] ] ] } },
{ "type": "Feature", "properties": { "name": "Prolife Hospital", "amenity": "hospital", "building": "hospital", "healthcare": "hospital", "beds": null, "emergency": null }, "geometry": { "type": "Polygon", "coordinates": [ [ [ 77.5935784, 13.065233 ], [ 77.5936504, 13.0652334 ], [ 77.5936535, 13.0651824 ], [ 77.5936879, 13.0651839 ], [ 77.5936901, 13.0651451 ], [ 77.5936628, 13.0651442 ], [ 77.5936686, 13.0649374 ], [ 77.5935834, 13.0649347 ], [ 77.5935786, 13.0650851 ], [ 77.5935938, 13.0650847 ], [ 77.5935923, 13.0651399 ], [ 77.5935799, 13.0651401 ], [ 77.5935784, 13.065233 ] ] ] } },
{ "type": "Feature", "properties": { "name": "Cutis", "amenity": "clinic", "building": "yes", "healthcare": "Skin Care", "beds": null, "emergency": null }, "geometry": { "type": "Polygon", "coordinates": [ [ [ 77.5448329, 12.9769779 ], [ 77.5450059, 12.9769605 ], [ 77.544979, 12.9767069 ], [ 77.544806, 12.9767244 ], [ 77.5448329, 12.9769779 ] ] ] } },
{ "type": "Feature", "properties": { "name": "Metphi Clinic", "amenity": "clinic", "building": "commercial", "healthcare": "clinic", "beds": null, "emergency": null }, "geometry": { "type": "Polygon", "coordinates": [ [ [ 77.638322, 12.9701305 ], [ 77.6382087, 12.9701238 ], [ 77.6382005, 12.970255 ], [ 77.6381719, 12.9702533 ], [ 77.6381682, 12.9703121 ], [ 77.6382022, 12.9703141 ], [ 77.6382037, 12.9702913 ], [ 77.6383115, 12.9702978 ], [ 77.638322, 12.9701305 ] ] ] } },
{ "type": "Feature", "properties": { "name": "Amrik Hospital", "amenity": "hospital", "building": "yes", "healthcare": "hospital", "beds": null, "emergency": "no" }, "geometry": { "type": "Polygon", "coordinates": [ [ [ 77.7477389, 12.9830027 ], [ 77.7479356, 12.9829375 ], [ 77.7478862, 12.982796 ], [ 77.7476895, 12.9828611 ], [ 77.7477389, 12.9830027 ] ] ] } },
{ "type": "Feature", "properties": { "name": "Facelit Skin Hair & Wellness", "amenity": "clinic", "building": "aesthetic_clinic", "healthcare": "clinic", "beds": null, "emergency": null }, "geometry": { "type": "Polygon", "coordinates": [ [ [ 77.6369682, 13.0237527 ], [ 77.6370706, 13.0237445 ], [ 77.6370611, 13.0236323 ], [ 77.6369587, 13.0236405 ], [ 77.6369682, 13.0237527 ] ] ] } },
{ "type": "Feature", "properties": { "name": "Shree Srinivasa Uro Care", "amenity": "clinic", "building": "yes", "healthcare": "hospital", "beds": null, "emergency": null }, "geometry": { "type": "Polygon", "coordinates": [ [ [ 77.6469429, 12.9759977 ], [ 77.6471466, 12.9760022 ], [ 77.6471497, 12.9758686 ], [ 77.646946, 12.9758641 ], [ 77.6469429, 12.9759977 ] ] ] } },
{ "type": "Feature", "properties": { "name": "Indicus", "amenity": "hospital", "building": null, "healthcare": "hospital", "beds": null, "emergency": null }, "geometry": { "type": "Polygon", "coordinates": [ [ [ 77.6464084, 13.014689 ], [ 77.6465243, 13.0146737 ], [ 77.6465043, 13.0145298 ], [ 77.6463883, 13.0145451 ], [ 77.6464084, 13.014689 ] ] ] } },
{ "type": "Feature", "properties": { "name": "Shyamala Hospital", "amenity": "hospital", "building": null, "healthcare": "hospital", "beds": null, "emergency": "no" }, "geometry": { "type": "Polygon", "coordinates": [ [ [ 77.6273949, 12.9714615 ], [ 77.6275007, 12.9715295 ], [ 77.6275932, 12.9713928 ], [ 77.6274874, 12.9713248 ], [ 77.6273949, 12.9714615 ] ] ] } },
{ "type": "Feature", "properties": { "name": "Ways2Guide Speech Therapy Center", "amenity": "hospital", "building": null, "healthcare": "hospital", "beds": null, "emergency": null }, "geometry": { "type": "Polygon", "coordinates": [ [ [ 77.7125706, 12.9600078 ], [ 77.7126768, 12.9600206 ], [ 77.7126902, 12.9599161 ], [ 77.7125839, 12.9599032 ], [ 77.7125706, 12.9600078 ] ] ] } },
{ "type": "Feature", "properties": { "name": "Government Primary Health Centre", "amenity": "hospital", "building": "yes", "healthcare": "hospital", "beds": null, "emergency": null }, "geometry": { "type": "Polygon", "coordinates": [ [ [ 77.6937069, 12.9718552 ], [ 77.6938453, 12.9718549 ], [ 77.6938451, 12.9717686 ], [ 77.6937066, 12.9717689 ], [ 77.6937069, 12.9718552 ] ] ] } },
{ "type": "Feature", "properties": { "name": "Kinder Women's Hospital & Fertility Center", "amenity": "hospital", "building": null, "healthcare": "hospital", "beds": null, "emergency": "yes" }, "geometry": { "type": "Polygon", "coordinates": [ [ [ 77.7067542, 12.9922729 ], [ 77.7068337, 12.9919833 ], [ 77.7062076, 12.9918301 ], [ 77.7061156, 12.9921149 ], [ 77.7065535, 12.9922212 ], [ 77.7067542, 12.9922729 ] ] ] } },
{ "type": "Feature", "properties": { "name": "Medicare Diagnostics", "amenity": "hospital", "building": null, "healthcare": "hospital", "beds": null, "emergency": null }, "geometry": { "type": "Polygon", "coordinates": [ [ [ 77.5586356, 13.0285299 ], [ 77.5586578, 13.0285824 ], [ 77.5588245, 13.0285156 ], [ 77.5588023, 13.0284631 ], [ 77.5586356, 13.0285299 ] ] ] } },
{ "type": "Feature", "properties": { "name": "Abhaya Hospital", "amenity": "hospital", "building": null, "healthcare": "hospital", "beds": null, "emergency": null }, "geometry": { "type": "Polygon", "coordinates": [ [ [ 77.5947615, 12.9464982 ], [ 77.5949644, 12.9463304 ], [ 77.5947942, 12.9460733 ], [ 77.59459, 12.9461821 ], [ 77.5947615, 12.9464982 ] ] ] } },
{ "type": "Feature", "properties": { "name": "Tirumalai Eye Clinic", "amenity": "hospital", "building": "hospital", "healthcare": "hospital", "beds": null, "emergency": null }, "geometry": { "type": "Polygon", "coordinates": [ [ [ 77.5838108, 12.9195042 ], [ 77.5839777, 12.9195031 ], [ 77.583977, 12.919403 ], [ 77.5838101, 12.9194041 ], [ 77.5838108, 12.9195042 ] ] ] } },
{ "type": "Feature", "properties": { "name": "Kairali Ayurvedic and Treatment Center", "amenity": "clinic", "building": "yes", "healthcare": "clinic", "beds": null, "emergency": null }, "geometry": { "type": "Polygon", "coordinates": [ [ [ 77.641461, 12.9822499 ], [ 77.6415525, 12.9822306 ], [ 77.641528, 12.9821201 ], [ 77.6414365, 12.9821394 ], [ 77.641461, 12.9822499 ] ] ] } },
{ "type": "Feature", "properties": { "name": "MS Diabetes Speciality Center", "amenity": "hospital", "building": "yes", "healthcare": "hospital", "beds": null, "emergency": null }, "geometry": { "type": "Polygon", "coordinates": [ [ [ 77.6459589, 12.9807729 ], [ 77.6460518, 12.9807786 ], [ 77.6460631, 12.9806472 ], [ 77.6459745, 12.9806426 ], [ 77.6459589, 12.9807729 ] ] ] } },
{ "type": "Feature", "properties": { "name": "Shashank Clinic", "amenity": "hospital", "building": null, "healthcare": "hospital", "beds": null, "emergency": null }, "geometry": { "type": "Polygon", "coordinates": [ [ [ 77.5807661, 12.926569 ], [ 77.5809123, 12.926569 ], [ 77.5809123, 12.9264501 ], [ 77.5807661, 12.9264501 ], [ 77.5807661, 12.926569 ] ] ] } },
{ "type": "Feature", "properties": { "name": "BBMP Maternity Hospital", "amenity": "hospital", "building": null, "healthcare": "hospital", "beds": null, "emergency": null }, "geometry": { "type": "Polygon", "coordinates": [ [ [ 77.5969499, 12.9496643 ], [ 77.5973258, 12.9493431 ], [ 77.5967521, 12.9487133 ], [ 77.596567, 12.9489145 ], [ 77.5963038, 12.9493482 ], [ 77.5969499, 12.9496643 ] ] ] } },
{ "type": "Feature", "properties": { "name": "Ramakrishna Clinic", "amenity": "hospital", "building": "yes", "healthcare": "hospital", "beds": null, "emergency": "no" }, "geometry": { "type": "Polygon", "coordinates": [ [ [ 77.5744059, 12.978747 ], [ 77.5745031, 12.9787577 ], [ 77.5745168, 12.978641 ], [ 77.5744195, 12.9786302 ], [ 77.5744059, 12.978747 ] ] ] } },
{ "type": "Feature", "properties": { "name": "ESI Hospital", "amenity": "hospital", "building": "yes", "healthcare": null, "beds": null, "emergency": null }, "geometry": { "type": "Polygon", "coordinates": [ [ [ 77.5893415, 12.9280807 ], [ 77.5894688, 12.9280823 ], [ 77.5894712, 12.927909 ], [ 77.5893439, 12.9279073 ], [ 77.5893415, 12.9280807 ] ] ] } },
{ "type": "Feature", "properties": { "name": "SPARRC Institute", "amenity": "clinic", "building": "yes", "healthcare": null, "beds": null, "emergency": null }, "geometry": { "type": "Polygon", "coordinates": [ [ [ 77.6397418, 12.9682547 ], [ 77.6398142, 12.9684057 ], [ 77.6399063, 12.9683638 ], [ 77.6398339, 12.9682128 ], [ 77.6397418, 12.9682547 ] ] ] } },
{ "type": "Feature", "properties": { "name": null, "amenity": "hospital", "building": null, "healthcare": "hospital", "beds": null, "emergency": null }, "geometry": { "type": "Polygon", "coordinates": [ [ [ 77.6288015, 12.9347551 ], [ 77.6288679, 12.9346749 ], [ 77.6287616, 12.9345912 ], [ 77.6286952, 12.9346713 ], [ 77.6288015, 12.9347551 ] ] ] } },
{ "type": "Feature", "properties": { "name": "Proteeth Dental", "amenity": "hospital", "building": null, "healthcare": "hospital", "beds": null, "emergency": null }, "geometry": { "type": "Polygon", "coordinates": [ [ [ 77.6284811, 12.934677 ], [ 77.6285213, 12.9346178 ], [ 77.6284534, 12.9345739 ], [ 77.6284131, 12.934633 ], [ 77.6284811, 12.934677 ] ] ] } },
{ "type": "Feature", "properties": { "name": "Dental Clinic", "amenity": "clinic", "building": "yes", "healthcare": null, "beds": null, "emergency": null }, "geometry": { "type": "Polygon", "coordinates": [ [ [ 77.5898846, 12.9344123 ], [ 77.5900435, 12.9344016 ], [ 77.5900374, 12.9343151 ], [ 77.5898784, 12.9343257 ], [ 77.5898846, 12.9344123 ] ] ] } },
{ "type": "Feature", "properties": { "name": null, "amenity": "clinic", "building": "yes", "healthcare": "clinic", "beds": null, "emergency": null }, "geometry": { "type": "Polygon", "coordinates": [ [ [ 77.6215185, 13.0024169 ], [ 77.6216707, 13.0023442 ], [ 77.6216031, 13.0022098 ], [ 77.6214509, 13.0022825 ], [ 77.6215185, 13.0024169 ] ] ] } },
{ "type": "Feature", "properties": { "name": "Apollo Hospital", "amenity": "hospital", "building": "commercial", "healthcare": null, "beds": null, "emergency": null }, "geometry": { "type": "Polygon", "coordinates": [ [ [ 77.5724041, 12.9884441 ], [ 77.5724766, 12.9884399 ], [ 77.5724773, 12.9884507 ], [ 77.5726774, 12.9884392 ], [ 77.5726759, 12.9884137 ], [ 77.5730017, 12.9883951 ], [ 77.5729959, 12.9882981 ], [ 77.572853, 12.9883063 ], [ 77.5727421, 12.9882462 ], [ 77.5726635, 12.9882507 ], [ 77.5726625, 12.9882331 ], [ 77.5724573, 12.9882448 ], [ 77.5724584, 12.9882641 ], [ 77.5723935, 12.9882678 ], [ 77.5724041, 12.9884441 ] ] ] } },
{ "type": "Feature", "properties": { "name": "Supra Hospital", "amenity": "hospital", "building": "hospital", "healthcare": "hospital", "beds": null, "emergency": null }, "geometry": { "type": "Polygon", "coordinates": [ [ [ 77.5385401, 12.9927873 ], [ 77.5385824, 12.9929001 ], [ 77.5387508, 12.9928401 ], [ 77.5387084, 12.9927273 ], [ 77.5385401, 12.9927873 ] ] ] } },
{ "type": "Feature", "properties": { "name": "GM Hospital", "amenity": "hospital", "building": "yes", "healthcare": "hospital", "beds": null, "emergency": "yes" }, "geometry": { "type": "Polygon", "coordinates": [ [ [ 77.5385897, 12.9929167 ], [ 77.5386336, 12.9930336 ], [ 77.5387957, 12.9929758 ], [ 77.5387518, 12.9928589 ], [ 77.5385897, 12.9929167 ] ] ] } },
{ "type": "Feature", "properties": { "name": "Amruth Ayurvedic Center", "amenity": "clinic", "building": "yes", "healthcare": "clinic", "beds": null, "emergency": null }, "geometry": { "type": "Polygon", "coordinates": [ [ [ 77.5710403, 12.9480986 ], [ 77.5710478, 12.9477579 ], [ 77.5708454, 12.9477536 ], [ 77.5708378, 12.9480943 ], [ 77.5710403, 12.9480986 ] ] ] } },
{ "type": "Feature", "properties": { "name": "Sakhi Hospital (A Unit Of Prasad Healthcare Services)", "amenity": "hospital", "building": "yes", "healthcare": "hospital", "beds": null, "emergency": null }, "geometry": { "type": "Polygon", "coordinates": [ [ [ 77.6031297, 12.9053654 ], [ 77.6032604, 12.9053647 ], [ 77.6032595, 12.9051841 ], [ 77.6031287, 12.9051848 ], [ 77.6031297, 12.9053654 ] ] ] } },
{ "type": "Feature", "properties": { "name": "Prashanth Hospitals", "amenity": "hospital", "building": "yes", "healthcare": null, "beds": null, "emergency": null }, "geometry": { "type": "Polygon", "coordinates": [ [ [ 77.5512468, 12.9391198 ], [ 77.5512164, 12.9391903 ], [ 77.5513785, 12.9392567 ], [ 77.5514089, 12.9391862 ], [ 77.5512468, 12.9391198 ] ] ] } },
{ "type": "Feature", "properties": { "name": "Vagus Super Speciality Hospital", "amenity": "hospital", "building": "hospital", "healthcare": "hospital", "beds": null, "emergency": null }, "geometry": { "type": "Polygon", "coordinates": [ [ [ 77.5682529, 13.0085588 ], [ 77.5685935, 13.0085522 ], [ 77.5685903, 13.0083958 ], [ 77.5682498, 13.0084024 ], [ 77.5682529, 13.0085588 ] ] ] } },
{ "type": "Feature", "properties": { "name": "Janya Fertility", "amenity": "clinic", "building": "yes", "healthcare": "clinic", "beds": null, "emergency": null }, "geometry": { "type": "Polygon", "coordinates": [ [ [ 77.6515794, 12.9176261 ], [ 77.6515805, 12.917525 ], [ 77.6514361, 12.9175235 ], [ 77.651435, 12.9176246 ], [ 77.6515794, 12.9176261 ] ] ] } },
{ "type": "Feature", "properties": { "name": "Ovum Hospitals", "amenity": "hospital", "building": null, "healthcare": null, "beds": null, "emergency": null }, "geometry": { "type": "Polygon", "coordinates": [ [ [ 77.6431868, 13.0171877 ], [ 77.6432248, 13.0171877 ], [ 77.6434021, 13.0171847 ], [ 77.6434018, 13.017072 ], [ 77.6431868, 13.0170766 ], [ 77.6431868, 13.0171877 ] ] ] } },
{ "type": "Feature", "properties": { "name": null, "amenity": "hospital", "building": "yes", "healthcare": null, "beds": null, "emergency": null }, "geometry": { "type": "Polygon", "coordinates": [ [ [ 77.5908673, 13.0550816 ], [ 77.5912021, 13.0550286 ], [ 77.5911464, 13.0546947 ], [ 77.5912092, 13.0546848 ], [ 77.591199, 13.0546233 ], [ 77.5912854, 13.0546096 ], [ 77.5912782, 13.054567 ], [ 77.5914389, 13.0545416 ], [ 77.5914526, 13.0546237 ], [ 77.591681, 13.0545876 ], [ 77.5917502, 13.0550028 ], [ 77.592265, 13.0549213 ], [ 77.5922521, 13.054844 ], [ 77.5921559, 13.0548592 ], [ 77.5919066, 13.054661 ], [ 77.5919938, 13.0546532 ], [ 77.5919053, 13.0542005 ], [ 77.5918608, 13.0541456 ], [ 77.5917891, 13.0541407 ], [ 77.5917967, 13.054239 ], [ 77.5916858, 13.0541995 ], [ 77.5913406, 13.0542541 ], [ 77.5913337, 13.0542127 ], [ 77.5907381, 13.054307 ], [ 77.5908673, 13.0550816 ] ] ] } },
{ "type": "Feature", "properties": { "name": "Deepak Hospital", "amenity": "hospital", "building": "yes", "healthcare": null, "beds": null, "emergency": null }, "geometry": { "type": "Polygon", "coordinates": [ [ [ 77.5772519, 12.9263221 ], [ 77.577773, 12.9263134 ], [ 77.5777697, 12.9261251 ], [ 77.5772486, 12.9261338 ], [ 77.5772519, 12.9263221 ] ] ] } },
{ "type": "Feature", "properties": { "name": "ChanRe Rheumatology And Immunology Center And Research", "amenity": "hospital", "building": null, "healthcare": "hospital", "beds": null, "emergency": null }, "geometry": { "type": "Polygon", "coordinates": [ [ [ 77.5353788, 12.9956509 ], [ 77.5354901, 12.995634 ], [ 77.535466, 12.9954824 ], [ 77.5353546, 12.9954992 ], [ 77.5353788, 12.9956509 ] ] ] } },
{ "type": "Feature", "properties": { "name": "Gopala Eye Care Centre", "amenity": "hospital", "building": "yes", "healthcare": null, "beds": null, "emergency": null }, "geometry": { "type": "Polygon", "coordinates": [ [ [ 77.5342914, 12.9884273 ], [ 77.5343943, 12.9883934 ], [ 77.5343608, 12.9882971 ], [ 77.534258, 12.988331 ], [ 77.5342914, 12.9884273 ] ] ] } },
{ "type": "Feature", "properties": { "name": "Manipal Hospitals", "amenity": "hospital", "building": null, "healthcare": "hospital", "beds": null, "emergency": "yes" }, "geometry": { "type": "Polygon", "coordinates": [ [ [ 77.7455235, 12.9587561 ], [ 77.745787, 12.958628 ], [ 77.7460617, 12.9584996 ], [ 77.745993, 12.9583494 ], [ 77.7458218, 12.9579754 ], [ 77.7457957, 12.9579184 ], [ 77.7448289, 12.9580124 ], [ 77.7448829, 12.9585113 ], [ 77.7452043, 12.9587116 ], [ 77.7455235, 12.9587561 ] ] ] } },
{ "type": "Feature", "properties": { "name": "Jeevika Hospital", "amenity": "hospital", "building": "yes", "healthcare": null, "beds": null, "emergency": "yes" }, "geometry": { "type": "Polygon", "coordinates": [ [ [ 77.7026868, 12.9659818 ], [ 77.7025173, 12.9657924 ], [ 77.7024194, 12.9658755 ], [ 77.7025354, 12.9660052 ], [ 77.7026392, 12.9660223 ], [ 77.7026868, 12.9659818 ] ] ] } },
{ "type": "Feature", "properties": { "name": "Sharada Medicals", "amenity": "hospital", "building": null, "healthcare": "hospital", "beds": null, "emergency": null }, "geometry": { "type": "Polygon", "coordinates": [ [ [ 77.6466592, 13.0153101 ], [ 77.646767, 13.015304 ], [ 77.6467618, 13.0152169 ], [ 77.646654, 13.0152231 ], [ 77.6466592, 13.0153101 ] ] ] } },
{ "type": "Feature", "properties": { "name": "Halasuru Referal Hospital", "amenity": "hospital", "building": null, "healthcare": "hospital", "beds": null, "emergency": null }, "geometry": { "type": "Polygon", "coordinates": [ [ [ 77.6262396, 12.9737623 ], [ 77.6262778, 12.9736924 ], [ 77.6265439, 12.9732733 ], [ 77.6271149, 12.973608 ], [ 77.6268338, 12.9741106 ], [ 77.6266357, 12.973992 ], [ 77.6262396, 12.9737623 ] ] ] } },
{ "type": "Feature", "properties": { "name": "Manipal Hospital", "amenity": "hospital", "building": null, "healthcare": "hospital", "beds": null, "emergency": null }, "geometry": { "type": "Polygon", "coordinates": [ [ [ 77.5920009, 12.9885534 ], [ 77.5925371, 12.9881065 ], [ 77.5923413, 12.9878634 ], [ 77.5917773, 12.9883192 ], [ 77.5920009, 12.9885534 ] ] ] } },
{ "type": "Feature", "properties": { "name": "BBMP Primary Health Center", "amenity": "hospital", "building": null, "healthcare": null, "beds": null, "emergency": null }, "geometry": { "type": "Polygon", "coordinates": [ [ [ 77.6464111, 12.9593123 ], [ 77.6465953, 12.9592285 ], [ 77.6464842, 12.9589964 ], [ 77.6463, 12.9590802 ], [ 77.6464111, 12.9593123 ] ] ] } },
{ "type": "Feature", "properties": { "name": "The Fracture and Orthopaedic Clinic", "amenity": "hospital", "building": null, "healthcare": null, "beds": null, "emergency": null }, "geometry": { "type": "Polygon", "coordinates": [ [ [ 77.5633515, 13.0082293 ], [ 77.5633492, 13.0081174 ], [ 77.5635795, 13.008116 ], [ 77.563504, 13.0082315 ], [ 77.5633515, 13.0082293 ] ] ] } },
{ "type": "Feature", "properties": { "name": "CSI Hospital", "amenity": "hospital", "building": null, "healthcare": "hospital", "beds": null, "emergency": null }, "geometry": { "type": "Polygon", "coordinates": [ [ [ 77.60031, 12.991437 ], [ 77.6006119, 12.990971 ], [ 77.6008526, 12.9906768 ], [ 77.6009547, 12.9906494 ], [ 77.6019441, 12.9906194 ], [ 77.6019512, 12.9912446 ], [ 77.6019527, 12.9917597 ], [ 77.6015374, 12.9918111 ], [ 77.6010779, 12.9918951 ], [ 77.600918, 12.9919243 ], [ 77.6006729, 12.9919906 ], [ 77.60031, 12.991437 ] ] ] } },
{ "type": "Feature", "properties": { "name": "Government Hospital", "amenity": "hospital", "building": null, "healthcare": null, "beds": null, "emergency": null }, "geometry": { "type": "Polygon", "coordinates": [ [ [ 77.6200427, 12.9490317 ], [ 77.6199783, 12.9489193 ], [ 77.6198067, 12.9490186 ], [ 77.6198715, 12.9491266 ], [ 77.6200427, 12.9490317 ] ] ] } },
{ "type": "Feature", "properties": { "name": "Sagar Hospitals", "amenity": "hospital", "building": null, "healthcare": "hospital", "beds": null, "emergency": "yes" }, "geometry": { "type": "Polygon", "coordinates": [ [ [ 77.6003019, 12.9282513 ], [ 77.6003663, 12.9282225 ], [ 77.6003872, 12.9276735 ], [ 77.60038, 12.9275145 ], [ 77.5993228, 12.9275602 ], [ 77.5993229, 12.9282826 ], [ 77.6003019, 12.9282513 ] ] ] } },
{ "type": "Feature", "properties": { "name": "Sagar Hospital", "amenity": "hospital", "building": "hospital", "healthcare": null, "beds": null, "emergency": null }, "geometry": { "type": "Polygon", "coordinates": [ [ [ 77.5652441, 12.9082504 ], [ 77.5652093, 12.9079654 ], [ 77.5652227, 12.9077406 ], [ 77.5653004, 12.9075079 ], [ 77.565228, 12.9074713 ], [ 77.5651851, 12.9074635 ], [ 77.5651261, 12.9074791 ], [ 77.5650456, 12.9078033 ], [ 77.5650242, 12.9079837 ], [ 77.5650698, 12.9082321 ], [ 77.56511, 12.9082556 ], [ 77.5651798, 12.9082713 ], [ 77.5652441, 12.9082504 ] ] ] } },
{ "type": "Feature", "properties": { "name": "Command Hospital (Air Force)", "amenity": "hospital", "building": null, "healthcare": "hospital", "beds": null, "emergency": null }, "geometry": { "type": "Polygon", "coordinates": [ [ [ 77.6278454, 12.9647624 ], [ 77.6277723, 12.964756 ], [ 77.627325, 12.964838 ], [ 77.6270105, 12.9649451 ], [ 77.6268329, 12.9650305 ], [ 77.6260765, 12.9655634 ], [ 77.6255534, 12.965868 ], [ 77.62541, 12.9658709 ], [ 77.6253665, 12.9658007 ], [ 77.6259714, 12.9646062 ], [ 77.6261951, 12.9641859 ], [ 77.6264367, 12.9637015 ], [ 77.6265687, 12.963519 ], [ 77.6272478, 12.9631109 ], [ 77.6281957, 12.9625664 ], [ 77.6283411, 12.9624762 ], [ 77.6286905, 12.9623543 ], [ 77.629201, 12.9622635 ], [ 77.6293828, 12.9622144 ], [ 77.6304214, 12.9618829 ], [ 77.6305036, 12.9621188 ], [ 77.6304964, 12.9621933 ], [ 77.630285, 12.9622848 ], [ 77.6301624, 12.9626054 ], [ 77.628492, 12.9645027 ], [ 77.6281922, 12.9646692 ], [ 77.6278454, 12.9647624 ] ] ] } },
{ "type": "Feature", "properties": { "name": "Yelahanka Government Hospital", "amenity": "hospital", "building": null, "healthcare": "hospital", "beds": null, "emergency": null }, "geometry": { "type": "Polygon", "coordinates": [ [ [ 77.596113, 13.1000088 ], [ 77.5958636, 13.0993739 ], [ 77.596437, 13.0991343 ], [ 77.5967218, 13.0995076 ], [ 77.596113, 13.1000088 ] ] ] } },
{ "type": "Feature", "properties": { "name": "St. Philomena's Hospital", "amenity": "hospital", "building": null, "healthcare": null, "beds": null, "emergency": null }, "geometry": { "type": "Polygon", "coordinates": [ [ [ 77.6104432, 12.9648041 ], [ 77.6106524, 12.9651399 ], [ 77.6106902, 12.9652005 ], [ 77.6102878, 12.9654566 ], [ 77.6104055, 12.9656244 ], [ 77.6104893, 12.9657438 ], [ 77.610607, 12.9659115 ], [ 77.6113286, 12.9654425 ], [ 77.6118998, 12.9651012 ], [ 77.6116436, 12.9647747 ], [ 77.6116122, 12.9647346 ], [ 77.6120826, 12.9643729 ], [ 77.6120086, 12.9643229 ], [ 77.6119414, 12.9641864 ], [ 77.6119414, 12.9640021 ], [ 77.6117534, 12.9640428 ], [ 77.611311, 12.9641616 ], [ 77.6112816, 12.964049 ], [ 77.6106258, 12.9642281 ], [ 77.6102945, 12.9646699 ], [ 77.6104432, 12.9648041 ] ] ] } },
{ "type": "Feature", "properties": { "name": "Government Maternity Hospital", "amenity": "hospital", "building": "yes", "healthcare": "hospital", "beds": null, "emergency": null }, "geometry": { "type": "Polygon", "coordinates": [ [ [ 77.5695964, 12.9374959 ], [ 77.5694845, 12.9376934 ], [ 77.5699754, 12.9379575 ], [ 77.5700872, 12.93776 ], [ 77.5695964, 12.9374959 ] ] ] } },
{ "type": "Feature", "properties": { "name": "Indira Gandhi Institute Of Child Health", "amenity": "clinic", "building": null, "healthcare": "clinic", "beds": null, "emergency": null }, "geometry": { "type": "Polygon", "coordinates": [ [ [ 77.5919793, 12.936814 ], [ 77.5920619, 12.9366958 ], [ 77.5919598, 12.936628 ], [ 77.5916226, 12.9371105 ], [ 77.5916635, 12.9371377 ], [ 77.5914157, 12.9374924 ], [ 77.5916852, 12.9376713 ], [ 77.5918645, 12.9374147 ], [ 77.5922572, 12.9376754 ], [ 77.5924005, 12.9374703 ], [ 77.5922837, 12.9373928 ], [ 77.5924055, 12.9372185 ], [ 77.5920969, 12.9370136 ], [ 77.5921549, 12.9369306 ], [ 77.5919793, 12.936814 ] ] ] } },
{ "type": "Feature", "properties": { "name": "HCG Cancer Hospital", "amenity": "hospital", "building": null, "healthcare": null, "beds": null, "emergency": null }, "geometry": { "type": "Polygon", "coordinates": [ [ [ 77.5896245, 12.9645264 ], [ 77.5900071, 12.9644784 ], [ 77.5898514, 12.9638243 ], [ 77.5898252, 12.9638262 ], [ 77.5897012, 12.9631597 ], [ 77.5896489, 12.963021 ], [ 77.5893521, 12.9633509 ], [ 77.5896245, 12.9645264 ] ] ] } },
{ "type": "Feature", "properties": { "name": "Al-Ameen Hospital", "amenity": "hospital", "building": null, "healthcare": null, "beds": null, "emergency": null }, "geometry": { "type": "Polygon", "coordinates": [ [ [ 77.5946566, 12.9899223 ], [ 77.5943446, 12.9903301 ], [ 77.5938637, 12.9898005 ], [ 77.5942259, 12.9894437 ], [ 77.594369, 12.9895972 ], [ 77.5946566, 12.9899223 ] ] ] } },
{ "type": "Feature", "properties": { "name": "St. Theresa's Hospital", "amenity": "hospital", "building": null, "healthcare": "hospital", "beds": null, "emergency": null }, "geometry": { "type": "Polygon", "coordinates": [ [ [ 77.5542457, 13.0073485 ], [ 77.5537683, 13.0073476 ], [ 77.553767, 13.0078782 ], [ 77.5536997, 13.0078784 ], [ 77.5536993, 13.0082479 ], [ 77.5522093, 13.0075958 ], [ 77.552047, 13.0070307 ], [ 77.5517618, 13.0062583 ], [ 77.551624, 13.0058201 ], [ 77.5518302, 13.0057269 ], [ 77.5518793, 13.0057054 ], [ 77.5524929, 13.0054254 ], [ 77.5527906, 13.0052529 ], [ 77.5531299, 13.005837 ], [ 77.5531943, 13.0061323 ], [ 77.5532703, 13.0061165 ], [ 77.5535075, 13.006067 ], [ 77.553492, 13.0059605 ], [ 77.554048, 13.0058786 ], [ 77.5541096, 13.0061199 ], [ 77.5541897, 13.0064214 ], [ 77.5542378, 13.0066206 ], [ 77.5542539, 13.0068862 ], [ 77.5542484, 13.0071966 ], [ 77.5542457, 13.0073485 ] ] ] } },
{ "type": "Feature", "properties": { "name": "Shirdi Sai Hospital", "amenity": "hospital", "building": null, "healthcare": null, "beds": null, "emergency": "yes" }, "geometry": { "type": "Polygon", "coordinates": [ [ [ 77.6393713, 13.0669233 ], [ 77.639487, 13.0669011 ], [ 77.6394615, 13.0667751 ], [ 77.6393458, 13.0667973 ], [ 77.6393713, 13.0669233 ] ] ] } },
{ "type": "Feature", "properties": { "name": "Life Hospital", "amenity": "hospital", "building": "yes", "healthcare": "hospital", "beds": null, "emergency": null }, "geometry": { "type": "Polygon", "coordinates": [ [ [ 77.6469603, 12.9756772 ], [ 77.647158, 12.9756839 ], [ 77.6471625, 12.9755582 ], [ 77.6469648, 12.9755515 ], [ 77.6469603, 12.9756772 ] ] ] } },
{ "type": "Feature", "properties": { "name": "South City Hospital", "amenity": "hospital", "building": "yes", "healthcare": "hospital", "beds": null, "emergency": null }, "geometry": { "type": "Polygon", "coordinates": [ [ [ 77.5802149, 12.9497089 ], [ 77.5804029, 12.949704 ], [ 77.5803999, 12.9495944 ], [ 77.5802119, 12.9495993 ], [ 77.5802149, 12.9497089 ] ] ] } },
{ "type": "Feature", "properties": { "name": "Manipal Hospitals Whitefield", "amenity": "hospital", "building": null, "healthcare": "hospital", "beds": null, "emergency": "yes" }, "geometry": { "type": "Polygon", "coordinates": [ [ [ 77.729248, 12.9879849 ], [ 77.7284196, 12.9874446 ], [ 77.7280347, 12.9879531 ], [ 77.7281352, 12.9886978 ], [ 77.7287428, 12.9885719 ], [ 77.72873, 12.9884903 ], [ 77.728951, 12.9884445 ], [ 77.729248, 12.9879849 ] ] ] } },
{ "type": "Feature", "properties": { "name": "Homeocure Clinic", "amenity": "clinic", "building": "yes", "healthcare": "clinic", "beds": null, "emergency": null }, "geometry": { "type": "Polygon", "coordinates": [ [ [ 77.6685283, 12.9196091 ], [ 77.6686174, 12.9195847 ], [ 77.6685884, 12.9194843 ], [ 77.6684756, 12.9195152 ], [ 77.6685016, 12.9196052 ], [ 77.6685215, 12.9195997 ], [ 77.6685283, 12.9196091 ] ] ] } },
{ "type": "Feature", "properties": { "name": "Motherhood", "amenity": "hospital", "building": null, "healthcare": "hospital", "beds": null, "emergency": null }, "geometry": { "type": "Polygon", "coordinates": [ [ [ 77.6722846, 12.9181937 ], [ 77.6724716, 12.9181002 ], [ 77.6722259, 12.9176332 ], [ 77.6720389, 12.9177267 ], [ 77.6722846, 12.9181937 ] ] ] } },
{ "type": "Feature", "properties": { "name": "Manipal Hospitals", "amenity": "hospital", "building": null, "healthcare": "hospital", "beds": null, "emergency": "yes" }, "geometry": { "type": "Polygon", "coordinates": [ [ [ 77.665088, 12.920362 ], [ 77.6649185, 12.9196968 ], [ 77.6654218, 12.919575 ], [ 77.6655913, 12.9202127 ], [ 77.665534, 12.9202322 ], [ 77.6651395, 12.9203478 ], [ 77.665088, 12.920362 ] ] ] } },
{ "type": "Feature", "properties": { "name": "touchwood", "amenity": "hospital", "building": null, "healthcare": "hospital", "beds": null, "emergency": null }, "geometry": { "type": "Polygon", "coordinates": [ [ [ 77.6510534, 12.9060582 ], [ 77.6512042, 12.9060412 ], [ 77.6511923, 12.9059408 ], [ 77.6510415, 12.9059578 ], [ 77.6510534, 12.9060582 ] ] ] } },
{ "type": "Feature", "properties": { "name": "Suvarnamukhi", "amenity": "hospital", "building": null, "healthcare": "hospital", "beds": null, "emergency": "yes" }, "geometry": { "type": "Polygon", "coordinates": [ [ [ 77.6794486, 12.9138425 ], [ 77.6798147, 12.9137262 ], [ 77.6797302, 12.9133171 ], [ 77.6797141, 12.9132765 ], [ 77.6792957, 12.9133733 ], [ 77.6794486, 12.9138425 ] ] ] } },
{ "type": "Feature", "properties": { "name": "Sakra World", "amenity": "hospital", "building": null, "healthcare": "hospital", "beds": null, "emergency": "yes" }, "geometry": { "type": "Polygon", "coordinates": [ [ [ 77.6847259, 12.9326863 ], [ 77.6859257, 12.9325891 ], [ 77.6858251, 12.9317501 ], [ 77.6851639, 12.9318559 ], [ 77.684731, 12.9318533 ], [ 77.6847259, 12.9326863 ] ] ] } },
{ "type": "Feature", "properties": { "name": "Rainbow Children's Hospital", "amenity": "hospital", "building": null, "healthcare": "hospital", "beds": null, "emergency": "yes" }, "geometry": { "type": "Polygon", "coordinates": [ [ [ 77.6975146, 12.9754139 ], [ 77.6975872, 12.9755052 ], [ 77.6976703, 12.9757656 ], [ 77.6981534, 12.9756673 ], [ 77.698003, 12.97485 ], [ 77.6978685, 12.9748629 ], [ 77.6975146, 12.9754139 ] ] ] } },
{ "type": "Feature", "properties": { "name": "Agadi Hospital", "amenity": "hospital", "building": "hospital", "healthcare": "hospital", "beds": null, "emergency": null }, "geometry": { "type": "Polygon", "coordinates": [ [ [ 77.5976958, 12.9493031 ], [ 77.5977682, 12.9492425 ], [ 77.5978183, 12.9492994 ], [ 77.5979323, 12.9492041 ], [ 77.5978413, 12.9491008 ], [ 77.597655, 12.9492568 ], [ 77.5976958, 12.9493031 ] ] ] } },
{ "type": "Feature", "properties": { "name": "Janani Clinic", "amenity": "clinic", "building": null, "healthcare": "doctor", "beds": null, "emergency": null }, "geometry": { "type": "Polygon", "coordinates": [ [ [ 77.579968, 12.9059078 ], [ 77.5800681, 12.9059059 ], [ 77.5800672, 12.9058694 ], [ 77.5799671, 12.9058717 ], [ 77.579968, 12.9059078 ] ] ] } },
{ "type": "Feature", "properties": { "name": "Svastha Hospital", "amenity": "hospital", "building": "yes", "healthcare": "hospital", "beds": null, "emergency": "yes" }, "geometry": { "type": "Polygon", "coordinates": [ [ [ 77.7495473, 12.9659431 ], [ 77.7492693, 12.9660232 ], [ 77.7492247, 12.9658762 ], [ 77.7492888, 12.9658577 ], [ 77.7492931, 12.9658722 ], [ 77.7495071, 12.9658106 ], [ 77.7495473, 12.9659431 ] ] ] } },
{ "type": "Feature", "properties": { "name": "Sparsh Hospital", "amenity": "hospital", "building": null, "healthcare": null, "beds": null, "emergency": null }, "geometry": { "type": "Polygon", "coordinates": [ [ [ 77.5425773, 13.0276535 ], [ 77.5431326, 13.0273318 ], [ 77.5434075, 13.0278734 ], [ 77.5429966, 13.0281077 ], [ 77.542883, 13.02817 ], [ 77.5425773, 13.0276535 ] ] ] } },
{ "type": "Feature", "properties": { "name": "Narayana Multispeciality Clinic", "amenity": "clinic", "building": null, "healthcare": null, "beds": null, "emergency": null }, "geometry": { "type": "Polygon", "coordinates": [ [ [ 77.6859771, 12.9103446 ], [ 77.68605, 12.910321 ], [ 77.6861059, 12.910485 ], [ 77.686033, 12.9105086 ], [ 77.6859771, 12.9103446 ] ] ] } },
{ "type": "Feature", "properties": { "name": null, "amenity": "hospital", "building": null, "healthcare": "hospital", "beds": null, "emergency": null }, "geometry": { "type": "Polygon", "coordinates": [ [ [ 77.6336107, 12.8981781 ], [ 77.6339791, 12.8982668 ], [ 77.6340422, 12.8980181 ], [ 77.6336737, 12.8979294 ], [ 77.6336107, 12.8981781 ] ] ] } },
{ "type": "Feature", "properties": { "name": "BMS Hospital", "amenity": "hospital", "building": null, "healthcare": null, "beds": null, "emergency": null }, "geometry": { "type": "Polygon", "coordinates": [ [ [ 77.5678462, 12.9406537 ], [ 77.5673336, 12.940641 ], [ 77.5673389, 12.9415246 ], [ 77.5670895, 12.9417076 ], [ 77.567355, 12.9420317 ], [ 77.5673974, 12.941992 ], [ 77.5676447, 12.9417609 ], [ 77.5678464, 12.9416008 ], [ 77.5678339, 12.9414736 ], [ 77.5678462, 12.9406537 ] ] ] } },
{ "type": "Feature", "properties": { "name": "Halasuru BBMP Primary Health Centre", "amenity": "clinic", "building": null, "healthcare": null, "beds": null, "emergency": null }, "geometry": { "type": "Polygon", "coordinates": [ [ [ 77.6268867, 12.9791044 ], [ 77.6268169, 12.9788195 ], [ 77.6266614, 12.9788247 ], [ 77.6265219, 12.9788352 ], [ 77.6266104, 12.9791828 ], [ 77.6268867, 12.9791044 ] ] ] } },
{ "type": "Feature", "properties": { "name": "Medical Centre", "amenity": "hospital", "building": null, "healthcare": "hospital", "beds": null, "emergency": null }, "geometry": { "type": "Polygon", "coordinates": [ [ [ 77.5004222, 12.9246977 ], [ 77.500545, 12.924584 ], [ 77.5006593, 12.9244782 ], [ 77.5008256, 12.9246489 ], [ 77.5007308, 12.9247366 ], [ 77.5006643, 12.9246684 ], [ 77.500522, 12.9248001 ], [ 77.5004222, 12.9246977 ] ] ] } },
{ "type": "Feature", "properties": { "name": "M C Modi Eye Hospital", "amenity": "hospital", "building": null, "healthcare": "hospital", "beds": null, "emergency": null }, "geometry": { "type": "Polygon", "coordinates": [ [ [ 77.5454543, 12.9983899 ], [ 77.5456096, 12.9975999 ], [ 77.546189, 12.9975687 ], [ 77.5462056, 12.9980298 ], [ 77.5463388, 12.9980263 ], [ 77.5463413, 12.9980688 ], [ 77.5463468, 12.998445 ], [ 77.5458615, 12.9984165 ], [ 77.5454543, 12.9983899 ] ] ] } },
{ "type": "Feature", "properties": { "name": "Pushpa Nursing Home", "amenity": "hospital", "building": null, "healthcare": "hospital", "beds": null, "emergency": null }, "geometry": { "type": "Polygon", "coordinates": [ [ [ 77.7496642, 12.9687827 ], [ 77.7496936, 12.9689609 ], [ 77.7493261, 12.9690182 ], [ 77.7492967, 12.9688401 ], [ 77.7494073, 12.9688228 ], [ 77.7496642, 12.9687827 ] ] ] } },
{ "type": "Feature", "properties": { "name": null, "amenity": "hospital", "building": null, "healthcare": "hospital", "beds": null, "emergency": null }, "geometry": { "type": "Polygon", "coordinates": [ [ [ 77.5416911, 13.0178339 ], [ 77.5416428, 13.0177215 ], [ 77.5417153, 13.0177006 ], [ 77.5417689, 13.0178156 ], [ 77.5416911, 13.0178339 ] ] ] } },
{ "type": "Feature", "properties": { "name": "Nrr Hospital", "amenity": "hospital", "building": null, "healthcare": "hospital", "beds": null, "emergency": null }, "geometry": { "type": "Polygon", "coordinates": [ [ [ 77.5032965, 13.0727251 ], [ 77.5038082, 13.0727811 ], [ 77.5038785, 13.0722993 ], [ 77.5034994, 13.0722674 ], [ 77.5032965, 13.0727251 ] ] ] } },
{ "type": "Feature", "properties": { "name": "Arunodaya Hospitals", "amenity": "hospital", "building": "commercial", "healthcare": null, "beds": null, "emergency": null }, "geometry": { "type": "Polygon", "coordinates": [ [ [ 77.5086082, 13.0571444 ], [ 77.5084004, 13.0571535 ], [ 77.508399, 13.0569784 ], [ 77.508623, 13.056985 ], [ 77.5086082, 13.0571444 ] ] ] } },
{ "type": "Feature", "properties": { "name": "Dr Ramachandra Hospital", "amenity": "hospital", "building": "commercial", "healthcare": null, "beds": null, "emergency": null }, "geometry": { "type": "Polygon", "coordinates": [ [ [ 77.5079625, 13.0483861 ], [ 77.5080788, 13.0483561 ], [ 77.5080757, 13.0483283 ], [ 77.5081096, 13.0483201 ], [ 77.5080911, 13.0483103 ], [ 77.5080942, 13.0482976 ], [ 77.5081081, 13.0482998 ], [ 77.5081034, 13.0482811 ], [ 77.5080564, 13.0482893 ], [ 77.5080503, 13.0482518 ], [ 77.508011, 13.0482751 ], [ 77.5079925, 13.0482713 ], [ 77.5079856, 13.0482608 ], [ 77.5079648, 13.0482585 ], [ 77.5079625, 13.0483861 ] ] ] } },
{ "type": "Feature", "properties": { "name": "Shushrusha Hospital", "amenity": null, "building": null, "healthcare": "hospital", "beds": null, "emergency": null }, "geometry": { "type": "LineString", "coordinates": [ [ 77.5978939, 13.0997079 ], [ 77.5979773, 13.0996813 ], [ 77.5980425, 13.0996605 ], [ 77.5980687, 13.0996522 ], [ 77.5982813, 13.0995844 ], [ 77.5983252, 13.099715 ], [ 77.5979377, 13.0998385 ], [ 77.5978939, 13.0997079 ] ] } },
{ "type": "Feature", "properties": { "name": "Government Hospital", "amenity": "hospital", "building": null, "healthcare": "hospital", "beds": null, "emergency": null }, "geometry": { "type": "Polygon", "coordinates": [ [ [ 77.5969099, 13.0990243 ], [ 77.5970187, 13.0992387 ], [ 77.5968756, 13.0993447 ], [ 77.5967124, 13.0990763 ], [ 77.5969099, 13.0990243 ] ] ] } },
{ "type": "Feature", "properties": { "name": "Deeksha Hospital", "amenity": "hospital", "building": null, "healthcare": "hospital", "beds": null, "emergency": null }, "geometry": { "type": "Polygon", "coordinates": [ [ [ 77.5969292, 13.0981599 ], [ 77.5971325, 13.0981441 ], [ 77.597165, 13.0983124 ], [ 77.5969496, 13.0983361 ], [ 77.5969292, 13.0981599 ] ] ] } },
{ "type": "Feature", "properties": { "name": "Ashwini Hospital", "amenity": null, "building": null, "healthcare": "hospital", "beds": null, "emergency": null }, "geometry": { "type": "LineString", "coordinates": [ [ 77.5978366, 13.0988457 ], [ 77.5978526, 13.0989674 ], [ 77.5979612, 13.0989416 ], [ 77.5979468, 13.0987899 ], [ 77.5978366, 13.0988457 ] ] } },
{ "type": "Feature", "properties": { "name": "Puneeth Rajkumar Multispeciality Hospital", "amenity": "hospital", "building": null, "healthcare": null, "beds": null, "emergency": null }, "geometry": { "type": "Polygon", "coordinates": [ [ [ 77.523348, 12.9415717 ], [ 77.5230597, 12.9411586 ], [ 77.5227942, 12.9408227 ], [ 77.5219293, 12.9412769 ], [ 77.5220207, 12.9413723 ], [ 77.522475, 12.9418461 ], [ 77.5225983, 12.9420357 ], [ 77.523348, 12.9415717 ] ] ] } },
{ "type": "Feature", "properties": { "name": "CRPF Hospital", "amenity": "hospital", "building": null, "healthcare": null, "beds": null, "emergency": null }, "geometry": { "type": "Polygon", "coordinates": [ [ [ 77.5759822, 13.1248061 ], [ 77.5761846, 13.1244278 ], [ 77.5768435, 13.1247623 ], [ 77.5766411, 13.1251406 ], [ 77.5759822, 13.1248061 ] ] ] } },
{ "type": "Feature", "properties": { "name": "HOSMAT Hospital, Kalyan Nagar", "amenity": "hospital", "building": "hospital", "healthcare": "hospital", "beds": null, "emergency": null }, "geometry": { "type": "Polygon", "coordinates": [ [ [ 77.6327015, 13.0286212 ], [ 77.6325478, 13.0286825 ], [ 77.6324109, 13.0283567 ], [ 77.6325646, 13.0282954 ], [ 77.6327015, 13.0286212 ] ] ] } },
{ "type": "Feature", "properties": { "name": "Navachethana Hospital", "amenity": "hospital", "building": "hospital", "healthcare": null, "beds": null, "emergency": null }, "geometry": { "type": "Polygon", "coordinates": [ [ [ 77.5837412, 13.1038205 ], [ 77.5840143, 13.1035651 ], [ 77.5838561, 13.1034046 ], [ 77.583583, 13.10366 ], [ 77.5837412, 13.1038205 ] ] ] } },
{ "type": "Feature", "properties": { "name": "Natus Woman and Children Hospital", "amenity": "hospital", "building": null, "healthcare": null, "beds": null, "emergency": null }, "geometry": { "type": "Polygon", "coordinates": [ [ [ 77.5255233, 12.9426291 ], [ 77.5254013, 12.9426696 ], [ 77.5254495, 12.9428107 ], [ 77.5256266, 12.9427937 ], [ 77.5255233, 12.9426291 ] ] ] } },
{ "type": "Feature", "properties": { "name": "Jindal Naturecure Institute hospital", "amenity": "hospital", "building": null, "healthcare": null, "beds": null, "emergency": null }, "geometry": { "type": "Polygon", "coordinates": [ [ [ 77.4822429, 13.0538314 ], [ 77.4864301, 13.0523682 ], [ 77.4861753, 13.0513936 ], [ 77.4856603, 13.0514458 ], [ 77.4856496, 13.0510931 ], [ 77.4850085, 13.0510304 ], [ 77.4850032, 13.0506019 ], [ 77.4849442, 13.0503641 ], [ 77.4857408, 13.0501185 ], [ 77.4852365, 13.0476649 ], [ 77.4848194, 13.0477867 ], [ 77.4825704, 13.0484436 ], [ 77.4807817, 13.0485317 ], [ 77.4806507, 13.0485382 ], [ 77.4804445, 13.0487739 ], [ 77.4801629, 13.0489207 ], [ 77.4801352, 13.0489941 ], [ 77.4801946, 13.0491447 ], [ 77.4803652, 13.0499019 ], [ 77.4805357, 13.0501897 ], [ 77.4808153, 13.0504698 ], [ 77.4810809, 13.0506745 ], [ 77.4817967, 13.0509874 ], [ 77.4819078, 13.0515553 ], [ 77.4818602, 13.051621 ], [ 77.4818721, 13.0516983 ], [ 77.4819276, 13.0517601 ], [ 77.4819514, 13.0525906 ], [ 77.4819059, 13.0526539 ], [ 77.4822429, 13.0538314 ] ] ] } },
{ "type": "Feature", "properties": { "name": "ITI General Hospital", "amenity": "hospital", "building": null, "healthcare": null, "beds": null, "emergency": null }, "geometry": { "type": "Polygon", "coordinates": [ [ [ 77.6815939, 13.0049601 ], [ 77.682416, 13.0054446 ], [ 77.6831194, 13.0043115 ], [ 77.6822973, 13.0038271 ], [ 77.6815939, 13.0049601 ] ] ] } },
{ "type": "Feature", "properties": { "name": "JC Nagar Municipal Hospital", "amenity": "hospital", "building": null, "healthcare": null, "beds": null, "emergency": null }, "geometry": { "type": "Polygon", "coordinates": [ [ [ 77.5945352, 13.0095859 ], [ 77.5935437, 13.0098978 ], [ 77.5935768, 13.0099493 ], [ 77.5940703, 13.0102759 ], [ 77.5947007, 13.0100512 ], [ 77.5945352, 13.0095859 ] ] ] } },
{ "type": "Feature", "properties": { "name": "Government Homeopathic Hospital", "amenity": "hospital", "building": null, "healthcare": "hospital", "beds": null, "emergency": null }, "geometry": { "type": "Polygon", "coordinates": [ [ [ 77.5369361, 12.9834169 ], [ 77.537095, 12.9829636 ], [ 77.5371808, 12.9826903 ], [ 77.5371675, 12.9825603 ], [ 77.5363407, 12.9828027 ], [ 77.5363675, 12.982889 ], [ 77.5358551, 12.9830406 ], [ 77.5359946, 12.9835489 ], [ 77.5363889, 12.9834966 ], [ 77.5364761, 12.9834875 ], [ 77.5369361, 12.9834169 ] ] ] } },
{ "type": "Feature", "properties": { "name": "Dr. P.R. Desai Hospital Pvt Ltd", "amenity": "hospital", "building": null, "healthcare": null, "beds": null, "emergency": null }, "geometry": { "type": "Polygon", "coordinates": [ [ [ 77.5791557, 12.9866991 ], [ 77.5795658, 12.9863918 ], [ 77.5792829, 12.9860175 ], [ 77.5788564, 12.9863154 ], [ 77.5791557, 12.9866991 ] ] ] } },
{ "type": "Feature", "properties": { "name": "Manipal Hospital Yeshwantpur", "amenity": "hospital", "building": null, "healthcare": null, "beds": null, "emergency": "yes" }, "geometry": { "type": "Polygon", "coordinates": [ [ [ 77.5556607, 13.0138207 ], [ 77.556496, 13.013826 ], [ 77.5564812, 13.0146362 ], [ 77.5563618, 13.0147677 ], [ 77.5563553, 13.0145788 ], [ 77.5557049, 13.0145736 ], [ 77.5556655, 13.0145733 ], [ 77.5556633, 13.0142308 ], [ 77.555662, 13.0140314 ], [ 77.5556607, 13.0138207 ] ] ] } },
{ "type": "Feature", "properties": { "name": "Shifa Hospital, Bengaluru Urban", "amenity": "hospital", "building": null, "healthcare": null, "beds": null, "emergency": null }, "geometry": { "type": "Polygon", "coordinates": [ [ [ 77.5991001, 12.9896448 ], [ 77.5993397, 12.9902995 ], [ 77.5990625, 12.9903642 ], [ 77.5990326, 12.9902785 ], [ 77.5987889, 12.9903488 ], [ 77.5986505, 12.9900245 ], [ 77.5985954, 12.9898133 ], [ 77.5991001, 12.9896448 ] ] ] } },
{ "type": "Feature", "properties": { "name": "Diacon Hospital", "amenity": "hospital", "building": null, "healthcare": "hospital", "beds": null, "emergency": null }, "geometry": { "type": "Polygon", "coordinates": [ [ [ 77.5496602, 13.0038682 ], [ 77.5496998, 13.0035917 ], [ 77.5500007, 13.0036303 ], [ 77.5499484, 13.003897 ], [ 77.5496602, 13.0038682 ] ] ] } },
{ "type": "Feature", "properties": { "name": "Fortis Hospital", "amenity": "hospital", "building": null, "healthcare": "hospital", "beds": null, "emergency": "yes" }, "geometry": { "type": "Polygon", "coordinates": [ [ [ 77.5492168, 13.0023382 ], [ 77.5492586, 13.0021052 ], [ 77.5489828, 13.0020643 ], [ 77.5489437, 13.0023092 ], [ 77.5492168, 13.0023382 ] ] ] } },
{ "type": "Feature", "properties": { "name": "Aster CMI Hospital", "amenity": "hospital", "building": null, "healthcare": null, "beds": null, "emergency": null }, "geometry": { "type": "Polygon", "coordinates": [ [ [ 77.5908995, 13.0552189 ], [ 77.5907276, 13.0552242 ], [ 77.5905717, 13.054479 ], [ 77.5905622, 13.0541567 ], [ 77.5925893, 13.0538393 ], [ 77.5926656, 13.054313 ], [ 77.592718, 13.0546388 ], [ 77.5931793, 13.0546728 ], [ 77.5931672, 13.0548361 ], [ 77.5920718, 13.0550268 ], [ 77.5915325, 13.0551418 ], [ 77.5914077, 13.0551287 ], [ 77.5908995, 13.0552189 ] ] ] } },
{ "type": "Feature", "properties": { "name": "Rainbow Children's Hospital", "amenity": "hospital", "building": null, "healthcare": null, "beds": null, "emergency": null }, "geometry": { "type": "Polygon", "coordinates": [ [ [ 77.5935435, 13.0657246 ], [ 77.5939209, 13.0657388 ], [ 77.5939331, 13.0654309 ], [ 77.5939091, 13.065412 ], [ 77.5935611, 13.0653906 ], [ 77.5935435, 13.0657246 ] ] ] } },
{ "type": "Feature", "properties": { "name": "Kanva Diagnostics", "amenity": "clinic", "building": null, "healthcare": null, "beds": null, "emergency": null }, "geometry": { "type": "Polygon", "coordinates": [ [ [ 77.5092621, 12.9734237 ], [ 77.5088947, 12.9735878 ], [ 77.5090401, 12.9738336 ], [ 77.5094128, 12.973659 ], [ 77.5092621, 12.9734237 ] ] ] } },
{ "type": "Feature", "properties": { "name": "Austin Town Maternity Home", "amenity": "clinic", "building": null, "healthcare": null, "beds": null, "emergency": null }, "geometry": { "type": "Polygon", "coordinates": [ [ [ 77.6154431, 12.9603691 ], [ 77.6154772, 12.9609363 ], [ 77.614995, 12.9609638 ], [ 77.6149609, 12.9603966 ], [ 77.6154431, 12.9603691 ] ] ] } },
{ "type": "Feature", "properties": { "name": "Vikram Aura Hospitals", "amenity": "hospital", "building": null, "healthcare": null, "beds": null, "emergency": null }, "geometry": { "type": "Polygon", "coordinates": [ [ [ 77.6096172, 12.9660554 ], [ 77.609397, 12.9658799 ], [ 77.6098562, 12.9652597 ], [ 77.6099251, 12.9653725 ], [ 77.6100467, 12.9655515 ], [ 77.6098143, 12.9658242 ], [ 77.6096172, 12.9660554 ] ] ] } },
{ "type": "Feature", "properties": { "name": "Cloudnine", "amenity": "hospital", "building": null, "healthcare": "hospital", "beds": null, "emergency": null }, "geometry": { "type": "Polygon", "coordinates": [ [ [ 77.6723232, 12.9246383 ], [ 77.6722551, 12.9242012 ], [ 77.672739, 12.924427 ], [ 77.6726953, 12.9245522 ], [ 77.6723232, 12.9246383 ] ] ] } },
{ "type": "Feature", "properties": { "name": "BN Specialty Hospital", "amenity": "hospital", "building": null, "healthcare": "hospital", "beds": null, "emergency": null }, "geometry": { "type": "Polygon", "coordinates": [ [ [ 77.6764777, 12.9125713 ], [ 77.6764687, 12.9124101 ], [ 77.6766369, 12.9124013 ], [ 77.6766458, 12.9125624 ], [ 77.6764777, 12.9125713 ] ] ] } },
{ "type": "Feature", "properties": { "name": "Aster Women and Children Hospital", "amenity": "hospital", "building": "hospital", "healthcare": null, "beds": null, "emergency": null }, "geometry": { "type": "Polygon", "coordinates": [ [ [ 77.7337266, 12.9882441 ], [ 77.7341813, 12.9882817 ], [ 77.7341671, 12.9884436 ], [ 77.7337124, 12.9884059 ], [ 77.7337266, 12.9882441 ] ] ] } },
{ "type": "Feature", "properties": { "name": "Prakriya Hospital", "amenity": "hospital", "building": null, "healthcare": "hospital", "beds": null, "emergency": null }, "geometry": { "type": "Polygon", "coordinates": [ [ [ 77.5063696, 13.0468499 ], [ 77.5069261, 13.0467086 ], [ 77.5066895, 13.0458243 ], [ 77.506133, 13.0459656 ], [ 77.5063696, 13.0468499 ] ] ] } },
{ "type": "Feature", "properties": { "name": "Motherhood Whitefield", "amenity": "hospital", "building": null, "healthcare": "hospital", "beds": null, "emergency": null }, "geometry": { "type": "Polygon", "coordinates": [ [ [ 77.7466779, 12.9591574 ], [ 77.7468962, 12.9590636 ], [ 77.7467526, 12.958774 ], [ 77.7465425, 12.9588707 ], [ 77.7466779, 12.9591574 ] ] ] } },
{ "type": "Feature", "properties": { "name": null, "amenity": "hospital", "building": null, "healthcare": null, "beds": null, "emergency": null }, "geometry": { "type": "Polygon", "coordinates": [ [ [ 77.5569447, 12.9850791 ], [ 77.5570394, 12.9850109 ], [ 77.5569034, 12.9848314 ], [ 77.5568087, 12.9848995 ], [ 77.5569447, 12.9850791 ] ] ] } },
{ "type": "Feature", "properties": { "name": null, "amenity": "hospital", "building": null, "healthcare": null, "beds": null, "emergency": null }, "geometry": { "type": "Polygon", "coordinates": [ [ [ 77.56371, 13.0012737 ], [ 77.5641808, 13.001292 ], [ 77.5641833, 13.0010485 ], [ 77.5641845, 13.0009295 ], [ 77.5638843, 13.0009266 ], [ 77.56371, 13.0012737 ] ] ] } },
{ "type": "Feature", "properties": { "name": "People Tree Hospitals", "amenity": "hospital", "building": null, "healthcare": null, "beds": null, "emergency": null }, "geometry": { "type": "Polygon", "coordinates": [ [ [ 77.5396669, 13.0288068 ], [ 77.5393241, 13.0281925 ], [ 77.5389827, 13.0275805 ], [ 77.5386259, 13.0277795 ], [ 77.5389775, 13.0283815 ], [ 77.5393264, 13.0289969 ], [ 77.5396669, 13.0288068 ] ] ] } },
{ "type": "Feature", "properties": { "name": "Apollo Cradle", "amenity": "hospital", "building": "yes", "healthcare": "hospital", "beds": null, "emergency": null }, "geometry": { "type": "Polygon", "coordinates": [ [ [ 77.7172014, 12.966908 ], [ 77.7174116, 12.9668674 ], [ 77.7173543, 12.9665856 ], [ 77.7171441, 12.9666261 ], [ 77.7172014, 12.966908 ] ] ] } },
{ "type": "Feature", "properties": { "name": "Charaka Super Speciality Hospital", "amenity": "hospital", "building": null, "healthcare": "hospital", "beds": null, "emergency": null }, "geometry": { "type": "Polygon", "coordinates": [ [ [ 77.6017436, 12.9898051 ], [ 77.6017623, 12.9898389 ], [ 77.6018019, 12.9898901 ], [ 77.6018344, 12.9899037 ], [ 77.6027763, 12.9899405 ], [ 77.6027387, 12.9895903 ], [ 77.6023713, 12.9895824 ], [ 77.6021245, 12.9893367 ], [ 77.6017436, 12.9898051 ] ] ] } },
{ "type": "Feature", "properties": { "name": null, "amenity": "hospital", "building": null, "healthcare": "hospital", "beds": null, "emergency": null }, "geometry": { "type": "Polygon", "coordinates": [ [ [ 77.5692895, 13.0057099 ], [ 77.569289, 13.0059079 ], [ 77.5695882, 13.0059087 ], [ 77.5695887, 13.0057107 ], [ 77.5693823, 13.0057101 ], [ 77.5692895, 13.0057099 ] ] ] } },
{ "type": "Feature", "properties": { "name": "Jyothis Health Centre", "amenity": "clinic", "building": null, "healthcare": null, "beds": null, "emergency": null }, "geometry": { "type": "Polygon", "coordinates": [ [ [ 77.5045069, 13.0370443 ], [ 77.5044224, 13.0363662 ], [ 77.505214, 13.0363152 ], [ 77.5053155, 13.0363087 ], [ 77.505742, 13.0363767 ], [ 77.5059465, 13.0363923 ], [ 77.5060711, 13.0371619 ], [ 77.5055345, 13.0372407 ], [ 77.5054845, 13.0368601 ], [ 77.5045069, 13.0370443 ] ] ] } },
{ "type": "Feature", "properties": { "name": "Karunalayam Hospital", "amenity": "hospital", "building": null, "healthcare": null, "beds": null, "emergency": null }, "geometry": { "type": "Polygon", "coordinates": [ [ [ 77.7067924, 12.9109615 ], [ 77.7073476, 12.9117354 ], [ 77.7083749, 12.9112596 ], [ 77.708281, 12.9110034 ], [ 77.7077928, 12.9111027 ], [ 77.7077392, 12.9107968 ], [ 77.7075863, 12.9108125 ], [ 77.7067924, 12.9109615 ] ] ] } },
{ "type": "Feature", "properties": { "name": "Phoenix Hospital", "amenity": "hospital", "building": null, "healthcare": "hospital", "beds": null, "emergency": "yes" }, "geometry": { "type": "Polygon", "coordinates": [ [ [ 77.6449292, 12.9166964 ], [ 77.6451801, 12.9166878 ], [ 77.6451742, 12.9165238 ], [ 77.6449233, 12.9165324 ], [ 77.6449292, 12.9166964 ] ] ] } },
{ "type": "Feature", "properties": { "name": "ESI Hospital Malleshwaram Branch", "amenity": "hospital", "building": null, "healthcare": "hospital", "beds": null, "emergency": null }, "geometry": { "type": "Polygon", "coordinates": [ [ [ 77.5597986, 13.015112 ], [ 77.5601041, 13.0152903 ], [ 77.560204, 13.0151277 ], [ 77.5598985, 13.0149494 ], [ 77.5597986, 13.015112 ] ] ] } },
{ "type": "Feature", "properties": { "name": "Bhoomi Diagnostics", "amenity": "hospital", "building": null, "healthcare": "hospital", "beds": null, "emergency": null }, "geometry": { "type": "Polygon", "coordinates": [ [ [ 77.6494731, 12.9118088 ], [ 77.6494764, 12.9115865 ], [ 77.649615, 12.9115885 ], [ 77.6496117, 12.9118108 ], [ 77.6494731, 12.9118088 ] ] ] } },
{ "type": "Feature", "properties": { "name": "Narayana Multispeciality Hospital", "amenity": "hospital", "building": null, "healthcare": "hospital", "beds": null, "emergency": null }, "geometry": { "type": "Polygon", "coordinates": [ [ [ 77.6434064, 12.907887 ], [ 77.6434301, 12.9084693 ], [ 77.6436156, 12.9084622 ], [ 77.6435919, 12.9078798 ], [ 77.6434064, 12.907887 ] ] ] } },
{ "type": "Feature", "properties": { "name": "Government Primary Health Center", "amenity": "clinic", "building": null, "healthcare": null, "beds": null, "emergency": null }, "geometry": { "type": "Polygon", "coordinates": [ [ [ 77.6137655, 13.0007237 ], [ 77.6142225, 13.0006761 ], [ 77.6141768, 13.0002597 ], [ 77.6137198, 13.0003074 ], [ 77.6137655, 13.0007237 ] ] ] } },
{ "type": "Feature", "properties": { "name": "Rainbow Children's Hospital", "amenity": "hospital", "building": null, "healthcare": "hospital", "beds": "77", "emergency": "yes" }, "geometry": { "type": "Polygon", "coordinates": [ [ [ 77.601343, 12.9033383 ], [ 77.6012763, 12.9031325 ], [ 77.6007633, 12.9032522 ], [ 77.6001388, 12.9033714 ], [ 77.6001647, 12.9036331 ], [ 77.600371, 12.9035909 ], [ 77.6009341, 12.9034759 ], [ 77.601343, 12.9033383 ] ] ] } },
{ "type": "Feature", "properties": { "name": "Sparsh Hospital", "amenity": "hospital", "building": null, "healthcare": null, "beds": null, "emergency": null }, "geometry": { "type": "Polygon", "coordinates": [ [ [ 77.5991305, 13.0947367 ], [ 77.5989917, 13.0947682 ], [ 77.5987362, 13.0948557 ], [ 77.5980299, 13.0949705 ], [ 77.5981065, 13.095194 ], [ 77.5988225, 13.0951049 ], [ 77.5992599, 13.0950516 ], [ 77.5991305, 13.0947367 ] ] ] } },
{ "type": "Feature", "properties": { "name": "Suguna Hospital", "amenity": "hospital", "building": null, "healthcare": null, "beds": null, "emergency": "yes" }, "geometry": { "type": "Polygon", "coordinates": [ [ [ 77.5596746, 12.9883175 ], [ 77.560398, 12.9884527 ], [ 77.560404, 12.9880077 ], [ 77.5598488, 12.9880155 ], [ 77.5598239, 12.9880423 ], [ 77.5596746, 12.9883175 ] ] ] } },
{ "type": "Feature", "properties": { "name": "Sparsh Hospital, Hennur", "amenity": "hospital", "building": "hospital", "healthcare": null, "beds": null, "emergency": null }, "geometry": { "type": "Polygon", "coordinates": [ [ [ 77.6408529, 13.0404721 ], [ 77.6408677, 13.0398782 ], [ 77.6405164, 13.0398699 ], [ 77.6405016, 13.0404638 ], [ 77.6408529, 13.0404721 ] ] ] } },
{ "type": "Feature", "properties": { "name": "Dr Agarwal's Eye Hospital", "amenity": "hospital", "building": null, "healthcare": null, "beds": null, "emergency": "no" }, "geometry": { "type": "Polygon", "coordinates": [ [ [ 77.6049713, 12.9570024 ], [ 77.6048938, 12.9567115 ], [ 77.6045496, 12.9567986 ], [ 77.6046301, 12.9570886 ], [ 77.6049713, 12.9570024 ] ] ] } },
{ "type": "Feature", "properties": { "name": "UPHC, Koramangala", "amenity": "clinic", "building": null, "healthcare": "clinic", "beds": null, "emergency": null }, "geometry": { "type": "Polygon", "coordinates": [ [ [ 77.6184394, 12.9500969 ], [ 77.6180316, 12.9503354 ], [ 77.6179825, 12.9502585 ], [ 77.6182227, 12.9501242 ], [ 77.6181951, 12.9500773 ], [ 77.6183722, 12.9499783 ], [ 77.6184394, 12.9500969 ] ] ] } },
{ "type": "Feature", "properties": { "name": "UPHC, Viveknagar", "amenity": "clinic", "building": null, "healthcare": null, "beds": null, "emergency": null }, "geometry": { "type": "Polygon", "coordinates": [ [ [ 77.62513, 12.9516133 ], [ 77.625382, 12.9515674 ], [ 77.6253504, 12.9514021 ], [ 77.6250983, 12.951448 ], [ 77.62513, 12.9516133 ] ] ] } },
{ "type": "Feature", "properties": { "name": "UPHC", "amenity": "clinic", "building": null, "healthcare": null, "beds": null, "emergency": null }, "geometry": { "type": "Polygon", "coordinates": [ [ [ 77.6042739, 12.9884813 ], [ 77.6040038, 12.9884891 ], [ 77.6039933, 12.9882895 ], [ 77.6042651, 12.9882765 ], [ 77.6042739, 12.9884813 ] ] ] } },
{ "type": "Feature", "properties": { "name": "BBMP Maternity Home", "amenity": "clinic", "building": "yes", "healthcare": null, "beds": null, "emergency": null }, "geometry": { "type": "Polygon", "coordinates": [ [ [ 77.6095006, 12.9900516 ], [ 77.6095603, 12.990343 ], [ 77.609722, 12.9903115 ], [ 77.6097073, 12.9902394 ], [ 77.609619, 12.9902566 ], [ 77.6095935, 12.9901317 ], [ 77.6097513, 12.990101 ], [ 77.6097572, 12.9901299 ], [ 77.6097366, 12.9901339 ], [ 77.6097506, 12.9902021 ], [ 77.609855, 12.9901817 ], [ 77.6098411, 12.9901136 ], [ 77.6098211, 12.9901175 ], [ 77.6098152, 12.9900886 ], [ 77.6098677, 12.9900784 ], [ 77.6098761, 12.9901198 ], [ 77.6099205, 12.9901112 ], [ 77.6098926, 12.9899753 ], [ 77.6095006, 12.9900516 ] ] ] } },
{ "type": "Feature", "properties": { "name": "Government Primary Health Centre", "amenity": "hospital", "building": null, "healthcare": "hospital", "beds": null, "emergency": null }, "geometry": { "type": "Polygon", "coordinates": [ [ [ 77.6481082, 13.0974777 ], [ 77.6475458, 13.097691 ], [ 77.6473961, 13.0970149 ], [ 77.6478758, 13.0968569 ], [ 77.6481082, 13.0974777 ] ] ] } },
{ "type": "Feature", "properties": { "name": "Namma Clinic", "amenity": "clinic", "building": null, "healthcare": "clinic", "beds": null, "emergency": null }, "geometry": { "type": "Polygon", "coordinates": [ [ [ 77.6208857, 12.9562632 ], [ 77.6207188, 12.9562753 ], [ 77.6207131, 12.9562007 ], [ 77.62088, 12.9561886 ], [ 77.6208857, 12.9562632 ] ] ] } },
{ "type": "Feature", "properties": { "name": "SS Sparsh Hospital", "amenity": "hospital", "building": null, "healthcare": null, "beds": null, "emergency": null }, "geometry": { "type": "Polygon", "coordinates": [ [ [ 77.5211835, 12.9269742 ], [ 77.5223475, 12.9266631 ], [ 77.5221571, 12.9258632 ], [ 77.5210091, 12.926271 ], [ 77.5211835, 12.9269742 ] ] ] } },
{ "type": "Feature", "properties": { "name": "KPTCL Hospital Yelahanka", "amenity": "hospital", "building": null, "healthcare": null, "beds": null, "emergency": null }, "geometry": { "type": "Polygon", "coordinates": [ [ [ 77.5802064, 13.1168769 ], [ 77.5798331, 13.1167293 ], [ 77.5799363, 13.1164816 ], [ 77.5803097, 13.1166292 ], [ 77.5802064, 13.1168769 ] ] ] } },
{ "type": "Feature", "properties": { "name": "Cloud Nine", "amenity": "hospital", "building": null, "healthcare": "hospital", "beds": null, "emergency": "yes" }, "geometry": { "type": "Polygon", "coordinates": [ [ [ 77.6756114, 12.9157501 ], [ 77.6754751, 12.9156378 ], [ 77.675278, 12.9153904 ], [ 77.6752466, 12.9154066 ], [ 77.6747945, 12.91564 ], [ 77.6749527, 12.9159951 ], [ 77.6756114, 12.9157501 ] ] ] } },
{ "type": "Feature", "properties": { "name": "BBMP Hospital", "amenity": "hospital", "building": null, "healthcare": null, "beds": null, "emergency": null }, "geometry": { "type": "Polygon", "coordinates": [ [ [ 77.5937207, 12.9952768 ], [ 77.5935079, 12.9948082 ], [ 77.5937641, 12.9946841 ], [ 77.5940646, 12.9952928 ], [ 77.5937207, 12.9952768 ] ] ] } },
{ "type": "Feature", "properties": { "name": "UPHC", "amenity": "clinic", "building": null, "healthcare": null, "beds": null, "emergency": null }, "geometry": { "type": "Polygon", "coordinates": [ [ [ 77.6184511, 13.0211864 ], [ 77.6190137, 13.0212674 ], [ 77.6189768, 13.0208545 ], [ 77.6184384, 13.0208852 ], [ 77.6184511, 13.0211864 ] ] ] } },
{ "type": "Feature", "properties": { "name": "UPHC, Devarajeevanahalli", "amenity": "clinic", "building": null, "healthcare": null, "beds": null, "emergency": null }, "geometry": { "type": "Polygon", "coordinates": [ [ [ 77.6112287, 13.0102971 ], [ 77.6116862, 13.0101405 ], [ 77.6117663, 13.0103627 ], [ 77.6113088, 13.0105193 ], [ 77.6112287, 13.0102971 ] ] ] } },
{ "type": "Feature", "properties": { "name": null, "amenity": "hospital", "building": null, "healthcare": null, "beds": null, "emergency": null }, "geometry": { "type": "Polygon", "coordinates": [ [ [ 77.5615119, 12.9610603 ], [ 77.5608045, 12.9610542 ], [ 77.5608091, 12.9607562 ], [ 77.5615151, 12.9607576 ], [ 77.5615119, 12.9610603 ] ] ] } },
{ "type": "Feature", "properties": { "name": "Center for Addiction Medicine", "amenity": "clinic", "building": "yes", "healthcare": "counselling", "beds": null, "emergency": null }, "geometry": { "type": "Polygon", "coordinates": [ [ [ 77.5945346, 12.9416392 ], [ 77.5946717, 12.9416296 ], [ 77.5946434, 12.9412467 ], [ 77.5945063, 12.9412563 ], [ 77.5945346, 12.9416392 ] ] ] } },
{ "type": "Feature", "properties": { "name": "Manipal Hospital North", "amenity": "hospital", "building": null, "healthcare": null, "beds": null, "emergency": null }, "geometry": { "type": "Polygon", "coordinates": [ [ [ 77.602994, 13.1077071 ], [ 77.6030143, 13.1077406 ], [ 77.6031057, 13.1078913 ], [ 77.603243, 13.1081175 ], [ 77.6037687, 13.10803 ], [ 77.6036292, 13.1071888 ], [ 77.6033238, 13.1071629 ], [ 77.6030445, 13.1071392 ], [ 77.602994, 13.1077071 ] ] ] } },
{ "type": "Feature", "properties": { "name": "Jnana Sanjeevini", "amenity": "hospital", "building": null, "healthcare": "hospital", "beds": null, "emergency": null }, "geometry": { "type": "Polygon", "coordinates": [ [ [ 77.5884968, 12.9160746 ], [ 77.5884969, 12.9160494 ], [ 77.5895527, 12.9159946 ], [ 77.5895344, 12.9164424 ], [ 77.5894927, 12.9164428 ], [ 77.5892432, 12.9164517 ], [ 77.589144, 12.9164347 ], [ 77.5884968, 12.9160746 ] ] ] } },
{ "type": "Feature", "properties": { "name": "Anupamaa Hospital", "amenity": "hospital", "building": "hospital", "healthcare": "hospital", "beds": null, "emergency": null }, "geometry": { "type": "Polygon", "coordinates": [ [ [ 77.5892459, 13.0938159 ], [ 77.589447, 13.0938878 ], [ 77.5894886, 13.0937773 ], [ 77.5892875, 13.0937055 ], [ 77.5892459, 13.0938159 ] ] ] } },
{ "type": "Feature", "properties": { "name": "HCG Hebbal", "amenity": "hospital", "building": null, "healthcare": null, "beds": null, "emergency": null }, "geometry": { "type": "Polygon", "coordinates": [ [ [ 77.593524, 13.0660751 ], [ 77.5944091, 13.0660778 ], [ 77.594271, 13.065695 ], [ 77.5939209, 13.0657388 ], [ 77.5935435, 13.0657246 ], [ 77.593524, 13.0660751 ] ] ] } },
{ "type": "Feature", "properties": { "name": "Central Ayurveda Research Institute", "amenity": "clinic", "building": null, "healthcare": null, "beds": null, "emergency": null }, "geometry": { "type": "Polygon", "coordinates": [ [ [ 77.5212733, 12.8588224 ], [ 77.5195259, 12.857171 ], [ 77.5194374, 12.8570377 ], [ 77.5197914, 12.8568873 ], [ 77.5214543, 12.8584929 ], [ 77.5212733, 12.8588224 ] ] ] } },
{ "type": "Feature", "properties": { "name": "Brains Super Speciality Hospital", "amenity": "hospital", "building": null, "healthcare": null, "beds": null, "emergency": null }, "geometry": { "type": "Polygon", "coordinates": [ [ [ 77.5924324, 12.9474781 ], [ 77.5923861, 12.9474657 ], [ 77.5922567, 12.947665 ], [ 77.5921561, 12.9478257 ], [ 77.5927945, 12.9481892 ], [ 77.5928025, 12.9481303 ], [ 77.5928052, 12.9480113 ], [ 77.5927462, 12.9476872 ], [ 77.5924324, 12.9474781 ] ] ] } },
{ "type": "Feature", "properties": { "name": "Vasavi Hospital", "amenity": "hospital", "building": null, "healthcare": "hospital", "beds": null, "emergency": null }, "geometry": { "type": "Polygon", "coordinates": [ [ [ 77.5599393, 12.9033643 ], [ 77.5598988, 12.9031277 ], [ 77.5606585, 12.902942 ], [ 77.5607177, 12.9030689 ], [ 77.5599393, 12.9033643 ] ] ] } },
{ "type": "Feature", "properties": { "name": "Kumaraswamy Layout UPHC", "amenity": "clinic", "building": null, "healthcare": null, "beds": null, "emergency": null }, "geometry": { "type": "Polygon", "coordinates": [ [ [ 77.5633874, 12.9059052 ], [ 77.5635628, 12.9058296 ], [ 77.5633867, 12.9054418 ], [ 77.5632113, 12.9055175 ], [ 77.5633874, 12.9059052 ] ] ] } },
{ "type": "Feature", "properties": { "name": "Brains Hospital", "amenity": "hospital", "building": null, "healthcare": null, "beds": null, "emergency": null }, "geometry": { "type": "Polygon", "coordinates": [ [ [ 77.607793, 13.1187812 ], [ 77.607733, 13.1185496 ], [ 77.6076941, 13.1181186 ], [ 77.6084693, 13.1179919 ], [ 77.6087174, 13.1184751 ], [ 77.6086074, 13.1185209 ], [ 77.607793, 13.1187812 ] ] ] } },
{ "type": "Feature", "properties": { "name": "ESI Hospital Peenya", "amenity": "hospital", "building": null, "healthcare": "hospital", "beds": null, "emergency": null }, "geometry": { "type": "Polygon", "coordinates": [ [ [ 77.5308311, 13.0260112 ], [ 77.5318171, 13.0253074 ], [ 77.5308877, 13.0239616 ], [ 77.5300549, 13.0242754 ], [ 77.5308311, 13.0260112 ] ] ] } },
{ "type": "Feature", "properties": { "name": null, "amenity": "clinic", "building": null, "healthcare": null, "beds": null, "emergency": null }, "geometry": { "type": "Polygon", "coordinates": [ [ [ 77.474674, 12.9655285 ], [ 77.4751246, 12.9654802 ], [ 77.4750535, 12.9650136 ], [ 77.4745841, 12.9651077 ], [ 77.474674, 12.9655285 ] ] ] } },
{ "type": "Feature", "properties": { "name": "Rainbow Childrens Hospital", "amenity": "hospital", "building": null, "healthcare": "hospital", "beds": null, "emergency": "yes" }, "geometry": { "type": "Polygon", "coordinates": [ [ [ 77.6672841, 12.9198055 ], [ 77.6675136, 12.9207377 ], [ 77.6676637, 12.9207097 ], [ 77.6674794, 12.9199349 ], [ 77.6674205, 12.9197342 ], [ 77.6672841, 12.9198055 ] ] ] } },
{ "type": "Feature", "properties": { "name": "Safa Medicure Hospital", "amenity": "hospital", "building": null, "healthcare": null, "beds": null, "emergency": null }, "geometry": { "type": "Polygon", "coordinates": [ [ [ 77.5966367, 12.944717 ], [ 77.5964382, 12.9449539 ], [ 77.5961961, 12.9447582 ], [ 77.59621, 12.9447416 ], [ 77.5963906, 12.9445249 ], [ 77.5966367, 12.944717 ] ] ] } },
{ "type": "Feature", "properties": { "name": "Chaitanya Medical Centre Maternity and Surgical Care", "amenity": "hospital", "building": "hospital", "healthcare": null, "beds": null, "emergency": null }, "geometry": { "type": "Polygon", "coordinates": [ [ [ 77.5862753, 13.0925665 ], [ 77.5863893, 13.092567 ], [ 77.58639, 13.0924148 ], [ 77.586276, 13.0924143 ], [ 77.5862753, 13.0925665 ] ] ] } },
{ "type": "Feature", "properties": { "name": "Lakshmi Eye Clinic", "amenity": "clinic", "building": "yes", "healthcare": "clinic", "beds": null, "emergency": null }, "geometry": { "type": "Polygon", "coordinates": [ [ [ 77.5830017, 13.0936148 ], [ 77.5830896, 13.0935857 ], [ 77.5830406, 13.093445 ], [ 77.5829527, 13.093474 ], [ 77.5830017, 13.0936148 ] ] ] } },
{ "type": "Feature", "properties": { "name": "Tindlu Primary Health Centre", "amenity": "clinic", "building": null, "healthcare": "centre", "beds": null, "emergency": null }, "geometry": { "type": "Polygon", "coordinates": [ [ [ 77.5672297, 13.0748999 ], [ 77.5672393, 13.0749333 ], [ 77.567161, 13.0749545 ], [ 77.5671971, 13.07513 ], [ 77.5674965, 13.0750603 ], [ 77.5674368, 13.0748565 ], [ 77.5672297, 13.0748999 ] ] ] } },
{ "type": "Feature", "properties": { "name": "Abhishek Nethradhama", "amenity": "clinic", "building": "hospital", "healthcare": null, "beds": null, "emergency": null }, "geometry": { "type": "Polygon", "coordinates": [ [ [ 77.5847997, 13.0927755 ], [ 77.584899, 13.0927564 ], [ 77.584868, 13.0926039 ], [ 77.5847687, 13.0926231 ], [ 77.5847997, 13.0927755 ] ] ] } },
{ "type": "Feature", "properties": { "name": "Rangadore Memorial Hospital", "amenity": "hospital", "building": null, "healthcare": "hospital", "beds": null, "emergency": "yes" }, "geometry": { "type": "Polygon", "coordinates": [ [ [ 77.5705989, 12.9532968 ], [ 77.5705954, 12.9534505 ], [ 77.5702228, 12.9534424 ], [ 77.5702191, 12.9536043 ], [ 77.5701234, 12.9536023 ], [ 77.5701039, 12.9544568 ], [ 77.5714193, 12.9544853 ], [ 77.5715125, 12.9544849 ], [ 77.5714995, 12.9543778 ], [ 77.5721857, 12.9542849 ], [ 77.5721858, 12.9542655 ], [ 77.5721861, 12.954204 ], [ 77.5721884, 12.9537726 ], [ 77.5715192, 12.9537451 ], [ 77.5715353, 12.9533256 ], [ 77.5711327, 12.9533132 ], [ 77.5706279, 12.9532977 ], [ 77.5705989, 12.9532968 ] ] ] } },
{ "type": "Feature", "properties": { "name": "Trustwell Hospitals", "amenity": "hospital", "building": null, "healthcare": "hospital", "beds": null, "emergency": null }, "geometry": { "type": "Polygon", "coordinates": [ [ [ 77.5840357, 12.9611542 ], [ 77.5836597, 12.9604331 ], [ 77.583911, 12.9602284 ], [ 77.5840184, 12.9601534 ], [ 77.5840398, 12.960193 ], [ 77.5842262, 12.9605387 ], [ 77.5844209, 12.9609956 ], [ 77.5840357, 12.9611542 ] ] ] } },
{ "type": "Feature", "properties": { "name": "BEML Hospital", "amenity": "hospital", "building": null, "healthcare": null, "beds": null, "emergency": null }, "geometry": { "type": "Polygon", "coordinates": [ [ [ 77.6654303, 12.9705528 ], [ 77.6650922, 12.9706789 ], [ 77.6643626, 12.9708431 ], [ 77.6645116, 12.9717043 ], [ 77.6652651, 12.9717912 ], [ 77.6655519, 12.9715891 ], [ 77.6656693, 12.9715064 ], [ 77.6659955, 12.9714295 ], [ 77.6659387, 12.9710777 ], [ 77.6656978, 12.9711268 ], [ 77.6656532, 12.9710909 ], [ 77.665585, 12.9709567 ], [ 77.6655111, 12.9707637 ], [ 77.6654303, 12.9705528 ] ] ] } },
{ "type": "Feature", "properties": { "name": "Sri Vishveshathirtha Memorial Hospital", "amenity": "hospital", "building": null, "healthcare": "hospital", "beds": null, "emergency": "yes" }, "geometry": { "type": "Polygon", "coordinates": [ [ [ 77.7118744, 12.9570192 ], [ 77.7123982, 12.9571946 ], [ 77.7124374, 12.9571229 ], [ 77.7127325, 12.9566471 ], [ 77.7128895, 12.9561727 ], [ 77.7120465, 12.9562203 ], [ 77.7118744, 12.9570192 ] ] ] } },
{ "type": "Feature", "properties": { "name": "Government Maternity Hospital", "amenity": "hospital", "building": "yes", "healthcare": "hospital", "beds": null, "emergency": null }, "geometry": { "type": "Polygon", "coordinates": [ [ [ 77.5535057, 13.0216631 ], [ 77.5537769, 13.0215178 ], [ 77.5536514, 13.0212955 ], [ 77.5535636, 13.0213425 ], [ 77.5535838, 13.0213783 ], [ 77.5535139, 13.0214158 ], [ 77.5535387, 13.0214598 ], [ 77.5534837, 13.0214893 ], [ 77.5535015, 13.0215208 ], [ 77.553443, 13.0215521 ], [ 77.5535057, 13.0216631 ] ] ] } },
{ "type": "Feature", "properties": { "name": "BBMP Health Centre", "amenity": "clinic", "building": null, "healthcare": null, "beds": null, "emergency": null }, "geometry": { "type": "Polygon", "coordinates": [ [ [ 77.56234, 13.0011067 ], [ 77.5623976, 13.0014928 ], [ 77.5626022, 13.0012322 ], [ 77.56234, 13.0011067 ] ] ] } },
{ "type": "Feature", "properties": { "name": "Government Multi-Speciality Hospital", "amenity": "hospital", "building": null, "healthcare": null, "beds": null, "emergency": null }, "geometry": { "type": "Polygon", "coordinates": [ [ [ 77.480548, 12.9514919 ], [ 77.4816558, 12.9514448 ], [ 77.4816585, 12.9506881 ], [ 77.4814291, 12.9506985 ], [ 77.4814305, 12.9506397 ], [ 77.4811569, 12.9506724 ], [ 77.4804609, 12.9508188 ], [ 77.480548, 12.9514919 ] ] ] } },
{ "type": "Feature", "properties": { "name": "Klinik Guhen - Dental Clinic", "amenity": "hospital", "building": null, "healthcare": "hospital", "beds": null, "emergency": "yes" }, "geometry": { "type": "Polygon", "coordinates": [ [ [ 77.6638713, 12.9090814 ], [ 77.6638578, 12.9090108 ], [ 77.6639115, 12.9090004 ], [ 77.6639222, 12.9090788 ], [ 77.6638713, 12.9090814 ] ] ] } },
{ "type": "Feature", "properties": { "name": "Medical Mission Secular Institute", "amenity": "clinic", "building": null, "healthcare": null, "beds": null, "emergency": null }, "geometry": { "type": "Polygon", "coordinates": [ [ [ 77.6106489, 12.9958273 ], [ 77.6107225, 12.9959473 ], [ 77.6105907, 12.9960241 ], [ 77.6107632, 12.9963054 ], [ 77.611071, 12.9961262 ], [ 77.6108249, 12.9957248 ], [ 77.6106489, 12.9958273 ] ] ] } },
{ "type": "Feature", "properties": { "name": "Yadiyuru Maternity Hospital", "amenity": "hospital", "building": null, "healthcare": null, "beds": null, "emergency": null }, "geometry": { "type": "Polygon", "coordinates": [ [ [ 77.5764275, 12.9269903 ], [ 77.5764275, 12.9271997 ], [ 77.5764289, 12.9272213 ], [ 77.5768588, 12.9272219 ], [ 77.5768886, 12.9269971 ], [ 77.5767958, 12.9269958 ], [ 77.5764275, 12.9269903 ] ] ] } },
{ "type": "Feature", "properties": { "name": "Ayurveda Prathisthana Hospital", "amenity": "hospital", "building": null, "healthcare": null, "beds": null, "emergency": null }, "geometry": { "type": "Polygon", "coordinates": [ [ [ 77.5774733, 12.9264017 ], [ 77.5771464, 12.9264082 ], [ 77.5771431, 12.9267808 ], [ 77.5771049, 12.9271847 ], [ 77.5774895, 12.9271858 ], [ 77.5774782, 12.9266424 ], [ 77.5774733, 12.9264017 ] ] ] } },
{ "type": "Feature", "properties": { "name": "Shanthinilaya Hospital", "amenity": "hospital", "building": null, "healthcare": null, "beds": null, "emergency": null }, "geometry": { "type": "Polygon", "coordinates": [ [ [ 77.701377, 13.0210779 ], [ 77.7019362, 13.0210492 ], [ 77.7019738, 13.0206389 ], [ 77.7017424, 13.0205961 ], [ 77.7017416, 13.0205293 ], [ 77.7014212, 13.0204392 ], [ 77.7013636, 13.0207473 ], [ 77.7014387, 13.0207656 ], [ 77.701377, 13.0210779 ] ] ] } },
{ "type": "Feature", "properties": { "name": "Apex Hospital", "amenity": "hospital", "building": "hospital", "healthcare": null, "beds": null, "emergency": null }, "geometry": { "type": "Polygon", "coordinates": [ [ [ 77.6337945, 13.1152449 ], [ 77.6340733, 13.1152061 ], [ 77.6340479, 13.1150331 ], [ 77.6337691, 13.1150719 ], [ 77.6337945, 13.1152449 ] ] ] } },
{ "type": "Feature", "properties": { "name": "Vignan Hospital", "amenity": "hospital", "building": null, "healthcare": "hospital", "beds": null, "emergency": null }, "geometry": { "type": "Polygon", "coordinates": [ [ [ 77.5968499, 12.9434204 ], [ 77.5967327, 12.9441916 ], [ 77.5967219, 12.9442628 ], [ 77.5969633, 12.9443066 ], [ 77.5971222, 12.9434673 ], [ 77.5968499, 12.9434204 ] ] ] } },
{ "type": "Feature", "properties": { "name": "Mahanandi", "amenity": "hospital", "building": "hospital", "healthcare": null, "beds": null, "emergency": null }, "geometry": { "type": "Polygon", "coordinates": [ [ [ 77.7179329, 12.9671994 ], [ 77.7180281, 12.9671975 ], [ 77.7180211, 12.9668727 ], [ 77.7179259, 12.9668747 ], [ 77.7179329, 12.9671994 ] ] ] } },
{ "type": "Feature", "properties": { "name": "Aarogya Hastha Hospital", "amenity": "hospital", "building": null, "healthcare": "hospital", "beds": null, "emergency": null }, "geometry": { "type": "Polygon", "coordinates": [ [ [ 77.6756594, 12.9007868 ], [ 77.6759596, 12.9007563 ], [ 77.6759112, 12.9003444 ], [ 77.6756139, 12.9003764 ], [ 77.6756594, 12.9007868 ] ] ] } },
{ "type": "Feature", "properties": { "name": "Life Care Hospital", "amenity": "hospital", "building": null, "healthcare": null, "beds": null, "emergency": "yes" }, "geometry": { "type": "Polygon", "coordinates": [ [ [ 77.613534, 12.9238123 ], [ 77.6130461, 12.9239698 ], [ 77.61309, 12.9241398 ], [ 77.6135869, 12.9240208 ], [ 77.6136003, 12.9240163 ], [ 77.6135429, 12.9238073 ], [ 77.613534, 12.9238123 ] ] ] } },
{ "type": "Feature", "properties": { "name": null, "amenity": "hospital", "building": "hospital", "healthcare": "hospital", "beds": null, "emergency": null }, "geometry": { "type": "Polygon", "coordinates": [ [ [ 77.5833198, 13.0946646 ], [ 77.5833772, 13.0947947 ], [ 77.5831806, 13.094877 ], [ 77.5831232, 13.0947468 ], [ 77.5833198, 13.0946646 ] ] ] } },
{ "type": "Feature", "properties": { "name": "Aster Whitefield Hospital", "amenity": "hospital", "building": null, "healthcare": "hospital", "beds": null, "emergency": null }, "geometry": { "type": "Polygon", "coordinates": [ [ [ 77.7342069, 12.9884636 ], [ 77.734215, 12.9882652 ], [ 77.7337056, 12.9882286 ], [ 77.7334595, 12.9897065 ], [ 77.7339111, 12.9897773 ], [ 77.7342043, 12.9885266 ], [ 77.7342069, 12.9884636 ] ] ] } },
{ "type": "Feature", "properties": { "name": "SPS Surgicals", "amenity": "hospital", "building": null, "healthcare": "hospital", "beds": null, "emergency": null }, "geometry": { "type": "Polygon", "coordinates": [ [ [ 77.6608015, 12.9542374 ], [ 77.6608795, 12.954234 ], [ 77.6608722, 12.9540779 ], [ 77.6607942, 12.9540814 ], [ 77.6608015, 12.9542374 ] ] ] } },
{ "type": "Feature", "properties": { "name": null, "amenity": "hospital", "building": null, "healthcare": "hospital", "beds": null, "emergency": null }, "geometry": { "type": "Polygon", "coordinates": [ [ [ 77.6608795, 12.954234 ], [ 77.6608015, 12.9542374 ], [ 77.6607942, 12.9540814 ], [ 77.6608722, 12.9540779 ], [ 77.6608795, 12.954234 ] ] ] } },
{ "type": "Feature", "properties": { "name": "Urban Primary Health Centre", "amenity": "clinic", "building": null, "healthcare": "centre", "beds": null, "emergency": null }, "geometry": { "type": "Polygon", "coordinates": [ [ [ 77.5765862, 12.9361076 ], [ 77.5768623, 12.9360701 ], [ 77.576827, 12.9358225 ], [ 77.5765508, 12.93586 ], [ 77.5765862, 12.9361076 ] ] ] } },
{ "type": "Feature", "properties": { "name": "HMT Hospital", "amenity": "hospital", "building": null, "healthcare": null, "beds": null, "emergency": null }, "geometry": { "type": "Polygon", "coordinates": [ [ [ 77.5502019, 13.0489619 ], [ 77.5506812, 13.0500886 ], [ 77.5510737, 13.0501823 ], [ 77.5515362, 13.0495421 ], [ 77.5516365, 13.0494033 ], [ 77.5513208, 13.0491203 ], [ 77.5512693, 13.0490783 ], [ 77.5512137, 13.0490414 ], [ 77.5511547, 13.04901 ], [ 77.5510928, 13.0489845 ], [ 77.5510185, 13.0489625 ], [ 77.5509421, 13.048949 ], [ 77.5508646, 13.0489441 ], [ 77.550787, 13.0489479 ], [ 77.5502019, 13.0489619 ] ] ] } },
{ "type": "Feature", "properties": { "name": "Miracle Hospital", "amenity": "hospital", "building": null, "healthcare": null, "beds": null, "emergency": null }, "geometry": { "type": "Polygon", "coordinates": [ [ [ 77.7401706, 12.9297799 ], [ 77.7396592, 12.9299626 ], [ 77.7395747, 12.9297967 ], [ 77.7401148, 12.9296433 ], [ 77.7401706, 12.9297799 ] ] ] } }
]
}
