{"type": "FeatureCollection", "features": [{"type": "Feature", "properties": {"population": 3429}, "geometry": {"type": "Polygon", "coordinates": [[[77.4598797, 13.1426196], [77.46904636663008, 13.1426196], [77.46904636663008, 13.133452933370004], [77.4598797, 13.133452933370004], [77.4598797, 13.1426196]]]}}, {"type": "Feature", "properties": {"population": 8187}, "geometry": {"type": "Polygon", "coordinates": [[[77.46904636663008, 13.1426196], [77.47821303326016, 13.1426196], [77.47821303326016, 13.133452933370004], [77.46904636663008, 13.133452933370004], [77.46904636663008, 13.1426196]]]}}, {"type": "Feature", "properties": {"population": 7866}, "geometry": {"type": "Polygon", "coordinates": [[[77.47821303326016, 13.1426196], [77.48737969989024, 13.1426196], [77.48737969989024, 13.133452933370004], [77.47821303326016, 13.133452933370004], [77.47821303326016, 13.1426196]]]}}, {"type": "Feature", "properties": {"population": 6467}, "geometry": {"type": "Polygon", "coordinates": [[[77.48737969989024, 13.1426196], [77.49654636652032, 13.1426196], [77.49654636652032, 13.133452933370004], [77.48737969989024, 13.133452933370004], [77.48737969989024, 13.1426196]]]}}, {"type": "Feature", "properties": {"population": 3393}, "geometry": {"type": "Polygon", "coordinates": [[[77.49654636652032, 13.1426196], [77.5057130331504, 13.1426196], [77.5057130331504, 13.133452933370004], [77.49654636652032, 13.133452933370004], [77.49654636652032, 13.1426196]]]}}, {"type": "Feature", "properties": {"population": 4681}, "geometry": {"type": "Polygon", "coordinates": [[[77.5057130331504, 13.1426196], [77.51487969978047, 13.1426196], [77.51487969978047, 13.133452933370004], [77.5057130331504, 13.133452933370004], [77.5057130331504, 13.1426196]]]}}, {"type": "Feature", "properties": {"population": 5002}, "geometry": {"type": "Polygon", "coordinates": [[[77.51487969978047, 13.1426196], [77.52404636641054, 13.1426196], [77.52404636641054, 13.133452933370004], [77.51487969978047, 13.133452933370004], [77.51487969978047, 13.1426196]]]}}, {"type": "Feature", "properties": {"population": 3960}, "geometry": {"type": "Polygon", "coordinates": [[[77.52404636641054, 13.1426196], [77.53321303304062, 13.1426196], [77.53321303304062, 13.133452933370004], [77.52404636641054, 13.133452933370004], [77.52404636641054, 13.1426196]]]}}, {"type": "Feature", "properties": {"population": 4192}, "geometry": {"type": "Polygon", "coordinates": [[[77.53321303304062, 13.1426196], [77.5423796996707, 13.1426196], [77.5423796996707, 13.133452933370004], [77.53321303304062, 13.133452933370004], [77.53321303304062, 13.1426196]]]}}, {"type": "Feature", "properties": {"population": 3385}, "geometry": {"type": "Polygon", "coordinates": [[[77.5423796996707, 13.1426196], [77.55154636630078, 13.1426196], [77.55154636630078, 13.133452933370004], [77.5423796996707, 13.133452933370004], [77.5423796996707, 13.1426196]]]}}, {"type": "Feature", "properties": {"population": 4830}, "geometry": {"type": "Polygon", "coordinates": [[[77.55154636630078, 13.1426196], [77.56071303293086, 13.1426196], [77.56071303293086, 13.133452933370004], [77.55154636630078, 13.133452933370004], [77.55154636630078, 13.1426196]]]}}, {"type": "Feature", "properties": {"population": 9125}, "geometry": {"type": "Polygon", "coordinates": [[[77.56071303293086, 13.1426196], [77.56987969956094, 13.1426196], [77.56987969956094, 13.133452933370004], [77.56071303293086, 13.133452933370004], [77.56071303293086, 13.1426196]]]}}, {"type": "Feature", "properties": {"population": 8492}, "geometry": {"type": "Polygon", "coordinates": [[[77.56987969956094, 13.1426196], [77.57904636619102, 13.1426196], [77.57904636619102, 13.133452933370004], [77.56987969956094, 13.133452933370004], [77.56987969956094, 13.1426196]]]}}, {"type": "Feature", "properties": {"population": 9268}, "geometry": {"type": "Polygon", "coordinates": [[[77.57904636619102, 13.1426196], [77.5882130328211, 13.1426196], [77.5882130328211, 13.133452933370004], [77.57904636619102, 13.133452933370004], [77.57904636619102, 13.1426196]]]}}, {"type": "Feature", "properties": {"population": 6036}, "geometry": {"type": "Polygon", "coordinates": [[[77.5882130328211, 13.1426196], [77.59737969945118, 13.1426196], [77.59737969945118, 13.133452933370004], [77.5882130328211, 13.133452933370004], [77.5882130328211, 13.1426196]]]}}, {"type": "Feature", "properties": {"population": 8436}, "geometry": {"type": "Polygon", "coordinates": [[[77.59737969945118, 13.1426196], [77.60654636608126, 13.1426196], [77.60654636608126, 13.133452933370004], [77.59737969945118, 13.133452933370004], [77.59737969945118, 13.1426196]]]}}, {"type": "Feature", "properties": {"population": 10748}, "geometry": {"type": "Polygon", "coordinates": [[[77.60654636608126, 13.1426196], [77.61571303271134, 13.1426196], [77.61571303271134, 13.133452933370004], [77.60654636608126, 13.133452933370004], [77.60654636608126, 13.1426196]]]}}, {"type": "Feature", "properties": {"population": 9634}, "geometry": {"type": "Polygon", "coordinates": [[[77.61571303271134, 13.1426196], [77.6248796993414, 13.1426196], [77.6248796993414, 13.133452933370004], [77.61571303271134, 13.133452933370004], [77.61571303271134, 13.1426196]]]}}, {"type": "Feature", "properties": {"population": 8421}, "geometry": {"type": "Polygon", "coordinates": [[[77.6248796993414, 13.1426196], [77.63404636597149, 13.1426196], [77.63404636597149, 13.133452933370004], [77.6248796993414, 13.133452933370004], [77.6248796993414, 13.1426196]]]}}, {"type": "Feature", "properties": {"population": 8327}, "geometry": {"type": "Polygon", "coordinates": [[[77.63404636597149, 13.1426196], [77.64321303260157, 13.1426196], [77.64321303260157, 13.133452933370004], [77.63404636597149, 13.133452933370004], [77.63404636597149, 13.1426196]]]}}, {"type": "Feature", "properties": {"population": 7739}, "geometry": {"type": "Polygon", "coordinates": [[[77.64321303260157, 13.1426196], [77.65237969923164, 13.1426196], [77.65237969923164, 13.133452933370004], [77.64321303260157, 13.133452933370004], [77.64321303260157, 13.1426196]]]}}, {"type": "Feature", "properties": {"population": 5274}, "geometry": {"type": "Polygon", "coordinates": [[[77.65237969923164, 13.1426196], [77.66154636586172, 13.1426196], [77.66154636586172, 13.133452933370004], [77.65237969923164, 13.133452933370004], [77.65237969923164, 13.1426196]]]}}, {"type": "Feature", "properties": {"population": 6514}, "geometry": {"type": "Polygon", "coordinates": [[[77.66154636586172, 13.1426196], [77.6707130324918, 13.1426196], [77.6707130324918, 13.133452933370004], [77.66154636586172, 13.133452933370004], [77.66154636586172, 13.1426196]]]}}, {"type": "Feature", "properties": {"population": 6691}, "geometry": {"type": "Polygon", "coordinates": [[[77.6707130324918, 13.1426196], [77.67987969912188, 13.1426196], [77.67987969912188, 13.133452933370004], [77.6707130324918, 13.133452933370004], [77.6707130324918, 13.1426196]]]}}, {"type": "Feature", "properties": {"population": 4156}, "geometry": {"type": "Polygon", "coordinates": [[[77.67987969912188, 13.1426196], [77.68904636575196, 13.1426196], [77.68904636575196, 13.133452933370004], [77.67987969912188, 13.133452933370004], [77.67987969912188, 13.1426196]]]}}, {"type": "Feature", "properties": {"population": 3964}, "geometry": {"type": "Polygon", "coordinates": [[[77.68904636575196, 13.1426196], [77.69821303238204, 13.1426196], [77.69821303238204, 13.133452933370004], [77.68904636575196, 13.133452933370004], [77.68904636575196, 13.1426196]]]}}, {"type": "Feature", "properties": {"population": 5606}, "geometry": {"type": "Polygon", "coordinates": [[[77.69821303238204, 13.1426196], [77.70737969901212, 13.1426196], [77.70737969901212, 13.133452933370004], [77.69821303238204, 13.133452933370004], [77.69821303238204, 13.1426196]]]}}, {"type": "Feature", "properties": {"population": 2026}, "geometry": {"type": "Polygon", "coordinates": [[[77.70737969901212, 13.1426196], [77.7165463656422, 13.1426196], [77.7165463656422, 13.133452933370004], [77.70737969901212, 13.133452933370004], [77.70737969901212, 13.1426196]]]}}, {"type": "Feature", "properties": {"population": 513}, "geometry": {"type": "Polygon", "coordinates": [[[77.7165463656422, 13.1426196], [77.72571303227228, 13.1426196], [77.72571303227228, 13.133452933370004], [77.7165463656422, 13.133452933370004], [77.7165463656422, 13.1426196]]]}}, {"type": "Feature", "properties": {"population": 504}, "geometry": {"type": "Polygon", "coordinates": [[[77.72571303227228, 13.1426196], [77.73487969890235, 13.1426196], [77.73487969890235, 13.133452933370004], [77.72571303227228, 13.133452933370004], [77.72571303227228, 13.1426196]]]}}, {"type": "Feature", "properties": {"population": 742}, "geometry": {"type": "Polygon", "coordinates": [[[77.73487969890235, 13.1426196], [77.74404636553243, 13.1426196], [77.74404636553243, 13.133452933370004], [77.73487969890235, 13.133452933370004], [77.73487969890235, 13.1426196]]]}}, {"type": "Feature", "properties": {"population": 809}, "geometry": {"type": "Polygon", "coordinates": [[[77.74404636553243, 13.1426196], [77.7532130321625, 13.1426196], [77.7532130321625, 13.133452933370004], [77.74404636553243, 13.133452933370004], [77.74404636553243, 13.1426196]]]}}, {"type": "Feature", "properties": {"population": 437}, "geometry": {"type": "Polygon", "coordinates": [[[77.7532130321625, 13.1426196], [77.76237969879259, 13.1426196], [77.76237969879259, 13.133452933370004], [77.7532130321625, 13.133452933370004], [77.7532130321625, 13.1426196]]]}}, {"type": "Feature", "properties": {"population": 384}, "geometry": {"type": "Polygon", "coordinates": [[[77.76237969879259, 13.1426196], [77.77154636542267, 13.1426196], [77.77154636542267, 13.133452933370004], [77.76237969879259, 13.133452933370004], [77.76237969879259, 13.1426196]]]}}, {"type": "Feature", "properties": {"population": 409}, "geometry": {"type": "Polygon", "coordinates": [[[77.77154636542267, 13.1426196], [77.78071303205274, 13.1426196], [77.78071303205274, 13.133452933370004], [77.77154636542267, 13.133452933370004], [77.77154636542267, 13.1426196]]]}}, {"type": "Feature", "properties": {"population": 127}, "geometry": {"type": "Polygon", "coordinates": [[[77.78071303205274, 13.1426196], [77.78404636537277, 13.1426196], [77.78404636537277, 13.133452933370004], [77.78071303205274, 13.133452933370004], [77.78071303205274, 13.1426196]]]}}, {"type": "Feature", "properties": {"population": 2999}, "geometry": {"type": "Polygon", "coordinates": [[[77.4598797, 13.133452933370004], [77.46904636663008, 13.133452933370004], [77.46904636663008, 13.124286266740006], [77.4598797, 13.124286266740006], [77.4598797, 13.133452933370004]]]}}, {"type": "Feature", "properties": {"population": 4589}, "geometry": {"type": "Polygon", "coordinates": [[[77.46904636663008, 13.133452933370004], [77.47821303326016, 13.133452933370004], [77.47821303326016, 13.124286266740006], [77.46904636663008, 13.124286266740006], [77.46904636663008, 13.133452933370004]]]}}, {"type": "Feature", "properties": {"population": 5428}, "geometry": {"type": "Polygon", "coordinates": [[[77.47821303326016, 13.133452933370004], [77.48737969989024, 13.133452933370004], [77.48737969989024, 13.124286266740006], [77.47821303326016, 13.124286266740006], [77.47821303326016, 13.133452933370004]]]}}, {"type": "Feature", "properties": {"population": 5692}, "geometry": {"type": "Polygon", "coordinates": [[[77.48737969989024, 13.133452933370004], [77.49654636652032, 13.133452933370004], [77.49654636652032, 13.124286266740006], [77.48737969989024, 13.124286266740006], [77.48737969989024, 13.133452933370004]]]}}, {"type": "Feature", "properties": {"population": 3841}, "geometry": {"type": "Polygon", "coordinates": [[[77.49654636652032, 13.133452933370004], [77.5057130331504, 13.133452933370004], [77.5057130331504, 13.124286266740006], [77.49654636652032, 13.124286266740006], [77.49654636652032, 13.133452933370004]]]}}, {"type": "Feature", "properties": {"population": 5178}, "geometry": {"type": "Polygon", "coordinates": [[[77.5057130331504, 13.133452933370004], [77.51487969978047, 13.133452933370004], [77.51487969978047, 13.124286266740006], [77.5057130331504, 13.124286266740006], [77.5057130331504, 13.133452933370004]]]}}, {"type": "Feature", "properties": {"population": 5302}, "geometry": {"type": "Polygon", "coordinates": [[[77.51487969978047, 13.133452933370004], [77.52404636641054, 13.133452933370004], [77.52404636641054, 13.124286266740006], [77.51487969978047, 13.124286266740006], [77.51487969978047, 13.133452933370004]]]}}, {"type": "Feature", "properties": {"population": 5409}, "geometry": {"type": "Polygon", "coordinates": [[[77.52404636641054, 13.133452933370004], [77.53321303304062, 13.133452933370004], [77.53321303304062, 13.124286266740006], [77.52404636641054, 13.124286266740006], [77.52404636641054, 13.133452933370004]]]}}, {"type": "Feature", "properties": {"population": 4420}, "geometry": {"type": "Polygon", "coordinates": [[[77.53321303304062, 13.133452933370004], [77.5423796996707, 13.133452933370004], [77.5423796996707, 13.124286266740006], [77.53321303304062, 13.124286266740006], [77.53321303304062, 13.133452933370004]]]}}, {"type": "Feature", "properties": {"population": 4472}, "geometry": {"type": "Polygon", "coordinates": [[[77.5423796996707, 13.133452933370004], [77.55154636630078, 13.133452933370004], [77.55154636630078, 13.124286266740006], [77.5423796996707, 13.124286266740006], [77.5423796996707, 13.133452933370004]]]}}, {"type": "Feature", "properties": {"population": 6067}, "geometry": {"type": "Polygon", "coordinates": [[[77.55154636630078, 13.133452933370004], [77.56071303293086, 13.133452933370004], [77.56071303293086, 13.124286266740006], [77.55154636630078, 13.124286266740006], [77.55154636630078, 13.133452933370004]]]}}, {"type": "Feature", "properties": {"population": 8720}, "geometry": {"type": "Polygon", "coordinates": [[[77.56071303293086, 13.133452933370004], [77.56987969956094, 13.133452933370004], [77.56987969956094, 13.124286266740006], [77.56071303293086, 13.124286266740006], [77.56071303293086, 13.133452933370004]]]}}, {"type": "Feature", "properties": {"population": 10401}, "geometry": {"type": "Polygon", "coordinates": [[[77.56987969956094, 13.133452933370004], [77.57904636619102, 13.133452933370004], [77.57904636619102, 13.124286266740006], [77.56987969956094, 13.124286266740006], [77.56987969956094, 13.133452933370004]]]}}, {"type": "Feature", "properties": {"population": 9378}, "geometry": {"type": "Polygon", "coordinates": [[[77.57904636619102, 13.133452933370004], [77.5882130328211, 13.133452933370004], [77.5882130328211, 13.124286266740006], [77.57904636619102, 13.124286266740006], [77.57904636619102, 13.133452933370004]]]}}, {"type": "Feature", "properties": {"population": 6907}, "geometry": {"type": "Polygon", "coordinates": [[[77.5882130328211, 13.133452933370004], [77.59737969945118, 13.133452933370004], [77.59737969945118, 13.124286266740006], [77.5882130328211, 13.124286266740006], [77.5882130328211, 13.133452933370004]]]}}, {"type": "Feature", "properties": {"population": 9976}, "geometry": {"type": "Polygon", "coordinates": [[[77.59737969945118, 13.133452933370004], [77.60654636608126, 13.133452933370004], [77.60654636608126, 13.124286266740006], [77.59737969945118, 13.124286266740006], [77.59737969945118, 13.133452933370004]]]}}, {"type": "Feature", "properties": {"population": 15439}, "geometry": {"type": "Polygon", "coordinates": [[[77.60654636608126, 13.133452933370004], [77.61571303271134, 13.133452933370004], [77.61571303271134, 13.124286266740006], [77.60654636608126, 13.124286266740006], [77.60654636608126, 13.133452933370004]]]}}, {"type": "Feature", "properties": {"population": 12646}, "geometry": {"type": "Polygon", "coordinates": [[[77.61571303271134, 13.133452933370004], [77.6248796993414, 13.133452933370004], [77.6248796993414, 13.124286266740006], [77.61571303271134, 13.124286266740006], [77.61571303271134, 13.133452933370004]]]}}, {"type": "Feature", "properties": {"population": 9047}, "geometry": {"type": "Polygon", "coordinates": [[[77.6248796993414, 13.133452933370004], [77.63404636597149, 13.133452933370004], [77.63404636597149, 13.124286266740006], [77.6248796993414, 13.124286266740006], [77.6248796993414, 13.133452933370004]]]}}, {"type": "Feature", "properties": {"population": 7943}, "geometry": {"type": "Polygon", "coordinates": [[[77.63404636597149, 13.133452933370004], [77.64321303260157, 13.133452933370004], [77.64321303260157, 13.124286266740006], [77.63404636597149, 13.124286266740006], [77.63404636597149, 13.133452933370004]]]}}, {"type": "Feature", "properties": {"population": 9362}, "geometry": {"type": "Polygon", "coordinates": [[[77.64321303260157, 13.133452933370004], [77.65237969923164, 13.133452933370004], [77.65237969923164, 13.124286266740006], [77.64321303260157, 13.124286266740006], [77.64321303260157, 13.133452933370004]]]}}, {"type": "Feature", "properties": {"population": 7900}, "geometry": {"type": "Polygon", "coordinates": [[[77.65237969923164, 13.133452933370004], [77.66154636586172, 13.133452933370004], [77.66154636586172, 13.124286266740006], [77.65237969923164, 13.124286266740006], [77.65237969923164, 13.133452933370004]]]}}, {"type": "Feature", "properties": {"population": 7067}, "geometry": {"type": "Polygon", "coordinates": [[[77.66154636586172, 13.133452933370004], [77.6707130324918, 13.133452933370004], [77.6707130324918, 13.124286266740006], [77.66154636586172, 13.124286266740006], [77.66154636586172, 13.133452933370004]]]}}, {"type": "Feature", "properties": {"population": 5393}, "geometry": {"type": "Polygon", "coordinates": [[[77.6707130324918, 13.133452933370004], [77.67987969912188, 13.133452933370004], [77.67987969912188, 13.124286266740006], [77.6707130324918, 13.124286266740006], [77.6707130324918, 13.133452933370004]]]}}, {"type": "Feature", "properties": {"population": 4394}, "geometry": {"type": "Polygon", "coordinates": [[[77.67987969912188, 13.133452933370004], [77.68904636575196, 13.133452933370004], [77.68904636575196, 13.124286266740006], [77.67987969912188, 13.124286266740006], [77.67987969912188, 13.133452933370004]]]}}, {"type": "Feature", "properties": {"population": 5268}, "geometry": {"type": "Polygon", "coordinates": [[[77.68904636575196, 13.133452933370004], [77.69821303238204, 13.133452933370004], [77.69821303238204, 13.124286266740006], [77.68904636575196, 13.124286266740006], [77.68904636575196, 13.133452933370004]]]}}, {"type": "Feature", "properties": {"population": 5916}, "geometry": {"type": "Polygon", "coordinates": [[[77.69821303238204, 13.133452933370004], [77.70737969901212, 13.133452933370004], [77.70737969901212, 13.124286266740006], [77.69821303238204, 13.124286266740006], [77.69821303238204, 13.133452933370004]]]}}, {"type": "Feature", "properties": {"population": 3020}, "geometry": {"type": "Polygon", "coordinates": [[[77.70737969901212, 13.133452933370004], [77.7165463656422, 13.133452933370004], [77.7165463656422, 13.124286266740006], [77.70737969901212, 13.124286266740006], [77.70737969901212, 13.133452933370004]]]}}, {"type": "Feature", "properties": {"population": 423}, "geometry": {"type": "Polygon", "coordinates": [[[77.7165463656422, 13.133452933370004], [77.72571303227228, 13.133452933370004], [77.72571303227228, 13.124286266740006], [77.7165463656422, 13.124286266740006], [77.7165463656422, 13.133452933370004]]]}}, {"type": "Feature", "properties": {"population": 353}, "geometry": {"type": "Polygon", "coordinates": [[[77.72571303227228, 13.133452933370004], [77.73487969890235, 13.133452933370004], [77.73487969890235, 13.124286266740006], [77.72571303227228, 13.124286266740006], [77.72571303227228, 13.133452933370004]]]}}, {"type": "Feature", "properties": {"population": 491}, "geometry": {"type": "Polygon", "coordinates": [[[77.73487969890235, 13.133452933370004], [77.74404636553243, 13.133452933370004], [77.74404636553243, 13.124286266740006], [77.73487969890235, 13.124286266740006], [77.73487969890235, 13.133452933370004]]]}}, {"type": "Feature", "properties": {"population": 759}, "geometry": {"type": "Polygon", "coordinates": [[[77.74404636553243, 13.133452933370004], [77.7532130321625, 13.133452933370004], [77.7532130321625, 13.124286266740006], [77.74404636553243, 13.124286266740006], [77.74404636553243, 13.133452933370004]]]}}, {"type": "Feature", "properties": {"population": 430}, "geometry": {"type": "Polygon", "coordinates": [[[77.7532130321625, 13.133452933370004], [77.76237969879259, 13.133452933370004], [77.76237969879259, 13.124286266740006], [77.7532130321625, 13.124286266740006], [77.7532130321625, 13.133452933370004]]]}}, {"type": "Feature", "properties": {"population": 438}, "geometry": {"type": "Polygon", "coordinates": [[[77.76237969879259, 13.133452933370004], [77.77154636542267, 13.133452933370004], [77.77154636542267, 13.124286266740006], [77.76237969879259, 13.124286266740006], [77.76237969879259, 13.133452933370004]]]}}, {"type": "Feature", "properties": {"population": 426}, "geometry": {"type": "Polygon", "coordinates": [[[77.77154636542267, 13.133452933370004], [77.78071303205274, 13.133452933370004], [77.78071303205274, 13.124286266740006], [77.77154636542267, 13.124286266740006], [77.77154636542267, 13.133452933370004]]]}}, {"type": "Feature", "properties": {"population": 139}, "geometry": {"type": "Polygon", "coordinates": [[[77.78071303205274, 13.133452933370004], [77.78404636537277, 13.133452933370004], [77.78404636537277, 13.124286266740006], [77.78071303205274, 13.124286266740006], [77.78071303205274, 13.133452933370004]]]}}, {"type": "Feature", "properties": {"population": 3138}, "geometry": {"type": "Polygon", "coordinates": [[[77.4598797, 13.124286266740006], [77.46904636663008, 13.124286266740006], [77.46904636663008, 13.11511960011001], [77.4598797, 13.11511960011001], [77.4598797, 13.124286266740006]]]}}, {"type": "Feature", "properties": {"population": 4422}, "geometry": {"type": "Polygon", "coordinates": [[[77.46904636663008, 13.124286266740006], [77.47821303326016, 13.124286266740006], [77.47821303326016, 13.11511960011001], [77.46904636663008, 13.11511960011001], [77.46904636663008, 13.124286266740006]]]}}, {"type": "Feature", "properties": {"population": 5555}, "geometry": {"type": "Polygon", "coordinates": [[[77.47821303326016, 13.124286266740006], [77.48737969989024, 13.124286266740006], [77.48737969989024, 13.11511960011001], [77.47821303326016, 13.11511960011001], [77.47821303326016, 13.124286266740006]]]}}, {"type": "Feature", "properties": {"population": 5155}, "geometry": {"type": "Polygon", "coordinates": [[[77.48737969989024, 13.124286266740006], [77.49654636652032, 13.124286266740006], [77.49654636652032, 13.11511960011001], [77.48737969989024, 13.11511960011001], [77.48737969989024, 13.124286266740006]]]}}, {"type": "Feature", "properties": {"population": 4702}, "geometry": {"type": "Polygon", "coordinates": [[[77.49654636652032, 13.124286266740006], [77.5057130331504, 13.124286266740006], [77.5057130331504, 13.11511960011001], [77.49654636652032, 13.11511960011001], [77.49654636652032, 13.124286266740006]]]}}, {"type": "Feature", "properties": {"population": 5236}, "geometry": {"type": "Polygon", "coordinates": [[[77.5057130331504, 13.124286266740006], [77.51487969978047, 13.124286266740006], [77.51487969978047, 13.11511960011001], [77.5057130331504, 13.11511960011001], [77.5057130331504, 13.124286266740006]]]}}, {"type": "Feature", "properties": {"population": 5901}, "geometry": {"type": "Polygon", "coordinates": [[[77.51487969978047, 13.124286266740006], [77.52404636641054, 13.124286266740006], [77.52404636641054, 13.11511960011001], [77.51487969978047, 13.11511960011001], [77.51487969978047, 13.124286266740006]]]}}, {"type": "Feature", "properties": {"population": 5550}, "geometry": {"type": "Polygon", "coordinates": [[[77.52404636641054, 13.124286266740006], [77.53321303304062, 13.124286266740006], [77.53321303304062, 13.11511960011001], [77.52404636641054, 13.11511960011001], [77.52404636641054, 13.124286266740006]]]}}, {"type": "Feature", "properties": {"population": 4536}, "geometry": {"type": "Polygon", "coordinates": [[[77.53321303304062, 13.124286266740006], [77.5423796996707, 13.124286266740006], [77.5423796996707, 13.11511960011001], [77.53321303304062, 13.11511960011001], [77.53321303304062, 13.124286266740006]]]}}, {"type": "Feature", "properties": {"population": 6379}, "geometry": {"type": "Polygon", "coordinates": [[[77.5423796996707, 13.124286266740006], [77.55154636630078, 13.124286266740006], [77.55154636630078, 13.11511960011001], [77.5423796996707, 13.11511960011001], [77.5423796996707, 13.124286266740006]]]}}, {"type": "Feature", "properties": {"population": 8162}, "geometry": {"type": "Polygon", "coordinates": [[[77.55154636630078, 13.124286266740006], [77.56071303293086, 13.124286266740006], [77.56071303293086, 13.11511960011001], [77.55154636630078, 13.11511960011001], [77.55154636630078, 13.124286266740006]]]}}, {"type": "Feature", "properties": {"population": 10450}, "geometry": {"type": "Polygon", "coordinates": [[[77.56071303293086, 13.124286266740006], [77.56987969956094, 13.124286266740006], [77.56987969956094, 13.11511960011001], [77.56071303293086, 13.11511960011001], [77.56071303293086, 13.124286266740006]]]}}, {"type": "Feature", "properties": {"population": 12907}, "geometry": {"type": "Polygon", "coordinates": [[[77.56987969956094, 13.124286266740006], [77.57904636619102, 13.124286266740006], [77.57904636619102, 13.11511960011001], [77.56987969956094, 13.11511960011001], [77.56987969956094, 13.124286266740006]]]}}, {"type": "Feature", "properties": {"population": 9709}, "geometry": {"type": "Polygon", "coordinates": [[[77.57904636619102, 13.124286266740006], [77.5882130328211, 13.124286266740006], [77.5882130328211, 13.11511960011001], [77.57904636619102, 13.11511960011001], [77.57904636619102, 13.124286266740006]]]}}, {"type": "Feature", "properties": {"population": 6823}, "geometry": {"type": "Polygon", "coordinates": [[[77.5882130328211, 13.124286266740006], [77.59737969945118, 13.124286266740006], [77.59737969945118, 13.11511960011001], [77.5882130328211, 13.11511960011001], [77.5882130328211, 13.124286266740006]]]}}, {"type": "Feature", "properties": {"population": 10715}, "geometry": {"type": "Polygon", "coordinates": [[[77.59737969945118, 13.124286266740006], [77.60654636608126, 13.124286266740006], [77.60654636608126, 13.11511960011001], [77.59737969945118, 13.11511960011001], [77.59737969945118, 13.124286266740006]]]}}, {"type": "Feature", "properties": {"population": 16937}, "geometry": {"type": "Polygon", "coordinates": [[[77.60654636608126, 13.124286266740006], [77.61571303271134, 13.124286266740006], [77.61571303271134, 13.11511960011001], [77.60654636608126, 13.11511960011001], [77.60654636608126, 13.124286266740006]]]}}, {"type": "Feature", "properties": {"population": 14836}, "geometry": {"type": "Polygon", "coordinates": [[[77.61571303271134, 13.124286266740006], [77.6248796993414, 13.124286266740006], [77.6248796993414, 13.11511960011001], [77.61571303271134, 13.11511960011001], [77.61571303271134, 13.124286266740006]]]}}, {"type": "Feature", "properties": {"population": 10933}, "geometry": {"type": "Polygon", "coordinates": [[[77.6248796993414, 13.124286266740006], [77.63404636597149, 13.124286266740006], [77.63404636597149, 13.11511960011001], [77.6248796993414, 13.11511960011001], [77.6248796993414, 13.124286266740006]]]}}, {"type": "Feature", "properties": {"population": 7811}, "geometry": {"type": "Polygon", "coordinates": [[[77.63404636597149, 13.124286266740006], [77.64321303260157, 13.124286266740006], [77.64321303260157, 13.11511960011001], [77.63404636597149, 13.11511960011001], [77.63404636597149, 13.124286266740006]]]}}, {"type": "Feature", "properties": {"population": 6225}, "geometry": {"type": "Polygon", "coordinates": [[[77.64321303260157, 13.124286266740006], [77.65237969923164, 13.124286266740006], [77.65237969923164, 13.11511960011001], [77.64321303260157, 13.11511960011001], [77.64321303260157, 13.124286266740006]]]}}, {"type": "Feature", "properties": {"population": 7041}, "geometry": {"type": "Polygon", "coordinates": [[[77.65237969923164, 13.124286266740006], [77.66154636586172, 13.124286266740006], [77.66154636586172, 13.11511960011001], [77.65237969923164, 13.11511960011001], [77.65237969923164, 13.124286266740006]]]}}, {"type": "Feature", "properties": {"population": 6369}, "geometry": {"type": "Polygon", "coordinates": [[[77.66154636586172, 13.124286266740006], [77.6707130324918, 13.124286266740006], [77.6707130324918, 13.11511960011001], [77.66154636586172, 13.11511960011001], [77.66154636586172, 13.124286266740006]]]}}, {"type": "Feature", "properties": {"population": 6097}, "geometry": {"type": "Polygon", "coordinates": [[[77.6707130324918, 13.124286266740006], [77.67987969912188, 13.124286266740006], [77.67987969912188, 13.11511960011001], [77.6707130324918, 13.11511960011001], [77.6707130324918, 13.124286266740006]]]}}, {"type": "Feature", "properties": {"population": 5102}, "geometry": {"type": "Polygon", "coordinates": [[[77.67987969912188, 13.124286266740006], [77.68904636575196, 13.124286266740006], [77.68904636575196, 13.11511960011001], [77.67987969912188, 13.11511960011001], [77.67987969912188, 13.124286266740006]]]}}, {"type": "Feature", "properties": {"population": 3346}, "geometry": {"type": "Polygon", "coordinates": [[[77.68904636575196, 13.124286266740006], [77.69821303238204, 13.124286266740006], [77.69821303238204, 13.11511960011001], [77.68904636575196, 13.11511960011001], [77.68904636575196, 13.124286266740006]]]}}, {"type": "Feature", "properties": {"population": 3220}, "geometry": {"type": "Polygon", "coordinates": [[[77.69821303238204, 13.124286266740006], [77.70737969901212, 13.124286266740006], [77.70737969901212, 13.11511960011001], [77.69821303238204, 13.11511960011001], [77.69821303238204, 13.124286266740006]]]}}, {"type": "Feature", "properties": {"population": 2933}, "geometry": {"type": "Polygon", "coordinates": [[[77.70737969901212, 13.124286266740006], [77.7165463656422, 13.124286266740006], [77.7165463656422, 13.11511960011001], [77.70737969901212, 13.11511960011001], [77.70737969901212, 13.124286266740006]]]}}, {"type": "Feature", "properties": {"population": 1781}, "geometry": {"type": "Polygon", "coordinates": [[[77.7165463656422, 13.124286266740006], [77.72571303227228, 13.124286266740006], [77.72571303227228, 13.11511960011001], [77.7165463656422, 13.11511960011001], [77.7165463656422, 13.124286266740006]]]}}, {"type": "Feature", "properties": {"population": 1612}, "geometry": {"type": "Polygon", "coordinates": [[[77.72571303227228, 13.124286266740006], [77.73487969890235, 13.124286266740006], [77.73487969890235, 13.11511960011001], [77.72571303227228, 13.11511960011001], [77.72571303227228, 13.124286266740006]]]}}, {"type": "Feature", "properties": {"population": 286}, "geometry": {"type": "Polygon", "coordinates": [[[77.73487969890235, 13.124286266740006], [77.74404636553243, 13.124286266740006], [77.74404636553243, 13.11511960011001], [77.73487969890235, 13.11511960011001], [77.73487969890235, 13.124286266740006]]]}}, {"type": "Feature", "properties": {"population": 450}, "geometry": {"type": "Polygon", "coordinates": [[[77.74404636553243, 13.124286266740006], [77.7532130321625, 13.124286266740006], [77.7532130321625, 13.11511960011001], [77.74404636553243, 13.11511960011001], [77.74404636553243, 13.124286266740006]]]}}, {"type": "Feature", "properties": {"population": 400}, "geometry": {"type": "Polygon", "coordinates": [[[77.7532130321625, 13.124286266740006], [77.76237969879259, 13.124286266740006], [77.76237969879259, 13.11511960011001], [77.7532130321625, 13.11511960011001], [77.7532130321625, 13.124286266740006]]]}}, {"type": "Feature", "properties": {"population": 535}, "geometry": {"type": "Polygon", "coordinates": [[[77.76237969879259, 13.124286266740006], [77.77154636542267, 13.124286266740006], [77.77154636542267, 13.11511960011001], [77.76237969879259, 13.11511960011001], [77.76237969879259, 13.124286266740006]]]}}, {"type": "Feature", "properties": {"population": 514}, "geometry": {"type": "Polygon", "coordinates": [[[77.77154636542267, 13.124286266740006], [77.78071303205274, 13.124286266740006], [77.78071303205274, 13.11511960011001], [77.77154636542267, 13.11511960011001], [77.77154636542267, 13.124286266740006]]]}}, {"type": "Feature", "properties": {"population": 135}, "geometry": {"type": "Polygon", "coordinates": [[[77.78071303205274, 13.124286266740006], [77.78404636537277, 13.124286266740006], [77.78404636537277, 13.11511960011001], [77.78071303205274, 13.11511960011001], [77.78071303205274, 13.124286266740006]]]}}, {"type": "Feature", "properties": {"population": 4150}, "geometry": {"type": "Polygon", "coordinates": [[[77.4598797, 13.11511960011001], [77.46904636663008, 13.11511960011001], [77.46904636663008, 13.105952933480012], [77.4598797, 13.105952933480012], [77.4598797, 13.11511960011001]]]}}, {"type": "Feature", "properties": {"population": 5413}, "geometry": {"type": "Polygon", "coordinates": [[[77.46904636663008, 13.11511960011001], [77.47821303326016, 13.11511960011001], [77.47821303326016, 13.105952933480012], [77.46904636663008, 13.105952933480012], [77.46904636663008, 13.11511960011001]]]}}, {"type": "Feature", "properties": {"population": 7098}, "geometry": {"type": "Polygon", "coordinates": [[[77.47821303326016, 13.11511960011001], [77.48737969989024, 13.11511960011001], [77.48737969989024, 13.105952933480012], [77.47821303326016, 13.105952933480012], [77.47821303326016, 13.11511960011001]]]}}, {"type": "Feature", "properties": {"population": 5927}, "geometry": {"type": "Polygon", "coordinates": [[[77.48737969989024, 13.11511960011001], [77.49654636652032, 13.11511960011001], [77.49654636652032, 13.105952933480012], [77.48737969989024, 13.105952933480012], [77.48737969989024, 13.11511960011001]]]}}, {"type": "Feature", "properties": {"population": 5677}, "geometry": {"type": "Polygon", "coordinates": [[[77.49654636652032, 13.11511960011001], [77.5057130331504, 13.11511960011001], [77.5057130331504, 13.105952933480012], [77.49654636652032, 13.105952933480012], [77.49654636652032, 13.11511960011001]]]}}, {"type": "Feature", "properties": {"population": 5963}, "geometry": {"type": "Polygon", "coordinates": [[[77.5057130331504, 13.11511960011001], [77.51487969978047, 13.11511960011001], [77.51487969978047, 13.105952933480012], [77.5057130331504, 13.105952933480012], [77.5057130331504, 13.11511960011001]]]}}, {"type": "Feature", "properties": {"population": 8005}, "geometry": {"type": "Polygon", "coordinates": [[[77.51487969978047, 13.11511960011001], [77.52404636641054, 13.11511960011001], [77.52404636641054, 13.105952933480012], [77.51487969978047, 13.105952933480012], [77.51487969978047, 13.11511960011001]]]}}, {"type": "Feature", "properties": {"population": 8175}, "geometry": {"type": "Polygon", "coordinates": [[[77.52404636641054, 13.11511960011001], [77.53321303304062, 13.11511960011001], [77.53321303304062, 13.105952933480012], [77.52404636641054, 13.105952933480012], [77.52404636641054, 13.11511960011001]]]}}, {"type": "Feature", "properties": {"population": 6568}, "geometry": {"type": "Polygon", "coordinates": [[[77.53321303304062, 13.11511960011001], [77.5423796996707, 13.11511960011001], [77.5423796996707, 13.105952933480012], [77.53321303304062, 13.105952933480012], [77.53321303304062, 13.11511960011001]]]}}, {"type": "Feature", "properties": {"population": 6898}, "geometry": {"type": "Polygon", "coordinates": [[[77.5423796996707, 13.11511960011001], [77.55154636630078, 13.11511960011001], [77.55154636630078, 13.105952933480012], [77.5423796996707, 13.105952933480012], [77.5423796996707, 13.11511960011001]]]}}, {"type": "Feature", "properties": {"population": 9545}, "geometry": {"type": "Polygon", "coordinates": [[[77.55154636630078, 13.11511960011001], [77.56071303293086, 13.11511960011001], [77.56071303293086, 13.105952933480012], [77.55154636630078, 13.105952933480012], [77.55154636630078, 13.11511960011001]]]}}, {"type": "Feature", "properties": {"population": 10393}, "geometry": {"type": "Polygon", "coordinates": [[[77.56071303293086, 13.11511960011001], [77.56987969956094, 13.11511960011001], [77.56987969956094, 13.105952933480012], [77.56071303293086, 13.105952933480012], [77.56071303293086, 13.11511960011001]]]}}, {"type": "Feature", "properties": {"population": 16403}, "geometry": {"type": "Polygon", "coordinates": [[[77.56987969956094, 13.11511960011001], [77.57904636619102, 13.11511960011001], [77.57904636619102, 13.105952933480012], [77.56987969956094, 13.105952933480012], [77.56987969956094, 13.11511960011001]]]}}, {"type": "Feature", "properties": {"population": 23319}, "geometry": {"type": "Polygon", "coordinates": [[[77.57904636619102, 13.11511960011001], [77.5882130328211, 13.11511960011001], [77.5882130328211, 13.105952933480012], [77.57904636619102, 13.105952933480012], [77.57904636619102, 13.11511960011001]]]}}, {"type": "Feature", "properties": {"population": 10289}, "geometry": {"type": "Polygon", "coordinates": [[[77.5882130328211, 13.11511960011001], [77.59737969945118, 13.11511960011001], [77.59737969945118, 13.105952933480012], [77.5882130328211, 13.105952933480012], [77.5882130328211, 13.11511960011001]]]}}, {"type": "Feature", "properties": {"population": 13634}, "geometry": {"type": "Polygon", "coordinates": [[[77.59737969945118, 13.11511960011001], [77.60654636608126, 13.11511960011001], [77.60654636608126, 13.105952933480012], [77.59737969945118, 13.105952933480012], [77.59737969945118, 13.11511960011001]]]}}, {"type": "Feature", "properties": {"population": 15641}, "geometry": {"type": "Polygon", "coordinates": [[[77.60654636608126, 13.11511960011001], [77.61571303271134, 13.11511960011001], [77.61571303271134, 13.105952933480012], [77.60654636608126, 13.105952933480012], [77.60654636608126, 13.11511960011001]]]}}, {"type": "Feature", "properties": {"population": 7300}, "geometry": {"type": "Polygon", "coordinates": [[[77.61571303271134, 13.11511960011001], [77.6248796993414, 13.11511960011001], [77.6248796993414, 13.105952933480012], [77.61571303271134, 13.105952933480012], [77.61571303271134, 13.11511960011001]]]}}, {"type": "Feature", "properties": {"population": 10419}, "geometry": {"type": "Polygon", "coordinates": [[[77.6248796993414, 13.11511960011001], [77.63404636597149, 13.11511960011001], [77.63404636597149, 13.105952933480012], [77.6248796993414, 13.105952933480012], [77.6248796993414, 13.11511960011001]]]}}, {"type": "Feature", "properties": {"population": 2974}, "geometry": {"type": "Polygon", "coordinates": [[[77.63404636597149, 13.11511960011001], [77.64321303260157, 13.11511960011001], [77.64321303260157, 13.105952933480012], [77.63404636597149, 13.105952933480012], [77.63404636597149, 13.11511960011001]]]}}, {"type": "Feature", "properties": {"population": 364}, "geometry": {"type": "Polygon", "coordinates": [[[77.64321303260157, 13.11511960011001], [77.65237969923164, 13.11511960011001], [77.65237969923164, 13.105952933480012], [77.64321303260157, 13.105952933480012], [77.64321303260157, 13.11511960011001]]]}}, {"type": "Feature", "properties": {"population": 1414}, "geometry": {"type": "Polygon", "coordinates": [[[77.65237969923164, 13.11511960011001], [77.66154636586172, 13.11511960011001], [77.66154636586172, 13.105952933480012], [77.65237969923164, 13.105952933480012], [77.65237969923164, 13.11511960011001]]]}}, {"type": "Feature", "properties": {"population": 2435}, "geometry": {"type": "Polygon", "coordinates": [[[77.66154636586172, 13.11511960011001], [77.6707130324918, 13.11511960011001], [77.6707130324918, 13.105952933480012], [77.66154636586172, 13.105952933480012], [77.66154636586172, 13.11511960011001]]]}}, {"type": "Feature", "properties": {"population": 4564}, "geometry": {"type": "Polygon", "coordinates": [[[77.6707130324918, 13.11511960011001], [77.67987969912188, 13.11511960011001], [77.67987969912188, 13.105952933480012], [77.6707130324918, 13.105952933480012], [77.6707130324918, 13.11511960011001]]]}}, {"type": "Feature", "properties": {"population": 6147}, "geometry": {"type": "Polygon", "coordinates": [[[77.67987969912188, 13.11511960011001], [77.68904636575196, 13.11511960011001], [77.68904636575196, 13.105952933480012], [77.67987969912188, 13.105952933480012], [77.67987969912188, 13.11511960011001]]]}}, {"type": "Feature", "properties": {"population": 3899}, "geometry": {"type": "Polygon", "coordinates": [[[77.68904636575196, 13.11511960011001], [77.69821303238204, 13.11511960011001], [77.69821303238204, 13.105952933480012], [77.68904636575196, 13.105952933480012], [77.68904636575196, 13.11511960011001]]]}}, {"type": "Feature", "properties": {"population": 3114}, "geometry": {"type": "Polygon", "coordinates": [[[77.69821303238204, 13.11511960011001], [77.70737969901212, 13.11511960011001], [77.70737969901212, 13.105952933480012], [77.69821303238204, 13.105952933480012], [77.69821303238204, 13.11511960011001]]]}}, {"type": "Feature", "properties": {"population": 3139}, "geometry": {"type": "Polygon", "coordinates": [[[77.70737969901212, 13.11511960011001], [77.7165463656422, 13.11511960011001], [77.7165463656422, 13.105952933480012], [77.70737969901212, 13.105952933480012], [77.70737969901212, 13.11511960011001]]]}}, {"type": "Feature", "properties": {"population": 2485}, "geometry": {"type": "Polygon", "coordinates": [[[77.7165463656422, 13.11511960011001], [77.72571303227228, 13.11511960011001], [77.72571303227228, 13.105952933480012], [77.7165463656422, 13.105952933480012], [77.7165463656422, 13.11511960011001]]]}}, {"type": "Feature", "properties": {"population": 80}, "geometry": {"type": "Polygon", "coordinates": [[[77.72571303227228, 13.11511960011001], [77.73487969890235, 13.11511960011001], [77.73487969890235, 13.105952933480012], [77.72571303227228, 13.105952933480012], [77.72571303227228, 13.11511960011001]]]}}, {"type": "Feature", "properties": {"population": 82}, "geometry": {"type": "Polygon", "coordinates": [[[77.73487969890235, 13.11511960011001], [77.74404636553243, 13.11511960011001], [77.74404636553243, 13.105952933480012], [77.73487969890235, 13.105952933480012], [77.73487969890235, 13.11511960011001]]]}}, {"type": "Feature", "properties": {"population": 223}, "geometry": {"type": "Polygon", "coordinates": [[[77.74404636553243, 13.11511960011001], [77.7532130321625, 13.11511960011001], [77.7532130321625, 13.105952933480012], [77.74404636553243, 13.105952933480012], [77.74404636553243, 13.11511960011001]]]}}, {"type": "Feature", "properties": {"population": 383}, "geometry": {"type": "Polygon", "coordinates": [[[77.7532130321625, 13.11511960011001], [77.76237969879259, 13.11511960011001], [77.76237969879259, 13.105952933480012], [77.7532130321625, 13.105952933480012], [77.7532130321625, 13.11511960011001]]]}}, {"type": "Feature", "properties": {"population": 506}, "geometry": {"type": "Polygon", "coordinates": [[[77.76237969879259, 13.11511960011001], [77.77154636542267, 13.11511960011001], [77.77154636542267, 13.105952933480012], [77.76237969879259, 13.105952933480012], [77.76237969879259, 13.11511960011001]]]}}, {"type": "Feature", "properties": {"population": 718}, "geometry": {"type": "Polygon", "coordinates": [[[77.77154636542267, 13.11511960011001], [77.78071303205274, 13.11511960011001], [77.78071303205274, 13.105952933480012], [77.77154636542267, 13.105952933480012], [77.77154636542267, 13.11511960011001]]]}}, {"type": "Feature", "properties": {"population": 179}, "geometry": {"type": "Polygon", "coordinates": [[[77.78071303205274, 13.11511960011001], [77.78404636537277, 13.11511960011001], [77.78404636537277, 13.105952933480012], [77.78071303205274, 13.105952933480012], [77.78071303205274, 13.11511960011001]]]}}, {"type": "Feature", "properties": {"population": 4140}, "geometry": {"type": "Polygon", "coordinates": [[[77.4598797, 13.105952933480012], [77.46904636663008, 13.105952933480012], [77.46904636663008, 13.096786266850016], [77.4598797, 13.096786266850016], [77.4598797, 13.105952933480012]]]}}, {"type": "Feature", "properties": {"population": 5852}, "geometry": {"type": "Polygon", "coordinates": [[[77.46904636663008, 13.105952933480012], [77.47821303326016, 13.105952933480012], [77.47821303326016, 13.096786266850016], [77.46904636663008, 13.096786266850016], [77.46904636663008, 13.105952933480012]]]}}, {"type": "Feature", "properties": {"population": 7944}, "geometry": {"type": "Polygon", "coordinates": [[[77.47821303326016, 13.105952933480012], [77.48737969989024, 13.105952933480012], [77.48737969989024, 13.096786266850016], [77.47821303326016, 13.096786266850016], [77.47821303326016, 13.105952933480012]]]}}, {"type": "Feature", "properties": {"population": 6754}, "geometry": {"type": "Polygon", "coordinates": [[[77.48737969989024, 13.105952933480012], [77.49654636652032, 13.105952933480012], [77.49654636652032, 13.096786266850016], [77.48737969989024, 13.096786266850016], [77.48737969989024, 13.105952933480012]]]}}, {"type": "Feature", "properties": {"population": 5748}, "geometry": {"type": "Polygon", "coordinates": [[[77.49654636652032, 13.105952933480012], [77.5057130331504, 13.105952933480012], [77.5057130331504, 13.096786266850016], [77.49654636652032, 13.096786266850016], [77.49654636652032, 13.105952933480012]]]}}, {"type": "Feature", "properties": {"population": 5676}, "geometry": {"type": "Polygon", "coordinates": [[[77.5057130331504, 13.105952933480012], [77.51487969978047, 13.105952933480012], [77.51487969978047, 13.096786266850016], [77.5057130331504, 13.096786266850016], [77.5057130331504, 13.105952933480012]]]}}, {"type": "Feature", "properties": {"population": 7129}, "geometry": {"type": "Polygon", "coordinates": [[[77.51487969978047, 13.105952933480012], [77.52404636641054, 13.105952933480012], [77.52404636641054, 13.096786266850016], [77.51487969978047, 13.096786266850016], [77.51487969978047, 13.105952933480012]]]}}, {"type": "Feature", "properties": {"population": 7779}, "geometry": {"type": "Polygon", "coordinates": [[[77.52404636641054, 13.105952933480012], [77.53321303304062, 13.105952933480012], [77.53321303304062, 13.096786266850016], [77.52404636641054, 13.096786266850016], [77.52404636641054, 13.105952933480012]]]}}, {"type": "Feature", "properties": {"population": 8372}, "geometry": {"type": "Polygon", "coordinates": [[[77.53321303304062, 13.105952933480012], [77.5423796996707, 13.105952933480012], [77.5423796996707, 13.096786266850016], [77.53321303304062, 13.096786266850016], [77.53321303304062, 13.105952933480012]]]}}, {"type": "Feature", "properties": {"population": 10001}, "geometry": {"type": "Polygon", "coordinates": [[[77.5423796996707, 13.105952933480012], [77.55154636630078, 13.105952933480012], [77.55154636630078, 13.096786266850016], [77.5423796996707, 13.096786266850016], [77.5423796996707, 13.105952933480012]]]}}, {"type": "Feature", "properties": {"population": 9576}, "geometry": {"type": "Polygon", "coordinates": [[[77.55154636630078, 13.105952933480012], [77.56071303293086, 13.105952933480012], [77.56071303293086, 13.096786266850016], [77.55154636630078, 13.096786266850016], [77.55154636630078, 13.105952933480012]]]}}, {"type": "Feature", "properties": {"population": 19963}, "geometry": {"type": "Polygon", "coordinates": [[[77.56071303293086, 13.105952933480012], [77.56987969956094, 13.105952933480012], [77.56987969956094, 13.096786266850016], [77.56071303293086, 13.096786266850016], [77.56071303293086, 13.105952933480012]]]}}, {"type": "Feature", "properties": {"population": 47970}, "geometry": {"type": "Polygon", "coordinates": [[[77.56987969956094, 13.105952933480012], [77.57904636619102, 13.105952933480012], [77.57904636619102, 13.096786266850016], [77.56987969956094, 13.096786266850016], [77.56987969956094, 13.105952933480012]]]}}, {"type": "Feature", "properties": {"population": 48818}, "geometry": {"type": "Polygon", "coordinates": [[[77.57904636619102, 13.105952933480012], [77.5882130328211, 13.105952933480012], [77.5882130328211, 13.096786266850016], [77.57904636619102, 13.096786266850016], [77.57904636619102, 13.105952933480012]]]}}, {"type": "Feature", "properties": {"population": 36853}, "geometry": {"type": "Polygon", "coordinates": [[[77.5882130328211, 13.105952933480012], [77.59737969945118, 13.105952933480012], [77.59737969945118, 13.096786266850016], [77.5882130328211, 13.096786266850016], [77.5882130328211, 13.105952933480012]]]}}, {"type": "Feature", "properties": {"population": 17643}, "geometry": {"type": "Polygon", "coordinates": [[[77.59737969945118, 13.105952933480012], [77.60654636608126, 13.105952933480012], [77.60654636608126, 13.096786266850016], [77.59737969945118, 13.096786266850016], [77.59737969945118, 13.105952933480012]]]}}, {"type": "Feature", "properties": {"population": 11720}, "geometry": {"type": "Polygon", "coordinates": [[[77.60654636608126, 13.105952933480012], [77.61571303271134, 13.105952933480012], [77.61571303271134, 13.096786266850016], [77.60654636608126, 13.096786266850016], [77.60654636608126, 13.105952933480012]]]}}, {"type": "Feature", "properties": {"population": 9722}, "geometry": {"type": "Polygon", "coordinates": [[[77.61571303271134, 13.105952933480012], [77.6248796993414, 13.105952933480012], [77.6248796993414, 13.096786266850016], [77.61571303271134, 13.096786266850016], [77.61571303271134, 13.105952933480012]]]}}, {"type": "Feature", "properties": {"population": 14170}, "geometry": {"type": "Polygon", "coordinates": [[[77.6248796993414, 13.105952933480012], [77.63404636597149, 13.105952933480012], [77.63404636597149, 13.096786266850016], [77.6248796993414, 13.096786266850016], [77.6248796993414, 13.105952933480012]]]}}, {"type": "Feature", "properties": {"population": 7678}, "geometry": {"type": "Polygon", "coordinates": [[[77.63404636597149, 13.105952933480012], [77.64321303260157, 13.105952933480012], [77.64321303260157, 13.096786266850016], [77.63404636597149, 13.096786266850016], [77.63404636597149, 13.105952933480012]]]}}, {"type": "Feature", "properties": {"population": 2562}, "geometry": {"type": "Polygon", "coordinates": [[[77.64321303260157, 13.105952933480012], [77.65237969923164, 13.105952933480012], [77.65237969923164, 13.096786266850016], [77.64321303260157, 13.096786266850016], [77.64321303260157, 13.105952933480012]]]}}, {"type": "Feature", "properties": {"population": 210}, "geometry": {"type": "Polygon", "coordinates": [[[77.65237969923164, 13.105952933480012], [77.66154636586172, 13.105952933480012], [77.66154636586172, 13.096786266850016], [77.65237969923164, 13.096786266850016], [77.65237969923164, 13.105952933480012]]]}}, {"type": "Feature", "properties": {"population": 186}, "geometry": {"type": "Polygon", "coordinates": [[[77.66154636586172, 13.105952933480012], [77.6707130324918, 13.105952933480012], [77.6707130324918, 13.096786266850016], [77.66154636586172, 13.096786266850016], [77.66154636586172, 13.105952933480012]]]}}, {"type": "Feature", "properties": {"population": 574}, "geometry": {"type": "Polygon", "coordinates": [[[77.6707130324918, 13.105952933480012], [77.67987969912188, 13.105952933480012], [77.67987969912188, 13.096786266850016], [77.6707130324918, 13.096786266850016], [77.6707130324918, 13.105952933480012]]]}}, {"type": "Feature", "properties": {"population": 1476}, "geometry": {"type": "Polygon", "coordinates": [[[77.67987969912188, 13.105952933480012], [77.68904636575196, 13.105952933480012], [77.68904636575196, 13.096786266850016], [77.67987969912188, 13.096786266850016], [77.67987969912188, 13.105952933480012]]]}}, {"type": "Feature", "properties": {"population": 713}, "geometry": {"type": "Polygon", "coordinates": [[[77.68904636575196, 13.105952933480012], [77.69821303238204, 13.105952933480012], [77.69821303238204, 13.096786266850016], [77.68904636575196, 13.096786266850016], [77.68904636575196, 13.105952933480012]]]}}, {"type": "Feature", "properties": {"population": 708}, "geometry": {"type": "Polygon", "coordinates": [[[77.69821303238204, 13.105952933480012], [77.70737969901212, 13.105952933480012], [77.70737969901212, 13.096786266850016], [77.69821303238204, 13.096786266850016], [77.69821303238204, 13.105952933480012]]]}}, {"type": "Feature", "properties": {"population": 2740}, "geometry": {"type": "Polygon", "coordinates": [[[77.70737969901212, 13.105952933480012], [77.7165463656422, 13.105952933480012], [77.7165463656422, 13.096786266850016], [77.70737969901212, 13.096786266850016], [77.70737969901212, 13.105952933480012]]]}}, {"type": "Feature", "properties": {"population": 3216}, "geometry": {"type": "Polygon", "coordinates": [[[77.7165463656422, 13.105952933480012], [77.72571303227228, 13.105952933480012], [77.72571303227228, 13.096786266850016], [77.7165463656422, 13.096786266850016], [77.7165463656422, 13.105952933480012]]]}}, {"type": "Feature", "properties": {"population": 94}, "geometry": {"type": "Polygon", "coordinates": [[[77.72571303227228, 13.105952933480012], [77.73487969890235, 13.105952933480012], [77.73487969890235, 13.096786266850016], [77.72571303227228, 13.096786266850016], [77.72571303227228, 13.105952933480012]]]}}, {"type": "Feature", "properties": {"population": 98}, "geometry": {"type": "Polygon", "coordinates": [[[77.73487969890235, 13.105952933480012], [77.74404636553243, 13.105952933480012], [77.74404636553243, 13.096786266850016], [77.73487969890235, 13.096786266850016], [77.73487969890235, 13.105952933480012]]]}}, {"type": "Feature", "properties": {"population": 272}, "geometry": {"type": "Polygon", "coordinates": [[[77.74404636553243, 13.105952933480012], [77.7532130321625, 13.105952933480012], [77.7532130321625, 13.096786266850016], [77.74404636553243, 13.096786266850016], [77.74404636553243, 13.105952933480012]]]}}, {"type": "Feature", "properties": {"population": 454}, "geometry": {"type": "Polygon", "coordinates": [[[77.7532130321625, 13.105952933480012], [77.76237969879259, 13.105952933480012], [77.76237969879259, 13.096786266850016], [77.7532130321625, 13.096786266850016], [77.7532130321625, 13.105952933480012]]]}}, {"type": "Feature", "properties": {"population": 455}, "geometry": {"type": "Polygon", "coordinates": [[[77.76237969879259, 13.105952933480012], [77.77154636542267, 13.105952933480012], [77.77154636542267, 13.096786266850016], [77.76237969879259, 13.096786266850016], [77.76237969879259, 13.105952933480012]]]}}, {"type": "Feature", "properties": {"population": 856}, "geometry": {"type": "Polygon", "coordinates": [[[77.77154636542267, 13.105952933480012], [77.78071303205274, 13.105952933480012], [77.78071303205274, 13.096786266850016], [77.77154636542267, 13.096786266850016], [77.77154636542267, 13.105952933480012]]]}}, {"type": "Feature", "properties": {"population": 245}, "geometry": {"type": "Polygon", "coordinates": [[[77.78071303205274, 13.105952933480012], [77.78404636537277, 13.105952933480012], [77.78404636537277, 13.096786266850016], [77.78071303205274, 13.096786266850016], [77.78071303205274, 13.105952933480012]]]}}, {"type": "Feature", "properties": {"population": 5686}, "geometry": {"type": "Polygon", "coordinates": [[[77.4598797, 13.096786266850016], [77.46904636663008, 13.096786266850016], [77.46904636663008, 13.08761960022002], [77.4598797, 13.08761960022002], [77.4598797, 13.096786266850016]]]}}, {"type": "Feature", "properties": {"population": 6230}, "geometry": {"type": "Polygon", "coordinates": [[[77.46904636663008, 13.096786266850016], [77.47821303326016, 13.096786266850016], [77.47821303326016, 13.08761960022002], [77.46904636663008, 13.08761960022002], [77.46904636663008, 13.096786266850016]]]}}, {"type": "Feature", "properties": {"population": 7681}, "geometry": {"type": "Polygon", "coordinates": [[[77.47821303326016, 13.096786266850016], [77.48737969989024, 13.096786266850016], [77.48737969989024, 13.08761960022002], [77.47821303326016, 13.08761960022002], [77.47821303326016, 13.096786266850016]]]}}, {"type": "Feature", "properties": {"population": 8453}, "geometry": {"type": "Polygon", "coordinates": [[[77.48737969989024, 13.096786266850016], [77.49654636652032, 13.096786266850016], [77.49654636652032, 13.08761960022002], [77.48737969989024, 13.08761960022002], [77.48737969989024, 13.096786266850016]]]}}, {"type": "Feature", "properties": {"population": 8345}, "geometry": {"type": "Polygon", "coordinates": [[[77.49654636652032, 13.096786266850016], [77.5057130331504, 13.096786266850016], [77.5057130331504, 13.08761960022002], [77.49654636652032, 13.08761960022002], [77.49654636652032, 13.096786266850016]]]}}, {"type": "Feature", "properties": {"population": 8044}, "geometry": {"type": "Polygon", "coordinates": [[[77.5057130331504, 13.096786266850016], [77.51487969978047, 13.096786266850016], [77.51487969978047, 13.08761960022002], [77.5057130331504, 13.08761960022002], [77.5057130331504, 13.096786266850016]]]}}, {"type": "Feature", "properties": {"population": 8610}, "geometry": {"type": "Polygon", "coordinates": [[[77.51487969978047, 13.096786266850016], [77.52404636641054, 13.096786266850016], [77.52404636641054, 13.08761960022002], [77.51487969978047, 13.08761960022002], [77.51487969978047, 13.096786266850016]]]}}, {"type": "Feature", "properties": {"population": 9019}, "geometry": {"type": "Polygon", "coordinates": [[[77.52404636641054, 13.096786266850016], [77.53321303304062, 13.096786266850016], [77.53321303304062, 13.08761960022002], [77.52404636641054, 13.08761960022002], [77.52404636641054, 13.096786266850016]]]}}, {"type": "Feature", "properties": {"population": 9112}, "geometry": {"type": "Polygon", "coordinates": [[[77.53321303304062, 13.096786266850016], [77.5423796996707, 13.096786266850016], [77.5423796996707, 13.08761960022002], [77.53321303304062, 13.08761960022002], [77.53321303304062, 13.096786266850016]]]}}, {"type": "Feature", "properties": {"population": 9867}, "geometry": {"type": "Polygon", "coordinates": [[[77.5423796996707, 13.096786266850016], [77.55154636630078, 13.096786266850016], [77.55154636630078, 13.08761960022002], [77.5423796996707, 13.08761960022002], [77.5423796996707, 13.096786266850016]]]}}, {"type": "Feature", "properties": {"population": 16718}, "geometry": {"type": "Polygon", "coordinates": [[[77.55154636630078, 13.096786266850016], [77.56071303293086, 13.096786266850016], [77.56071303293086, 13.08761960022002], [77.55154636630078, 13.08761960022002], [77.55154636630078, 13.096786266850016]]]}}, {"type": "Feature", "properties": {"population": 9561}, "geometry": {"type": "Polygon", "coordinates": [[[77.56071303293086, 13.096786266850016], [77.56987969956094, 13.096786266850016], [77.56987969956094, 13.08761960022002], [77.56071303293086, 13.08761960022002], [77.56071303293086, 13.096786266850016]]]}}, {"type": "Feature", "properties": {"population": 15751}, "geometry": {"type": "Polygon", "coordinates": [[[77.56987969956094, 13.096786266850016], [77.57904636619102, 13.096786266850016], [77.57904636619102, 13.08761960022002], [77.56987969956094, 13.08761960022002], [77.56987969956094, 13.096786266850016]]]}}, {"type": "Feature", "properties": {"population": 31712}, "geometry": {"type": "Polygon", "coordinates": [[[77.57904636619102, 13.096786266850016], [77.5882130328211, 13.096786266850016], [77.5882130328211, 13.08761960022002], [77.57904636619102, 13.08761960022002], [77.57904636619102, 13.096786266850016]]]}}, {"type": "Feature", "properties": {"population": 22441}, "geometry": {"type": "Polygon", "coordinates": [[[77.5882130328211, 13.096786266850016], [77.59737969945118, 13.096786266850016], [77.59737969945118, 13.08761960022002], [77.5882130328211, 13.08761960022002], [77.5882130328211, 13.096786266850016]]]}}, {"type": "Feature", "properties": {"population": 11566}, "geometry": {"type": "Polygon", "coordinates": [[[77.59737969945118, 13.096786266850016], [77.60654636608126, 13.096786266850016], [77.60654636608126, 13.08761960022002], [77.59737969945118, 13.08761960022002], [77.59737969945118, 13.096786266850016]]]}}, {"type": "Feature", "properties": {"population": 8991}, "geometry": {"type": "Polygon", "coordinates": [[[77.60654636608126, 13.096786266850016], [77.61571303271134, 13.096786266850016], [77.61571303271134, 13.08761960022002], [77.60654636608126, 13.08761960022002], [77.60654636608126, 13.096786266850016]]]}}, {"type": "Feature", "properties": {"population": 10228}, "geometry": {"type": "Polygon", "coordinates": [[[77.61571303271134, 13.096786266850016], [77.6248796993414, 13.096786266850016], [77.6248796993414, 13.08761960022002], [77.61571303271134, 13.08761960022002], [77.61571303271134, 13.096786266850016]]]}}, {"type": "Feature", "properties": {"population": 9077}, "geometry": {"type": "Polygon", "coordinates": [[[77.6248796993414, 13.096786266850016], [77.63404636597149, 13.096786266850016], [77.63404636597149, 13.08761960022002], [77.6248796993414, 13.08761960022002], [77.6248796993414, 13.096786266850016]]]}}, {"type": "Feature", "properties": {"population": 9303}, "geometry": {"type": "Polygon", "coordinates": [[[77.63404636597149, 13.096786266850016], [77.64321303260157, 13.096786266850016], [77.64321303260157, 13.08761960022002], [77.63404636597149, 13.08761960022002], [77.63404636597149, 13.096786266850016]]]}}, {"type": "Feature", "properties": {"population": 1189}, "geometry": {"type": "Polygon", "coordinates": [[[77.64321303260157, 13.096786266850016], [77.65237969923164, 13.096786266850016], [77.65237969923164, 13.08761960022002], [77.64321303260157, 13.08761960022002], [77.64321303260157, 13.096786266850016]]]}}, {"type": "Feature", "properties": {"population": 255}, "geometry": {"type": "Polygon", "coordinates": [[[77.65237969923164, 13.096786266850016], [77.66154636586172, 13.096786266850016], [77.66154636586172, 13.08761960022002], [77.65237969923164, 13.08761960022002], [77.65237969923164, 13.096786266850016]]]}}, {"type": "Feature", "properties": {"population": 208}, "geometry": {"type": "Polygon", "coordinates": [[[77.66154636586172, 13.096786266850016], [77.6707130324918, 13.096786266850016], [77.6707130324918, 13.08761960022002], [77.66154636586172, 13.08761960022002], [77.66154636586172, 13.096786266850016]]]}}, {"type": "Feature", "properties": {"population": 141}, "geometry": {"type": "Polygon", "coordinates": [[[77.6707130324918, 13.096786266850016], [77.67987969912188, 13.096786266850016], [77.67987969912188, 13.08761960022002], [77.6707130324918, 13.08761960022002], [77.6707130324918, 13.096786266850016]]]}}, {"type": "Feature", "properties": {"population": 159}, "geometry": {"type": "Polygon", "coordinates": [[[77.67987969912188, 13.096786266850016], [77.68904636575196, 13.096786266850016], [77.68904636575196, 13.08761960022002], [77.67987969912188, 13.08761960022002], [77.67987969912188, 13.096786266850016]]]}}, {"type": "Feature", "properties": {"population": 135}, "geometry": {"type": "Polygon", "coordinates": [[[77.68904636575196, 13.096786266850016], [77.69821303238204, 13.096786266850016], [77.69821303238204, 13.08761960022002], [77.68904636575196, 13.08761960022002], [77.68904636575196, 13.096786266850016]]]}}, {"type": "Feature", "properties": {"population": 111}, "geometry": {"type": "Polygon", "coordinates": [[[77.69821303238204, 13.096786266850016], [77.70737969901212, 13.096786266850016], [77.70737969901212, 13.08761960022002], [77.69821303238204, 13.08761960022002], [77.69821303238204, 13.096786266850016]]]}}, {"type": "Feature", "properties": {"population": 212}, "geometry": {"type": "Polygon", "coordinates": [[[77.70737969901212, 13.096786266850016], [77.7165463656422, 13.096786266850016], [77.7165463656422, 13.08761960022002], [77.70737969901212, 13.08761960022002], [77.70737969901212, 13.096786266850016]]]}}, {"type": "Feature", "properties": {"population": 1129}, "geometry": {"type": "Polygon", "coordinates": [[[77.7165463656422, 13.096786266850016], [77.72571303227228, 13.096786266850016], [77.72571303227228, 13.08761960022002], [77.7165463656422, 13.08761960022002], [77.7165463656422, 13.096786266850016]]]}}, {"type": "Feature", "properties": {"population": 118}, "geometry": {"type": "Polygon", "coordinates": [[[77.72571303227228, 13.096786266850016], [77.73487969890235, 13.096786266850016], [77.73487969890235, 13.08761960022002], [77.72571303227228, 13.08761960022002], [77.72571303227228, 13.096786266850016]]]}}, {"type": "Feature", "properties": {"population": 154}, "geometry": {"type": "Polygon", "coordinates": [[[77.73487969890235, 13.096786266850016], [77.74404636553243, 13.096786266850016], [77.74404636553243, 13.08761960022002], [77.73487969890235, 13.08761960022002], [77.73487969890235, 13.096786266850016]]]}}, {"type": "Feature", "properties": {"population": 261}, "geometry": {"type": "Polygon", "coordinates": [[[77.74404636553243, 13.096786266850016], [77.7532130321625, 13.096786266850016], [77.7532130321625, 13.08761960022002], [77.74404636553243, 13.08761960022002], [77.74404636553243, 13.096786266850016]]]}}, {"type": "Feature", "properties": {"population": 460}, "geometry": {"type": "Polygon", "coordinates": [[[77.7532130321625, 13.096786266850016], [77.76237969879259, 13.096786266850016], [77.76237969879259, 13.08761960022002], [77.7532130321625, 13.08761960022002], [77.7532130321625, 13.096786266850016]]]}}, {"type": "Feature", "properties": {"population": 136}, "geometry": {"type": "Polygon", "coordinates": [[[77.76237969879259, 13.096786266850016], [77.77154636542267, 13.096786266850016], [77.77154636542267, 13.08761960022002], [77.76237969879259, 13.08761960022002], [77.76237969879259, 13.096786266850016]]]}}, {"type": "Feature", "properties": {"population": 632}, "geometry": {"type": "Polygon", "coordinates": [[[77.77154636542267, 13.096786266850016], [77.78071303205274, 13.096786266850016], [77.78071303205274, 13.08761960022002], [77.77154636542267, 13.08761960022002], [77.77154636542267, 13.096786266850016]]]}}, {"type": "Feature", "properties": {"population": 261}, "geometry": {"type": "Polygon", "coordinates": [[[77.78071303205274, 13.096786266850016], [77.78404636537277, 13.096786266850016], [77.78404636537277, 13.08761960022002], [77.78071303205274, 13.08761960022002], [77.78071303205274, 13.096786266850016]]]}}, {"type": "Feature", "properties": {"population": 7995}, "geometry": {"type": "Polygon", "coordinates": [[[77.4598797, 13.08761960022002], [77.46904636663008, 13.08761960022002], [77.46904636663008, 13.078452933590022], [77.4598797, 13.078452933590022], [77.4598797, 13.08761960022002]]]}}, {"type": "Feature", "properties": {"population": 7478}, "geometry": {"type": "Polygon", "coordinates": [[[77.46904636663008, 13.08761960022002], [77.47821303326016, 13.08761960022002], [77.47821303326016, 13.078452933590022], [77.46904636663008, 13.078452933590022], [77.46904636663008, 13.08761960022002]]]}}, {"type": "Feature", "properties": {"population": 8114}, "geometry": {"type": "Polygon", "coordinates": [[[77.47821303326016, 13.08761960022002], [77.48737969989024, 13.08761960022002], [77.48737969989024, 13.078452933590022], [77.47821303326016, 13.078452933590022], [77.47821303326016, 13.08761960022002]]]}}, {"type": "Feature", "properties": {"population": 8138}, "geometry": {"type": "Polygon", "coordinates": [[[77.48737969989024, 13.08761960022002], [77.49654636652032, 13.08761960022002], [77.49654636652032, 13.078452933590022], [77.48737969989024, 13.078452933590022], [77.48737969989024, 13.08761960022002]]]}}, {"type": "Feature", "properties": {"population": 9797}, "geometry": {"type": "Polygon", "coordinates": [[[77.49654636652032, 13.08761960022002], [77.5057130331504, 13.08761960022002], [77.5057130331504, 13.078452933590022], [77.49654636652032, 13.078452933590022], [77.49654636652032, 13.08761960022002]]]}}, {"type": "Feature", "properties": {"population": 7757}, "geometry": {"type": "Polygon", "coordinates": [[[77.5057130331504, 13.08761960022002], [77.51487969978047, 13.08761960022002], [77.51487969978047, 13.078452933590022], [77.5057130331504, 13.078452933590022], [77.5057130331504, 13.08761960022002]]]}}, {"type": "Feature", "properties": {"population": 8985}, "geometry": {"type": "Polygon", "coordinates": [[[77.51487969978047, 13.08761960022002], [77.52404636641054, 13.08761960022002], [77.52404636641054, 13.078452933590022], [77.51487969978047, 13.078452933590022], [77.51487969978047, 13.08761960022002]]]}}, {"type": "Feature", "properties": {"population": 9146}, "geometry": {"type": "Polygon", "coordinates": [[[77.52404636641054, 13.08761960022002], [77.53321303304062, 13.08761960022002], [77.53321303304062, 13.078452933590022], [77.52404636641054, 13.078452933590022], [77.52404636641054, 13.08761960022002]]]}}, {"type": "Feature", "properties": {"population": 8054}, "geometry": {"type": "Polygon", "coordinates": [[[77.53321303304062, 13.08761960022002], [77.5423796996707, 13.08761960022002], [77.5423796996707, 13.078452933590022], [77.53321303304062, 13.078452933590022], [77.53321303304062, 13.08761960022002]]]}}, {"type": "Feature", "properties": {"population": 17905}, "geometry": {"type": "Polygon", "coordinates": [[[77.5423796996707, 13.08761960022002], [77.55154636630078, 13.08761960022002], [77.55154636630078, 13.078452933590022], [77.5423796996707, 13.078452933590022], [77.5423796996707, 13.08761960022002]]]}}, {"type": "Feature", "properties": {"population": 37595}, "geometry": {"type": "Polygon", "coordinates": [[[77.55154636630078, 13.08761960022002], [77.56071303293086, 13.08761960022002], [77.56071303293086, 13.078452933590022], [77.55154636630078, 13.078452933590022], [77.55154636630078, 13.08761960022002]]]}}, {"type": "Feature", "properties": {"population": 14488}, "geometry": {"type": "Polygon", "coordinates": [[[77.56071303293086, 13.08761960022002], [77.56987969956094, 13.08761960022002], [77.56987969956094, 13.078452933590022], [77.56071303293086, 13.078452933590022], [77.56071303293086, 13.08761960022002]]]}}, {"type": "Feature", "properties": {"population": 10278}, "geometry": {"type": "Polygon", "coordinates": [[[77.56987969956094, 13.08761960022002], [77.57904636619102, 13.08761960022002], [77.57904636619102, 13.078452933590022], [77.56987969956094, 13.078452933590022], [77.56987969956094, 13.08761960022002]]]}}, {"type": "Feature", "properties": {"population": 15375}, "geometry": {"type": "Polygon", "coordinates": [[[77.57904636619102, 13.08761960022002], [77.5882130328211, 13.08761960022002], [77.5882130328211, 13.078452933590022], [77.57904636619102, 13.078452933590022], [77.57904636619102, 13.08761960022002]]]}}, {"type": "Feature", "properties": {"population": 11968}, "geometry": {"type": "Polygon", "coordinates": [[[77.5882130328211, 13.08761960022002], [77.59737969945118, 13.08761960022002], [77.59737969945118, 13.078452933590022], [77.5882130328211, 13.078452933590022], [77.5882130328211, 13.08761960022002]]]}}, {"type": "Feature", "properties": {"population": 10308}, "geometry": {"type": "Polygon", "coordinates": [[[77.59737969945118, 13.08761960022002], [77.60654636608126, 13.08761960022002], [77.60654636608126, 13.078452933590022], [77.59737969945118, 13.078452933590022], [77.59737969945118, 13.08761960022002]]]}}, {"type": "Feature", "properties": {"population": 6232}, "geometry": {"type": "Polygon", "coordinates": [[[77.60654636608126, 13.08761960022002], [77.61571303271134, 13.08761960022002], [77.61571303271134, 13.078452933590022], [77.60654636608126, 13.078452933590022], [77.60654636608126, 13.08761960022002]]]}}, {"type": "Feature", "properties": {"population": 8907}, "geometry": {"type": "Polygon", "coordinates": [[[77.61571303271134, 13.08761960022002], [77.6248796993414, 13.08761960022002], [77.6248796993414, 13.078452933590022], [77.61571303271134, 13.078452933590022], [77.61571303271134, 13.08761960022002]]]}}, {"type": "Feature", "properties": {"population": 10524}, "geometry": {"type": "Polygon", "coordinates": [[[77.6248796993414, 13.08761960022002], [77.63404636597149, 13.08761960022002], [77.63404636597149, 13.078452933590022], [77.6248796993414, 13.078452933590022], [77.6248796993414, 13.08761960022002]]]}}, {"type": "Feature", "properties": {"population": 9270}, "geometry": {"type": "Polygon", "coordinates": [[[77.63404636597149, 13.08761960022002], [77.64321303260157, 13.08761960022002], [77.64321303260157, 13.078452933590022], [77.63404636597149, 13.078452933590022], [77.63404636597149, 13.08761960022002]]]}}, {"type": "Feature", "properties": {"population": 1451}, "geometry": {"type": "Polygon", "coordinates": [[[77.64321303260157, 13.08761960022002], [77.65237969923164, 13.08761960022002], [77.65237969923164, 13.078452933590022], [77.64321303260157, 13.078452933590022], [77.64321303260157, 13.08761960022002]]]}}, {"type": "Feature", "properties": {"population": 299}, "geometry": {"type": "Polygon", "coordinates": [[[77.65237969923164, 13.08761960022002], [77.66154636586172, 13.08761960022002], [77.66154636586172, 13.078452933590022], [77.65237969923164, 13.078452933590022], [77.65237969923164, 13.08761960022002]]]}}, {"type": "Feature", "properties": {"population": 214}, "geometry": {"type": "Polygon", "coordinates": [[[77.66154636586172, 13.08761960022002], [77.6707130324918, 13.08761960022002], [77.6707130324918, 13.078452933590022], [77.66154636586172, 13.078452933590022], [77.66154636586172, 13.08761960022002]]]}}, {"type": "Feature", "properties": {"population": 190}, "geometry": {"type": "Polygon", "coordinates": [[[77.6707130324918, 13.08761960022002], [77.67987969912188, 13.08761960022002], [77.67987969912188, 13.078452933590022], [77.6707130324918, 13.078452933590022], [77.6707130324918, 13.08761960022002]]]}}, {"type": "Feature", "properties": {"population": 178}, "geometry": {"type": "Polygon", "coordinates": [[[77.67987969912188, 13.08761960022002], [77.68904636575196, 13.08761960022002], [77.68904636575196, 13.078452933590022], [77.67987969912188, 13.078452933590022], [77.67987969912188, 13.08761960022002]]]}}, {"type": "Feature", "properties": {"population": 143}, "geometry": {"type": "Polygon", "coordinates": [[[77.68904636575196, 13.08761960022002], [77.69821303238204, 13.08761960022002], [77.69821303238204, 13.078452933590022], [77.68904636575196, 13.078452933590022], [77.68904636575196, 13.08761960022002]]]}}, {"type": "Feature", "properties": {"population": 118}, "geometry": {"type": "Polygon", "coordinates": [[[77.69821303238204, 13.08761960022002], [77.70737969901212, 13.08761960022002], [77.70737969901212, 13.078452933590022], [77.69821303238204, 13.078452933590022], [77.69821303238204, 13.08761960022002]]]}}, {"type": "Feature", "properties": {"population": 166}, "geometry": {"type": "Polygon", "coordinates": [[[77.70737969901212, 13.08761960022002], [77.7165463656422, 13.08761960022002], [77.7165463656422, 13.078452933590022], [77.70737969901212, 13.078452933590022], [77.70737969901212, 13.08761960022002]]]}}, {"type": "Feature", "properties": {"population": 142}, "geometry": {"type": "Polygon", "coordinates": [[[77.7165463656422, 13.08761960022002], [77.72571303227228, 13.08761960022002], [77.72571303227228, 13.078452933590022], [77.7165463656422, 13.078452933590022], [77.7165463656422, 13.08761960022002]]]}}, {"type": "Feature", "properties": {"population": 175}, "geometry": {"type": "Polygon", "coordinates": [[[77.72571303227228, 13.08761960022002], [77.73487969890235, 13.08761960022002], [77.73487969890235, 13.078452933590022], [77.72571303227228, 13.078452933590022], [77.72571303227228, 13.08761960022002]]]}}, {"type": "Feature", "properties": {"population": 210}, "geometry": {"type": "Polygon", "coordinates": [[[77.73487969890235, 13.08761960022002], [77.74404636553243, 13.08761960022002], [77.74404636553243, 13.078452933590022], [77.73487969890235, 13.078452933590022], [77.73487969890235, 13.08761960022002]]]}}, {"type": "Feature", "properties": {"population": 243}, "geometry": {"type": "Polygon", "coordinates": [[[77.74404636553243, 13.08761960022002], [77.7532130321625, 13.08761960022002], [77.7532130321625, 13.078452933590022], [77.74404636553243, 13.078452933590022], [77.74404636553243, 13.08761960022002]]]}}, {"type": "Feature", "properties": {"population": 333}, "geometry": {"type": "Polygon", "coordinates": [[[77.7532130321625, 13.08761960022002], [77.76237969879259, 13.08761960022002], [77.76237969879259, 13.078452933590022], [77.7532130321625, 13.078452933590022], [77.7532130321625, 13.08761960022002]]]}}, {"type": "Feature", "properties": {"population": 530}, "geometry": {"type": "Polygon", "coordinates": [[[77.77154636542267, 13.08761960022002], [77.78071303205274, 13.08761960022002], [77.78071303205274, 13.078452933590022], [77.77154636542267, 13.078452933590022], [77.77154636542267, 13.08761960022002]]]}}, {"type": "Feature", "properties": {"population": 333}, "geometry": {"type": "Polygon", "coordinates": [[[77.78071303205274, 13.08761960022002], [77.78404636537277, 13.08761960022002], [77.78404636537277, 13.078452933590022], [77.78071303205274, 13.078452933590022], [77.78071303205274, 13.08761960022002]]]}}, {"type": "Feature", "properties": {"population": 7845}, "geometry": {"type": "Polygon", "coordinates": [[[77.4598797, 13.078452933590022], [77.46904636663008, 13.078452933590022], [77.46904636663008, 13.069286266960026], [77.4598797, 13.069286266960026], [77.4598797, 13.078452933590022]]]}}, {"type": "Feature", "properties": {"population": 8790}, "geometry": {"type": "Polygon", "coordinates": [[[77.46904636663008, 13.078452933590022], [77.47821303326016, 13.078452933590022], [77.47821303326016, 13.069286266960026], [77.46904636663008, 13.069286266960026], [77.46904636663008, 13.078452933590022]]]}}, {"type": "Feature", "properties": {"population": 9089}, "geometry": {"type": "Polygon", "coordinates": [[[77.47821303326016, 13.078452933590022], [77.48737969989024, 13.078452933590022], [77.48737969989024, 13.069286266960026], [77.47821303326016, 13.069286266960026], [77.47821303326016, 13.078452933590022]]]}}, {"type": "Feature", "properties": {"population": 8951}, "geometry": {"type": "Polygon", "coordinates": [[[77.48737969989024, 13.078452933590022], [77.49654636652032, 13.078452933590022], [77.49654636652032, 13.069286266960026], [77.48737969989024, 13.069286266960026], [77.48737969989024, 13.078452933590022]]]}}, {"type": "Feature", "properties": {"population": 14240}, "geometry": {"type": "Polygon", "coordinates": [[[77.49654636652032, 13.078452933590022], [77.5057130331504, 13.078452933590022], [77.5057130331504, 13.069286266960026], [77.49654636652032, 13.069286266960026], [77.49654636652032, 13.078452933590022]]]}}, {"type": "Feature", "properties": {"population": 11159}, "geometry": {"type": "Polygon", "coordinates": [[[77.5057130331504, 13.078452933590022], [77.51487969978047, 13.078452933590022], [77.51487969978047, 13.069286266960026], [77.5057130331504, 13.069286266960026], [77.5057130331504, 13.078452933590022]]]}}, {"type": "Feature", "properties": {"population": 9276}, "geometry": {"type": "Polygon", "coordinates": [[[77.51487969978047, 13.078452933590022], [77.52404636641054, 13.078452933590022], [77.52404636641054, 13.069286266960026], [77.51487969978047, 13.069286266960026], [77.51487969978047, 13.078452933590022]]]}}, {"type": "Feature", "properties": {"population": 12290}, "geometry": {"type": "Polygon", "coordinates": [[[77.52404636641054, 13.078452933590022], [77.53321303304062, 13.078452933590022], [77.53321303304062, 13.069286266960026], [77.52404636641054, 13.069286266960026], [77.52404636641054, 13.078452933590022]]]}}, {"type": "Feature", "properties": {"population": 11654}, "geometry": {"type": "Polygon", "coordinates": [[[77.53321303304062, 13.078452933590022], [77.5423796996707, 13.078452933590022], [77.5423796996707, 13.069286266960026], [77.53321303304062, 13.069286266960026], [77.53321303304062, 13.078452933590022]]]}}, {"type": "Feature", "properties": {"population": 9835}, "geometry": {"type": "Polygon", "coordinates": [[[77.5423796996707, 13.078452933590022], [77.55154636630078, 13.078452933590022], [77.55154636630078, 13.069286266960026], [77.5423796996707, 13.069286266960026], [77.5423796996707, 13.078452933590022]]]}}, {"type": "Feature", "properties": {"population": 27252}, "geometry": {"type": "Polygon", "coordinates": [[[77.55154636630078, 13.078452933590022], [77.56071303293086, 13.078452933590022], [77.56071303293086, 13.069286266960026], [77.55154636630078, 13.069286266960026], [77.55154636630078, 13.078452933590022]]]}}, {"type": "Feature", "properties": {"population": 21352}, "geometry": {"type": "Polygon", "coordinates": [[[77.56071303293086, 13.078452933590022], [77.56987969956094, 13.078452933590022], [77.56987969956094, 13.069286266960026], [77.56071303293086, 13.069286266960026], [77.56071303293086, 13.078452933590022]]]}}, {"type": "Feature", "properties": {"population": 13221}, "geometry": {"type": "Polygon", "coordinates": [[[77.56987969956094, 13.078452933590022], [77.57904636619102, 13.078452933590022], [77.57904636619102, 13.069286266960026], [77.56987969956094, 13.069286266960026], [77.56987969956094, 13.078452933590022]]]}}, {"type": "Feature", "properties": {"population": 10499}, "geometry": {"type": "Polygon", "coordinates": [[[77.57904636619102, 13.078452933590022], [77.5882130328211, 13.078452933590022], [77.5882130328211, 13.069286266960026], [77.57904636619102, 13.069286266960026], [77.57904636619102, 13.078452933590022]]]}}, {"type": "Feature", "properties": {"population": 16780}, "geometry": {"type": "Polygon", "coordinates": [[[77.5882130328211, 13.078452933590022], [77.59737969945118, 13.078452933590022], [77.59737969945118, 13.069286266960026], [77.5882130328211, 13.069286266960026], [77.5882130328211, 13.078452933590022]]]}}, {"type": "Feature", "properties": {"population": 14651}, "geometry": {"type": "Polygon", "coordinates": [[[77.59737969945118, 13.078452933590022], [77.60654636608126, 13.078452933590022], [77.60654636608126, 13.069286266960026], [77.59737969945118, 13.069286266960026], [77.59737969945118, 13.078452933590022]]]}}, {"type": "Feature", "properties": {"population": 9314}, "geometry": {"type": "Polygon", "coordinates": [[[77.60654636608126, 13.078452933590022], [77.61571303271134, 13.078452933590022], [77.61571303271134, 13.069286266960026], [77.60654636608126, 13.069286266960026], [77.60654636608126, 13.078452933590022]]]}}, {"type": "Feature", "properties": {"population": 8281}, "geometry": {"type": "Polygon", "coordinates": [[[77.61571303271134, 13.078452933590022], [77.6248796993414, 13.078452933590022], [77.6248796993414, 13.069286266960026], [77.61571303271134, 13.069286266960026], [77.61571303271134, 13.078452933590022]]]}}, {"type": "Feature", "properties": {"population": 7774}, "geometry": {"type": "Polygon", "coordinates": [[[77.6248796993414, 13.078452933590022], [77.63404636597149, 13.078452933590022], [77.63404636597149, 13.069286266960026], [77.6248796993414, 13.069286266960026], [77.6248796993414, 13.078452933590022]]]}}, {"type": "Feature", "properties": {"population": 3867}, "geometry": {"type": "Polygon", "coordinates": [[[77.63404636597149, 13.078452933590022], [77.64321303260157, 13.078452933590022], [77.64321303260157, 13.069286266960026], [77.63404636597149, 13.069286266960026], [77.63404636597149, 13.078452933590022]]]}}, {"type": "Feature", "properties": {"population": 288}, "geometry": {"type": "Polygon", "coordinates": [[[77.64321303260157, 13.078452933590022], [77.65237969923164, 13.078452933590022], [77.65237969923164, 13.069286266960026], [77.64321303260157, 13.069286266960026], [77.64321303260157, 13.078452933590022]]]}}, {"type": "Feature", "properties": {"population": 281}, "geometry": {"type": "Polygon", "coordinates": [[[77.65237969923164, 13.078452933590022], [77.66154636586172, 13.078452933590022], [77.66154636586172, 13.069286266960026], [77.65237969923164, 13.069286266960026], [77.65237969923164, 13.078452933590022]]]}}, {"type": "Feature", "properties": {"population": 247}, "geometry": {"type": "Polygon", "coordinates": [[[77.66154636586172, 13.078452933590022], [77.6707130324918, 13.078452933590022], [77.6707130324918, 13.069286266960026], [77.66154636586172, 13.069286266960026], [77.66154636586172, 13.078452933590022]]]}}, {"type": "Feature", "properties": {"population": 154}, "geometry": {"type": "Polygon", "coordinates": [[[77.6707130324918, 13.078452933590022], [77.67987969912188, 13.078452933590022], [77.67987969912188, 13.069286266960026], [77.6707130324918, 13.069286266960026], [77.6707130324918, 13.078452933590022]]]}}, {"type": "Feature", "properties": {"population": 183}, "geometry": {"type": "Polygon", "coordinates": [[[77.67987969912188, 13.078452933590022], [77.68904636575196, 13.078452933590022], [77.68904636575196, 13.069286266960026], [77.67987969912188, 13.069286266960026], [77.67987969912188, 13.078452933590022]]]}}, {"type": "Feature", "properties": {"population": 150}, "geometry": {"type": "Polygon", "coordinates": [[[77.68904636575196, 13.078452933590022], [77.69821303238204, 13.078452933590022], [77.69821303238204, 13.069286266960026], [77.68904636575196, 13.069286266960026], [77.68904636575196, 13.078452933590022]]]}}, {"type": "Feature", "properties": {"population": 123}, "geometry": {"type": "Polygon", "coordinates": [[[77.69821303238204, 13.078452933590022], [77.70737969901212, 13.078452933590022], [77.70737969901212, 13.069286266960026], [77.69821303238204, 13.069286266960026], [77.69821303238204, 13.078452933590022]]]}}, {"type": "Feature", "properties": {"population": 135}, "geometry": {"type": "Polygon", "coordinates": [[[77.70737969901212, 13.078452933590022], [77.7165463656422, 13.078452933590022], [77.7165463656422, 13.069286266960026], [77.70737969901212, 13.069286266960026], [77.70737969901212, 13.078452933590022]]]}}, {"type": "Feature", "properties": {"population": 175}, "geometry": {"type": "Polygon", "coordinates": [[[77.7165463656422, 13.078452933590022], [77.72571303227228, 13.078452933590022], [77.72571303227228, 13.069286266960026], [77.7165463656422, 13.069286266960026], [77.7165463656422, 13.078452933590022]]]}}, {"type": "Feature", "properties": {"population": 202}, "geometry": {"type": "Polygon", "coordinates": [[[77.72571303227228, 13.078452933590022], [77.73487969890235, 13.078452933590022], [77.73487969890235, 13.069286266960026], [77.72571303227228, 13.069286266960026], [77.72571303227228, 13.078452933590022]]]}}, {"type": "Feature", "properties": {"population": 211}, "geometry": {"type": "Polygon", "coordinates": [[[77.73487969890235, 13.078452933590022], [77.74404636553243, 13.078452933590022], [77.74404636553243, 13.069286266960026], [77.73487969890235, 13.069286266960026], [77.73487969890235, 13.078452933590022]]]}}, {"type": "Feature", "properties": {"population": 404}, "geometry": {"type": "Polygon", "coordinates": [[[77.74404636553243, 13.078452933590022], [77.7532130321625, 13.078452933590022], [77.7532130321625, 13.069286266960026], [77.74404636553243, 13.069286266960026], [77.74404636553243, 13.078452933590022]]]}}, {"type": "Feature", "properties": {"population": 675}, "geometry": {"type": "Polygon", "coordinates": [[[77.7532130321625, 13.078452933590022], [77.76237969879259, 13.078452933590022], [77.76237969879259, 13.069286266960026], [77.7532130321625, 13.069286266960026], [77.7532130321625, 13.078452933590022]]]}}, {"type": "Feature", "properties": {"population": 12}, "geometry": {"type": "Polygon", "coordinates": [[[77.76237969879259, 13.078452933590022], [77.77154636542267, 13.078452933590022], [77.77154636542267, 13.069286266960026], [77.76237969879259, 13.069286266960026], [77.76237969879259, 13.078452933590022]]]}}, {"type": "Feature", "properties": {"population": 899}, "geometry": {"type": "Polygon", "coordinates": [[[77.77154636542267, 13.078452933590022], [77.78071303205274, 13.078452933590022], [77.78071303205274, 13.069286266960026], [77.77154636542267, 13.069286266960026], [77.77154636542267, 13.078452933590022]]]}}, {"type": "Feature", "properties": {"population": 849}, "geometry": {"type": "Polygon", "coordinates": [[[77.78071303205274, 13.078452933590022], [77.78404636537277, 13.078452933590022], [77.78404636537277, 13.069286266960026], [77.78071303205274, 13.069286266960026], [77.78071303205274, 13.078452933590022]]]}}, {"type": "Feature", "properties": {"population": 16921}, "geometry": {"type": "Polygon", "coordinates": [[[77.4598797, 13.069286266960026], [77.46904636663008, 13.069286266960026], [77.46904636663008, 13.060119600330028], [77.4598797, 13.060119600330028], [77.4598797, 13.069286266960026]]]}}, {"type": "Feature", "properties": {"population": 9513}, "geometry": {"type": "Polygon", "coordinates": [[[77.46904636663008, 13.069286266960026], [77.47821303326016, 13.069286266960026], [77.47821303326016, 13.060119600330028], [77.46904636663008, 13.060119600330028], [77.46904636663008, 13.069286266960026]]]}}, {"type": "Feature", "properties": {"population": 8292}, "geometry": {"type": "Polygon", "coordinates": [[[77.47821303326016, 13.069286266960026], [77.48737969989024, 13.069286266960026], [77.48737969989024, 13.060119600330028], [77.47821303326016, 13.060119600330028], [77.47821303326016, 13.069286266960026]]]}}, {"type": "Feature", "properties": {"population": 15697}, "geometry": {"type": "Polygon", "coordinates": [[[77.48737969989024, 13.069286266960026], [77.49654636652032, 13.069286266960026], [77.49654636652032, 13.060119600330028], [77.48737969989024, 13.060119600330028], [77.48737969989024, 13.069286266960026]]]}}, {"type": "Feature", "properties": {"population": 28433}, "geometry": {"type": "Polygon", "coordinates": [[[77.49654636652032, 13.069286266960026], [77.5057130331504, 13.069286266960026], [77.5057130331504, 13.060119600330028], [77.49654636652032, 13.060119600330028], [77.49654636652032, 13.069286266960026]]]}}, {"type": "Feature", "properties": {"population": 19713}, "geometry": {"type": "Polygon", "coordinates": [[[77.5057130331504, 13.069286266960026], [77.51487969978047, 13.069286266960026], [77.51487969978047, 13.060119600330028], [77.5057130331504, 13.060119600330028], [77.5057130331504, 13.069286266960026]]]}}, {"type": "Feature", "properties": {"population": 10878}, "geometry": {"type": "Polygon", "coordinates": [[[77.51487969978047, 13.069286266960026], [77.52404636641054, 13.069286266960026], [77.52404636641054, 13.060119600330028], [77.51487969978047, 13.060119600330028], [77.51487969978047, 13.069286266960026]]]}}, {"type": "Feature", "properties": {"population": 12042}, "geometry": {"type": "Polygon", "coordinates": [[[77.52404636641054, 13.069286266960026], [77.53321303304062, 13.069286266960026], [77.53321303304062, 13.060119600330028], [77.52404636641054, 13.060119600330028], [77.52404636641054, 13.069286266960026]]]}}, {"type": "Feature", "properties": {"population": 9062}, "geometry": {"type": "Polygon", "coordinates": [[[77.53321303304062, 13.069286266960026], [77.5423796996707, 13.069286266960026], [77.5423796996707, 13.060119600330028], [77.53321303304062, 13.060119600330028], [77.53321303304062, 13.069286266960026]]]}}, {"type": "Feature", "properties": {"population": 12039}, "geometry": {"type": "Polygon", "coordinates": [[[77.5423796996707, 13.069286266960026], [77.55154636630078, 13.069286266960026], [77.55154636630078, 13.060119600330028], [77.5423796996707, 13.060119600330028], [77.5423796996707, 13.069286266960026]]]}}, {"type": "Feature", "properties": {"population": 34430}, "geometry": {"type": "Polygon", "coordinates": [[[77.55154636630078, 13.069286266960026], [77.56071303293086, 13.069286266960026], [77.56071303293086, 13.060119600330028], [77.55154636630078, 13.060119600330028], [77.55154636630078, 13.069286266960026]]]}}, {"type": "Feature", "properties": {"population": 13704}, "geometry": {"type": "Polygon", "coordinates": [[[77.56071303293086, 13.069286266960026], [77.56987969956094, 13.069286266960026], [77.56987969956094, 13.060119600330028], [77.56071303293086, 13.060119600330028], [77.56071303293086, 13.069286266960026]]]}}, {"type": "Feature", "properties": {"population": 32792}, "geometry": {"type": "Polygon", "coordinates": [[[77.56987969956094, 13.069286266960026], [77.57904636619102, 13.069286266960026], [77.57904636619102, 13.060119600330028], [77.56987969956094, 13.060119600330028], [77.56987969956094, 13.069286266960026]]]}}, {"type": "Feature", "properties": {"population": 34840}, "geometry": {"type": "Polygon", "coordinates": [[[77.57904636619102, 13.069286266960026], [77.5882130328211, 13.069286266960026], [77.5882130328211, 13.060119600330028], [77.57904636619102, 13.060119600330028], [77.57904636619102, 13.069286266960026]]]}}, {"type": "Feature", "properties": {"population": 31196}, "geometry": {"type": "Polygon", "coordinates": [[[77.5882130328211, 13.069286266960026], [77.59737969945118, 13.069286266960026], [77.59737969945118, 13.060119600330028], [77.5882130328211, 13.060119600330028], [77.5882130328211, 13.069286266960026]]]}}, {"type": "Feature", "properties": {"population": 20683}, "geometry": {"type": "Polygon", "coordinates": [[[77.59737969945118, 13.069286266960026], [77.60654636608126, 13.069286266960026], [77.60654636608126, 13.060119600330028], [77.59737969945118, 13.060119600330028], [77.59737969945118, 13.069286266960026]]]}}, {"type": "Feature", "properties": {"population": 5078}, "geometry": {"type": "Polygon", "coordinates": [[[77.60654636608126, 13.069286266960026], [77.61571303271134, 13.069286266960026], [77.61571303271134, 13.060119600330028], [77.60654636608126, 13.060119600330028], [77.60654636608126, 13.069286266960026]]]}}, {"type": "Feature", "properties": {"population": 6820}, "geometry": {"type": "Polygon", "coordinates": [[[77.61571303271134, 13.069286266960026], [77.6248796993414, 13.069286266960026], [77.6248796993414, 13.060119600330028], [77.61571303271134, 13.060119600330028], [77.61571303271134, 13.069286266960026]]]}}, {"type": "Feature", "properties": {"population": 323}, "geometry": {"type": "Polygon", "coordinates": [[[77.6248796993414, 13.069286266960026], [77.63404636597149, 13.069286266960026], [77.63404636597149, 13.060119600330028], [77.6248796993414, 13.060119600330028], [77.6248796993414, 13.069286266960026]]]}}, {"type": "Feature", "properties": {"population": 451}, "geometry": {"type": "Polygon", "coordinates": [[[77.63404636597149, 13.069286266960026], [77.64321303260157, 13.069286266960026], [77.64321303260157, 13.060119600330028], [77.63404636597149, 13.060119600330028], [77.63404636597149, 13.069286266960026]]]}}, {"type": "Feature", "properties": {"population": 616}, "geometry": {"type": "Polygon", "coordinates": [[[77.64321303260157, 13.069286266960026], [77.65237969923164, 13.069286266960026], [77.65237969923164, 13.060119600330028], [77.64321303260157, 13.060119600330028], [77.64321303260157, 13.069286266960026]]]}}, {"type": "Feature", "properties": {"population": 333}, "geometry": {"type": "Polygon", "coordinates": [[[77.65237969923164, 13.069286266960026], [77.66154636586172, 13.069286266960026], [77.66154636586172, 13.060119600330028], [77.65237969923164, 13.060119600330028], [77.65237969923164, 13.069286266960026]]]}}, {"type": "Feature", "properties": {"population": 343}, "geometry": {"type": "Polygon", "coordinates": [[[77.66154636586172, 13.069286266960026], [77.6707130324918, 13.069286266960026], [77.6707130324918, 13.060119600330028], [77.66154636586172, 13.060119600330028], [77.66154636586172, 13.069286266960026]]]}}, {"type": "Feature", "properties": {"population": 238}, "geometry": {"type": "Polygon", "coordinates": [[[77.6707130324918, 13.069286266960026], [77.67987969912188, 13.069286266960026], [77.67987969912188, 13.060119600330028], [77.6707130324918, 13.060119600330028], [77.6707130324918, 13.069286266960026]]]}}, {"type": "Feature", "properties": {"population": 193}, "geometry": {"type": "Polygon", "coordinates": [[[77.67987969912188, 13.069286266960026], [77.68904636575196, 13.069286266960026], [77.68904636575196, 13.060119600330028], [77.67987969912188, 13.060119600330028], [77.67987969912188, 13.069286266960026]]]}}, {"type": "Feature", "properties": {"population": 169}, "geometry": {"type": "Polygon", "coordinates": [[[77.68904636575196, 13.069286266960026], [77.69821303238204, 13.069286266960026], [77.69821303238204, 13.060119600330028], [77.68904636575196, 13.060119600330028], [77.68904636575196, 13.069286266960026]]]}}, {"type": "Feature", "properties": {"population": 146}, "geometry": {"type": "Polygon", "coordinates": [[[77.69821303238204, 13.069286266960026], [77.70737969901212, 13.069286266960026], [77.70737969901212, 13.060119600330028], [77.69821303238204, 13.060119600330028], [77.69821303238204, 13.069286266960026]]]}}, {"type": "Feature", "properties": {"population": 193}, "geometry": {"type": "Polygon", "coordinates": [[[77.70737969901212, 13.069286266960026], [77.7165463656422, 13.069286266960026], [77.7165463656422, 13.060119600330028], [77.70737969901212, 13.060119600330028], [77.70737969901212, 13.069286266960026]]]}}, {"type": "Feature", "properties": {"population": 202}, "geometry": {"type": "Polygon", "coordinates": [[[77.7165463656422, 13.069286266960026], [77.72571303227228, 13.069286266960026], [77.72571303227228, 13.060119600330028], [77.7165463656422, 13.060119600330028], [77.7165463656422, 13.069286266960026]]]}}, {"type": "Feature", "properties": {"population": 202}, "geometry": {"type": "Polygon", "coordinates": [[[77.72571303227228, 13.069286266960026], [77.73487969890235, 13.069286266960026], [77.73487969890235, 13.060119600330028], [77.72571303227228, 13.060119600330028], [77.72571303227228, 13.069286266960026]]]}}, {"type": "Feature", "properties": {"population": 243}, "geometry": {"type": "Polygon", "coordinates": [[[77.73487969890235, 13.069286266960026], [77.74404636553243, 13.069286266960026], [77.74404636553243, 13.060119600330028], [77.73487969890235, 13.060119600330028], [77.73487969890235, 13.069286266960026]]]}}, {"type": "Feature", "properties": {"population": 255}, "geometry": {"type": "Polygon", "coordinates": [[[77.74404636553243, 13.069286266960026], [77.7532130321625, 13.069286266960026], [77.7532130321625, 13.060119600330028], [77.74404636553243, 13.060119600330028], [77.74404636553243, 13.069286266960026]]]}}, {"type": "Feature", "properties": {"population": 762}, "geometry": {"type": "Polygon", "coordinates": [[[77.7532130321625, 13.069286266960026], [77.76237969879259, 13.069286266960026], [77.76237969879259, 13.060119600330028], [77.7532130321625, 13.060119600330028], [77.7532130321625, 13.069286266960026]]]}}, {"type": "Feature", "properties": {"population": 729}, "geometry": {"type": "Polygon", "coordinates": [[[77.76237969879259, 13.069286266960026], [77.77154636542267, 13.069286266960026], [77.77154636542267, 13.060119600330028], [77.76237969879259, 13.060119600330028], [77.76237969879259, 13.069286266960026]]]}}, {"type": "Feature", "properties": {"population": 1150}, "geometry": {"type": "Polygon", "coordinates": [[[77.77154636542267, 13.069286266960026], [77.78071303205274, 13.069286266960026], [77.78071303205274, 13.060119600330028], [77.77154636542267, 13.060119600330028], [77.77154636542267, 13.069286266960026]]]}}, {"type": "Feature", "properties": {"population": 430}, "geometry": {"type": "Polygon", "coordinates": [[[77.78071303205274, 13.069286266960026], [77.78404636537277, 13.069286266960026], [77.78404636537277, 13.060119600330028], [77.78071303205274, 13.060119600330028], [77.78071303205274, 13.069286266960026]]]}}, {"type": "Feature", "properties": {"population": 14734}, "geometry": {"type": "Polygon", "coordinates": [[[77.4598797, 13.060119600330028], [77.46904636663008, 13.060119600330028], [77.46904636663008, 13.050952933700032], [77.4598797, 13.050952933700032], [77.4598797, 13.060119600330028]]]}}, {"type": "Feature", "properties": {"population": 10252}, "geometry": {"type": "Polygon", "coordinates": [[[77.46904636663008, 13.060119600330028], [77.47821303326016, 13.060119600330028], [77.47821303326016, 13.050952933700032], [77.46904636663008, 13.050952933700032], [77.46904636663008, 13.060119600330028]]]}}, {"type": "Feature", "properties": {"population": 15179}, "geometry": {"type": "Polygon", "coordinates": [[[77.47821303326016, 13.060119600330028], [77.48737969989024, 13.060119600330028], [77.48737969989024, 13.050952933700032], [77.47821303326016, 13.050952933700032], [77.47821303326016, 13.060119600330028]]]}}, {"type": "Feature", "properties": {"population": 12733}, "geometry": {"type": "Polygon", "coordinates": [[[77.48737969989024, 13.060119600330028], [77.49654636652032, 13.060119600330028], [77.49654636652032, 13.050952933700032], [77.48737969989024, 13.050952933700032], [77.48737969989024, 13.060119600330028]]]}}, {"type": "Feature", "properties": {"population": 27707}, "geometry": {"type": "Polygon", "coordinates": [[[77.49654636652032, 13.060119600330028], [77.5057130331504, 13.060119600330028], [77.5057130331504, 13.050952933700032], [77.49654636652032, 13.050952933700032], [77.49654636652032, 13.060119600330028]]]}}, {"type": "Feature", "properties": {"population": 39045}, "geometry": {"type": "Polygon", "coordinates": [[[77.5057130331504, 13.060119600330028], [77.51487969978047, 13.060119600330028], [77.51487969978047, 13.050952933700032], [77.5057130331504, 13.050952933700032], [77.5057130331504, 13.060119600330028]]]}}, {"type": "Feature", "properties": {"population": 13389}, "geometry": {"type": "Polygon", "coordinates": [[[77.51487969978047, 13.060119600330028], [77.52404636641054, 13.060119600330028], [77.52404636641054, 13.050952933700032], [77.51487969978047, 13.050952933700032], [77.51487969978047, 13.060119600330028]]]}}, {"type": "Feature", "properties": {"population": 11491}, "geometry": {"type": "Polygon", "coordinates": [[[77.52404636641054, 13.060119600330028], [77.53321303304062, 13.060119600330028], [77.53321303304062, 13.050952933700032], [77.52404636641054, 13.050952933700032], [77.52404636641054, 13.060119600330028]]]}}, {"type": "Feature", "properties": {"population": 11566}, "geometry": {"type": "Polygon", "coordinates": [[[77.53321303304062, 13.060119600330028], [77.5423796996707, 13.060119600330028], [77.5423796996707, 13.050952933700032], [77.53321303304062, 13.050952933700032], [77.53321303304062, 13.060119600330028]]]}}, {"type": "Feature", "properties": {"population": 16758}, "geometry": {"type": "Polygon", "coordinates": [[[77.5423796996707, 13.060119600330028], [77.55154636630078, 13.060119600330028], [77.55154636630078, 13.050952933700032], [77.5423796996707, 13.050952933700032], [77.5423796996707, 13.060119600330028]]]}}, {"type": "Feature", "properties": {"population": 13447}, "geometry": {"type": "Polygon", "coordinates": [[[77.55154636630078, 13.060119600330028], [77.56071303293086, 13.060119600330028], [77.56071303293086, 13.050952933700032], [77.55154636630078, 13.050952933700032], [77.55154636630078, 13.060119600330028]]]}}, {"type": "Feature", "properties": {"population": 18366}, "geometry": {"type": "Polygon", "coordinates": [[[77.56071303293086, 13.060119600330028], [77.56987969956094, 13.060119600330028], [77.56987969956094, 13.050952933700032], [77.56071303293086, 13.050952933700032], [77.56071303293086, 13.060119600330028]]]}}, {"type": "Feature", "properties": {"population": 26787}, "geometry": {"type": "Polygon", "coordinates": [[[77.56987969956094, 13.060119600330028], [77.57904636619102, 13.060119600330028], [77.57904636619102, 13.050952933700032], [77.56987969956094, 13.050952933700032], [77.56987969956094, 13.060119600330028]]]}}, {"type": "Feature", "properties": {"population": 19517}, "geometry": {"type": "Polygon", "coordinates": [[[77.57904636619102, 13.060119600330028], [77.5882130328211, 13.060119600330028], [77.5882130328211, 13.050952933700032], [77.57904636619102, 13.050952933700032], [77.57904636619102, 13.060119600330028]]]}}, {"type": "Feature", "properties": {"population": 32375}, "geometry": {"type": "Polygon", "coordinates": [[[77.5882130328211, 13.060119600330028], [77.59737969945118, 13.060119600330028], [77.59737969945118, 13.050952933700032], [77.5882130328211, 13.050952933700032], [77.5882130328211, 13.060119600330028]]]}}, {"type": "Feature", "properties": {"population": 12416}, "geometry": {"type": "Polygon", "coordinates": [[[77.59737969945118, 13.060119600330028], [77.60654636608126, 13.060119600330028], [77.60654636608126, 13.050952933700032], [77.59737969945118, 13.050952933700032], [77.59737969945118, 13.060119600330028]]]}}, {"type": "Feature", "properties": {"population": 706}, "geometry": {"type": "Polygon", "coordinates": [[[77.60654636608126, 13.060119600330028], [77.61571303271134, 13.060119600330028], [77.61571303271134, 13.050952933700032], [77.60654636608126, 13.050952933700032], [77.60654636608126, 13.060119600330028]]]}}, {"type": "Feature", "properties": {"population": 434}, "geometry": {"type": "Polygon", "coordinates": [[[77.61571303271134, 13.060119600330028], [77.6248796993414, 13.060119600330028], [77.6248796993414, 13.050952933700032], [77.61571303271134, 13.050952933700032], [77.61571303271134, 13.060119600330028]]]}}, {"type": "Feature", "properties": {"population": 792}, "geometry": {"type": "Polygon", "coordinates": [[[77.6248796993414, 13.060119600330028], [77.63404636597149, 13.060119600330028], [77.63404636597149, 13.050952933700032], [77.6248796993414, 13.050952933700032], [77.6248796993414, 13.060119600330028]]]}}, {"type": "Feature", "properties": {"population": 652}, "geometry": {"type": "Polygon", "coordinates": [[[77.63404636597149, 13.060119600330028], [77.64321303260157, 13.060119600330028], [77.64321303260157, 13.050952933700032], [77.63404636597149, 13.050952933700032], [77.63404636597149, 13.060119600330028]]]}}, {"type": "Feature", "properties": {"population": 824}, "geometry": {"type": "Polygon", "coordinates": [[[77.64321303260157, 13.060119600330028], [77.65237969923164, 13.060119600330028], [77.65237969923164, 13.050952933700032], [77.64321303260157, 13.050952933700032], [77.64321303260157, 13.060119600330028]]]}}, {"type": "Feature", "properties": {"population": 373}, "geometry": {"type": "Polygon", "coordinates": [[[77.65237969923164, 13.060119600330028], [77.66154636586172, 13.060119600330028], [77.66154636586172, 13.050952933700032], [77.65237969923164, 13.050952933700032], [77.65237969923164, 13.060119600330028]]]}}, {"type": "Feature", "properties": {"population": 271}, "geometry": {"type": "Polygon", "coordinates": [[[77.66154636586172, 13.060119600330028], [77.6707130324918, 13.060119600330028], [77.6707130324918, 13.050952933700032], [77.66154636586172, 13.050952933700032], [77.66154636586172, 13.060119600330028]]]}}, {"type": "Feature", "properties": {"population": 271}, "geometry": {"type": "Polygon", "coordinates": [[[77.6707130324918, 13.060119600330028], [77.67987969912188, 13.060119600330028], [77.67987969912188, 13.050952933700032], [77.6707130324918, 13.050952933700032], [77.6707130324918, 13.060119600330028]]]}}, {"type": "Feature", "properties": {"population": 219}, "geometry": {"type": "Polygon", "coordinates": [[[77.67987969912188, 13.060119600330028], [77.68904636575196, 13.060119600330028], [77.68904636575196, 13.050952933700032], [77.67987969912188, 13.050952933700032], [77.67987969912188, 13.060119600330028]]]}}, {"type": "Feature", "properties": {"population": 197}, "geometry": {"type": "Polygon", "coordinates": [[[77.68904636575196, 13.060119600330028], [77.69821303238204, 13.060119600330028], [77.69821303238204, 13.050952933700032], [77.68904636575196, 13.050952933700032], [77.68904636575196, 13.060119600330028]]]}}, {"type": "Feature", "properties": {"population": 194}, "geometry": {"type": "Polygon", "coordinates": [[[77.69821303238204, 13.060119600330028], [77.70737969901212, 13.060119600330028], [77.70737969901212, 13.050952933700032], [77.69821303238204, 13.050952933700032], [77.69821303238204, 13.060119600330028]]]}}, {"type": "Feature", "properties": {"population": 209}, "geometry": {"type": "Polygon", "coordinates": [[[77.70737969901212, 13.060119600330028], [77.7165463656422, 13.060119600330028], [77.7165463656422, 13.050952933700032], [77.70737969901212, 13.050952933700032], [77.70737969901212, 13.060119600330028]]]}}, {"type": "Feature", "properties": {"population": 202}, "geometry": {"type": "Polygon", "coordinates": [[[77.7165463656422, 13.060119600330028], [77.72571303227228, 13.060119600330028], [77.72571303227228, 13.050952933700032], [77.7165463656422, 13.050952933700032], [77.7165463656422, 13.060119600330028]]]}}, {"type": "Feature", "properties": {"population": 187}, "geometry": {"type": "Polygon", "coordinates": [[[77.72571303227228, 13.060119600330028], [77.73487969890235, 13.060119600330028], [77.73487969890235, 13.050952933700032], [77.72571303227228, 13.050952933700032], [77.72571303227228, 13.060119600330028]]]}}, {"type": "Feature", "properties": {"population": 241}, "geometry": {"type": "Polygon", "coordinates": [[[77.73487969890235, 13.060119600330028], [77.74404636553243, 13.060119600330028], [77.74404636553243, 13.050952933700032], [77.73487969890235, 13.050952933700032], [77.73487969890235, 13.060119600330028]]]}}, {"type": "Feature", "properties": {"population": 228}, "geometry": {"type": "Polygon", "coordinates": [[[77.74404636553243, 13.060119600330028], [77.7532130321625, 13.060119600330028], [77.7532130321625, 13.050952933700032], [77.74404636553243, 13.050952933700032], [77.74404636553243, 13.060119600330028]]]}}, {"type": "Feature", "properties": {"population": 597}, "geometry": {"type": "Polygon", "coordinates": [[[77.7532130321625, 13.060119600330028], [77.76237969879259, 13.060119600330028], [77.76237969879259, 13.050952933700032], [77.7532130321625, 13.050952933700032], [77.7532130321625, 13.060119600330028]]]}}, {"type": "Feature", "properties": {"population": 1277}, "geometry": {"type": "Polygon", "coordinates": [[[77.76237969879259, 13.060119600330028], [77.77154636542267, 13.060119600330028], [77.77154636542267, 13.050952933700032], [77.76237969879259, 13.050952933700032], [77.76237969879259, 13.060119600330028]]]}}, {"type": "Feature", "properties": {"population": 1059}, "geometry": {"type": "Polygon", "coordinates": [[[77.77154636542267, 13.060119600330028], [77.78071303205274, 13.060119600330028], [77.78071303205274, 13.050952933700032], [77.77154636542267, 13.050952933700032], [77.77154636542267, 13.060119600330028]]]}}, {"type": "Feature", "properties": {"population": 328}, "geometry": {"type": "Polygon", "coordinates": [[[77.78071303205274, 13.060119600330028], [77.78404636537277, 13.060119600330028], [77.78404636537277, 13.050952933700032], [77.78071303205274, 13.050952933700032], [77.78071303205274, 13.060119600330028]]]}}, {"type": "Feature", "properties": {"population": 9472}, "geometry": {"type": "Polygon", "coordinates": [[[77.4598797, 13.050952933700032], [77.46904636663008, 13.050952933700032], [77.46904636663008, 13.041786267070036], [77.4598797, 13.041786267070036], [77.4598797, 13.050952933700032]]]}}, {"type": "Feature", "properties": {"population": 10196}, "geometry": {"type": "Polygon", "coordinates": [[[77.46904636663008, 13.050952933700032], [77.47821303326016, 13.050952933700032], [77.47821303326016, 13.041786267070036], [77.46904636663008, 13.041786267070036], [77.46904636663008, 13.050952933700032]]]}}, {"type": "Feature", "properties": {"population": 9247}, "geometry": {"type": "Polygon", "coordinates": [[[77.47821303326016, 13.050952933700032], [77.48737969989024, 13.050952933700032], [77.48737969989024, 13.041786267070036], [77.47821303326016, 13.041786267070036], [77.47821303326016, 13.050952933700032]]]}}, {"type": "Feature", "properties": {"population": 13108}, "geometry": {"type": "Polygon", "coordinates": [[[77.48737969989024, 13.050952933700032], [77.49654636652032, 13.050952933700032], [77.49654636652032, 13.041786267070036], [77.48737969989024, 13.041786267070036], [77.48737969989024, 13.050952933700032]]]}}, {"type": "Feature", "properties": {"population": 29631}, "geometry": {"type": "Polygon", "coordinates": [[[77.49654636652032, 13.050952933700032], [77.5057130331504, 13.050952933700032], [77.5057130331504, 13.041786267070036], [77.49654636652032, 13.041786267070036], [77.49654636652032, 13.050952933700032]]]}}, {"type": "Feature", "properties": {"population": 49333}, "geometry": {"type": "Polygon", "coordinates": [[[77.5057130331504, 13.050952933700032], [77.51487969978047, 13.050952933700032], [77.51487969978047, 13.041786267070036], [77.5057130331504, 13.041786267070036], [77.5057130331504, 13.050952933700032]]]}}, {"type": "Feature", "properties": {"population": 38561}, "geometry": {"type": "Polygon", "coordinates": [[[77.51487969978047, 13.050952933700032], [77.52404636641054, 13.050952933700032], [77.52404636641054, 13.041786267070036], [77.51487969978047, 13.041786267070036], [77.51487969978047, 13.050952933700032]]]}}, {"type": "Feature", "properties": {"population": 32612}, "geometry": {"type": "Polygon", "coordinates": [[[77.52404636641054, 13.050952933700032], [77.53321303304062, 13.050952933700032], [77.53321303304062, 13.041786267070036], [77.52404636641054, 13.041786267070036], [77.52404636641054, 13.050952933700032]]]}}, {"type": "Feature", "properties": {"population": 15862}, "geometry": {"type": "Polygon", "coordinates": [[[77.53321303304062, 13.050952933700032], [77.5423796996707, 13.050952933700032], [77.5423796996707, 13.041786267070036], [77.53321303304062, 13.041786267070036], [77.53321303304062, 13.050952933700032]]]}}, {"type": "Feature", "properties": {"population": 27989}, "geometry": {"type": "Polygon", "coordinates": [[[77.5423796996707, 13.050952933700032], [77.55154636630078, 13.050952933700032], [77.55154636630078, 13.041786267070036], [77.5423796996707, 13.041786267070036], [77.5423796996707, 13.050952933700032]]]}}, {"type": "Feature", "properties": {"population": 18215}, "geometry": {"type": "Polygon", "coordinates": [[[77.55154636630078, 13.050952933700032], [77.56071303293086, 13.050952933700032], [77.56071303293086, 13.041786267070036], [77.55154636630078, 13.041786267070036], [77.55154636630078, 13.050952933700032]]]}}, {"type": "Feature", "properties": {"population": 42277}, "geometry": {"type": "Polygon", "coordinates": [[[77.56071303293086, 13.050952933700032], [77.56987969956094, 13.050952933700032], [77.56987969956094, 13.041786267070036], [77.56071303293086, 13.041786267070036], [77.56071303293086, 13.050952933700032]]]}}, {"type": "Feature", "properties": {"population": 50427}, "geometry": {"type": "Polygon", "coordinates": [[[77.56987969956094, 13.050952933700032], [77.57904636619102, 13.050952933700032], [77.57904636619102, 13.041786267070036], [77.56987969956094, 13.041786267070036], [77.56987969956094, 13.050952933700032]]]}}, {"type": "Feature", "properties": {"population": 12271}, "geometry": {"type": "Polygon", "coordinates": [[[77.57904636619102, 13.050952933700032], [77.5882130328211, 13.050952933700032], [77.5882130328211, 13.041786267070036], [77.57904636619102, 13.041786267070036], [77.57904636619102, 13.050952933700032]]]}}, {"type": "Feature", "properties": {"population": 21825}, "geometry": {"type": "Polygon", "coordinates": [[[77.5882130328211, 13.050952933700032], [77.59737969945118, 13.050952933700032], [77.59737969945118, 13.041786267070036], [77.5882130328211, 13.041786267070036], [77.5882130328211, 13.050952933700032]]]}}, {"type": "Feature", "properties": {"population": 26084}, "geometry": {"type": "Polygon", "coordinates": [[[77.59737969945118, 13.050952933700032], [77.60654636608126, 13.050952933700032], [77.60654636608126, 13.041786267070036], [77.59737969945118, 13.041786267070036], [77.59737969945118, 13.050952933700032]]]}}, {"type": "Feature", "properties": {"population": 13817}, "geometry": {"type": "Polygon", "coordinates": [[[77.60654636608126, 13.050952933700032], [77.61571303271134, 13.050952933700032], [77.61571303271134, 13.041786267070036], [77.60654636608126, 13.041786267070036], [77.60654636608126, 13.050952933700032]]]}}, {"type": "Feature", "properties": {"population": 25528}, "geometry": {"type": "Polygon", "coordinates": [[[77.61571303271134, 13.050952933700032], [77.6248796993414, 13.050952933700032], [77.6248796993414, 13.041786267070036], [77.61571303271134, 13.041786267070036], [77.61571303271134, 13.050952933700032]]]}}, {"type": "Feature", "properties": {"population": 9242}, "geometry": {"type": "Polygon", "coordinates": [[[77.6248796993414, 13.050952933700032], [77.63404636597149, 13.050952933700032], [77.63404636597149, 13.041786267070036], [77.6248796993414, 13.041786267070036], [77.6248796993414, 13.050952933700032]]]}}, {"type": "Feature", "properties": {"population": 697}, "geometry": {"type": "Polygon", "coordinates": [[[77.63404636597149, 13.050952933700032], [77.64321303260157, 13.050952933700032], [77.64321303260157, 13.041786267070036], [77.63404636597149, 13.041786267070036], [77.63404636597149, 13.050952933700032]]]}}, {"type": "Feature", "properties": {"population": 409}, "geometry": {"type": "Polygon", "coordinates": [[[77.64321303260157, 13.050952933700032], [77.65237969923164, 13.050952933700032], [77.65237969923164, 13.041786267070036], [77.64321303260157, 13.041786267070036], [77.64321303260157, 13.050952933700032]]]}}, {"type": "Feature", "properties": {"population": 289}, "geometry": {"type": "Polygon", "coordinates": [[[77.65237969923164, 13.050952933700032], [77.66154636586172, 13.050952933700032], [77.66154636586172, 13.041786267070036], [77.65237969923164, 13.041786267070036], [77.65237969923164, 13.050952933700032]]]}}, {"type": "Feature", "properties": {"population": 331}, "geometry": {"type": "Polygon", "coordinates": [[[77.66154636586172, 13.050952933700032], [77.6707130324918, 13.050952933700032], [77.6707130324918, 13.041786267070036], [77.66154636586172, 13.041786267070036], [77.66154636586172, 13.050952933700032]]]}}, {"type": "Feature", "properties": {"population": 295}, "geometry": {"type": "Polygon", "coordinates": [[[77.6707130324918, 13.050952933700032], [77.67987969912188, 13.050952933700032], [77.67987969912188, 13.041786267070036], [77.6707130324918, 13.041786267070036], [77.6707130324918, 13.050952933700032]]]}}, {"type": "Feature", "properties": {"population": 147}, "geometry": {"type": "Polygon", "coordinates": [[[77.67987969912188, 13.050952933700032], [77.68904636575196, 13.050952933700032], [77.68904636575196, 13.041786267070036], [77.67987969912188, 13.041786267070036], [77.67987969912188, 13.050952933700032]]]}}, {"type": "Feature", "properties": {"population": 189}, "geometry": {"type": "Polygon", "coordinates": [[[77.68904636575196, 13.050952933700032], [77.69821303238204, 13.050952933700032], [77.69821303238204, 13.041786267070036], [77.68904636575196, 13.041786267070036], [77.68904636575196, 13.050952933700032]]]}}, {"type": "Feature", "properties": {"population": 203}, "geometry": {"type": "Polygon", "coordinates": [[[77.69821303238204, 13.050952933700032], [77.70737969901212, 13.050952933700032], [77.70737969901212, 13.041786267070036], [77.69821303238204, 13.041786267070036], [77.69821303238204, 13.050952933700032]]]}}, {"type": "Feature", "properties": {"population": 195}, "geometry": {"type": "Polygon", "coordinates": [[[77.70737969901212, 13.050952933700032], [77.7165463656422, 13.050952933700032], [77.7165463656422, 13.041786267070036], [77.70737969901212, 13.041786267070036], [77.70737969901212, 13.050952933700032]]]}}, {"type": "Feature", "properties": {"population": 219}, "geometry": {"type": "Polygon", "coordinates": [[[77.7165463656422, 13.050952933700032], [77.72571303227228, 13.050952933700032], [77.72571303227228, 13.041786267070036], [77.7165463656422, 13.041786267070036], [77.7165463656422, 13.050952933700032]]]}}, {"type": "Feature", "properties": {"population": 207}, "geometry": {"type": "Polygon", "coordinates": [[[77.72571303227228, 13.050952933700032], [77.73487969890235, 13.050952933700032], [77.73487969890235, 13.041786267070036], [77.72571303227228, 13.041786267070036], [77.72571303227228, 13.050952933700032]]]}}, {"type": "Feature", "properties": {"population": 244}, "geometry": {"type": "Polygon", "coordinates": [[[77.73487969890235, 13.050952933700032], [77.74404636553243, 13.050952933700032], [77.74404636553243, 13.041786267070036], [77.73487969890235, 13.041786267070036], [77.73487969890235, 13.050952933700032]]]}}, {"type": "Feature", "properties": {"population": 307}, "geometry": {"type": "Polygon", "coordinates": [[[77.74404636553243, 13.050952933700032], [77.7532130321625, 13.050952933700032], [77.7532130321625, 13.041786267070036], [77.74404636553243, 13.041786267070036], [77.74404636553243, 13.050952933700032]]]}}, {"type": "Feature", "properties": {"population": 274}, "geometry": {"type": "Polygon", "coordinates": [[[77.7532130321625, 13.050952933700032], [77.76237969879259, 13.050952933700032], [77.76237969879259, 13.041786267070036], [77.7532130321625, 13.041786267070036], [77.7532130321625, 13.050952933700032]]]}}, {"type": "Feature", "properties": {"population": 435}, "geometry": {"type": "Polygon", "coordinates": [[[77.76237969879259, 13.050952933700032], [77.77154636542267, 13.050952933700032], [77.77154636542267, 13.041786267070036], [77.76237969879259, 13.041786267070036], [77.76237969879259, 13.050952933700032]]]}}, {"type": "Feature", "properties": {"population": 724}, "geometry": {"type": "Polygon", "coordinates": [[[77.77154636542267, 13.050952933700032], [77.78071303205274, 13.050952933700032], [77.78071303205274, 13.041786267070036], [77.77154636542267, 13.041786267070036], [77.77154636542267, 13.050952933700032]]]}}, {"type": "Feature", "properties": {"population": 269}, "geometry": {"type": "Polygon", "coordinates": [[[77.78071303205274, 13.050952933700032], [77.78404636537277, 13.050952933700032], [77.78404636537277, 13.041786267070036], [77.78071303205274, 13.041786267070036], [77.78071303205274, 13.050952933700032]]]}}, {"type": "Feature", "properties": {"population": 8265}, "geometry": {"type": "Polygon", "coordinates": [[[77.4598797, 13.041786267070036], [77.46904636663008, 13.041786267070036], [77.46904636663008, 13.032619600440038], [77.4598797, 13.032619600440038], [77.4598797, 13.041786267070036]]]}}, {"type": "Feature", "properties": {"population": 9959}, "geometry": {"type": "Polygon", "coordinates": [[[77.46904636663008, 13.041786267070036], [77.47821303326016, 13.041786267070036], [77.47821303326016, 13.032619600440038], [77.46904636663008, 13.032619600440038], [77.46904636663008, 13.041786267070036]]]}}, {"type": "Feature", "properties": {"population": 11852}, "geometry": {"type": "Polygon", "coordinates": [[[77.47821303326016, 13.041786267070036], [77.48737969989024, 13.041786267070036], [77.48737969989024, 13.032619600440038], [77.47821303326016, 13.032619600440038], [77.47821303326016, 13.041786267070036]]]}}, {"type": "Feature", "properties": {"population": 11989}, "geometry": {"type": "Polygon", "coordinates": [[[77.48737969989024, 13.041786267070036], [77.49654636652032, 13.041786267070036], [77.49654636652032, 13.032619600440038], [77.48737969989024, 13.032619600440038], [77.48737969989024, 13.041786267070036]]]}}, {"type": "Feature", "properties": {"population": 28675}, "geometry": {"type": "Polygon", "coordinates": [[[77.49654636652032, 13.041786267070036], [77.5057130331504, 13.041786267070036], [77.5057130331504, 13.032619600440038], [77.49654636652032, 13.032619600440038], [77.49654636652032, 13.041786267070036]]]}}, {"type": "Feature", "properties": {"population": 43261}, "geometry": {"type": "Polygon", "coordinates": [[[77.5057130331504, 13.041786267070036], [77.51487969978047, 13.041786267070036], [77.51487969978047, 13.032619600440038], [77.5057130331504, 13.032619600440038], [77.5057130331504, 13.041786267070036]]]}}, {"type": "Feature", "properties": {"population": 55235}, "geometry": {"type": "Polygon", "coordinates": [[[77.51487969978047, 13.041786267070036], [77.52404636641054, 13.041786267070036], [77.52404636641054, 13.032619600440038], [77.51487969978047, 13.032619600440038], [77.51487969978047, 13.041786267070036]]]}}, {"type": "Feature", "properties": {"population": 47582}, "geometry": {"type": "Polygon", "coordinates": [[[77.52404636641054, 13.041786267070036], [77.53321303304062, 13.041786267070036], [77.53321303304062, 13.032619600440038], [77.52404636641054, 13.032619600440038], [77.52404636641054, 13.041786267070036]]]}}, {"type": "Feature", "properties": {"population": 19634}, "geometry": {"type": "Polygon", "coordinates": [[[77.53321303304062, 13.041786267070036], [77.5423796996707, 13.041786267070036], [77.5423796996707, 13.032619600440038], [77.53321303304062, 13.032619600440038], [77.53321303304062, 13.041786267070036]]]}}, {"type": "Feature", "properties": {"population": 20694}, "geometry": {"type": "Polygon", "coordinates": [[[77.5423796996707, 13.041786267070036], [77.55154636630078, 13.041786267070036], [77.55154636630078, 13.032619600440038], [77.5423796996707, 13.032619600440038], [77.5423796996707, 13.041786267070036]]]}}, {"type": "Feature", "properties": {"population": 41982}, "geometry": {"type": "Polygon", "coordinates": [[[77.55154636630078, 13.041786267070036], [77.56071303293086, 13.041786267070036], [77.56071303293086, 13.032619600440038], [77.55154636630078, 13.032619600440038], [77.55154636630078, 13.041786267070036]]]}}, {"type": "Feature", "properties": {"population": 54931}, "geometry": {"type": "Polygon", "coordinates": [[[77.56071303293086, 13.041786267070036], [77.56987969956094, 13.041786267070036], [77.56987969956094, 13.032619600440038], [77.56071303293086, 13.032619600440038], [77.56071303293086, 13.041786267070036]]]}}, {"type": "Feature", "properties": {"population": 54533}, "geometry": {"type": "Polygon", "coordinates": [[[77.56987969956094, 13.041786267070036], [77.57904636619102, 13.041786267070036], [77.57904636619102, 13.032619600440038], [77.56987969956094, 13.032619600440038], [77.56987969956094, 13.041786267070036]]]}}, {"type": "Feature", "properties": {"population": 13850}, "geometry": {"type": "Polygon", "coordinates": [[[77.57904636619102, 13.041786267070036], [77.5882130328211, 13.041786267070036], [77.5882130328211, 13.032619600440038], [77.57904636619102, 13.032619600440038], [77.57904636619102, 13.041786267070036]]]}}, {"type": "Feature", "properties": {"population": 45649}, "geometry": {"type": "Polygon", "coordinates": [[[77.5882130328211, 13.041786267070036], [77.59737969945118, 13.041786267070036], [77.59737969945118, 13.032619600440038], [77.5882130328211, 13.032619600440038], [77.5882130328211, 13.041786267070036]]]}}, {"type": "Feature", "properties": {"population": 50065}, "geometry": {"type": "Polygon", "coordinates": [[[77.59737969945118, 13.041786267070036], [77.60654636608126, 13.041786267070036], [77.60654636608126, 13.032619600440038], [77.59737969945118, 13.032619600440038], [77.59737969945118, 13.041786267070036]]]}}, {"type": "Feature", "properties": {"population": 43205}, "geometry": {"type": "Polygon", "coordinates": [[[77.60654636608126, 13.041786267070036], [77.61571303271134, 13.041786267070036], [77.61571303271134, 13.032619600440038], [77.60654636608126, 13.032619600440038], [77.60654636608126, 13.041786267070036]]]}}, {"type": "Feature", "properties": {"population": 47506}, "geometry": {"type": "Polygon", "coordinates": [[[77.61571303271134, 13.041786267070036], [77.6248796993414, 13.041786267070036], [77.6248796993414, 13.032619600440038], [77.61571303271134, 13.032619600440038], [77.61571303271134, 13.041786267070036]]]}}, {"type": "Feature", "properties": {"population": 32758}, "geometry": {"type": "Polygon", "coordinates": [[[77.6248796993414, 13.041786267070036], [77.63404636597149, 13.041786267070036], [77.63404636597149, 13.032619600440038], [77.6248796993414, 13.032619600440038], [77.6248796993414, 13.041786267070036]]]}}, {"type": "Feature", "properties": {"population": 22756}, "geometry": {"type": "Polygon", "coordinates": [[[77.63404636597149, 13.041786267070036], [77.64321303260157, 13.041786267070036], [77.64321303260157, 13.032619600440038], [77.63404636597149, 13.032619600440038], [77.63404636597149, 13.041786267070036]]]}}, {"type": "Feature", "properties": {"population": 749}, "geometry": {"type": "Polygon", "coordinates": [[[77.64321303260157, 13.041786267070036], [77.65237969923164, 13.041786267070036], [77.65237969923164, 13.032619600440038], [77.64321303260157, 13.032619600440038], [77.64321303260157, 13.041786267070036]]]}}, {"type": "Feature", "properties": {"population": 352}, "geometry": {"type": "Polygon", "coordinates": [[[77.65237969923164, 13.041786267070036], [77.66154636586172, 13.041786267070036], [77.66154636586172, 13.032619600440038], [77.65237969923164, 13.032619600440038], [77.65237969923164, 13.041786267070036]]]}}, {"type": "Feature", "properties": {"population": 300}, "geometry": {"type": "Polygon", "coordinates": [[[77.66154636586172, 13.041786267070036], [77.6707130324918, 13.041786267070036], [77.6707130324918, 13.032619600440038], [77.66154636586172, 13.032619600440038], [77.66154636586172, 13.041786267070036]]]}}, {"type": "Feature", "properties": {"population": 364}, "geometry": {"type": "Polygon", "coordinates": [[[77.6707130324918, 13.041786267070036], [77.67987969912188, 13.041786267070036], [77.67987969912188, 13.032619600440038], [77.6707130324918, 13.032619600440038], [77.6707130324918, 13.041786267070036]]]}}, {"type": "Feature", "properties": {"population": 271}, "geometry": {"type": "Polygon", "coordinates": [[[77.67987969912188, 13.041786267070036], [77.68904636575196, 13.041786267070036], [77.68904636575196, 13.032619600440038], [77.67987969912188, 13.032619600440038], [77.67987969912188, 13.041786267070036]]]}}, {"type": "Feature", "properties": {"population": 303}, "geometry": {"type": "Polygon", "coordinates": [[[77.68904636575196, 13.041786267070036], [77.69821303238204, 13.041786267070036], [77.69821303238204, 13.032619600440038], [77.68904636575196, 13.032619600440038], [77.68904636575196, 13.041786267070036]]]}}, {"type": "Feature", "properties": {"population": 258}, "geometry": {"type": "Polygon", "coordinates": [[[77.69821303238204, 13.041786267070036], [77.70737969901212, 13.041786267070036], [77.70737969901212, 13.032619600440038], [77.69821303238204, 13.032619600440038], [77.69821303238204, 13.041786267070036]]]}}, {"type": "Feature", "properties": {"population": 250}, "geometry": {"type": "Polygon", "coordinates": [[[77.70737969901212, 13.041786267070036], [77.7165463656422, 13.041786267070036], [77.7165463656422, 13.032619600440038], [77.70737969901212, 13.032619600440038], [77.70737969901212, 13.041786267070036]]]}}, {"type": "Feature", "properties": {"population": 231}, "geometry": {"type": "Polygon", "coordinates": [[[77.7165463656422, 13.041786267070036], [77.72571303227228, 13.041786267070036], [77.72571303227228, 13.032619600440038], [77.7165463656422, 13.032619600440038], [77.7165463656422, 13.041786267070036]]]}}, {"type": "Feature", "properties": {"population": 248}, "geometry": {"type": "Polygon", "coordinates": [[[77.72571303227228, 13.041786267070036], [77.73487969890235, 13.041786267070036], [77.73487969890235, 13.032619600440038], [77.72571303227228, 13.032619600440038], [77.72571303227228, 13.041786267070036]]]}}, {"type": "Feature", "properties": {"population": 318}, "geometry": {"type": "Polygon", "coordinates": [[[77.73487969890235, 13.041786267070036], [77.74404636553243, 13.041786267070036], [77.74404636553243, 13.032619600440038], [77.73487969890235, 13.032619600440038], [77.73487969890235, 13.041786267070036]]]}}, {"type": "Feature", "properties": {"population": 242}, "geometry": {"type": "Polygon", "coordinates": [[[77.74404636553243, 13.041786267070036], [77.7532130321625, 13.041786267070036], [77.7532130321625, 13.032619600440038], [77.74404636553243, 13.032619600440038], [77.74404636553243, 13.041786267070036]]]}}, {"type": "Feature", "properties": {"population": 258}, "geometry": {"type": "Polygon", "coordinates": [[[77.7532130321625, 13.041786267070036], [77.76237969879259, 13.041786267070036], [77.76237969879259, 13.032619600440038], [77.7532130321625, 13.032619600440038], [77.7532130321625, 13.041786267070036]]]}}, {"type": "Feature", "properties": {"population": 232}, "geometry": {"type": "Polygon", "coordinates": [[[77.76237969879259, 13.041786267070036], [77.77154636542267, 13.041786267070036], [77.77154636542267, 13.032619600440038], [77.76237969879259, 13.032619600440038], [77.76237969879259, 13.041786267070036]]]}}, {"type": "Feature", "properties": {"population": 642}, "geometry": {"type": "Polygon", "coordinates": [[[77.77154636542267, 13.041786267070036], [77.78071303205274, 13.041786267070036], [77.78071303205274, 13.032619600440038], [77.77154636542267, 13.032619600440038], [77.77154636542267, 13.041786267070036]]]}}, {"type": "Feature", "properties": {"population": 203}, "geometry": {"type": "Polygon", "coordinates": [[[77.78071303205274, 13.041786267070036], [77.78404636537277, 13.041786267070036], [77.78404636537277, 13.032619600440038], [77.78071303205274, 13.032619600440038], [77.78071303205274, 13.041786267070036]]]}}, {"type": "Feature", "properties": {"population": 8299}, "geometry": {"type": "Polygon", "coordinates": [[[77.4598797, 13.032619600440038], [77.46904636663008, 13.032619600440038], [77.46904636663008, 13.023452933810042], [77.4598797, 13.023452933810042], [77.4598797, 13.032619600440038]]]}}, {"type": "Feature", "properties": {"population": 10481}, "geometry": {"type": "Polygon", "coordinates": [[[77.46904636663008, 13.032619600440038], [77.47821303326016, 13.032619600440038], [77.47821303326016, 13.023452933810042], [77.46904636663008, 13.023452933810042], [77.46904636663008, 13.032619600440038]]]}}, {"type": "Feature", "properties": {"population": 12302}, "geometry": {"type": "Polygon", "coordinates": [[[77.47821303326016, 13.032619600440038], [77.48737969989024, 13.032619600440038], [77.48737969989024, 13.023452933810042], [77.47821303326016, 13.023452933810042], [77.47821303326016, 13.032619600440038]]]}}, {"type": "Feature", "properties": {"population": 8933}, "geometry": {"type": "Polygon", "coordinates": [[[77.48737969989024, 13.032619600440038], [77.49654636652032, 13.032619600440038], [77.49654636652032, 13.023452933810042], [77.48737969989024, 13.023452933810042], [77.48737969989024, 13.032619600440038]]]}}, {"type": "Feature", "properties": {"population": 11681}, "geometry": {"type": "Polygon", "coordinates": [[[77.49654636652032, 13.032619600440038], [77.5057130331504, 13.032619600440038], [77.5057130331504, 13.023452933810042], [77.49654636652032, 13.023452933810042], [77.49654636652032, 13.032619600440038]]]}}, {"type": "Feature", "properties": {"population": 48549}, "geometry": {"type": "Polygon", "coordinates": [[[77.5057130331504, 13.032619600440038], [77.51487969978047, 13.032619600440038], [77.51487969978047, 13.023452933810042], [77.5057130331504, 13.023452933810042], [77.5057130331504, 13.032619600440038]]]}}, {"type": "Feature", "properties": {"population": 56532}, "geometry": {"type": "Polygon", "coordinates": [[[77.51487969978047, 13.032619600440038], [77.52404636641054, 13.032619600440038], [77.52404636641054, 13.023452933810042], [77.51487969978047, 13.023452933810042], [77.51487969978047, 13.032619600440038]]]}}, {"type": "Feature", "properties": {"population": 32533}, "geometry": {"type": "Polygon", "coordinates": [[[77.52404636641054, 13.032619600440038], [77.53321303304062, 13.032619600440038], [77.53321303304062, 13.023452933810042], [77.52404636641054, 13.023452933810042], [77.52404636641054, 13.032619600440038]]]}}, {"type": "Feature", "properties": {"population": 41532}, "geometry": {"type": "Polygon", "coordinates": [[[77.53321303304062, 13.032619600440038], [77.5423796996707, 13.032619600440038], [77.5423796996707, 13.023452933810042], [77.53321303304062, 13.023452933810042], [77.53321303304062, 13.032619600440038]]]}}, {"type": "Feature", "properties": {"population": 39288}, "geometry": {"type": "Polygon", "coordinates": [[[77.5423796996707, 13.032619600440038], [77.55154636630078, 13.032619600440038], [77.55154636630078, 13.023452933810042], [77.5423796996707, 13.023452933810042], [77.5423796996707, 13.032619600440038]]]}}, {"type": "Feature", "properties": {"population": 55144}, "geometry": {"type": "Polygon", "coordinates": [[[77.55154636630078, 13.032619600440038], [77.56071303293086, 13.032619600440038], [77.56071303293086, 13.023452933810042], [77.55154636630078, 13.023452933810042], [77.55154636630078, 13.032619600440038]]]}}, {"type": "Feature", "properties": {"population": 38008}, "geometry": {"type": "Polygon", "coordinates": [[[77.56071303293086, 13.032619600440038], [77.56987969956094, 13.032619600440038], [77.56987969956094, 13.023452933810042], [77.56071303293086, 13.023452933810042], [77.56071303293086, 13.032619600440038]]]}}, {"type": "Feature", "properties": {"population": 36528}, "geometry": {"type": "Polygon", "coordinates": [[[77.56987969956094, 13.032619600440038], [77.57904636619102, 13.032619600440038], [77.57904636619102, 13.023452933810042], [77.56987969956094, 13.023452933810042], [77.56987969956094, 13.032619600440038]]]}}, {"type": "Feature", "properties": {"population": 39241}, "geometry": {"type": "Polygon", "coordinates": [[[77.57904636619102, 13.032619600440038], [77.5882130328211, 13.032619600440038], [77.5882130328211, 13.023452933810042], [77.57904636619102, 13.023452933810042], [77.57904636619102, 13.032619600440038]]]}}, {"type": "Feature", "properties": {"population": 60700}, "geometry": {"type": "Polygon", "coordinates": [[[77.5882130328211, 13.032619600440038], [77.59737969945118, 13.032619600440038], [77.59737969945118, 13.023452933810042], [77.5882130328211, 13.023452933810042], [77.5882130328211, 13.032619600440038]]]}}, {"type": "Feature", "properties": {"population": 65672}, "geometry": {"type": "Polygon", "coordinates": [[[77.59737969945118, 13.032619600440038], [77.60654636608126, 13.032619600440038], [77.60654636608126, 13.023452933810042], [77.59737969945118, 13.023452933810042], [77.59737969945118, 13.032619600440038]]]}}, {"type": "Feature", "properties": {"population": 54846}, "geometry": {"type": "Polygon", "coordinates": [[[77.60654636608126, 13.032619600440038], [77.61571303271134, 13.032619600440038], [77.61571303271134, 13.023452933810042], [77.60654636608126, 13.023452933810042], [77.60654636608126, 13.032619600440038]]]}}, {"type": "Feature", "properties": {"population": 52541}, "geometry": {"type": "Polygon", "coordinates": [[[77.61571303271134, 13.032619600440038], [77.6248796993414, 13.032619600440038], [77.6248796993414, 13.023452933810042], [77.61571303271134, 13.023452933810042], [77.61571303271134, 13.032619600440038]]]}}, {"type": "Feature", "properties": {"population": 51187}, "geometry": {"type": "Polygon", "coordinates": [[[77.6248796993414, 13.032619600440038], [77.63404636597149, 13.032619600440038], [77.63404636597149, 13.023452933810042], [77.6248796993414, 13.023452933810042], [77.6248796993414, 13.032619600440038]]]}}, {"type": "Feature", "properties": {"population": 15611}, "geometry": {"type": "Polygon", "coordinates": [[[77.63404636597149, 13.032619600440038], [77.64321303260157, 13.032619600440038], [77.64321303260157, 13.023452933810042], [77.63404636597149, 13.023452933810042], [77.63404636597149, 13.032619600440038]]]}}, {"type": "Feature", "properties": {"population": 1130}, "geometry": {"type": "Polygon", "coordinates": [[[77.64321303260157, 13.032619600440038], [77.65237969923164, 13.032619600440038], [77.65237969923164, 13.023452933810042], [77.64321303260157, 13.023452933810042], [77.64321303260157, 13.032619600440038]]]}}, {"type": "Feature", "properties": {"population": 970}, "geometry": {"type": "Polygon", "coordinates": [[[77.65237969923164, 13.032619600440038], [77.66154636586172, 13.032619600440038], [77.66154636586172, 13.023452933810042], [77.65237969923164, 13.023452933810042], [77.65237969923164, 13.032619600440038]]]}}, {"type": "Feature", "properties": {"population": 921}, "geometry": {"type": "Polygon", "coordinates": [[[77.66154636586172, 13.032619600440038], [77.6707130324918, 13.032619600440038], [77.6707130324918, 13.023452933810042], [77.66154636586172, 13.023452933810042], [77.66154636586172, 13.032619600440038]]]}}, {"type": "Feature", "properties": {"population": 710}, "geometry": {"type": "Polygon", "coordinates": [[[77.6707130324918, 13.032619600440038], [77.67987969912188, 13.032619600440038], [77.67987969912188, 13.023452933810042], [77.6707130324918, 13.023452933810042], [77.6707130324918, 13.032619600440038]]]}}, {"type": "Feature", "properties": {"population": 443}, "geometry": {"type": "Polygon", "coordinates": [[[77.67987969912188, 13.032619600440038], [77.68904636575196, 13.032619600440038], [77.68904636575196, 13.023452933810042], [77.67987969912188, 13.023452933810042], [77.67987969912188, 13.032619600440038]]]}}, {"type": "Feature", "properties": {"population": 621}, "geometry": {"type": "Polygon", "coordinates": [[[77.68904636575196, 13.032619600440038], [77.69821303238204, 13.032619600440038], [77.69821303238204, 13.023452933810042], [77.68904636575196, 13.023452933810042], [77.68904636575196, 13.032619600440038]]]}}, {"type": "Feature", "properties": {"population": 355}, "geometry": {"type": "Polygon", "coordinates": [[[77.69821303238204, 13.032619600440038], [77.70737969901212, 13.032619600440038], [77.70737969901212, 13.023452933810042], [77.69821303238204, 13.023452933810042], [77.69821303238204, 13.032619600440038]]]}}, {"type": "Feature", "properties": {"population": 421}, "geometry": {"type": "Polygon", "coordinates": [[[77.70737969901212, 13.032619600440038], [77.7165463656422, 13.032619600440038], [77.7165463656422, 13.023452933810042], [77.70737969901212, 13.023452933810042], [77.70737969901212, 13.032619600440038]]]}}, {"type": "Feature", "properties": {"population": 317}, "geometry": {"type": "Polygon", "coordinates": [[[77.7165463656422, 13.032619600440038], [77.72571303227228, 13.032619600440038], [77.72571303227228, 13.023452933810042], [77.7165463656422, 13.023452933810042], [77.7165463656422, 13.032619600440038]]]}}, {"type": "Feature", "properties": {"population": 183}, "geometry": {"type": "Polygon", "coordinates": [[[77.72571303227228, 13.032619600440038], [77.73487969890235, 13.032619600440038], [77.73487969890235, 13.023452933810042], [77.72571303227228, 13.023452933810042], [77.72571303227228, 13.032619600440038]]]}}, {"type": "Feature", "properties": {"population": 251}, "geometry": {"type": "Polygon", "coordinates": [[[77.73487969890235, 13.032619600440038], [77.74404636553243, 13.032619600440038], [77.74404636553243, 13.023452933810042], [77.73487969890235, 13.023452933810042], [77.73487969890235, 13.032619600440038]]]}}, {"type": "Feature", "properties": {"population": 333}, "geometry": {"type": "Polygon", "coordinates": [[[77.74404636553243, 13.032619600440038], [77.7532130321625, 13.032619600440038], [77.7532130321625, 13.023452933810042], [77.74404636553243, 13.023452933810042], [77.74404636553243, 13.032619600440038]]]}}, {"type": "Feature", "properties": {"population": 299}, "geometry": {"type": "Polygon", "coordinates": [[[77.7532130321625, 13.032619600440038], [77.76237969879259, 13.032619600440038], [77.76237969879259, 13.023452933810042], [77.7532130321625, 13.023452933810042], [77.7532130321625, 13.032619600440038]]]}}, {"type": "Feature", "properties": {"population": 375}, "geometry": {"type": "Polygon", "coordinates": [[[77.76237969879259, 13.032619600440038], [77.77154636542267, 13.032619600440038], [77.77154636542267, 13.023452933810042], [77.76237969879259, 13.023452933810042], [77.76237969879259, 13.032619600440038]]]}}, {"type": "Feature", "properties": {"population": 890}, "geometry": {"type": "Polygon", "coordinates": [[[77.77154636542267, 13.032619600440038], [77.78071303205274, 13.032619600440038], [77.78071303205274, 13.023452933810042], [77.77154636542267, 13.023452933810042], [77.77154636542267, 13.032619600440038]]]}}, {"type": "Feature", "properties": {"population": 219}, "geometry": {"type": "Polygon", "coordinates": [[[77.78071303205274, 13.032619600440038], [77.78404636537277, 13.032619600440038], [77.78404636537277, 13.023452933810042], [77.78071303205274, 13.023452933810042], [77.78071303205274, 13.032619600440038]]]}}, {"type": "Feature", "properties": {"population": 8091}, "geometry": {"type": "Polygon", "coordinates": [[[77.4598797, 13.023452933810042], [77.46904636663008, 13.023452933810042], [77.46904636663008, 13.014286267180044], [77.4598797, 13.014286267180044], [77.4598797, 13.023452933810042]]]}}, {"type": "Feature", "properties": {"population": 8091}, "geometry": {"type": "Polygon", "coordinates": [[[77.46904636663008, 13.023452933810042], [77.47821303326016, 13.023452933810042], [77.47821303326016, 13.014286267180044], [77.46904636663008, 13.014286267180044], [77.46904636663008, 13.023452933810042]]]}}, {"type": "Feature", "properties": {"population": 9522}, "geometry": {"type": "Polygon", "coordinates": [[[77.47821303326016, 13.023452933810042], [77.48737969989024, 13.023452933810042], [77.48737969989024, 13.014286267180044], [77.47821303326016, 13.014286267180044], [77.47821303326016, 13.023452933810042]]]}}, {"type": "Feature", "properties": {"population": 16412}, "geometry": {"type": "Polygon", "coordinates": [[[77.48737969989024, 13.023452933810042], [77.49654636652032, 13.023452933810042], [77.49654636652032, 13.014286267180044], [77.48737969989024, 13.014286267180044], [77.48737969989024, 13.023452933810042]]]}}, {"type": "Feature", "properties": {"population": 36400}, "geometry": {"type": "Polygon", "coordinates": [[[77.49654636652032, 13.023452933810042], [77.5057130331504, 13.023452933810042], [77.5057130331504, 13.014286267180044], [77.49654636652032, 13.014286267180044], [77.49654636652032, 13.023452933810042]]]}}, {"type": "Feature", "properties": {"population": 53198}, "geometry": {"type": "Polygon", "coordinates": [[[77.5057130331504, 13.023452933810042], [77.51487969978047, 13.023452933810042], [77.51487969978047, 13.014286267180044], [77.5057130331504, 13.014286267180044], [77.5057130331504, 13.023452933810042]]]}}, {"type": "Feature", "properties": {"population": 48484}, "geometry": {"type": "Polygon", "coordinates": [[[77.51487969978047, 13.023452933810042], [77.52404636641054, 13.023452933810042], [77.52404636641054, 13.014286267180044], [77.51487969978047, 13.014286267180044], [77.51487969978047, 13.023452933810042]]]}}, {"type": "Feature", "properties": {"population": 47841}, "geometry": {"type": "Polygon", "coordinates": [[[77.52404636641054, 13.023452933810042], [77.53321303304062, 13.023452933810042], [77.53321303304062, 13.014286267180044], [77.52404636641054, 13.014286267180044], [77.52404636641054, 13.023452933810042]]]}}, {"type": "Feature", "properties": {"population": 55178}, "geometry": {"type": "Polygon", "coordinates": [[[77.53321303304062, 13.023452933810042], [77.5423796996707, 13.023452933810042], [77.5423796996707, 13.014286267180044], [77.53321303304062, 13.014286267180044], [77.53321303304062, 13.023452933810042]]]}}, {"type": "Feature", "properties": {"population": 56405}, "geometry": {"type": "Polygon", "coordinates": [[[77.5423796996707, 13.023452933810042], [77.55154636630078, 13.023452933810042], [77.55154636630078, 13.014286267180044], [77.5423796996707, 13.014286267180044], [77.5423796996707, 13.023452933810042]]]}}, {"type": "Feature", "properties": {"population": 59998}, "geometry": {"type": "Polygon", "coordinates": [[[77.55154636630078, 13.023452933810042], [77.56071303293086, 13.023452933810042], [77.56071303293086, 13.014286267180044], [77.55154636630078, 13.014286267180044], [77.55154636630078, 13.023452933810042]]]}}, {"type": "Feature", "properties": {"population": 18078}, "geometry": {"type": "Polygon", "coordinates": [[[77.56071303293086, 13.023452933810042], [77.56987969956094, 13.023452933810042], [77.56987969956094, 13.014286267180044], [77.56071303293086, 13.014286267180044], [77.56071303293086, 13.023452933810042]]]}}, {"type": "Feature", "properties": {"population": 12483}, "geometry": {"type": "Polygon", "coordinates": [[[77.56987969956094, 13.023452933810042], [77.57904636619102, 13.023452933810042], [77.57904636619102, 13.014286267180044], [77.56987969956094, 13.014286267180044], [77.56987969956094, 13.023452933810042]]]}}, {"type": "Feature", "properties": {"population": 32613}, "geometry": {"type": "Polygon", "coordinates": [[[77.57904636619102, 13.023452933810042], [77.5882130328211, 13.023452933810042], [77.5882130328211, 13.014286267180044], [77.57904636619102, 13.014286267180044], [77.57904636619102, 13.023452933810042]]]}}, {"type": "Feature", "properties": {"population": 45735}, "geometry": {"type": "Polygon", "coordinates": [[[77.5882130328211, 13.023452933810042], [77.59737969945118, 13.023452933810042], [77.59737969945118, 13.014286267180044], [77.5882130328211, 13.014286267180044], [77.5882130328211, 13.023452933810042]]]}}, {"type": "Feature", "properties": {"population": 25091}, "geometry": {"type": "Polygon", "coordinates": [[[77.59737969945118, 13.023452933810042], [77.60654636608126, 13.023452933810042], [77.60654636608126, 13.014286267180044], [77.59737969945118, 13.014286267180044], [77.59737969945118, 13.023452933810042]]]}}, {"type": "Feature", "properties": {"population": 50531}, "geometry": {"type": "Polygon", "coordinates": [[[77.60654636608126, 13.023452933810042], [77.61571303271134, 13.023452933810042], [77.61571303271134, 13.014286267180044], [77.60654636608126, 13.014286267180044], [77.60654636608126, 13.023452933810042]]]}}, {"type": "Feature", "properties": {"population": 51316}, "geometry": {"type": "Polygon", "coordinates": [[[77.61571303271134, 13.023452933810042], [77.6248796993414, 13.023452933810042], [77.6248796993414, 13.014286267180044], [77.61571303271134, 13.014286267180044], [77.61571303271134, 13.023452933810042]]]}}, {"type": "Feature", "properties": {"population": 41231}, "geometry": {"type": "Polygon", "coordinates": [[[77.6248796993414, 13.023452933810042], [77.63404636597149, 13.023452933810042], [77.63404636597149, 13.014286267180044], [77.6248796993414, 13.014286267180044], [77.6248796993414, 13.023452933810042]]]}}, {"type": "Feature", "properties": {"population": 28896}, "geometry": {"type": "Polygon", "coordinates": [[[77.63404636597149, 13.023452933810042], [77.64321303260157, 13.023452933810042], [77.64321303260157, 13.014286267180044], [77.63404636597149, 13.014286267180044], [77.63404636597149, 13.023452933810042]]]}}, {"type": "Feature", "properties": {"population": 1853}, "geometry": {"type": "Polygon", "coordinates": [[[77.64321303260157, 13.023452933810042], [77.65237969923164, 13.023452933810042], [77.65237969923164, 13.014286267180044], [77.64321303260157, 13.014286267180044], [77.64321303260157, 13.023452933810042]]]}}, {"type": "Feature", "properties": {"population": 1271}, "geometry": {"type": "Polygon", "coordinates": [[[77.65237969923164, 13.023452933810042], [77.66154636586172, 13.023452933810042], [77.66154636586172, 13.014286267180044], [77.65237969923164, 13.014286267180044], [77.65237969923164, 13.023452933810042]]]}}, {"type": "Feature", "properties": {"population": 1240}, "geometry": {"type": "Polygon", "coordinates": [[[77.66154636586172, 13.023452933810042], [77.6707130324918, 13.023452933810042], [77.6707130324918, 13.014286267180044], [77.66154636586172, 13.014286267180044], [77.66154636586172, 13.023452933810042]]]}}, {"type": "Feature", "properties": {"population": 1374}, "geometry": {"type": "Polygon", "coordinates": [[[77.6707130324918, 13.023452933810042], [77.67987969912188, 13.023452933810042], [77.67987969912188, 13.014286267180044], [77.6707130324918, 13.014286267180044], [77.6707130324918, 13.023452933810042]]]}}, {"type": "Feature", "properties": {"population": 1010}, "geometry": {"type": "Polygon", "coordinates": [[[77.67987969912188, 13.023452933810042], [77.68904636575196, 13.023452933810042], [77.68904636575196, 13.014286267180044], [77.67987969912188, 13.014286267180044], [77.67987969912188, 13.023452933810042]]]}}, {"type": "Feature", "properties": {"population": 395}, "geometry": {"type": "Polygon", "coordinates": [[[77.68904636575196, 13.023452933810042], [77.69821303238204, 13.023452933810042], [77.69821303238204, 13.014286267180044], [77.68904636575196, 13.014286267180044], [77.68904636575196, 13.023452933810042]]]}}, {"type": "Feature", "properties": {"population": 584}, "geometry": {"type": "Polygon", "coordinates": [[[77.69821303238204, 13.023452933810042], [77.70737969901212, 13.023452933810042], [77.70737969901212, 13.014286267180044], [77.69821303238204, 13.014286267180044], [77.69821303238204, 13.023452933810042]]]}}, {"type": "Feature", "properties": {"population": 700}, "geometry": {"type": "Polygon", "coordinates": [[[77.70737969901212, 13.023452933810042], [77.7165463656422, 13.023452933810042], [77.7165463656422, 13.014286267180044], [77.70737969901212, 13.014286267180044], [77.70737969901212, 13.023452933810042]]]}}, {"type": "Feature", "properties": {"population": 265}, "geometry": {"type": "Polygon", "coordinates": [[[77.7165463656422, 13.023452933810042], [77.72571303227228, 13.023452933810042], [77.72571303227228, 13.014286267180044], [77.7165463656422, 13.014286267180044], [77.7165463656422, 13.023452933810042]]]}}, {"type": "Feature", "properties": {"population": 171}, "geometry": {"type": "Polygon", "coordinates": [[[77.72571303227228, 13.023452933810042], [77.73487969890235, 13.023452933810042], [77.73487969890235, 13.014286267180044], [77.72571303227228, 13.014286267180044], [77.72571303227228, 13.023452933810042]]]}}, {"type": "Feature", "properties": {"population": 232}, "geometry": {"type": "Polygon", "coordinates": [[[77.73487969890235, 13.023452933810042], [77.74404636553243, 13.023452933810042], [77.74404636553243, 13.014286267180044], [77.73487969890235, 13.014286267180044], [77.73487969890235, 13.023452933810042]]]}}, {"type": "Feature", "properties": {"population": 256}, "geometry": {"type": "Polygon", "coordinates": [[[77.74404636553243, 13.023452933810042], [77.7532130321625, 13.023452933810042], [77.7532130321625, 13.014286267180044], [77.74404636553243, 13.014286267180044], [77.74404636553243, 13.023452933810042]]]}}, {"type": "Feature", "properties": {"population": 335}, "geometry": {"type": "Polygon", "coordinates": [[[77.7532130321625, 13.023452933810042], [77.76237969879259, 13.023452933810042], [77.76237969879259, 13.014286267180044], [77.7532130321625, 13.014286267180044], [77.7532130321625, 13.023452933810042]]]}}, {"type": "Feature", "properties": {"population": 613}, "geometry": {"type": "Polygon", "coordinates": [[[77.76237969879259, 13.023452933810042], [77.77154636542267, 13.023452933810042], [77.77154636542267, 13.014286267180044], [77.76237969879259, 13.014286267180044], [77.76237969879259, 13.023452933810042]]]}}, {"type": "Feature", "properties": {"population": 816}, "geometry": {"type": "Polygon", "coordinates": [[[77.77154636542267, 13.023452933810042], [77.78071303205274, 13.023452933810042], [77.78071303205274, 13.014286267180044], [77.77154636542267, 13.014286267180044], [77.77154636542267, 13.023452933810042]]]}}, {"type": "Feature", "properties": {"population": 269}, "geometry": {"type": "Polygon", "coordinates": [[[77.78071303205274, 13.023452933810042], [77.78404636537277, 13.023452933810042], [77.78404636537277, 13.014286267180044], [77.78071303205274, 13.014286267180044], [77.78071303205274, 13.023452933810042]]]}}, {"type": "Feature", "properties": {"population": 8334}, "geometry": {"type": "Polygon", "coordinates": [[[77.4598797, 13.014286267180044], [77.46904636663008, 13.014286267180044], [77.46904636663008, 13.005119600550048], [77.4598797, 13.005119600550048], [77.4598797, 13.014286267180044]]]}}, {"type": "Feature", "properties": {"population": 11455}, "geometry": {"type": "Polygon", "coordinates": [[[77.46904636663008, 13.014286267180044], [77.47821303326016, 13.014286267180044], [77.47821303326016, 13.005119600550048], [77.46904636663008, 13.005119600550048], [77.46904636663008, 13.014286267180044]]]}}, {"type": "Feature", "properties": {"population": 9363}, "geometry": {"type": "Polygon", "coordinates": [[[77.47821303326016, 13.014286267180044], [77.48737969989024, 13.014286267180044], [77.48737969989024, 13.005119600550048], [77.47821303326016, 13.005119600550048], [77.47821303326016, 13.014286267180044]]]}}, {"type": "Feature", "properties": {"population": 27755}, "geometry": {"type": "Polygon", "coordinates": [[[77.48737969989024, 13.014286267180044], [77.49654636652032, 13.014286267180044], [77.49654636652032, 13.005119600550048], [77.48737969989024, 13.005119600550048], [77.48737969989024, 13.014286267180044]]]}}, {"type": "Feature", "properties": {"population": 57187}, "geometry": {"type": "Polygon", "coordinates": [[[77.49654636652032, 13.014286267180044], [77.5057130331504, 13.014286267180044], [77.5057130331504, 13.005119600550048], [77.49654636652032, 13.005119600550048], [77.49654636652032, 13.014286267180044]]]}}, {"type": "Feature", "properties": {"population": 31618}, "geometry": {"type": "Polygon", "coordinates": [[[77.5057130331504, 13.014286267180044], [77.51487969978047, 13.014286267180044], [77.51487969978047, 13.005119600550048], [77.5057130331504, 13.005119600550048], [77.5057130331504, 13.014286267180044]]]}}, {"type": "Feature", "properties": {"population": 42772}, "geometry": {"type": "Polygon", "coordinates": [[[77.51487969978047, 13.014286267180044], [77.52404636641054, 13.014286267180044], [77.52404636641054, 13.005119600550048], [77.51487969978047, 13.005119600550048], [77.51487969978047, 13.014286267180044]]]}}, {"type": "Feature", "properties": {"population": 46229}, "geometry": {"type": "Polygon", "coordinates": [[[77.52404636641054, 13.014286267180044], [77.53321303304062, 13.014286267180044], [77.53321303304062, 13.005119600550048], [77.52404636641054, 13.005119600550048], [77.52404636641054, 13.014286267180044]]]}}, {"type": "Feature", "properties": {"population": 60204}, "geometry": {"type": "Polygon", "coordinates": [[[77.53321303304062, 13.014286267180044], [77.5423796996707, 13.014286267180044], [77.5423796996707, 13.005119600550048], [77.53321303304062, 13.005119600550048], [77.53321303304062, 13.014286267180044]]]}}, {"type": "Feature", "properties": {"population": 64593}, "geometry": {"type": "Polygon", "coordinates": [[[77.5423796996707, 13.014286267180044], [77.55154636630078, 13.014286267180044], [77.55154636630078, 13.005119600550048], [77.5423796996707, 13.005119600550048], [77.5423796996707, 13.014286267180044]]]}}, {"type": "Feature", "properties": {"population": 53887}, "geometry": {"type": "Polygon", "coordinates": [[[77.55154636630078, 13.014286267180044], [77.56071303293086, 13.014286267180044], [77.56071303293086, 13.005119600550048], [77.55154636630078, 13.005119600550048], [77.55154636630078, 13.014286267180044]]]}}, {"type": "Feature", "properties": {"population": 48172}, "geometry": {"type": "Polygon", "coordinates": [[[77.56071303293086, 13.014286267180044], [77.56987969956094, 13.014286267180044], [77.56987969956094, 13.005119600550048], [77.56071303293086, 13.005119600550048], [77.56071303293086, 13.014286267180044]]]}}, {"type": "Feature", "properties": {"population": 23901}, "geometry": {"type": "Polygon", "coordinates": [[[77.56987969956094, 13.014286267180044], [77.57904636619102, 13.014286267180044], [77.57904636619102, 13.005119600550048], [77.56987969956094, 13.005119600550048], [77.56987969956094, 13.014286267180044]]]}}, {"type": "Feature", "properties": {"population": 41343}, "geometry": {"type": "Polygon", "coordinates": [[[77.57904636619102, 13.014286267180044], [77.5882130328211, 13.014286267180044], [77.5882130328211, 13.005119600550048], [77.57904636619102, 13.005119600550048], [77.57904636619102, 13.014286267180044]]]}}, {"type": "Feature", "properties": {"population": 25332}, "geometry": {"type": "Polygon", "coordinates": [[[77.5882130328211, 13.014286267180044], [77.59737969945118, 13.014286267180044], [77.59737969945118, 13.005119600550048], [77.5882130328211, 13.005119600550048], [77.5882130328211, 13.014286267180044]]]}}, {"type": "Feature", "properties": {"population": 23637}, "geometry": {"type": "Polygon", "coordinates": [[[77.59737969945118, 13.014286267180044], [77.60654636608126, 13.014286267180044], [77.60654636608126, 13.005119600550048], [77.59737969945118, 13.005119600550048], [77.59737969945118, 13.014286267180044]]]}}, {"type": "Feature", "properties": {"population": 42527}, "geometry": {"type": "Polygon", "coordinates": [[[77.60654636608126, 13.014286267180044], [77.61571303271134, 13.014286267180044], [77.61571303271134, 13.005119600550048], [77.60654636608126, 13.005119600550048], [77.60654636608126, 13.014286267180044]]]}}, {"type": "Feature", "properties": {"population": 59062}, "geometry": {"type": "Polygon", "coordinates": [[[77.61571303271134, 13.014286267180044], [77.6248796993414, 13.014286267180044], [77.6248796993414, 13.005119600550048], [77.61571303271134, 13.005119600550048], [77.61571303271134, 13.014286267180044]]]}}, {"type": "Feature", "properties": {"population": 59453}, "geometry": {"type": "Polygon", "coordinates": [[[77.6248796993414, 13.014286267180044], [77.63404636597149, 13.014286267180044], [77.63404636597149, 13.005119600550048], [77.6248796993414, 13.005119600550048], [77.6248796993414, 13.014286267180044]]]}}, {"type": "Feature", "properties": {"population": 26115}, "geometry": {"type": "Polygon", "coordinates": [[[77.63404636597149, 13.014286267180044], [77.64321303260157, 13.014286267180044], [77.64321303260157, 13.005119600550048], [77.63404636597149, 13.005119600550048], [77.63404636597149, 13.014286267180044]]]}}, {"type": "Feature", "properties": {"population": 1389}, "geometry": {"type": "Polygon", "coordinates": [[[77.64321303260157, 13.014286267180044], [77.65237969923164, 13.014286267180044], [77.65237969923164, 13.005119600550048], [77.64321303260157, 13.005119600550048], [77.64321303260157, 13.014286267180044]]]}}, {"type": "Feature", "properties": {"population": 1407}, "geometry": {"type": "Polygon", "coordinates": [[[77.65237969923164, 13.014286267180044], [77.66154636586172, 13.014286267180044], [77.66154636586172, 13.005119600550048], [77.65237969923164, 13.005119600550048], [77.65237969923164, 13.014286267180044]]]}}, {"type": "Feature", "properties": {"population": 1398}, "geometry": {"type": "Polygon", "coordinates": [[[77.66154636586172, 13.014286267180044], [77.6707130324918, 13.014286267180044], [77.6707130324918, 13.005119600550048], [77.66154636586172, 13.005119600550048], [77.66154636586172, 13.014286267180044]]]}}, {"type": "Feature", "properties": {"population": 1580}, "geometry": {"type": "Polygon", "coordinates": [[[77.6707130324918, 13.014286267180044], [77.67987969912188, 13.014286267180044], [77.67987969912188, 13.005119600550048], [77.6707130324918, 13.005119600550048], [77.6707130324918, 13.014286267180044]]]}}, {"type": "Feature", "properties": {"population": 599}, "geometry": {"type": "Polygon", "coordinates": [[[77.67987969912188, 13.014286267180044], [77.68904636575196, 13.014286267180044], [77.68904636575196, 13.005119600550048], [77.67987969912188, 13.005119600550048], [77.67987969912188, 13.014286267180044]]]}}, {"type": "Feature", "properties": {"population": 838}, "geometry": {"type": "Polygon", "coordinates": [[[77.68904636575196, 13.014286267180044], [77.69821303238204, 13.014286267180044], [77.69821303238204, 13.005119600550048], [77.68904636575196, 13.005119600550048], [77.68904636575196, 13.014286267180044]]]}}, {"type": "Feature", "properties": {"population": 1156}, "geometry": {"type": "Polygon", "coordinates": [[[77.69821303238204, 13.014286267180044], [77.70737969901212, 13.014286267180044], [77.70737969901212, 13.005119600550048], [77.69821303238204, 13.005119600550048], [77.69821303238204, 13.014286267180044]]]}}, {"type": "Feature", "properties": {"population": 677}, "geometry": {"type": "Polygon", "coordinates": [[[77.70737969901212, 13.014286267180044], [77.7165463656422, 13.014286267180044], [77.7165463656422, 13.005119600550048], [77.70737969901212, 13.005119600550048], [77.70737969901212, 13.014286267180044]]]}}, {"type": "Feature", "properties": {"population": 295}, "geometry": {"type": "Polygon", "coordinates": [[[77.7165463656422, 13.014286267180044], [77.72571303227228, 13.014286267180044], [77.72571303227228, 13.005119600550048], [77.7165463656422, 13.005119600550048], [77.7165463656422, 13.014286267180044]]]}}, {"type": "Feature", "properties": {"population": 392}, "geometry": {"type": "Polygon", "coordinates": [[[77.72571303227228, 13.014286267180044], [77.73487969890235, 13.014286267180044], [77.73487969890235, 13.005119600550048], [77.72571303227228, 13.005119600550048], [77.72571303227228, 13.014286267180044]]]}}, {"type": "Feature", "properties": {"population": 413}, "geometry": {"type": "Polygon", "coordinates": [[[77.73487969890235, 13.014286267180044], [77.74404636553243, 13.014286267180044], [77.74404636553243, 13.005119600550048], [77.73487969890235, 13.005119600550048], [77.73487969890235, 13.014286267180044]]]}}, {"type": "Feature", "properties": {"population": 250}, "geometry": {"type": "Polygon", "coordinates": [[[77.74404636553243, 13.014286267180044], [77.7532130321625, 13.014286267180044], [77.7532130321625, 13.005119600550048], [77.74404636553243, 13.005119600550048], [77.74404636553243, 13.014286267180044]]]}}, {"type": "Feature", "properties": {"population": 332}, "geometry": {"type": "Polygon", "coordinates": [[[77.7532130321625, 13.014286267180044], [77.76237969879259, 13.014286267180044], [77.76237969879259, 13.005119600550048], [77.7532130321625, 13.005119600550048], [77.7532130321625, 13.014286267180044]]]}}, {"type": "Feature", "properties": {"population": 861}, "geometry": {"type": "Polygon", "coordinates": [[[77.76237969879259, 13.014286267180044], [77.77154636542267, 13.014286267180044], [77.77154636542267, 13.005119600550048], [77.76237969879259, 13.005119600550048], [77.76237969879259, 13.014286267180044]]]}}, {"type": "Feature", "properties": {"population": 944}, "geometry": {"type": "Polygon", "coordinates": [[[77.77154636542267, 13.014286267180044], [77.78071303205274, 13.014286267180044], [77.78071303205274, 13.005119600550048], [77.77154636542267, 13.005119600550048], [77.77154636542267, 13.014286267180044]]]}}, {"type": "Feature", "properties": {"population": 375}, "geometry": {"type": "Polygon", "coordinates": [[[77.78071303205274, 13.014286267180044], [77.78404636537277, 13.014286267180044], [77.78404636537277, 13.005119600550048], [77.78071303205274, 13.005119600550048], [77.78071303205274, 13.014286267180044]]]}}, {"type": "Feature", "properties": {"population": 7467}, "geometry": {"type": "Polygon", "coordinates": [[[77.4598797, 13.005119600550048], [77.46904636663008, 13.005119600550048], [77.46904636663008, 12.995952933920051], [77.4598797, 12.995952933920051], [77.4598797, 13.005119600550048]]]}}, {"type": "Feature", "properties": {"population": 10520}, "geometry": {"type": "Polygon", "coordinates": [[[77.46904636663008, 13.005119600550048], [77.47821303326016, 13.005119600550048], [77.47821303326016, 12.995952933920051], [77.46904636663008, 12.995952933920051], [77.46904636663008, 13.005119600550048]]]}}, {"type": "Feature", "properties": {"population": 9225}, "geometry": {"type": "Polygon", "coordinates": [[[77.47821303326016, 13.005119600550048], [77.48737969989024, 13.005119600550048], [77.48737969989024, 12.995952933920051], [77.47821303326016, 12.995952933920051], [77.47821303326016, 13.005119600550048]]]}}, {"type": "Feature", "properties": {"population": 15711}, "geometry": {"type": "Polygon", "coordinates": [[[77.48737969989024, 13.005119600550048], [77.49654636652032, 13.005119600550048], [77.49654636652032, 12.995952933920051], [77.48737969989024, 12.995952933920051], [77.48737969989024, 13.005119600550048]]]}}, {"type": "Feature", "properties": {"population": 48118}, "geometry": {"type": "Polygon", "coordinates": [[[77.49654636652032, 13.005119600550048], [77.5057130331504, 13.005119600550048], [77.5057130331504, 12.995952933920051], [77.49654636652032, 12.995952933920051], [77.49654636652032, 13.005119600550048]]]}}, {"type": "Feature", "properties": {"population": 32361}, "geometry": {"type": "Polygon", "coordinates": [[[77.5057130331504, 13.005119600550048], [77.51487969978047, 13.005119600550048], [77.51487969978047, 12.995952933920051], [77.5057130331504, 12.995952933920051], [77.5057130331504, 13.005119600550048]]]}}, {"type": "Feature", "properties": {"population": 26228}, "geometry": {"type": "Polygon", "coordinates": [[[77.51487969978047, 13.005119600550048], [77.52404636641054, 13.005119600550048], [77.52404636641054, 12.995952933920051], [77.51487969978047, 12.995952933920051], [77.51487969978047, 13.005119600550048]]]}}, {"type": "Feature", "properties": {"population": 44874}, "geometry": {"type": "Polygon", "coordinates": [[[77.52404636641054, 13.005119600550048], [77.53321303304062, 13.005119600550048], [77.53321303304062, 12.995952933920051], [77.52404636641054, 12.995952933920051], [77.52404636641054, 13.005119600550048]]]}}, {"type": "Feature", "properties": {"population": 50748}, "geometry": {"type": "Polygon", "coordinates": [[[77.53321303304062, 13.005119600550048], [77.5423796996707, 13.005119600550048], [77.5423796996707, 12.995952933920051], [77.53321303304062, 12.995952933920051], [77.53321303304062, 13.005119600550048]]]}}, {"type": "Feature", "properties": {"population": 54616}, "geometry": {"type": "Polygon", "coordinates": [[[77.5423796996707, 13.005119600550048], [77.55154636630078, 13.005119600550048], [77.55154636630078, 12.995952933920051], [77.5423796996707, 12.995952933920051], [77.5423796996707, 13.005119600550048]]]}}, {"type": "Feature", "properties": {"population": 62095}, "geometry": {"type": "Polygon", "coordinates": [[[77.55154636630078, 13.005119600550048], [77.56071303293086, 13.005119600550048], [77.56071303293086, 12.995952933920051], [77.55154636630078, 12.995952933920051], [77.55154636630078, 13.005119600550048]]]}}, {"type": "Feature", "properties": {"population": 51485}, "geometry": {"type": "Polygon", "coordinates": [[[77.56071303293086, 13.005119600550048], [77.56987969956094, 13.005119600550048], [77.56987969956094, 12.995952933920051], [77.56071303293086, 12.995952933920051], [77.56071303293086, 13.005119600550048]]]}}, {"type": "Feature", "properties": {"population": 55759}, "geometry": {"type": "Polygon", "coordinates": [[[77.56987969956094, 13.005119600550048], [77.57904636619102, 13.005119600550048], [77.57904636619102, 12.995952933920051], [77.56987969956094, 12.995952933920051], [77.56987969956094, 13.005119600550048]]]}}, {"type": "Feature", "properties": {"population": 30521}, "geometry": {"type": "Polygon", "coordinates": [[[77.57904636619102, 13.005119600550048], [77.5882130328211, 13.005119600550048], [77.5882130328211, 12.995952933920051], [77.57904636619102, 12.995952933920051], [77.57904636619102, 13.005119600550048]]]}}, {"type": "Feature", "properties": {"population": 13329}, "geometry": {"type": "Polygon", "coordinates": [[[77.5882130328211, 13.005119600550048], [77.59737969945118, 13.005119600550048], [77.59737969945118, 12.995952933920051], [77.5882130328211, 12.995952933920051], [77.5882130328211, 13.005119600550048]]]}}, {"type": "Feature", "properties": {"population": 36794}, "geometry": {"type": "Polygon", "coordinates": [[[77.59737969945118, 13.005119600550048], [77.60654636608126, 13.005119600550048], [77.60654636608126, 12.995952933920051], [77.59737969945118, 12.995952933920051], [77.59737969945118, 13.005119600550048]]]}}, {"type": "Feature", "properties": {"population": 41446}, "geometry": {"type": "Polygon", "coordinates": [[[77.60654636608126, 13.005119600550048], [77.61571303271134, 13.005119600550048], [77.61571303271134, 12.995952933920051], [77.60654636608126, 12.995952933920051], [77.60654636608126, 13.005119600550048]]]}}, {"type": "Feature", "properties": {"population": 60893}, "geometry": {"type": "Polygon", "coordinates": [[[77.61571303271134, 13.005119600550048], [77.6248796993414, 13.005119600550048], [77.6248796993414, 12.995952933920051], [77.61571303271134, 12.995952933920051], [77.61571303271134, 13.005119600550048]]]}}, {"type": "Feature", "properties": {"population": 52242}, "geometry": {"type": "Polygon", "coordinates": [[[77.6248796993414, 13.005119600550048], [77.63404636597149, 13.005119600550048], [77.63404636597149, 12.995952933920051], [77.6248796993414, 12.995952933920051], [77.6248796993414, 13.005119600550048]]]}}, {"type": "Feature", "properties": {"population": 5803}, "geometry": {"type": "Polygon", "coordinates": [[[77.63404636597149, 13.005119600550048], [77.64321303260157, 13.005119600550048], [77.64321303260157, 12.995952933920051], [77.63404636597149, 12.995952933920051], [77.63404636597149, 13.005119600550048]]]}}, {"type": "Feature", "properties": {"population": 294}, "geometry": {"type": "Polygon", "coordinates": [[[77.64321303260157, 13.005119600550048], [77.65237969923164, 13.005119600550048], [77.65237969923164, 12.995952933920051], [77.64321303260157, 12.995952933920051], [77.64321303260157, 13.005119600550048]]]}}, {"type": "Feature", "properties": {"population": 431}, "geometry": {"type": "Polygon", "coordinates": [[[77.65237969923164, 13.005119600550048], [77.66154636586172, 13.005119600550048], [77.66154636586172, 12.995952933920051], [77.65237969923164, 12.995952933920051], [77.65237969923164, 13.005119600550048]]]}}, {"type": "Feature", "properties": {"population": 898}, "geometry": {"type": "Polygon", "coordinates": [[[77.66154636586172, 13.005119600550048], [77.6707130324918, 13.005119600550048], [77.6707130324918, 12.995952933920051], [77.66154636586172, 12.995952933920051], [77.66154636586172, 13.005119600550048]]]}}, {"type": "Feature", "properties": {"population": 1570}, "geometry": {"type": "Polygon", "coordinates": [[[77.6707130324918, 13.005119600550048], [77.67987969912188, 13.005119600550048], [77.67987969912188, 12.995952933920051], [77.6707130324918, 12.995952933920051], [77.6707130324918, 13.005119600550048]]]}}, {"type": "Feature", "properties": {"population": 919}, "geometry": {"type": "Polygon", "coordinates": [[[77.67987969912188, 13.005119600550048], [77.68904636575196, 13.005119600550048], [77.68904636575196, 12.995952933920051], [77.67987969912188, 12.995952933920051], [77.67987969912188, 13.005119600550048]]]}}, {"type": "Feature", "properties": {"population": 870}, "geometry": {"type": "Polygon", "coordinates": [[[77.68904636575196, 13.005119600550048], [77.69821303238204, 13.005119600550048], [77.69821303238204, 12.995952933920051], [77.68904636575196, 12.995952933920051], [77.68904636575196, 13.005119600550048]]]}}, {"type": "Feature", "properties": {"population": 805}, "geometry": {"type": "Polygon", "coordinates": [[[77.69821303238204, 13.005119600550048], [77.70737969901212, 13.005119600550048], [77.70737969901212, 12.995952933920051], [77.69821303238204, 12.995952933920051], [77.69821303238204, 13.005119600550048]]]}}, {"type": "Feature", "properties": {"population": 522}, "geometry": {"type": "Polygon", "coordinates": [[[77.70737969901212, 13.005119600550048], [77.7165463656422, 13.005119600550048], [77.7165463656422, 12.995952933920051], [77.70737969901212, 12.995952933920051], [77.70737969901212, 13.005119600550048]]]}}, {"type": "Feature", "properties": {"population": 249}, "geometry": {"type": "Polygon", "coordinates": [[[77.7165463656422, 13.005119600550048], [77.72571303227228, 13.005119600550048], [77.72571303227228, 12.995952933920051], [77.7165463656422, 12.995952933920051], [77.7165463656422, 13.005119600550048]]]}}, {"type": "Feature", "properties": {"population": 208}, "geometry": {"type": "Polygon", "coordinates": [[[77.72571303227228, 13.005119600550048], [77.73487969890235, 13.005119600550048], [77.73487969890235, 12.995952933920051], [77.72571303227228, 12.995952933920051], [77.72571303227228, 13.005119600550048]]]}}, {"type": "Feature", "properties": {"population": 407}, "geometry": {"type": "Polygon", "coordinates": [[[77.73487969890235, 13.005119600550048], [77.74404636553243, 13.005119600550048], [77.74404636553243, 12.995952933920051], [77.73487969890235, 12.995952933920051], [77.73487969890235, 13.005119600550048]]]}}, {"type": "Feature", "properties": {"population": 270}, "geometry": {"type": "Polygon", "coordinates": [[[77.74404636553243, 13.005119600550048], [77.7532130321625, 13.005119600550048], [77.7532130321625, 12.995952933920051], [77.74404636553243, 12.995952933920051], [77.74404636553243, 13.005119600550048]]]}}, {"type": "Feature", "properties": {"population": 434}, "geometry": {"type": "Polygon", "coordinates": [[[77.7532130321625, 13.005119600550048], [77.76237969879259, 13.005119600550048], [77.76237969879259, 12.995952933920051], [77.7532130321625, 12.995952933920051], [77.7532130321625, 13.005119600550048]]]}}, {"type": "Feature", "properties": {"population": 903}, "geometry": {"type": "Polygon", "coordinates": [[[77.76237969879259, 13.005119600550048], [77.77154636542267, 13.005119600550048], [77.77154636542267, 12.995952933920051], [77.76237969879259, 12.995952933920051], [77.76237969879259, 13.005119600550048]]]}}, {"type": "Feature", "properties": {"population": 1121}, "geometry": {"type": "Polygon", "coordinates": [[[77.77154636542267, 13.005119600550048], [77.78071303205274, 13.005119600550048], [77.78071303205274, 12.995952933920051], [77.77154636542267, 12.995952933920051], [77.77154636542267, 13.005119600550048]]]}}, {"type": "Feature", "properties": {"population": 456}, "geometry": {"type": "Polygon", "coordinates": [[[77.78071303205274, 13.005119600550048], [77.78404636537277, 13.005119600550048], [77.78404636537277, 12.995952933920051], [77.78071303205274, 12.995952933920051], [77.78071303205274, 13.005119600550048]]]}}, {"type": "Feature", "properties": {"population": 9058}, "geometry": {"type": "Polygon", "coordinates": [[[77.4598797, 12.995952933920051], [77.46904636663008, 12.995952933920051], [77.46904636663008, 12.986786267290054], [77.4598797, 12.986786267290054], [77.4598797, 12.995952933920051]]]}}, {"type": "Feature", "properties": {"population": 9559}, "geometry": {"type": "Polygon", "coordinates": [[[77.46904636663008, 12.995952933920051], [77.47821303326016, 12.995952933920051], [77.47821303326016, 12.986786267290054], [77.46904636663008, 12.986786267290054], [77.46904636663008, 12.995952933920051]]]}}, {"type": "Feature", "properties": {"population": 15124}, "geometry": {"type": "Polygon", "coordinates": [[[77.47821303326016, 12.995952933920051], [77.48737969989024, 12.995952933920051], [77.48737969989024, 12.986786267290054], [77.47821303326016, 12.986786267290054], [77.47821303326016, 12.995952933920051]]]}}, {"type": "Feature", "properties": {"population": 14630}, "geometry": {"type": "Polygon", "coordinates": [[[77.48737969989024, 12.995952933920051], [77.49654636652032, 12.995952933920051], [77.49654636652032, 12.986786267290054], [77.48737969989024, 12.986786267290054], [77.48737969989024, 12.995952933920051]]]}}, {"type": "Feature", "properties": {"population": 40422}, "geometry": {"type": "Polygon", "coordinates": [[[77.49654636652032, 12.995952933920051], [77.5057130331504, 12.995952933920051], [77.5057130331504, 12.986786267290054], [77.49654636652032, 12.986786267290054], [77.49654636652032, 12.995952933920051]]]}}, {"type": "Feature", "properties": {"population": 31880}, "geometry": {"type": "Polygon", "coordinates": [[[77.5057130331504, 12.995952933920051], [77.51487969978047, 12.995952933920051], [77.51487969978047, 12.986786267290054], [77.5057130331504, 12.986786267290054], [77.5057130331504, 12.995952933920051]]]}}, {"type": "Feature", "properties": {"population": 18772}, "geometry": {"type": "Polygon", "coordinates": [[[77.51487969978047, 12.995952933920051], [77.52404636641054, 12.995952933920051], [77.52404636641054, 12.986786267290054], [77.51487969978047, 12.986786267290054], [77.51487969978047, 12.995952933920051]]]}}, {"type": "Feature", "properties": {"population": 55558}, "geometry": {"type": "Polygon", "coordinates": [[[77.52404636641054, 12.995952933920051], [77.53321303304062, 12.995952933920051], [77.53321303304062, 12.986786267290054], [77.52404636641054, 12.986786267290054], [77.52404636641054, 12.995952933920051]]]}}, {"type": "Feature", "properties": {"population": 53936}, "geometry": {"type": "Polygon", "coordinates": [[[77.53321303304062, 12.995952933920051], [77.5423796996707, 12.995952933920051], [77.5423796996707, 12.986786267290054], [77.53321303304062, 12.986786267290054], [77.53321303304062, 12.995952933920051]]]}}, {"type": "Feature", "properties": {"population": 43069}, "geometry": {"type": "Polygon", "coordinates": [[[77.5423796996707, 12.995952933920051], [77.55154636630078, 12.995952933920051], [77.55154636630078, 12.986786267290054], [77.5423796996707, 12.986786267290054], [77.5423796996707, 12.995952933920051]]]}}, {"type": "Feature", "properties": {"population": 42540}, "geometry": {"type": "Polygon", "coordinates": [[[77.55154636630078, 12.995952933920051], [77.56071303293086, 12.995952933920051], [77.56071303293086, 12.986786267290054], [77.55154636630078, 12.986786267290054], [77.55154636630078, 12.995952933920051]]]}}, {"type": "Feature", "properties": {"population": 50001}, "geometry": {"type": "Polygon", "coordinates": [[[77.56071303293086, 12.995952933920051], [77.56987969956094, 12.995952933920051], [77.56987969956094, 12.986786267290054], [77.56071303293086, 12.986786267290054], [77.56071303293086, 12.995952933920051]]]}}, {"type": "Feature", "properties": {"population": 55981}, "geometry": {"type": "Polygon", "coordinates": [[[77.56987969956094, 12.995952933920051], [77.57904636619102, 12.995952933920051], [77.57904636619102, 12.986786267290054], [77.56987969956094, 12.986786267290054], [77.56987969956094, 12.995952933920051]]]}}, {"type": "Feature", "properties": {"population": 26728}, "geometry": {"type": "Polygon", "coordinates": [[[77.57904636619102, 12.995952933920051], [77.5882130328211, 12.995952933920051], [77.5882130328211, 12.986786267290054], [77.57904636619102, 12.986786267290054], [77.57904636619102, 12.995952933920051]]]}}, {"type": "Feature", "properties": {"population": 53001}, "geometry": {"type": "Polygon", "coordinates": [[[77.5882130328211, 12.995952933920051], [77.59737969945118, 12.995952933920051], [77.59737969945118, 12.986786267290054], [77.5882130328211, 12.986786267290054], [77.5882130328211, 12.995952933920051]]]}}, {"type": "Feature", "properties": {"population": 55649}, "geometry": {"type": "Polygon", "coordinates": [[[77.59737969945118, 12.995952933920051], [77.60654636608126, 12.995952933920051], [77.60654636608126, 12.986786267290054], [77.59737969945118, 12.986786267290054], [77.59737969945118, 12.995952933920051]]]}}, {"type": "Feature", "properties": {"population": 53959}, "geometry": {"type": "Polygon", "coordinates": [[[77.60654636608126, 12.995952933920051], [77.61571303271134, 12.995952933920051], [77.61571303271134, 12.986786267290054], [77.60654636608126, 12.986786267290054], [77.60654636608126, 12.995952933920051]]]}}, {"type": "Feature", "properties": {"population": 28094}, "geometry": {"type": "Polygon", "coordinates": [[[77.61571303271134, 12.995952933920051], [77.6248796993414, 12.995952933920051], [77.6248796993414, 12.986786267290054], [77.61571303271134, 12.986786267290054], [77.61571303271134, 12.995952933920051]]]}}, {"type": "Feature", "properties": {"population": 19546}, "geometry": {"type": "Polygon", "coordinates": [[[77.6248796993414, 12.995952933920051], [77.63404636597149, 12.995952933920051], [77.63404636597149, 12.986786267290054], [77.6248796993414, 12.986786267290054], [77.6248796993414, 12.995952933920051]]]}}, {"type": "Feature", "properties": {"population": 2082}, "geometry": {"type": "Polygon", "coordinates": [[[77.63404636597149, 12.995952933920051], [77.64321303260157, 12.995952933920051], [77.64321303260157, 12.986786267290054], [77.63404636597149, 12.986786267290054], [77.63404636597149, 12.995952933920051]]]}}, {"type": "Feature", "properties": {"population": 755}, "geometry": {"type": "Polygon", "coordinates": [[[77.64321303260157, 12.995952933920051], [77.65237969923164, 12.995952933920051], [77.65237969923164, 12.986786267290054], [77.64321303260157, 12.986786267290054], [77.64321303260157, 12.995952933920051]]]}}, {"type": "Feature", "properties": {"population": 981}, "geometry": {"type": "Polygon", "coordinates": [[[77.65237969923164, 12.995952933920051], [77.66154636586172, 12.995952933920051], [77.66154636586172, 12.986786267290054], [77.65237969923164, 12.986786267290054], [77.65237969923164, 12.995952933920051]]]}}, {"type": "Feature", "properties": {"population": 1214}, "geometry": {"type": "Polygon", "coordinates": [[[77.66154636586172, 12.995952933920051], [77.6707130324918, 12.995952933920051], [77.6707130324918, 12.986786267290054], [77.66154636586172, 12.986786267290054], [77.66154636586172, 12.995952933920051]]]}}, {"type": "Feature", "properties": {"population": 1392}, "geometry": {"type": "Polygon", "coordinates": [[[77.6707130324918, 12.995952933920051], [77.67987969912188, 12.995952933920051], [77.67987969912188, 12.986786267290054], [77.6707130324918, 12.986786267290054], [77.6707130324918, 12.995952933920051]]]}}, {"type": "Feature", "properties": {"population": 977}, "geometry": {"type": "Polygon", "coordinates": [[[77.67987969912188, 12.995952933920051], [77.68904636575196, 12.995952933920051], [77.68904636575196, 12.986786267290054], [77.67987969912188, 12.986786267290054], [77.67987969912188, 12.995952933920051]]]}}, {"type": "Feature", "properties": {"population": 791}, "geometry": {"type": "Polygon", "coordinates": [[[77.68904636575196, 12.995952933920051], [77.69821303238204, 12.995952933920051], [77.69821303238204, 12.986786267290054], [77.68904636575196, 12.986786267290054], [77.68904636575196, 12.995952933920051]]]}}, {"type": "Feature", "properties": {"population": 1168}, "geometry": {"type": "Polygon", "coordinates": [[[77.69821303238204, 12.995952933920051], [77.70737969901212, 12.995952933920051], [77.70737969901212, 12.986786267290054], [77.69821303238204, 12.986786267290054], [77.69821303238204, 12.995952933920051]]]}}, {"type": "Feature", "properties": {"population": 976}, "geometry": {"type": "Polygon", "coordinates": [[[77.70737969901212, 12.995952933920051], [77.7165463656422, 12.995952933920051], [77.7165463656422, 12.986786267290054], [77.70737969901212, 12.986786267290054], [77.70737969901212, 12.995952933920051]]]}}, {"type": "Feature", "properties": {"population": 471}, "geometry": {"type": "Polygon", "coordinates": [[[77.7165463656422, 12.995952933920051], [77.72571303227228, 12.995952933920051], [77.72571303227228, 12.986786267290054], [77.7165463656422, 12.986786267290054], [77.7165463656422, 12.995952933920051]]]}}, {"type": "Feature", "properties": {"population": 589}, "geometry": {"type": "Polygon", "coordinates": [[[77.72571303227228, 12.995952933920051], [77.73487969890235, 12.995952933920051], [77.73487969890235, 12.986786267290054], [77.72571303227228, 12.986786267290054], [77.72571303227228, 12.995952933920051]]]}}, {"type": "Feature", "properties": {"population": 330}, "geometry": {"type": "Polygon", "coordinates": [[[77.73487969890235, 12.995952933920051], [77.74404636553243, 12.995952933920051], [77.74404636553243, 12.986786267290054], [77.73487969890235, 12.986786267290054], [77.73487969890235, 12.995952933920051]]]}}, {"type": "Feature", "properties": {"population": 431}, "geometry": {"type": "Polygon", "coordinates": [[[77.74404636553243, 12.995952933920051], [77.7532130321625, 12.995952933920051], [77.7532130321625, 12.986786267290054], [77.74404636553243, 12.986786267290054], [77.74404636553243, 12.995952933920051]]]}}, {"type": "Feature", "properties": {"population": 294}, "geometry": {"type": "Polygon", "coordinates": [[[77.7532130321625, 12.995952933920051], [77.76237969879259, 12.995952933920051], [77.76237969879259, 12.986786267290054], [77.7532130321625, 12.986786267290054], [77.7532130321625, 12.995952933920051]]]}}, {"type": "Feature", "properties": {"population": 926}, "geometry": {"type": "Polygon", "coordinates": [[[77.76237969879259, 12.995952933920051], [77.77154636542267, 12.995952933920051], [77.77154636542267, 12.986786267290054], [77.76237969879259, 12.986786267290054], [77.76237969879259, 12.995952933920051]]]}}, {"type": "Feature", "properties": {"population": 1315}, "geometry": {"type": "Polygon", "coordinates": [[[77.77154636542267, 12.995952933920051], [77.78071303205274, 12.995952933920051], [77.78071303205274, 12.986786267290054], [77.77154636542267, 12.986786267290054], [77.77154636542267, 12.995952933920051]]]}}, {"type": "Feature", "properties": {"population": 637}, "geometry": {"type": "Polygon", "coordinates": [[[77.78071303205274, 12.995952933920051], [77.78404636537277, 12.995952933920051], [77.78404636537277, 12.986786267290054], [77.78071303205274, 12.986786267290054], [77.78071303205274, 12.995952933920051]]]}}, {"type": "Feature", "properties": {"population": 10591}, "geometry": {"type": "Polygon", "coordinates": [[[77.4598797, 12.986786267290054], [77.46904636663008, 12.986786267290054], [77.46904636663008, 12.977619600660057], [77.4598797, 12.977619600660057], [77.4598797, 12.986786267290054]]]}}, {"type": "Feature", "properties": {"population": 11277}, "geometry": {"type": "Polygon", "coordinates": [[[77.46904636663008, 12.986786267290054], [77.47821303326016, 12.986786267290054], [77.47821303326016, 12.977619600660057], [77.46904636663008, 12.977619600660057], [77.46904636663008, 12.986786267290054]]]}}, {"type": "Feature", "properties": {"population": 26113}, "geometry": {"type": "Polygon", "coordinates": [[[77.47821303326016, 12.986786267290054], [77.48737969989024, 12.986786267290054], [77.48737969989024, 12.977619600660057], [77.47821303326016, 12.977619600660057], [77.47821303326016, 12.986786267290054]]]}}, {"type": "Feature", "properties": {"population": 12733}, "geometry": {"type": "Polygon", "coordinates": [[[77.48737969989024, 12.986786267290054], [77.49654636652032, 12.986786267290054], [77.49654636652032, 12.977619600660057], [77.48737969989024, 12.977619600660057], [77.48737969989024, 12.986786267290054]]]}}, {"type": "Feature", "properties": {"population": 17097}, "geometry": {"type": "Polygon", "coordinates": [[[77.49654636652032, 12.986786267290054], [77.5057130331504, 12.986786267290054], [77.5057130331504, 12.977619600660057], [77.49654636652032, 12.977619600660057], [77.49654636652032, 12.986786267290054]]]}}, {"type": "Feature", "properties": {"population": 31465}, "geometry": {"type": "Polygon", "coordinates": [[[77.5057130331504, 12.986786267290054], [77.51487969978047, 12.986786267290054], [77.51487969978047, 12.977619600660057], [77.5057130331504, 12.977619600660057], [77.5057130331504, 12.986786267290054]]]}}, {"type": "Feature", "properties": {"population": 21797}, "geometry": {"type": "Polygon", "coordinates": [[[77.51487969978047, 12.986786267290054], [77.52404636641054, 12.986786267290054], [77.52404636641054, 12.977619600660057], [77.51487969978047, 12.977619600660057], [77.51487969978047, 12.986786267290054]]]}}, {"type": "Feature", "properties": {"population": 51673}, "geometry": {"type": "Polygon", "coordinates": [[[77.52404636641054, 12.986786267290054], [77.53321303304062, 12.986786267290054], [77.53321303304062, 12.977619600660057], [77.52404636641054, 12.977619600660057], [77.52404636641054, 12.986786267290054]]]}}, {"type": "Feature", "properties": {"population": 61941}, "geometry": {"type": "Polygon", "coordinates": [[[77.53321303304062, 12.986786267290054], [77.5423796996707, 12.986786267290054], [77.5423796996707, 12.977619600660057], [77.53321303304062, 12.977619600660057], [77.53321303304062, 12.986786267290054]]]}}, {"type": "Feature", "properties": {"population": 49029}, "geometry": {"type": "Polygon", "coordinates": [[[77.5423796996707, 12.986786267290054], [77.55154636630078, 12.986786267290054], [77.55154636630078, 12.977619600660057], [77.5423796996707, 12.977619600660057], [77.5423796996707, 12.986786267290054]]]}}, {"type": "Feature", "properties": {"population": 57803}, "geometry": {"type": "Polygon", "coordinates": [[[77.55154636630078, 12.986786267290054], [77.56071303293086, 12.986786267290054], [77.56071303293086, 12.977619600660057], [77.55154636630078, 12.977619600660057], [77.55154636630078, 12.986786267290054]]]}}, {"type": "Feature", "properties": {"population": 57633}, "geometry": {"type": "Polygon", "coordinates": [[[77.56071303293086, 12.986786267290054], [77.56987969956094, 12.986786267290054], [77.56987969956094, 12.977619600660057], [77.56071303293086, 12.977619600660057], [77.56071303293086, 12.986786267290054]]]}}, {"type": "Feature", "properties": {"population": 52359}, "geometry": {"type": "Polygon", "coordinates": [[[77.56987969956094, 12.986786267290054], [77.57904636619102, 12.986786267290054], [77.57904636619102, 12.977619600660057], [77.56987969956094, 12.977619600660057], [77.56987969956094, 12.986786267290054]]]}}, {"type": "Feature", "properties": {"population": 28283}, "geometry": {"type": "Polygon", "coordinates": [[[77.57904636619102, 12.986786267290054], [77.5882130328211, 12.986786267290054], [77.5882130328211, 12.977619600660057], [77.57904636619102, 12.977619600660057], [77.57904636619102, 12.986786267290054]]]}}, {"type": "Feature", "properties": {"population": 38705}, "geometry": {"type": "Polygon", "coordinates": [[[77.5882130328211, 12.986786267290054], [77.59737969945118, 12.986786267290054], [77.59737969945118, 12.977619600660057], [77.5882130328211, 12.977619600660057], [77.5882130328211, 12.986786267290054]]]}}, {"type": "Feature", "properties": {"population": 52628}, "geometry": {"type": "Polygon", "coordinates": [[[77.59737969945118, 12.986786267290054], [77.60654636608126, 12.986786267290054], [77.60654636608126, 12.977619600660057], [77.59737969945118, 12.977619600660057], [77.59737969945118, 12.986786267290054]]]}}, {"type": "Feature", "properties": {"population": 50114}, "geometry": {"type": "Polygon", "coordinates": [[[77.60654636608126, 12.986786267290054], [77.61571303271134, 12.986786267290054], [77.61571303271134, 12.977619600660057], [77.60654636608126, 12.977619600660057], [77.60654636608126, 12.986786267290054]]]}}, {"type": "Feature", "properties": {"population": 17802}, "geometry": {"type": "Polygon", "coordinates": [[[77.61571303271134, 12.986786267290054], [77.6248796993414, 12.986786267290054], [77.6248796993414, 12.977619600660057], [77.61571303271134, 12.977619600660057], [77.61571303271134, 12.986786267290054]]]}}, {"type": "Feature", "properties": {"population": 36723}, "geometry": {"type": "Polygon", "coordinates": [[[77.6248796993414, 12.986786267290054], [77.63404636597149, 12.986786267290054], [77.63404636597149, 12.977619600660057], [77.6248796993414, 12.977619600660057], [77.6248796993414, 12.986786267290054]]]}}, {"type": "Feature", "properties": {"population": 30797}, "geometry": {"type": "Polygon", "coordinates": [[[77.63404636597149, 12.986786267290054], [77.64321303260157, 12.986786267290054], [77.64321303260157, 12.977619600660057], [77.63404636597149, 12.977619600660057], [77.63404636597149, 12.986786267290054]]]}}, {"type": "Feature", "properties": {"population": 1316}, "geometry": {"type": "Polygon", "coordinates": [[[77.64321303260157, 12.986786267290054], [77.65237969923164, 12.986786267290054], [77.65237969923164, 12.977619600660057], [77.64321303260157, 12.977619600660057], [77.64321303260157, 12.986786267290054]]]}}, {"type": "Feature", "properties": {"population": 898}, "geometry": {"type": "Polygon", "coordinates": [[[77.65237969923164, 12.986786267290054], [77.66154636586172, 12.986786267290054], [77.66154636586172, 12.977619600660057], [77.65237969923164, 12.977619600660057], [77.65237969923164, 12.986786267290054]]]}}, {"type": "Feature", "properties": {"population": 911}, "geometry": {"type": "Polygon", "coordinates": [[[77.66154636586172, 12.986786267290054], [77.6707130324918, 12.986786267290054], [77.6707130324918, 12.977619600660057], [77.66154636586172, 12.977619600660057], [77.66154636586172, 12.986786267290054]]]}}, {"type": "Feature", "properties": {"population": 860}, "geometry": {"type": "Polygon", "coordinates": [[[77.6707130324918, 12.986786267290054], [77.67987969912188, 12.986786267290054], [77.67987969912188, 12.977619600660057], [77.6707130324918, 12.977619600660057], [77.6707130324918, 12.986786267290054]]]}}, {"type": "Feature", "properties": {"population": 368}, "geometry": {"type": "Polygon", "coordinates": [[[77.67987969912188, 12.986786267290054], [77.68904636575196, 12.986786267290054], [77.68904636575196, 12.977619600660057], [77.67987969912188, 12.977619600660057], [77.67987969912188, 12.986786267290054]]]}}, {"type": "Feature", "properties": {"population": 610}, "geometry": {"type": "Polygon", "coordinates": [[[77.68904636575196, 12.986786267290054], [77.69821303238204, 12.986786267290054], [77.69821303238204, 12.977619600660057], [77.68904636575196, 12.977619600660057], [77.68904636575196, 12.986786267290054]]]}}, {"type": "Feature", "properties": {"population": 425}, "geometry": {"type": "Polygon", "coordinates": [[[77.69821303238204, 12.986786267290054], [77.70737969901212, 12.986786267290054], [77.70737969901212, 12.977619600660057], [77.69821303238204, 12.977619600660057], [77.69821303238204, 12.986786267290054]]]}}, {"type": "Feature", "properties": {"population": 651}, "geometry": {"type": "Polygon", "coordinates": [[[77.70737969901212, 12.986786267290054], [77.7165463656422, 12.986786267290054], [77.7165463656422, 12.977619600660057], [77.70737969901212, 12.977619600660057], [77.70737969901212, 12.986786267290054]]]}}, {"type": "Feature", "properties": {"population": 423}, "geometry": {"type": "Polygon", "coordinates": [[[77.7165463656422, 12.986786267290054], [77.72571303227228, 12.986786267290054], [77.72571303227228, 12.977619600660057], [77.7165463656422, 12.977619600660057], [77.7165463656422, 12.986786267290054]]]}}, {"type": "Feature", "properties": {"population": 672}, "geometry": {"type": "Polygon", "coordinates": [[[77.72571303227228, 12.986786267290054], [77.73487969890235, 12.986786267290054], [77.73487969890235, 12.977619600660057], [77.72571303227228, 12.977619600660057], [77.72571303227228, 12.986786267290054]]]}}, {"type": "Feature", "properties": {"population": 349}, "geometry": {"type": "Polygon", "coordinates": [[[77.73487969890235, 12.986786267290054], [77.74404636553243, 12.986786267290054], [77.74404636553243, 12.977619600660057], [77.73487969890235, 12.977619600660057], [77.73487969890235, 12.986786267290054]]]}}, {"type": "Feature", "properties": {"population": 417}, "geometry": {"type": "Polygon", "coordinates": [[[77.74404636553243, 12.986786267290054], [77.7532130321625, 12.986786267290054], [77.7532130321625, 12.977619600660057], [77.74404636553243, 12.977619600660057], [77.74404636553243, 12.986786267290054]]]}}, {"type": "Feature", "properties": {"population": 360}, "geometry": {"type": "Polygon", "coordinates": [[[77.7532130321625, 12.986786267290054], [77.76237969879259, 12.986786267290054], [77.76237969879259, 12.977619600660057], [77.7532130321625, 12.977619600660057], [77.7532130321625, 12.986786267290054]]]}}, {"type": "Feature", "properties": {"population": 714}, "geometry": {"type": "Polygon", "coordinates": [[[77.76237969879259, 12.986786267290054], [77.77154636542267, 12.986786267290054], [77.77154636542267, 12.977619600660057], [77.76237969879259, 12.977619600660057], [77.76237969879259, 12.986786267290054]]]}}, {"type": "Feature", "properties": {"population": 1151}, "geometry": {"type": "Polygon", "coordinates": [[[77.77154636542267, 12.986786267290054], [77.78071303205274, 12.986786267290054], [77.78071303205274, 12.977619600660057], [77.77154636542267, 12.977619600660057], [77.77154636542267, 12.986786267290054]]]}}, {"type": "Feature", "properties": {"population": 455}, "geometry": {"type": "Polygon", "coordinates": [[[77.78071303205274, 12.986786267290054], [77.78404636537277, 12.986786267290054], [77.78404636537277, 12.977619600660057], [77.78071303205274, 12.977619600660057], [77.78071303205274, 12.986786267290054]]]}}, {"type": "Feature", "properties": {"population": 9499}, "geometry": {"type": "Polygon", "coordinates": [[[77.4598797, 12.977619600660057], [77.46904636663008, 12.977619600660057], [77.46904636663008, 12.96845293403006], [77.4598797, 12.96845293403006], [77.4598797, 12.977619600660057]]]}}, {"type": "Feature", "properties": {"population": 8984}, "geometry": {"type": "Polygon", "coordinates": [[[77.46904636663008, 12.977619600660057], [77.47821303326016, 12.977619600660057], [77.47821303326016, 12.96845293403006], [77.46904636663008, 12.96845293403006], [77.46904636663008, 12.977619600660057]]]}}, {"type": "Feature", "properties": {"population": 9156}, "geometry": {"type": "Polygon", "coordinates": [[[77.47821303326016, 12.977619600660057], [77.48737969989024, 12.977619600660057], [77.48737969989024, 12.96845293403006], [77.47821303326016, 12.96845293403006], [77.47821303326016, 12.977619600660057]]]}}, {"type": "Feature", "properties": {"population": 9425}, "geometry": {"type": "Polygon", "coordinates": [[[77.48737969989024, 12.977619600660057], [77.49654636652032, 12.977619600660057], [77.49654636652032, 12.96845293403006], [77.48737969989024, 12.96845293403006], [77.48737969989024, 12.977619600660057]]]}}, {"type": "Feature", "properties": {"population": 18409}, "geometry": {"type": "Polygon", "coordinates": [[[77.49654636652032, 12.977619600660057], [77.5057130331504, 12.977619600660057], [77.5057130331504, 12.96845293403006], [77.49654636652032, 12.96845293403006], [77.49654636652032, 12.977619600660057]]]}}, {"type": "Feature", "properties": {"population": 42549}, "geometry": {"type": "Polygon", "coordinates": [[[77.5057130331504, 12.977619600660057], [77.51487969978047, 12.977619600660057], [77.51487969978047, 12.96845293403006], [77.5057130331504, 12.96845293403006], [77.5057130331504, 12.977619600660057]]]}}, {"type": "Feature", "properties": {"population": 43675}, "geometry": {"type": "Polygon", "coordinates": [[[77.51487969978047, 12.977619600660057], [77.52404636641054, 12.977619600660057], [77.52404636641054, 12.96845293403006], [77.51487969978047, 12.96845293403006], [77.51487969978047, 12.977619600660057]]]}}, {"type": "Feature", "properties": {"population": 50839}, "geometry": {"type": "Polygon", "coordinates": [[[77.52404636641054, 12.977619600660057], [77.53321303304062, 12.977619600660057], [77.53321303304062, 12.96845293403006], [77.52404636641054, 12.96845293403006], [77.52404636641054, 12.977619600660057]]]}}, {"type": "Feature", "properties": {"population": 53342}, "geometry": {"type": "Polygon", "coordinates": [[[77.53321303304062, 12.977619600660057], [77.5423796996707, 12.977619600660057], [77.5423796996707, 12.96845293403006], [77.53321303304062, 12.96845293403006], [77.53321303304062, 12.977619600660057]]]}}, {"type": "Feature", "properties": {"population": 45650}, "geometry": {"type": "Polygon", "coordinates": [[[77.5423796996707, 12.977619600660057], [77.55154636630078, 12.977619600660057], [77.55154636630078, 12.96845293403006], [77.5423796996707, 12.96845293403006], [77.5423796996707, 12.977619600660057]]]}}, {"type": "Feature", "properties": {"population": 61344}, "geometry": {"type": "Polygon", "coordinates": [[[77.55154636630078, 12.977619600660057], [77.56071303293086, 12.977619600660057], [77.56071303293086, 12.96845293403006], [77.55154636630078, 12.96845293403006], [77.55154636630078, 12.977619600660057]]]}}, {"type": "Feature", "properties": {"population": 54297}, "geometry": {"type": "Polygon", "coordinates": [[[77.56071303293086, 12.977619600660057], [77.56987969956094, 12.977619600660057], [77.56987969956094, 12.96845293403006], [77.56071303293086, 12.96845293403006], [77.56071303293086, 12.977619600660057]]]}}, {"type": "Feature", "properties": {"population": 60373}, "geometry": {"type": "Polygon", "coordinates": [[[77.56987969956094, 12.977619600660057], [77.57904636619102, 12.977619600660057], [77.57904636619102, 12.96845293403006], [77.56987969956094, 12.96845293403006], [77.56987969956094, 12.977619600660057]]]}}, {"type": "Feature", "properties": {"population": 51920}, "geometry": {"type": "Polygon", "coordinates": [[[77.57904636619102, 12.977619600660057], [77.5882130328211, 12.977619600660057], [77.5882130328211, 12.96845293403006], [77.57904636619102, 12.96845293403006], [77.57904636619102, 12.977619600660057]]]}}, {"type": "Feature", "properties": {"population": 20484}, "geometry": {"type": "Polygon", "coordinates": [[[77.5882130328211, 12.977619600660057], [77.59737969945118, 12.977619600660057], [77.59737969945118, 12.96845293403006], [77.5882130328211, 12.96845293403006], [77.5882130328211, 12.977619600660057]]]}}, {"type": "Feature", "properties": {"population": 55452}, "geometry": {"type": "Polygon", "coordinates": [[[77.59737969945118, 12.977619600660057], [77.60654636608126, 12.977619600660057], [77.60654636608126, 12.96845293403006], [77.59737969945118, 12.96845293403006], [77.59737969945118, 12.977619600660057]]]}}, {"type": "Feature", "properties": {"population": 53942}, "geometry": {"type": "Polygon", "coordinates": [[[77.60654636608126, 12.977619600660057], [77.61571303271134, 12.977619600660057], [77.61571303271134, 12.96845293403006], [77.60654636608126, 12.96845293403006], [77.60654636608126, 12.977619600660057]]]}}, {"type": "Feature", "properties": {"population": 51226}, "geometry": {"type": "Polygon", "coordinates": [[[77.61571303271134, 12.977619600660057], [77.6248796993414, 12.977619600660057], [77.6248796993414, 12.96845293403006], [77.61571303271134, 12.96845293403006], [77.61571303271134, 12.977619600660057]]]}}, {"type": "Feature", "properties": {"population": 59757}, "geometry": {"type": "Polygon", "coordinates": [[[77.6248796993414, 12.977619600660057], [77.63404636597149, 12.977619600660057], [77.63404636597149, 12.96845293403006], [77.6248796993414, 12.96845293403006], [77.6248796993414, 12.977619600660057]]]}}, {"type": "Feature", "properties": {"population": 26718}, "geometry": {"type": "Polygon", "coordinates": [[[77.63404636597149, 12.977619600660057], [77.64321303260157, 12.977619600660057], [77.64321303260157, 12.96845293403006], [77.63404636597149, 12.96845293403006], [77.63404636597149, 12.977619600660057]]]}}, {"type": "Feature", "properties": {"population": 1697}, "geometry": {"type": "Polygon", "coordinates": [[[77.64321303260157, 12.977619600660057], [77.65237969923164, 12.977619600660057], [77.65237969923164, 12.96845293403006], [77.64321303260157, 12.96845293403006], [77.64321303260157, 12.977619600660057]]]}}, {"type": "Feature", "properties": {"population": 1526}, "geometry": {"type": "Polygon", "coordinates": [[[77.65237969923164, 12.977619600660057], [77.66154636586172, 12.977619600660057], [77.66154636586172, 12.96845293403006], [77.65237969923164, 12.96845293403006], [77.65237969923164, 12.977619600660057]]]}}, {"type": "Feature", "properties": {"population": 972}, "geometry": {"type": "Polygon", "coordinates": [[[77.66154636586172, 12.977619600660057], [77.6707130324918, 12.977619600660057], [77.6707130324918, 12.96845293403006], [77.66154636586172, 12.96845293403006], [77.66154636586172, 12.977619600660057]]]}}, {"type": "Feature", "properties": {"population": 647}, "geometry": {"type": "Polygon", "coordinates": [[[77.6707130324918, 12.977619600660057], [77.67987969912188, 12.977619600660057], [77.67987969912188, 12.96845293403006], [77.6707130324918, 12.96845293403006], [77.6707130324918, 12.977619600660057]]]}}, {"type": "Feature", "properties": {"population": 696}, "geometry": {"type": "Polygon", "coordinates": [[[77.67987969912188, 12.977619600660057], [77.68904636575196, 12.977619600660057], [77.68904636575196, 12.96845293403006], [77.67987969912188, 12.96845293403006], [77.67987969912188, 12.977619600660057]]]}}, {"type": "Feature", "properties": {"population": 689}, "geometry": {"type": "Polygon", "coordinates": [[[77.68904636575196, 12.977619600660057], [77.69821303238204, 12.977619600660057], [77.69821303238204, 12.96845293403006], [77.68904636575196, 12.96845293403006], [77.68904636575196, 12.977619600660057]]]}}, {"type": "Feature", "properties": {"population": 1156}, "geometry": {"type": "Polygon", "coordinates": [[[77.69821303238204, 12.977619600660057], [77.70737969901212, 12.977619600660057], [77.70737969901212, 12.96845293403006], [77.69821303238204, 12.96845293403006], [77.69821303238204, 12.977619600660057]]]}}, {"type": "Feature", "properties": {"population": 958}, "geometry": {"type": "Polygon", "coordinates": [[[77.70737969901212, 12.977619600660057], [77.7165463656422, 12.977619600660057], [77.7165463656422, 12.96845293403006], [77.70737969901212, 12.96845293403006], [77.70737969901212, 12.977619600660057]]]}}, {"type": "Feature", "properties": {"population": 620}, "geometry": {"type": "Polygon", "coordinates": [[[77.7165463656422, 12.977619600660057], [77.72571303227228, 12.977619600660057], [77.72571303227228, 12.96845293403006], [77.7165463656422, 12.96845293403006], [77.7165463656422, 12.977619600660057]]]}}, {"type": "Feature", "properties": {"population": 501}, "geometry": {"type": "Polygon", "coordinates": [[[77.72571303227228, 12.977619600660057], [77.73487969890235, 12.977619600660057], [77.73487969890235, 12.96845293403006], [77.72571303227228, 12.96845293403006], [77.72571303227228, 12.977619600660057]]]}}, {"type": "Feature", "properties": {"population": 286}, "geometry": {"type": "Polygon", "coordinates": [[[77.73487969890235, 12.977619600660057], [77.74404636553243, 12.977619600660057], [77.74404636553243, 12.96845293403006], [77.73487969890235, 12.96845293403006], [77.73487969890235, 12.977619600660057]]]}}, {"type": "Feature", "properties": {"population": 621}, "geometry": {"type": "Polygon", "coordinates": [[[77.74404636553243, 12.977619600660057], [77.7532130321625, 12.977619600660057], [77.7532130321625, 12.96845293403006], [77.74404636553243, 12.96845293403006], [77.74404636553243, 12.977619600660057]]]}}, {"type": "Feature", "properties": {"population": 352}, "geometry": {"type": "Polygon", "coordinates": [[[77.7532130321625, 12.977619600660057], [77.76237969879259, 12.977619600660057], [77.76237969879259, 12.96845293403006], [77.7532130321625, 12.96845293403006], [77.7532130321625, 12.977619600660057]]]}}, {"type": "Feature", "properties": {"population": 299}, "geometry": {"type": "Polygon", "coordinates": [[[77.76237969879259, 12.977619600660057], [77.77154636542267, 12.977619600660057], [77.77154636542267, 12.96845293403006], [77.76237969879259, 12.96845293403006], [77.76237969879259, 12.977619600660057]]]}}, {"type": "Feature", "properties": {"population": 783}, "geometry": {"type": "Polygon", "coordinates": [[[77.77154636542267, 12.977619600660057], [77.78071303205274, 12.977619600660057], [77.78071303205274, 12.96845293403006], [77.77154636542267, 12.96845293403006], [77.77154636542267, 12.977619600660057]]]}}, {"type": "Feature", "properties": {"population": 343}, "geometry": {"type": "Polygon", "coordinates": [[[77.78071303205274, 12.977619600660057], [77.78404636537277, 12.977619600660057], [77.78404636537277, 12.96845293403006], [77.78071303205274, 12.96845293403006], [77.78071303205274, 12.977619600660057]]]}}, {"type": "Feature", "properties": {"population": 7217}, "geometry": {"type": "Polygon", "coordinates": [[[77.4598797, 12.96845293403006], [77.46904636663008, 12.96845293403006], [77.46904636663008, 12.959286267400064], [77.4598797, 12.959286267400064], [77.4598797, 12.96845293403006]]]}}, {"type": "Feature", "properties": {"population": 10142}, "geometry": {"type": "Polygon", "coordinates": [[[77.46904636663008, 12.96845293403006], [77.47821303326016, 12.96845293403006], [77.47821303326016, 12.959286267400064], [77.46904636663008, 12.959286267400064], [77.46904636663008, 12.96845293403006]]]}}, {"type": "Feature", "properties": {"population": 9398}, "geometry": {"type": "Polygon", "coordinates": [[[77.47821303326016, 12.96845293403006], [77.48737969989024, 12.96845293403006], [77.48737969989024, 12.959286267400064], [77.47821303326016, 12.959286267400064], [77.47821303326016, 12.96845293403006]]]}}, {"type": "Feature", "properties": {"population": 8260}, "geometry": {"type": "Polygon", "coordinates": [[[77.48737969989024, 12.96845293403006], [77.49654636652032, 12.96845293403006], [77.49654636652032, 12.959286267400064], [77.48737969989024, 12.959286267400064], [77.48737969989024, 12.96845293403006]]]}}, {"type": "Feature", "properties": {"population": 29814}, "geometry": {"type": "Polygon", "coordinates": [[[77.49654636652032, 12.96845293403006], [77.5057130331504, 12.96845293403006], [77.5057130331504, 12.959286267400064], [77.49654636652032, 12.959286267400064], [77.49654636652032, 12.96845293403006]]]}}, {"type": "Feature", "properties": {"population": 30548}, "geometry": {"type": "Polygon", "coordinates": [[[77.5057130331504, 12.96845293403006], [77.51487969978047, 12.96845293403006], [77.51487969978047, 12.959286267400064], [77.5057130331504, 12.959286267400064], [77.5057130331504, 12.96845293403006]]]}}, {"type": "Feature", "properties": {"population": 45560}, "geometry": {"type": "Polygon", "coordinates": [[[77.51487969978047, 12.96845293403006], [77.52404636641054, 12.96845293403006], [77.52404636641054, 12.959286267400064], [77.51487969978047, 12.959286267400064], [77.51487969978047, 12.96845293403006]]]}}, {"type": "Feature", "properties": {"population": 39076}, "geometry": {"type": "Polygon", "coordinates": [[[77.52404636641054, 12.96845293403006], [77.53321303304062, 12.96845293403006], [77.53321303304062, 12.959286267400064], [77.52404636641054, 12.959286267400064], [77.52404636641054, 12.96845293403006]]]}}, {"type": "Feature", "properties": {"population": 40279}, "geometry": {"type": "Polygon", "coordinates": [[[77.53321303304062, 12.96845293403006], [77.5423796996707, 12.96845293403006], [77.5423796996707, 12.959286267400064], [77.53321303304062, 12.959286267400064], [77.53321303304062, 12.96845293403006]]]}}, {"type": "Feature", "properties": {"population": 54664}, "geometry": {"type": "Polygon", "coordinates": [[[77.5423796996707, 12.96845293403006], [77.55154636630078, 12.96845293403006], [77.55154636630078, 12.959286267400064], [77.5423796996707, 12.959286267400064], [77.5423796996707, 12.96845293403006]]]}}, {"type": "Feature", "properties": {"population": 52509}, "geometry": {"type": "Polygon", "coordinates": [[[77.55154636630078, 12.96845293403006], [77.56071303293086, 12.96845293403006], [77.56071303293086, 12.959286267400064], [77.55154636630078, 12.959286267400064], [77.55154636630078, 12.96845293403006]]]}}, {"type": "Feature", "properties": {"population": 62431}, "geometry": {"type": "Polygon", "coordinates": [[[77.56071303293086, 12.96845293403006], [77.56987969956094, 12.96845293403006], [77.56987969956094, 12.959286267400064], [77.56071303293086, 12.959286267400064], [77.56071303293086, 12.96845293403006]]]}}, {"type": "Feature", "properties": {"population": 49060}, "geometry": {"type": "Polygon", "coordinates": [[[77.56987969956094, 12.96845293403006], [77.57904636619102, 12.96845293403006], [77.57904636619102, 12.959286267400064], [77.56987969956094, 12.959286267400064], [77.56987969956094, 12.96845293403006]]]}}, {"type": "Feature", "properties": {"population": 57457}, "geometry": {"type": "Polygon", "coordinates": [[[77.57904636619102, 12.96845293403006], [77.5882130328211, 12.96845293403006], [77.5882130328211, 12.959286267400064], [77.57904636619102, 12.959286267400064], [77.57904636619102, 12.96845293403006]]]}}, {"type": "Feature", "properties": {"population": 59108}, "geometry": {"type": "Polygon", "coordinates": [[[77.5882130328211, 12.96845293403006], [77.59737969945118, 12.96845293403006], [77.59737969945118, 12.959286267400064], [77.5882130328211, 12.959286267400064], [77.5882130328211, 12.96845293403006]]]}}, {"type": "Feature", "properties": {"population": 59339}, "geometry": {"type": "Polygon", "coordinates": [[[77.59737969945118, 12.96845293403006], [77.60654636608126, 12.96845293403006], [77.60654636608126, 12.959286267400064], [77.59737969945118, 12.959286267400064], [77.59737969945118, 12.96845293403006]]]}}, {"type": "Feature", "properties": {"population": 36902}, "geometry": {"type": "Polygon", "coordinates": [[[77.60654636608126, 12.96845293403006], [77.61571303271134, 12.96845293403006], [77.61571303271134, 12.959286267400064], [77.60654636608126, 12.959286267400064], [77.60654636608126, 12.96845293403006]]]}}, {"type": "Feature", "properties": {"population": 38291}, "geometry": {"type": "Polygon", "coordinates": [[[77.61571303271134, 12.96845293403006], [77.6248796993414, 12.96845293403006], [77.6248796993414, 12.959286267400064], [77.61571303271134, 12.959286267400064], [77.61571303271134, 12.96845293403006]]]}}, {"type": "Feature", "properties": {"population": 34620}, "geometry": {"type": "Polygon", "coordinates": [[[77.6248796993414, 12.96845293403006], [77.63404636597149, 12.96845293403006], [77.63404636597149, 12.959286267400064], [77.6248796993414, 12.959286267400064], [77.6248796993414, 12.96845293403006]]]}}, {"type": "Feature", "properties": {"population": 37108}, "geometry": {"type": "Polygon", "coordinates": [[[77.63404636597149, 12.96845293403006], [77.64321303260157, 12.96845293403006], [77.64321303260157, 12.959286267400064], [77.63404636597149, 12.959286267400064], [77.63404636597149, 12.96845293403006]]]}}, {"type": "Feature", "properties": {"population": 1299}, "geometry": {"type": "Polygon", "coordinates": [[[77.64321303260157, 12.96845293403006], [77.65237969923164, 12.96845293403006], [77.65237969923164, 12.959286267400064], [77.64321303260157, 12.959286267400064], [77.64321303260157, 12.96845293403006]]]}}, {"type": "Feature", "properties": {"population": 1254}, "geometry": {"type": "Polygon", "coordinates": [[[77.65237969923164, 12.96845293403006], [77.66154636586172, 12.96845293403006], [77.66154636586172, 12.959286267400064], [77.65237969923164, 12.959286267400064], [77.65237969923164, 12.96845293403006]]]}}, {"type": "Feature", "properties": {"population": 832}, "geometry": {"type": "Polygon", "coordinates": [[[77.66154636586172, 12.96845293403006], [77.6707130324918, 12.96845293403006], [77.6707130324918, 12.959286267400064], [77.66154636586172, 12.959286267400064], [77.66154636586172, 12.96845293403006]]]}}, {"type": "Feature", "properties": {"population": 1049}, "geometry": {"type": "Polygon", "coordinates": [[[77.6707130324918, 12.96845293403006], [77.67987969912188, 12.96845293403006], [77.67987969912188, 12.959286267400064], [77.6707130324918, 12.959286267400064], [77.6707130324918, 12.96845293403006]]]}}, {"type": "Feature", "properties": {"population": 1075}, "geometry": {"type": "Polygon", "coordinates": [[[77.67987969912188, 12.96845293403006], [77.68904636575196, 12.96845293403006], [77.68904636575196, 12.959286267400064], [77.67987969912188, 12.959286267400064], [77.67987969912188, 12.96845293403006]]]}}, {"type": "Feature", "properties": {"population": 321}, "geometry": {"type": "Polygon", "coordinates": [[[77.68904636575196, 12.96845293403006], [77.69821303238204, 12.96845293403006], [77.69821303238204, 12.959286267400064], [77.68904636575196, 12.959286267400064], [77.68904636575196, 12.96845293403006]]]}}, {"type": "Feature", "properties": {"population": 755}, "geometry": {"type": "Polygon", "coordinates": [[[77.69821303238204, 12.96845293403006], [77.70737969901212, 12.96845293403006], [77.70737969901212, 12.959286267400064], [77.69821303238204, 12.959286267400064], [77.69821303238204, 12.96845293403006]]]}}, {"type": "Feature", "properties": {"population": 1110}, "geometry": {"type": "Polygon", "coordinates": [[[77.70737969901212, 12.96845293403006], [77.7165463656422, 12.96845293403006], [77.7165463656422, 12.959286267400064], [77.70737969901212, 12.959286267400064], [77.70737969901212, 12.96845293403006]]]}}, {"type": "Feature", "properties": {"population": 635}, "geometry": {"type": "Polygon", "coordinates": [[[77.7165463656422, 12.96845293403006], [77.72571303227228, 12.96845293403006], [77.72571303227228, 12.959286267400064], [77.7165463656422, 12.959286267400064], [77.7165463656422, 12.96845293403006]]]}}, {"type": "Feature", "properties": {"population": 258}, "geometry": {"type": "Polygon", "coordinates": [[[77.72571303227228, 12.96845293403006], [77.73487969890235, 12.96845293403006], [77.73487969890235, 12.959286267400064], [77.72571303227228, 12.959286267400064], [77.72571303227228, 12.96845293403006]]]}}, {"type": "Feature", "properties": {"population": 405}, "geometry": {"type": "Polygon", "coordinates": [[[77.73487969890235, 12.96845293403006], [77.74404636553243, 12.96845293403006], [77.74404636553243, 12.959286267400064], [77.73487969890235, 12.959286267400064], [77.73487969890235, 12.96845293403006]]]}}, {"type": "Feature", "properties": {"population": 748}, "geometry": {"type": "Polygon", "coordinates": [[[77.74404636553243, 12.96845293403006], [77.7532130321625, 12.96845293403006], [77.7532130321625, 12.959286267400064], [77.74404636553243, 12.959286267400064], [77.74404636553243, 12.96845293403006]]]}}, {"type": "Feature", "properties": {"population": 405}, "geometry": {"type": "Polygon", "coordinates": [[[77.7532130321625, 12.96845293403006], [77.76237969879259, 12.96845293403006], [77.76237969879259, 12.959286267400064], [77.7532130321625, 12.959286267400064], [77.7532130321625, 12.96845293403006]]]}}, {"type": "Feature", "properties": {"population": 679}, "geometry": {"type": "Polygon", "coordinates": [[[77.76237969879259, 12.96845293403006], [77.77154636542267, 12.96845293403006], [77.77154636542267, 12.959286267400064], [77.76237969879259, 12.959286267400064], [77.76237969879259, 12.96845293403006]]]}}, {"type": "Feature", "properties": {"population": 909}, "geometry": {"type": "Polygon", "coordinates": [[[77.77154636542267, 12.96845293403006], [77.78071303205274, 12.96845293403006], [77.78071303205274, 12.959286267400064], [77.77154636542267, 12.959286267400064], [77.77154636542267, 12.96845293403006]]]}}, {"type": "Feature", "properties": {"population": 266}, "geometry": {"type": "Polygon", "coordinates": [[[77.78071303205274, 12.96845293403006], [77.78404636537277, 12.96845293403006], [77.78404636537277, 12.959286267400064], [77.78071303205274, 12.959286267400064], [77.78071303205274, 12.96845293403006]]]}}, {"type": "Feature", "properties": {"population": 8327}, "geometry": {"type": "Polygon", "coordinates": [[[77.4598797, 12.959286267400064], [77.46904636663008, 12.959286267400064], [77.46904636663008, 12.950119600770067], [77.4598797, 12.950119600770067], [77.4598797, 12.959286267400064]]]}}, {"type": "Feature", "properties": {"population": 13422}, "geometry": {"type": "Polygon", "coordinates": [[[77.46904636663008, 12.959286267400064], [77.47821303326016, 12.959286267400064], [77.47821303326016, 12.950119600770067], [77.46904636663008, 12.950119600770067], [77.46904636663008, 12.959286267400064]]]}}, {"type": "Feature", "properties": {"population": 15003}, "geometry": {"type": "Polygon", "coordinates": [[[77.47821303326016, 12.959286267400064], [77.48737969989024, 12.959286267400064], [77.48737969989024, 12.950119600770067], [77.47821303326016, 12.950119600770067], [77.47821303326016, 12.959286267400064]]]}}, {"type": "Feature", "properties": {"population": 23097}, "geometry": {"type": "Polygon", "coordinates": [[[77.48737969989024, 12.959286267400064], [77.49654636652032, 12.959286267400064], [77.49654636652032, 12.950119600770067], [77.48737969989024, 12.950119600770067], [77.48737969989024, 12.959286267400064]]]}}, {"type": "Feature", "properties": {"population": 20919}, "geometry": {"type": "Polygon", "coordinates": [[[77.49654636652032, 12.959286267400064], [77.5057130331504, 12.959286267400064], [77.5057130331504, 12.950119600770067], [77.49654636652032, 12.950119600770067], [77.49654636652032, 12.959286267400064]]]}}, {"type": "Feature", "properties": {"population": 26483}, "geometry": {"type": "Polygon", "coordinates": [[[77.5057130331504, 12.959286267400064], [77.51487969978047, 12.959286267400064], [77.51487969978047, 12.950119600770067], [77.5057130331504, 12.950119600770067], [77.5057130331504, 12.959286267400064]]]}}, {"type": "Feature", "properties": {"population": 40805}, "geometry": {"type": "Polygon", "coordinates": [[[77.51487969978047, 12.959286267400064], [77.52404636641054, 12.959286267400064], [77.52404636641054, 12.950119600770067], [77.51487969978047, 12.950119600770067], [77.51487969978047, 12.959286267400064]]]}}, {"type": "Feature", "properties": {"population": 32718}, "geometry": {"type": "Polygon", "coordinates": [[[77.52404636641054, 12.959286267400064], [77.53321303304062, 12.959286267400064], [77.53321303304062, 12.950119600770067], [77.52404636641054, 12.950119600770067], [77.52404636641054, 12.959286267400064]]]}}, {"type": "Feature", "properties": {"population": 45255}, "geometry": {"type": "Polygon", "coordinates": [[[77.53321303304062, 12.959286267400064], [77.5423796996707, 12.959286267400064], [77.5423796996707, 12.950119600770067], [77.53321303304062, 12.950119600770067], [77.53321303304062, 12.959286267400064]]]}}, {"type": "Feature", "properties": {"population": 50059}, "geometry": {"type": "Polygon", "coordinates": [[[77.5423796996707, 12.959286267400064], [77.55154636630078, 12.959286267400064], [77.55154636630078, 12.950119600770067], [77.5423796996707, 12.950119600770067], [77.5423796996707, 12.959286267400064]]]}}, {"type": "Feature", "properties": {"population": 50763}, "geometry": {"type": "Polygon", "coordinates": [[[77.55154636630078, 12.959286267400064], [77.56071303293086, 12.959286267400064], [77.56071303293086, 12.950119600770067], [77.55154636630078, 12.950119600770067], [77.55154636630078, 12.959286267400064]]]}}, {"type": "Feature", "properties": {"population": 51852}, "geometry": {"type": "Polygon", "coordinates": [[[77.56071303293086, 12.959286267400064], [77.56987969956094, 12.959286267400064], [77.56987969956094, 12.950119600770067], [77.56071303293086, 12.950119600770067], [77.56071303293086, 12.959286267400064]]]}}, {"type": "Feature", "properties": {"population": 51374}, "geometry": {"type": "Polygon", "coordinates": [[[77.56987969956094, 12.959286267400064], [77.57904636619102, 12.959286267400064], [77.57904636619102, 12.950119600770067], [77.56987969956094, 12.950119600770067], [77.56987969956094, 12.959286267400064]]]}}, {"type": "Feature", "properties": {"population": 45113}, "geometry": {"type": "Polygon", "coordinates": [[[77.57904636619102, 12.959286267400064], [77.5882130328211, 12.959286267400064], [77.5882130328211, 12.950119600770067], [77.57904636619102, 12.950119600770067], [77.57904636619102, 12.959286267400064]]]}}, {"type": "Feature", "properties": {"population": 40609}, "geometry": {"type": "Polygon", "coordinates": [[[77.5882130328211, 12.959286267400064], [77.59737969945118, 12.959286267400064], [77.59737969945118, 12.950119600770067], [77.5882130328211, 12.950119600770067], [77.5882130328211, 12.959286267400064]]]}}, {"type": "Feature", "properties": {"population": 37712}, "geometry": {"type": "Polygon", "coordinates": [[[77.59737969945118, 12.959286267400064], [77.60654636608126, 12.959286267400064], [77.60654636608126, 12.950119600770067], [77.59737969945118, 12.950119600770067], [77.59737969945118, 12.959286267400064]]]}}, {"type": "Feature", "properties": {"population": 26185}, "geometry": {"type": "Polygon", "coordinates": [[[77.60654636608126, 12.959286267400064], [77.61571303271134, 12.959286267400064], [77.61571303271134, 12.950119600770067], [77.60654636608126, 12.950119600770067], [77.60654636608126, 12.959286267400064]]]}}, {"type": "Feature", "properties": {"population": 33684}, "geometry": {"type": "Polygon", "coordinates": [[[77.61571303271134, 12.959286267400064], [77.6248796993414, 12.959286267400064], [77.6248796993414, 12.950119600770067], [77.61571303271134, 12.950119600770067], [77.61571303271134, 12.959286267400064]]]}}, {"type": "Feature", "properties": {"population": 11310}, "geometry": {"type": "Polygon", "coordinates": [[[77.6248796993414, 12.959286267400064], [77.63404636597149, 12.959286267400064], [77.63404636597149, 12.950119600770067], [77.6248796993414, 12.950119600770067], [77.6248796993414, 12.959286267400064]]]}}, {"type": "Feature", "properties": {"population": 18871}, "geometry": {"type": "Polygon", "coordinates": [[[77.63404636597149, 12.959286267400064], [77.64321303260157, 12.959286267400064], [77.64321303260157, 12.950119600770067], [77.63404636597149, 12.950119600770067], [77.63404636597149, 12.959286267400064]]]}}, {"type": "Feature", "properties": {"population": 658}, "geometry": {"type": "Polygon", "coordinates": [[[77.64321303260157, 12.959286267400064], [77.65237969923164, 12.959286267400064], [77.65237969923164, 12.950119600770067], [77.64321303260157, 12.950119600770067], [77.64321303260157, 12.959286267400064]]]}}, {"type": "Feature", "properties": {"population": 1029}, "geometry": {"type": "Polygon", "coordinates": [[[77.65237969923164, 12.959286267400064], [77.66154636586172, 12.959286267400064], [77.66154636586172, 12.950119600770067], [77.65237969923164, 12.950119600770067], [77.65237969923164, 12.959286267400064]]]}}, {"type": "Feature", "properties": {"population": 940}, "geometry": {"type": "Polygon", "coordinates": [[[77.66154636586172, 12.959286267400064], [77.6707130324918, 12.959286267400064], [77.6707130324918, 12.950119600770067], [77.66154636586172, 12.950119600770067], [77.66154636586172, 12.959286267400064]]]}}, {"type": "Feature", "properties": {"population": 858}, "geometry": {"type": "Polygon", "coordinates": [[[77.6707130324918, 12.959286267400064], [77.67987969912188, 12.959286267400064], [77.67987969912188, 12.950119600770067], [77.6707130324918, 12.950119600770067], [77.6707130324918, 12.959286267400064]]]}}, {"type": "Feature", "properties": {"population": 494}, "geometry": {"type": "Polygon", "coordinates": [[[77.67987969912188, 12.959286267400064], [77.68904636575196, 12.959286267400064], [77.68904636575196, 12.950119600770067], [77.67987969912188, 12.950119600770067], [77.67987969912188, 12.959286267400064]]]}}, {"type": "Feature", "properties": {"population": 646}, "geometry": {"type": "Polygon", "coordinates": [[[77.68904636575196, 12.959286267400064], [77.69821303238204, 12.959286267400064], [77.69821303238204, 12.950119600770067], [77.68904636575196, 12.950119600770067], [77.68904636575196, 12.959286267400064]]]}}, {"type": "Feature", "properties": {"population": 1137}, "geometry": {"type": "Polygon", "coordinates": [[[77.69821303238204, 12.959286267400064], [77.70737969901212, 12.959286267400064], [77.70737969901212, 12.950119600770067], [77.69821303238204, 12.950119600770067], [77.69821303238204, 12.959286267400064]]]}}, {"type": "Feature", "properties": {"population": 870}, "geometry": {"type": "Polygon", "coordinates": [[[77.70737969901212, 12.959286267400064], [77.7165463656422, 12.959286267400064], [77.7165463656422, 12.950119600770067], [77.70737969901212, 12.950119600770067], [77.70737969901212, 12.959286267400064]]]}}, {"type": "Feature", "properties": {"population": 514}, "geometry": {"type": "Polygon", "coordinates": [[[77.7165463656422, 12.959286267400064], [77.72571303227228, 12.959286267400064], [77.72571303227228, 12.950119600770067], [77.7165463656422, 12.950119600770067], [77.7165463656422, 12.959286267400064]]]}}, {"type": "Feature", "properties": {"population": 261}, "geometry": {"type": "Polygon", "coordinates": [[[77.72571303227228, 12.959286267400064], [77.73487969890235, 12.959286267400064], [77.73487969890235, 12.950119600770067], [77.72571303227228, 12.950119600770067], [77.72571303227228, 12.959286267400064]]]}}, {"type": "Feature", "properties": {"population": 369}, "geometry": {"type": "Polygon", "coordinates": [[[77.73487969890235, 12.959286267400064], [77.74404636553243, 12.959286267400064], [77.74404636553243, 12.950119600770067], [77.73487969890235, 12.950119600770067], [77.73487969890235, 12.959286267400064]]]}}, {"type": "Feature", "properties": {"population": 368}, "geometry": {"type": "Polygon", "coordinates": [[[77.74404636553243, 12.959286267400064], [77.7532130321625, 12.959286267400064], [77.7532130321625, 12.950119600770067], [77.74404636553243, 12.950119600770067], [77.74404636553243, 12.959286267400064]]]}}, {"type": "Feature", "properties": {"population": 236}, "geometry": {"type": "Polygon", "coordinates": [[[77.7532130321625, 12.959286267400064], [77.76237969879259, 12.959286267400064], [77.76237969879259, 12.950119600770067], [77.7532130321625, 12.950119600770067], [77.7532130321625, 12.959286267400064]]]}}, {"type": "Feature", "properties": {"population": 966}, "geometry": {"type": "Polygon", "coordinates": [[[77.76237969879259, 12.959286267400064], [77.77154636542267, 12.959286267400064], [77.77154636542267, 12.950119600770067], [77.76237969879259, 12.950119600770067], [77.76237969879259, 12.959286267400064]]]}}, {"type": "Feature", "properties": {"population": 797}, "geometry": {"type": "Polygon", "coordinates": [[[77.77154636542267, 12.959286267400064], [77.78071303205274, 12.959286267400064], [77.78071303205274, 12.950119600770067], [77.77154636542267, 12.950119600770067], [77.77154636542267, 12.959286267400064]]]}}, {"type": "Feature", "properties": {"population": 285}, "geometry": {"type": "Polygon", "coordinates": [[[77.78071303205274, 12.959286267400064], [77.78404636537277, 12.959286267400064], [77.78404636537277, 12.950119600770067], [77.78071303205274, 12.950119600770067], [77.78071303205274, 12.959286267400064]]]}}, {"type": "Feature", "properties": {"population": 1285}, "geometry": {"type": "Polygon", "coordinates": [[[77.4598797, 12.950119600770067], [77.46904636663008, 12.950119600770067], [77.46904636663008, 12.94095293414007], [77.4598797, 12.94095293414007], [77.4598797, 12.950119600770067]]]}}, {"type": "Feature", "properties": {"population": 5931}, "geometry": {"type": "Polygon", "coordinates": [[[77.46904636663008, 12.950119600770067], [77.47821303326016, 12.950119600770067], [77.47821303326016, 12.94095293414007], [77.46904636663008, 12.94095293414007], [77.46904636663008, 12.950119600770067]]]}}, {"type": "Feature", "properties": {"population": 6425}, "geometry": {"type": "Polygon", "coordinates": [[[77.47821303326016, 12.950119600770067], [77.48737969989024, 12.950119600770067], [77.48737969989024, 12.94095293414007], [77.47821303326016, 12.94095293414007], [77.47821303326016, 12.950119600770067]]]}}, {"type": "Feature", "properties": {"population": 11171}, "geometry": {"type": "Polygon", "coordinates": [[[77.48737969989024, 12.950119600770067], [77.49654636652032, 12.950119600770067], [77.49654636652032, 12.94095293414007], [77.48737969989024, 12.94095293414007], [77.48737969989024, 12.950119600770067]]]}}, {"type": "Feature", "properties": {"population": 4795}, "geometry": {"type": "Polygon", "coordinates": [[[77.49654636652032, 12.950119600770067], [77.5057130331504, 12.950119600770067], [77.5057130331504, 12.94095293414007], [77.49654636652032, 12.94095293414007], [77.49654636652032, 12.950119600770067]]]}}, {"type": "Feature", "properties": {"population": 4748}, "geometry": {"type": "Polygon", "coordinates": [[[77.5057130331504, 12.950119600770067], [77.51487969978047, 12.950119600770067], [77.51487969978047, 12.94095293414007], [77.5057130331504, 12.94095293414007], [77.5057130331504, 12.950119600770067]]]}}, {"type": "Feature", "properties": {"population": 7117}, "geometry": {"type": "Polygon", "coordinates": [[[77.51487969978047, 12.950119600770067], [77.52404636641054, 12.950119600770067], [77.52404636641054, 12.94095293414007], [77.51487969978047, 12.94095293414007], [77.51487969978047, 12.950119600770067]]]}}, {"type": "Feature", "properties": {"population": 1880}, "geometry": {"type": "Polygon", "coordinates": [[[77.52404636641054, 12.950119600770067], [77.53321303304062, 12.950119600770067], [77.53321303304062, 12.94095293414007], [77.52404636641054, 12.94095293414007], [77.52404636641054, 12.950119600770067]]]}}, {"type": "Feature", "properties": {"population": 21210}, "geometry": {"type": "Polygon", "coordinates": [[[77.53321303304062, 12.950119600770067], [77.5423796996707, 12.950119600770067], [77.5423796996707, 12.94095293414007], [77.53321303304062, 12.94095293414007], [77.53321303304062, 12.950119600770067]]]}}, {"type": "Feature", "properties": {"population": 42115}, "geometry": {"type": "Polygon", "coordinates": [[[77.5423796996707, 12.950119600770067], [77.55154636630078, 12.950119600770067], [77.55154636630078, 12.94095293414007], [77.5423796996707, 12.94095293414007], [77.5423796996707, 12.950119600770067]]]}}, {"type": "Feature", "properties": {"population": 52684}, "geometry": {"type": "Polygon", "coordinates": [[[77.55154636630078, 12.950119600770067], [77.56071303293086, 12.950119600770067], [77.56071303293086, 12.94095293414007], [77.55154636630078, 12.94095293414007], [77.55154636630078, 12.950119600770067]]]}}, {"type": "Feature", "properties": {"population": 53325}, "geometry": {"type": "Polygon", "coordinates": [[[77.56071303293086, 12.950119600770067], [77.56987969956094, 12.950119600770067], [77.56987969956094, 12.94095293414007], [77.56071303293086, 12.94095293414007], [77.56071303293086, 12.950119600770067]]]}}, {"type": "Feature", "properties": {"population": 52989}, "geometry": {"type": "Polygon", "coordinates": [[[77.56987969956094, 12.950119600770067], [77.57904636619102, 12.950119600770067], [77.57904636619102, 12.94095293414007], [77.56987969956094, 12.94095293414007], [77.56987969956094, 12.950119600770067]]]}}, {"type": "Feature", "properties": {"population": 18743}, "geometry": {"type": "Polygon", "coordinates": [[[77.57904636619102, 12.950119600770067], [77.5882130328211, 12.950119600770067], [77.5882130328211, 12.94095293414007], [77.57904636619102, 12.94095293414007], [77.57904636619102, 12.950119600770067]]]}}, {"type": "Feature", "properties": {"population": 31377}, "geometry": {"type": "Polygon", "coordinates": [[[77.5882130328211, 12.950119600770067], [77.59737969945118, 12.950119600770067], [77.59737969945118, 12.94095293414007], [77.5882130328211, 12.94095293414007], [77.5882130328211, 12.950119600770067]]]}}, {"type": "Feature", "properties": {"population": 2902}, "geometry": {"type": "Polygon", "coordinates": [[[77.59737969945118, 12.950119600770067], [77.60654636608126, 12.950119600770067], [77.60654636608126, 12.94095293414007], [77.59737969945118, 12.94095293414007], [77.59737969945118, 12.950119600770067]]]}}, {"type": "Feature", "properties": {"population": 1932}, "geometry": {"type": "Polygon", "coordinates": [[[77.60654636608126, 12.950119600770067], [77.61571303271134, 12.950119600770067], [77.61571303271134, 12.94095293414007], [77.60654636608126, 12.94095293414007], [77.60654636608126, 12.950119600770067]]]}}, {"type": "Feature", "properties": {"population": 2395}, "geometry": {"type": "Polygon", "coordinates": [[[77.61571303271134, 12.950119600770067], [77.6248796993414, 12.950119600770067], [77.6248796993414, 12.94095293414007], [77.61571303271134, 12.94095293414007], [77.61571303271134, 12.950119600770067]]]}}, {"type": "Feature", "properties": {"population": 15353}, "geometry": {"type": "Polygon", "coordinates": [[[77.6248796993414, 12.950119600770067], [77.63404636597149, 12.950119600770067], [77.63404636597149, 12.94095293414007], [77.6248796993414, 12.94095293414007], [77.6248796993414, 12.950119600770067]]]}}, {"type": "Feature", "properties": {"population": 8245}, "geometry": {"type": "Polygon", "coordinates": [[[77.63404636597149, 12.950119600770067], [77.64321303260157, 12.950119600770067], [77.64321303260157, 12.94095293414007], [77.63404636597149, 12.94095293414007], [77.63404636597149, 12.950119600770067]]]}}, {"type": "Feature", "properties": {"population": 2928}, "geometry": {"type": "Polygon", "coordinates": [[[77.64321303260157, 12.950119600770067], [77.65237969923164, 12.950119600770067], [77.65237969923164, 12.94095293414007], [77.64321303260157, 12.94095293414007], [77.64321303260157, 12.950119600770067]]]}}, {"type": "Feature", "properties": {"population": 295}, "geometry": {"type": "Polygon", "coordinates": [[[77.65237969923164, 12.950119600770067], [77.66154636586172, 12.950119600770067], [77.66154636586172, 12.94095293414007], [77.65237969923164, 12.94095293414007], [77.65237969923164, 12.950119600770067]]]}}, {"type": "Feature", "properties": {"population": 306}, "geometry": {"type": "Polygon", "coordinates": [[[77.66154636586172, 12.950119600770067], [77.6707130324918, 12.950119600770067], [77.6707130324918, 12.94095293414007], [77.66154636586172, 12.94095293414007], [77.66154636586172, 12.950119600770067]]]}}, {"type": "Feature", "properties": {"population": 279}, "geometry": {"type": "Polygon", "coordinates": [[[77.6707130324918, 12.950119600770067], [77.67987969912188, 12.950119600770067], [77.67987969912188, 12.94095293414007], [77.6707130324918, 12.94095293414007], [77.6707130324918, 12.950119600770067]]]}}, {"type": "Feature", "properties": {"population": 371}, "geometry": {"type": "Polygon", "coordinates": [[[77.67987969912188, 12.950119600770067], [77.68904636575196, 12.950119600770067], [77.68904636575196, 12.94095293414007], [77.67987969912188, 12.94095293414007], [77.67987969912188, 12.950119600770067]]]}}, {"type": "Feature", "properties": {"population": 600}, "geometry": {"type": "Polygon", "coordinates": [[[77.68904636575196, 12.950119600770067], [77.69821303238204, 12.950119600770067], [77.69821303238204, 12.94095293414007], [77.68904636575196, 12.94095293414007], [77.68904636575196, 12.950119600770067]]]}}, {"type": "Feature", "properties": {"population": 488}, "geometry": {"type": "Polygon", "coordinates": [[[77.69821303238204, 12.950119600770067], [77.70737969901212, 12.950119600770067], [77.70737969901212, 12.94095293414007], [77.69821303238204, 12.94095293414007], [77.69821303238204, 12.950119600770067]]]}}, {"type": "Feature", "properties": {"population": 456}, "geometry": {"type": "Polygon", "coordinates": [[[77.70737969901212, 12.950119600770067], [77.7165463656422, 12.950119600770067], [77.7165463656422, 12.94095293414007], [77.70737969901212, 12.94095293414007], [77.70737969901212, 12.950119600770067]]]}}, {"type": "Feature", "properties": {"population": 258}, "geometry": {"type": "Polygon", "coordinates": [[[77.7165463656422, 12.950119600770067], [77.72571303227228, 12.950119600770067], [77.72571303227228, 12.94095293414007], [77.7165463656422, 12.94095293414007], [77.7165463656422, 12.950119600770067]]]}}, {"type": "Feature", "properties": {"population": 152}, "geometry": {"type": "Polygon", "coordinates": [[[77.72571303227228, 12.950119600770067], [77.73487969890235, 12.950119600770067], [77.73487969890235, 12.94095293414007], [77.72571303227228, 12.94095293414007], [77.72571303227228, 12.950119600770067]]]}}, {"type": "Feature", "properties": {"population": 82}, "geometry": {"type": "Polygon", "coordinates": [[[77.73487969890235, 12.950119600770067], [77.74404636553243, 12.950119600770067], [77.74404636553243, 12.94095293414007], [77.73487969890235, 12.94095293414007], [77.73487969890235, 12.950119600770067]]]}}, {"type": "Feature", "properties": {"population": 275}, "geometry": {"type": "Polygon", "coordinates": [[[77.74404636553243, 12.950119600770067], [77.7532130321625, 12.950119600770067], [77.7532130321625, 12.94095293414007], [77.74404636553243, 12.94095293414007], [77.74404636553243, 12.950119600770067]]]}}, {"type": "Feature", "properties": {"population": 272}, "geometry": {"type": "Polygon", "coordinates": [[[77.7532130321625, 12.950119600770067], [77.76237969879259, 12.950119600770067], [77.76237969879259, 12.94095293414007], [77.7532130321625, 12.94095293414007], [77.7532130321625, 12.950119600770067]]]}}, {"type": "Feature", "properties": {"population": 881}, "geometry": {"type": "Polygon", "coordinates": [[[77.76237969879259, 12.950119600770067], [77.77154636542267, 12.950119600770067], [77.77154636542267, 12.94095293414007], [77.76237969879259, 12.94095293414007], [77.76237969879259, 12.950119600770067]]]}}, {"type": "Feature", "properties": {"population": 808}, "geometry": {"type": "Polygon", "coordinates": [[[77.77154636542267, 12.950119600770067], [77.78071303205274, 12.950119600770067], [77.78071303205274, 12.94095293414007], [77.77154636542267, 12.94095293414007], [77.77154636542267, 12.950119600770067]]]}}, {"type": "Feature", "properties": {"population": 298}, "geometry": {"type": "Polygon", "coordinates": [[[77.78071303205274, 12.950119600770067], [77.78404636537277, 12.950119600770067], [77.78404636537277, 12.94095293414007], [77.78071303205274, 12.94095293414007], [77.78071303205274, 12.950119600770067]]]}}, {"type": "Feature", "properties": {"population": 391}, "geometry": {"type": "Polygon", "coordinates": [[[77.4598797, 12.94095293414007], [77.46904636663008, 12.94095293414007], [77.46904636663008, 12.931786267510073], [77.4598797, 12.931786267510073], [77.4598797, 12.94095293414007]]]}}, {"type": "Feature", "properties": {"population": 599}, "geometry": {"type": "Polygon", "coordinates": [[[77.46904636663008, 12.94095293414007], [77.47821303326016, 12.94095293414007], [77.47821303326016, 12.931786267510073], [77.46904636663008, 12.931786267510073], [77.46904636663008, 12.94095293414007]]]}}, {"type": "Feature", "properties": {"population": 670}, "geometry": {"type": "Polygon", "coordinates": [[[77.47821303326016, 12.94095293414007], [77.48737969989024, 12.94095293414007], [77.48737969989024, 12.931786267510073], [77.47821303326016, 12.931786267510073], [77.47821303326016, 12.94095293414007]]]}}, {"type": "Feature", "properties": {"population": 1132}, "geometry": {"type": "Polygon", "coordinates": [[[77.48737969989024, 12.94095293414007], [77.49654636652032, 12.94095293414007], [77.49654636652032, 12.931786267510073], [77.48737969989024, 12.931786267510073], [77.48737969989024, 12.94095293414007]]]}}, {"type": "Feature", "properties": {"population": 871}, "geometry": {"type": "Polygon", "coordinates": [[[77.49654636652032, 12.94095293414007], [77.5057130331504, 12.94095293414007], [77.5057130331504, 12.931786267510073], [77.49654636652032, 12.931786267510073], [77.49654636652032, 12.94095293414007]]]}}, {"type": "Feature", "properties": {"population": 1068}, "geometry": {"type": "Polygon", "coordinates": [[[77.5057130331504, 12.94095293414007], [77.51487969978047, 12.94095293414007], [77.51487969978047, 12.931786267510073], [77.5057130331504, 12.931786267510073], [77.5057130331504, 12.94095293414007]]]}}, {"type": "Feature", "properties": {"population": 1332}, "geometry": {"type": "Polygon", "coordinates": [[[77.51487969978047, 12.94095293414007], [77.52404636641054, 12.94095293414007], [77.52404636641054, 12.931786267510073], [77.51487969978047, 12.931786267510073], [77.51487969978047, 12.94095293414007]]]}}, {"type": "Feature", "properties": {"population": 1217}, "geometry": {"type": "Polygon", "coordinates": [[[77.52404636641054, 12.94095293414007], [77.53321303304062, 12.94095293414007], [77.53321303304062, 12.931786267510073], [77.52404636641054, 12.931786267510073], [77.52404636641054, 12.94095293414007]]]}}, {"type": "Feature", "properties": {"population": 4866}, "geometry": {"type": "Polygon", "coordinates": [[[77.53321303304062, 12.94095293414007], [77.5423796996707, 12.94095293414007], [77.5423796996707, 12.931786267510073], [77.53321303304062, 12.931786267510073], [77.53321303304062, 12.94095293414007]]]}}, {"type": "Feature", "properties": {"population": 30763}, "geometry": {"type": "Polygon", "coordinates": [[[77.5423796996707, 12.94095293414007], [77.55154636630078, 12.94095293414007], [77.55154636630078, 12.931786267510073], [77.5423796996707, 12.931786267510073], [77.5423796996707, 12.94095293414007]]]}}, {"type": "Feature", "properties": {"population": 34135}, "geometry": {"type": "Polygon", "coordinates": [[[77.55154636630078, 12.94095293414007], [77.56071303293086, 12.94095293414007], [77.56071303293086, 12.931786267510073], [77.55154636630078, 12.931786267510073], [77.55154636630078, 12.94095293414007]]]}}, {"type": "Feature", "properties": {"population": 49265}, "geometry": {"type": "Polygon", "coordinates": [[[77.56071303293086, 12.94095293414007], [77.56987969956094, 12.94095293414007], [77.56987969956094, 12.931786267510073], [77.56071303293086, 12.931786267510073], [77.56071303293086, 12.94095293414007]]]}}, {"type": "Feature", "properties": {"population": 36751}, "geometry": {"type": "Polygon", "coordinates": [[[77.56987969956094, 12.94095293414007], [77.57904636619102, 12.94095293414007], [77.57904636619102, 12.931786267510073], [77.56987969956094, 12.931786267510073], [77.56987969956094, 12.94095293414007]]]}}, {"type": "Feature", "properties": {"population": 26102}, "geometry": {"type": "Polygon", "coordinates": [[[77.57904636619102, 12.94095293414007], [77.5882130328211, 12.94095293414007], [77.5882130328211, 12.931786267510073], [77.57904636619102, 12.931786267510073], [77.57904636619102, 12.94095293414007]]]}}, {"type": "Feature", "properties": {"population": 7079}, "geometry": {"type": "Polygon", "coordinates": [[[77.5882130328211, 12.94095293414007], [77.59737969945118, 12.94095293414007], [77.59737969945118, 12.931786267510073], [77.5882130328211, 12.931786267510073], [77.5882130328211, 12.94095293414007]]]}}, {"type": "Feature", "properties": {"population": 1803}, "geometry": {"type": "Polygon", "coordinates": [[[77.59737969945118, 12.94095293414007], [77.60654636608126, 12.94095293414007], [77.60654636608126, 12.931786267510073], [77.59737969945118, 12.931786267510073], [77.59737969945118, 12.94095293414007]]]}}, {"type": "Feature", "properties": {"population": 2030}, "geometry": {"type": "Polygon", "coordinates": [[[77.60654636608126, 12.94095293414007], [77.61571303271134, 12.94095293414007], [77.61571303271134, 12.931786267510073], [77.60654636608126, 12.931786267510073], [77.60654636608126, 12.94095293414007]]]}}, {"type": "Feature", "properties": {"population": 2112}, "geometry": {"type": "Polygon", "coordinates": [[[77.61571303271134, 12.94095293414007], [77.6248796993414, 12.94095293414007], [77.6248796993414, 12.931786267510073], [77.61571303271134, 12.931786267510073], [77.61571303271134, 12.94095293414007]]]}}, {"type": "Feature", "properties": {"population": 9800}, "geometry": {"type": "Polygon", "coordinates": [[[77.6248796993414, 12.94095293414007], [77.63404636597149, 12.94095293414007], [77.63404636597149, 12.931786267510073], [77.6248796993414, 12.931786267510073], [77.6248796993414, 12.94095293414007]]]}}, {"type": "Feature", "properties": {"population": 11976}, "geometry": {"type": "Polygon", "coordinates": [[[77.63404636597149, 12.94095293414007], [77.64321303260157, 12.94095293414007], [77.64321303260157, 12.931786267510073], [77.63404636597149, 12.931786267510073], [77.63404636597149, 12.94095293414007]]]}}, {"type": "Feature", "properties": {"population": 10495}, "geometry": {"type": "Polygon", "coordinates": [[[77.64321303260157, 12.94095293414007], [77.65237969923164, 12.94095293414007], [77.65237969923164, 12.931786267510073], [77.64321303260157, 12.931786267510073], [77.64321303260157, 12.94095293414007]]]}}, {"type": "Feature", "properties": {"population": 2446}, "geometry": {"type": "Polygon", "coordinates": [[[77.65237969923164, 12.94095293414007], [77.66154636586172, 12.94095293414007], [77.66154636586172, 12.931786267510073], [77.65237969923164, 12.931786267510073], [77.65237969923164, 12.94095293414007]]]}}, {"type": "Feature", "properties": {"population": 48}, "geometry": {"type": "Polygon", "coordinates": [[[77.66154636586172, 12.94095293414007], [77.6707130324918, 12.94095293414007], [77.6707130324918, 12.931786267510073], [77.66154636586172, 12.931786267510073], [77.66154636586172, 12.94095293414007]]]}}, {"type": "Feature", "properties": {"population": 88}, "geometry": {"type": "Polygon", "coordinates": [[[77.6707130324918, 12.94095293414007], [77.67987969912188, 12.94095293414007], [77.67987969912188, 12.931786267510073], [77.6707130324918, 12.931786267510073], [77.6707130324918, 12.94095293414007]]]}}, {"type": "Feature", "properties": {"population": 440}, "geometry": {"type": "Polygon", "coordinates": [[[77.67987969912188, 12.94095293414007], [77.68904636575196, 12.94095293414007], [77.68904636575196, 12.931786267510073], [77.67987969912188, 12.931786267510073], [77.67987969912188, 12.94095293414007]]]}}, {"type": "Feature", "properties": {"population": 827}, "geometry": {"type": "Polygon", "coordinates": [[[77.68904636575196, 12.94095293414007], [77.69821303238204, 12.94095293414007], [77.69821303238204, 12.931786267510073], [77.68904636575196, 12.931786267510073], [77.68904636575196, 12.94095293414007]]]}}, {"type": "Feature", "properties": {"population": 473}, "geometry": {"type": "Polygon", "coordinates": [[[77.69821303238204, 12.94095293414007], [77.70737969901212, 12.94095293414007], [77.70737969901212, 12.931786267510073], [77.69821303238204, 12.931786267510073], [77.69821303238204, 12.94095293414007]]]}}, {"type": "Feature", "properties": {"population": 302}, "geometry": {"type": "Polygon", "coordinates": [[[77.70737969901212, 12.94095293414007], [77.7165463656422, 12.94095293414007], [77.7165463656422, 12.931786267510073], [77.70737969901212, 12.931786267510073], [77.70737969901212, 12.94095293414007]]]}}, {"type": "Feature", "properties": {"population": 372}, "geometry": {"type": "Polygon", "coordinates": [[[77.7165463656422, 12.94095293414007], [77.72571303227228, 12.94095293414007], [77.72571303227228, 12.931786267510073], [77.7165463656422, 12.931786267510073], [77.7165463656422, 12.94095293414007]]]}}, {"type": "Feature", "properties": {"population": 252}, "geometry": {"type": "Polygon", "coordinates": [[[77.72571303227228, 12.94095293414007], [77.73487969890235, 12.94095293414007], [77.73487969890235, 12.931786267510073], [77.72571303227228, 12.931786267510073], [77.72571303227228, 12.94095293414007]]]}}, {"type": "Feature", "properties": {"population": 262}, "geometry": {"type": "Polygon", "coordinates": [[[77.73487969890235, 12.94095293414007], [77.74404636553243, 12.94095293414007], [77.74404636553243, 12.931786267510073], [77.73487969890235, 12.931786267510073], [77.73487969890235, 12.94095293414007]]]}}, {"type": "Feature", "properties": {"population": 399}, "geometry": {"type": "Polygon", "coordinates": [[[77.74404636553243, 12.94095293414007], [77.7532130321625, 12.94095293414007], [77.7532130321625, 12.931786267510073], [77.74404636553243, 12.931786267510073], [77.74404636553243, 12.94095293414007]]]}}, {"type": "Feature", "properties": {"population": 266}, "geometry": {"type": "Polygon", "coordinates": [[[77.7532130321625, 12.94095293414007], [77.76237969879259, 12.94095293414007], [77.76237969879259, 12.931786267510073], [77.7532130321625, 12.931786267510073], [77.7532130321625, 12.94095293414007]]]}}, {"type": "Feature", "properties": {"population": 890}, "geometry": {"type": "Polygon", "coordinates": [[[77.76237969879259, 12.94095293414007], [77.77154636542267, 12.94095293414007], [77.77154636542267, 12.931786267510073], [77.76237969879259, 12.931786267510073], [77.76237969879259, 12.94095293414007]]]}}, {"type": "Feature", "properties": {"population": 750}, "geometry": {"type": "Polygon", "coordinates": [[[77.77154636542267, 12.94095293414007], [77.78071303205274, 12.94095293414007], [77.78071303205274, 12.931786267510073], [77.77154636542267, 12.931786267510073], [77.77154636542267, 12.94095293414007]]]}}, {"type": "Feature", "properties": {"population": 301}, "geometry": {"type": "Polygon", "coordinates": [[[77.78071303205274, 12.94095293414007], [77.78404636537277, 12.94095293414007], [77.78404636537277, 12.931786267510073], [77.78071303205274, 12.931786267510073], [77.78071303205274, 12.94095293414007]]]}}, {"type": "Feature", "properties": {"population": 338}, "geometry": {"type": "Polygon", "coordinates": [[[77.4598797, 12.931786267510073], [77.46904636663008, 12.931786267510073], [77.46904636663008, 12.922619600880076], [77.4598797, 12.922619600880076], [77.4598797, 12.931786267510073]]]}}, {"type": "Feature", "properties": {"population": 597}, "geometry": {"type": "Polygon", "coordinates": [[[77.46904636663008, 12.931786267510073], [77.47821303326016, 12.931786267510073], [77.47821303326016, 12.922619600880076], [77.46904636663008, 12.922619600880076], [77.46904636663008, 12.931786267510073]]]}}, {"type": "Feature", "properties": {"population": 942}, "geometry": {"type": "Polygon", "coordinates": [[[77.47821303326016, 12.931786267510073], [77.48737969989024, 12.931786267510073], [77.48737969989024, 12.922619600880076], [77.47821303326016, 12.922619600880076], [77.47821303326016, 12.931786267510073]]]}}, {"type": "Feature", "properties": {"population": 1499}, "geometry": {"type": "Polygon", "coordinates": [[[77.48737969989024, 12.931786267510073], [77.49654636652032, 12.931786267510073], [77.49654636652032, 12.922619600880076], [77.48737969989024, 12.922619600880076], [77.48737969989024, 12.931786267510073]]]}}, {"type": "Feature", "properties": {"population": 1240}, "geometry": {"type": "Polygon", "coordinates": [[[77.49654636652032, 12.931786267510073], [77.5057130331504, 12.931786267510073], [77.5057130331504, 12.922619600880076], [77.49654636652032, 12.922619600880076], [77.49654636652032, 12.931786267510073]]]}}, {"type": "Feature", "properties": {"population": 1446}, "geometry": {"type": "Polygon", "coordinates": [[[77.5057130331504, 12.931786267510073], [77.51487969978047, 12.931786267510073], [77.51487969978047, 12.922619600880076], [77.5057130331504, 12.922619600880076], [77.5057130331504, 12.931786267510073]]]}}, {"type": "Feature", "properties": {"population": 1578}, "geometry": {"type": "Polygon", "coordinates": [[[77.51487969978047, 12.931786267510073], [77.52404636641054, 12.931786267510073], [77.52404636641054, 12.922619600880076], [77.51487969978047, 12.922619600880076], [77.51487969978047, 12.931786267510073]]]}}, {"type": "Feature", "properties": {"population": 813}, "geometry": {"type": "Polygon", "coordinates": [[[77.52404636641054, 12.931786267510073], [77.53321303304062, 12.931786267510073], [77.53321303304062, 12.922619600880076], [77.52404636641054, 12.922619600880076], [77.52404636641054, 12.931786267510073]]]}}, {"type": "Feature", "properties": {"population": 1528}, "geometry": {"type": "Polygon", "coordinates": [[[77.53321303304062, 12.931786267510073], [77.5423796996707, 12.931786267510073], [77.5423796996707, 12.922619600880076], [77.53321303304062, 12.922619600880076], [77.53321303304062, 12.931786267510073]]]}}, {"type": "Feature", "properties": {"population": 1854}, "geometry": {"type": "Polygon", "coordinates": [[[77.5423796996707, 12.931786267510073], [77.55154636630078, 12.931786267510073], [77.55154636630078, 12.922619600880076], [77.5423796996707, 12.922619600880076], [77.5423796996707, 12.931786267510073]]]}}, {"type": "Feature", "properties": {"population": 2631}, "geometry": {"type": "Polygon", "coordinates": [[[77.55154636630078, 12.931786267510073], [77.56071303293086, 12.931786267510073], [77.56071303293086, 12.922619600880076], [77.55154636630078, 12.922619600880076], [77.55154636630078, 12.931786267510073]]]}}, {"type": "Feature", "properties": {"population": 2337}, "geometry": {"type": "Polygon", "coordinates": [[[77.56071303293086, 12.931786267510073], [77.56987969956094, 12.931786267510073], [77.56987969956094, 12.922619600880076], [77.56071303293086, 12.922619600880076], [77.56071303293086, 12.931786267510073]]]}}, {"type": "Feature", "properties": {"population": 2416}, "geometry": {"type": "Polygon", "coordinates": [[[77.56987969956094, 12.931786267510073], [77.57904636619102, 12.931786267510073], [77.57904636619102, 12.922619600880076], [77.56987969956094, 12.922619600880076], [77.56987969956094, 12.931786267510073]]]}}, {"type": "Feature", "properties": {"population": 2363}, "geometry": {"type": "Polygon", "coordinates": [[[77.57904636619102, 12.931786267510073], [77.5882130328211, 12.931786267510073], [77.5882130328211, 12.922619600880076], [77.57904636619102, 12.922619600880076], [77.57904636619102, 12.931786267510073]]]}}, {"type": "Feature", "properties": {"population": 2231}, "geometry": {"type": "Polygon", "coordinates": [[[77.5882130328211, 12.931786267510073], [77.59737969945118, 12.931786267510073], [77.59737969945118, 12.922619600880076], [77.5882130328211, 12.922619600880076], [77.5882130328211, 12.931786267510073]]]}}, {"type": "Feature", "properties": {"population": 2354}, "geometry": {"type": "Polygon", "coordinates": [[[77.59737969945118, 12.931786267510073], [77.60654636608126, 12.931786267510073], [77.60654636608126, 12.922619600880076], [77.59737969945118, 12.922619600880076], [77.59737969945118, 12.931786267510073]]]}}, {"type": "Feature", "properties": {"population": 2458}, "geometry": {"type": "Polygon", "coordinates": [[[77.60654636608126, 12.931786267510073], [77.61571303271134, 12.931786267510073], [77.61571303271134, 12.922619600880076], [77.60654636608126, 12.922619600880076], [77.60654636608126, 12.931786267510073]]]}}, {"type": "Feature", "properties": {"population": 1805}, "geometry": {"type": "Polygon", "coordinates": [[[77.61571303271134, 12.931786267510073], [77.6248796993414, 12.931786267510073], [77.6248796993414, 12.922619600880076], [77.61571303271134, 12.922619600880076], [77.61571303271134, 12.931786267510073]]]}}, {"type": "Feature", "properties": {"population": 1831}, "geometry": {"type": "Polygon", "coordinates": [[[77.6248796993414, 12.931786267510073], [77.63404636597149, 12.931786267510073], [77.63404636597149, 12.922619600880076], [77.6248796993414, 12.922619600880076], [77.6248796993414, 12.931786267510073]]]}}, {"type": "Feature", "properties": {"population": 2607}, "geometry": {"type": "Polygon", "coordinates": [[[77.63404636597149, 12.931786267510073], [77.64321303260157, 12.931786267510073], [77.64321303260157, 12.922619600880076], [77.63404636597149, 12.922619600880076], [77.63404636597149, 12.931786267510073]]]}}, {"type": "Feature", "properties": {"population": 5524}, "geometry": {"type": "Polygon", "coordinates": [[[77.64321303260157, 12.931786267510073], [77.65237969923164, 12.931786267510073], [77.65237969923164, 12.922619600880076], [77.64321303260157, 12.922619600880076], [77.64321303260157, 12.931786267510073]]]}}, {"type": "Feature", "properties": {"population": 7656}, "geometry": {"type": "Polygon", "coordinates": [[[77.65237969923164, 12.931786267510073], [77.66154636586172, 12.931786267510073], [77.66154636586172, 12.922619600880076], [77.65237969923164, 12.922619600880076], [77.65237969923164, 12.931786267510073]]]}}, {"type": "Feature", "properties": {"population": 417}, "geometry": {"type": "Polygon", "coordinates": [[[77.66154636586172, 12.931786267510073], [77.6707130324918, 12.931786267510073], [77.6707130324918, 12.922619600880076], [77.66154636586172, 12.922619600880076], [77.66154636586172, 12.931786267510073]]]}}, {"type": "Feature", "properties": {"population": 669}, "geometry": {"type": "Polygon", "coordinates": [[[77.6707130324918, 12.931786267510073], [77.67987969912188, 12.931786267510073], [77.67987969912188, 12.922619600880076], [77.6707130324918, 12.922619600880076], [77.6707130324918, 12.931786267510073]]]}}, {"type": "Feature", "properties": {"population": 747}, "geometry": {"type": "Polygon", "coordinates": [[[77.67987969912188, 12.931786267510073], [77.68904636575196, 12.931786267510073], [77.68904636575196, 12.922619600880076], [77.67987969912188, 12.922619600880076], [77.67987969912188, 12.931786267510073]]]}}, {"type": "Feature", "properties": {"population": 414}, "geometry": {"type": "Polygon", "coordinates": [[[77.68904636575196, 12.931786267510073], [77.69821303238204, 12.931786267510073], [77.69821303238204, 12.922619600880076], [77.68904636575196, 12.922619600880076], [77.68904636575196, 12.931786267510073]]]}}, {"type": "Feature", "properties": {"population": 223}, "geometry": {"type": "Polygon", "coordinates": [[[77.69821303238204, 12.931786267510073], [77.70737969901212, 12.931786267510073], [77.70737969901212, 12.922619600880076], [77.69821303238204, 12.922619600880076], [77.69821303238204, 12.931786267510073]]]}}, {"type": "Feature", "properties": {"population": 275}, "geometry": {"type": "Polygon", "coordinates": [[[77.70737969901212, 12.931786267510073], [77.7165463656422, 12.931786267510073], [77.7165463656422, 12.922619600880076], [77.70737969901212, 12.922619600880076], [77.70737969901212, 12.931786267510073]]]}}, {"type": "Feature", "properties": {"population": 283}, "geometry": {"type": "Polygon", "coordinates": [[[77.7165463656422, 12.931786267510073], [77.72571303227228, 12.931786267510073], [77.72571303227228, 12.922619600880076], [77.7165463656422, 12.922619600880076], [77.7165463656422, 12.931786267510073]]]}}, {"type": "Feature", "properties": {"population": 317}, "geometry": {"type": "Polygon", "coordinates": [[[77.72571303227228, 12.931786267510073], [77.73487969890235, 12.931786267510073], [77.73487969890235, 12.922619600880076], [77.72571303227228, 12.922619600880076], [77.72571303227228, 12.931786267510073]]]}}, {"type": "Feature", "properties": {"population": 338}, "geometry": {"type": "Polygon", "coordinates": [[[77.73487969890235, 12.931786267510073], [77.74404636553243, 12.931786267510073], [77.74404636553243, 12.922619600880076], [77.73487969890235, 12.922619600880076], [77.73487969890235, 12.931786267510073]]]}}, {"type": "Feature", "properties": {"population": 289}, "geometry": {"type": "Polygon", "coordinates": [[[77.74404636553243, 12.931786267510073], [77.7532130321625, 12.931786267510073], [77.7532130321625, 12.922619600880076], [77.74404636553243, 12.922619600880076], [77.74404636553243, 12.931786267510073]]]}}, {"type": "Feature", "properties": {"population": 767}, "geometry": {"type": "Polygon", "coordinates": [[[77.7532130321625, 12.931786267510073], [77.76237969879259, 12.931786267510073], [77.76237969879259, 12.922619600880076], [77.7532130321625, 12.922619600880076], [77.7532130321625, 12.931786267510073]]]}}, {"type": "Feature", "properties": {"population": 1195}, "geometry": {"type": "Polygon", "coordinates": [[[77.76237969879259, 12.931786267510073], [77.77154636542267, 12.931786267510073], [77.77154636542267, 12.922619600880076], [77.76237969879259, 12.922619600880076], [77.76237969879259, 12.931786267510073]]]}}, {"type": "Feature", "properties": {"population": 980}, "geometry": {"type": "Polygon", "coordinates": [[[77.77154636542267, 12.931786267510073], [77.78071303205274, 12.931786267510073], [77.78071303205274, 12.922619600880076], [77.77154636542267, 12.922619600880076], [77.77154636542267, 12.931786267510073]]]}}, {"type": "Feature", "properties": {"population": 288}, "geometry": {"type": "Polygon", "coordinates": [[[77.78071303205274, 12.931786267510073], [77.78404636537277, 12.931786267510073], [77.78404636537277, 12.922619600880076], [77.78071303205274, 12.922619600880076], [77.78071303205274, 12.931786267510073]]]}}, {"type": "Feature", "properties": {"population": 372}, "geometry": {"type": "Polygon", "coordinates": [[[77.4598797, 12.922619600880076], [77.46904636663008, 12.922619600880076], [77.46904636663008, 12.91345293425008], [77.4598797, 12.91345293425008], [77.4598797, 12.922619600880076]]]}}, {"type": "Feature", "properties": {"population": 818}, "geometry": {"type": "Polygon", "coordinates": [[[77.46904636663008, 12.922619600880076], [77.47821303326016, 12.922619600880076], [77.47821303326016, 12.91345293425008], [77.46904636663008, 12.91345293425008], [77.46904636663008, 12.922619600880076]]]}}, {"type": "Feature", "properties": {"population": 1532}, "geometry": {"type": "Polygon", "coordinates": [[[77.47821303326016, 12.922619600880076], [77.48737969989024, 12.922619600880076], [77.48737969989024, 12.91345293425008], [77.47821303326016, 12.91345293425008], [77.47821303326016, 12.922619600880076]]]}}, {"type": "Feature", "properties": {"population": 972}, "geometry": {"type": "Polygon", "coordinates": [[[77.48737969989024, 12.922619600880076], [77.49654636652032, 12.922619600880076], [77.49654636652032, 12.91345293425008], [77.48737969989024, 12.91345293425008], [77.48737969989024, 12.922619600880076]]]}}, {"type": "Feature", "properties": {"population": 1021}, "geometry": {"type": "Polygon", "coordinates": [[[77.49654636652032, 12.922619600880076], [77.5057130331504, 12.922619600880076], [77.5057130331504, 12.91345293425008], [77.49654636652032, 12.91345293425008], [77.49654636652032, 12.922619600880076]]]}}, {"type": "Feature", "properties": {"population": 1475}, "geometry": {"type": "Polygon", "coordinates": [[[77.5057130331504, 12.922619600880076], [77.51487969978047, 12.922619600880076], [77.51487969978047, 12.91345293425008], [77.5057130331504, 12.91345293425008], [77.5057130331504, 12.922619600880076]]]}}, {"type": "Feature", "properties": {"population": 1905}, "geometry": {"type": "Polygon", "coordinates": [[[77.51487969978047, 12.922619600880076], [77.52404636641054, 12.922619600880076], [77.52404636641054, 12.91345293425008], [77.51487969978047, 12.91345293425008], [77.51487969978047, 12.922619600880076]]]}}, {"type": "Feature", "properties": {"population": 755}, "geometry": {"type": "Polygon", "coordinates": [[[77.52404636641054, 12.922619600880076], [77.53321303304062, 12.922619600880076], [77.53321303304062, 12.91345293425008], [77.52404636641054, 12.91345293425008], [77.52404636641054, 12.922619600880076]]]}}, {"type": "Feature", "properties": {"population": 718}, "geometry": {"type": "Polygon", "coordinates": [[[77.53321303304062, 12.922619600880076], [77.5423796996707, 12.922619600880076], [77.5423796996707, 12.91345293425008], [77.53321303304062, 12.91345293425008], [77.53321303304062, 12.922619600880076]]]}}, {"type": "Feature", "properties": {"population": 1787}, "geometry": {"type": "Polygon", "coordinates": [[[77.5423796996707, 12.922619600880076], [77.55154636630078, 12.922619600880076], [77.55154636630078, 12.91345293425008], [77.5423796996707, 12.91345293425008], [77.5423796996707, 12.922619600880076]]]}}, {"type": "Feature", "properties": {"population": 2554}, "geometry": {"type": "Polygon", "coordinates": [[[77.55154636630078, 12.922619600880076], [77.56071303293086, 12.922619600880076], [77.56071303293086, 12.91345293425008], [77.55154636630078, 12.91345293425008], [77.55154636630078, 12.922619600880076]]]}}, {"type": "Feature", "properties": {"population": 2209}, "geometry": {"type": "Polygon", "coordinates": [[[77.56071303293086, 12.922619600880076], [77.56987969956094, 12.922619600880076], [77.56987969956094, 12.91345293425008], [77.56071303293086, 12.91345293425008], [77.56071303293086, 12.922619600880076]]]}}, {"type": "Feature", "properties": {"population": 2316}, "geometry": {"type": "Polygon", "coordinates": [[[77.56987969956094, 12.922619600880076], [77.57904636619102, 12.922619600880076], [77.57904636619102, 12.91345293425008], [77.56987969956094, 12.91345293425008], [77.56987969956094, 12.922619600880076]]]}}, {"type": "Feature", "properties": {"population": 2447}, "geometry": {"type": "Polygon", "coordinates": [[[77.57904636619102, 12.922619600880076], [77.5882130328211, 12.922619600880076], [77.5882130328211, 12.91345293425008], [77.57904636619102, 12.91345293425008], [77.57904636619102, 12.922619600880076]]]}}, {"type": "Feature", "properties": {"population": 1966}, "geometry": {"type": "Polygon", "coordinates": [[[77.5882130328211, 12.922619600880076], [77.59737969945118, 12.922619600880076], [77.59737969945118, 12.91345293425008], [77.5882130328211, 12.91345293425008], [77.5882130328211, 12.922619600880076]]]}}, {"type": "Feature", "properties": {"population": 2414}, "geometry": {"type": "Polygon", "coordinates": [[[77.59737969945118, 12.922619600880076], [77.60654636608126, 12.922619600880076], [77.60654636608126, 12.91345293425008], [77.59737969945118, 12.91345293425008], [77.59737969945118, 12.922619600880076]]]}}, {"type": "Feature", "properties": {"population": 2419}, "geometry": {"type": "Polygon", "coordinates": [[[77.60654636608126, 12.922619600880076], [77.61571303271134, 12.922619600880076], [77.61571303271134, 12.91345293425008], [77.60654636608126, 12.91345293425008], [77.60654636608126, 12.922619600880076]]]}}, {"type": "Feature", "properties": {"population": 1801}, "geometry": {"type": "Polygon", "coordinates": [[[77.61571303271134, 12.922619600880076], [77.6248796993414, 12.922619600880076], [77.6248796993414, 12.91345293425008], [77.61571303271134, 12.91345293425008], [77.61571303271134, 12.922619600880076]]]}}, {"type": "Feature", "properties": {"population": 1350}, "geometry": {"type": "Polygon", "coordinates": [[[77.6248796993414, 12.922619600880076], [77.63404636597149, 12.922619600880076], [77.63404636597149, 12.91345293425008], [77.6248796993414, 12.91345293425008], [77.6248796993414, 12.922619600880076]]]}}, {"type": "Feature", "properties": {"population": 1071}, "geometry": {"type": "Polygon", "coordinates": [[[77.63404636597149, 12.922619600880076], [77.64321303260157, 12.922619600880076], [77.64321303260157, 12.91345293425008], [77.63404636597149, 12.91345293425008], [77.63404636597149, 12.922619600880076]]]}}, {"type": "Feature", "properties": {"population": 1281}, "geometry": {"type": "Polygon", "coordinates": [[[77.64321303260157, 12.922619600880076], [77.65237969923164, 12.922619600880076], [77.65237969923164, 12.91345293425008], [77.64321303260157, 12.91345293425008], [77.64321303260157, 12.922619600880076]]]}}, {"type": "Feature", "properties": {"population": 4119}, "geometry": {"type": "Polygon", "coordinates": [[[77.65237969923164, 12.922619600880076], [77.66154636586172, 12.922619600880076], [77.66154636586172, 12.91345293425008], [77.65237969923164, 12.91345293425008], [77.65237969923164, 12.922619600880076]]]}}, {"type": "Feature", "properties": {"population": 657}, "geometry": {"type": "Polygon", "coordinates": [[[77.66154636586172, 12.922619600880076], [77.6707130324918, 12.922619600880076], [77.6707130324918, 12.91345293425008], [77.66154636586172, 12.91345293425008], [77.66154636586172, 12.922619600880076]]]}}, {"type": "Feature", "properties": {"population": 681}, "geometry": {"type": "Polygon", "coordinates": [[[77.6707130324918, 12.922619600880076], [77.67987969912188, 12.922619600880076], [77.67987969912188, 12.91345293425008], [77.6707130324918, 12.91345293425008], [77.6707130324918, 12.922619600880076]]]}}, {"type": "Feature", "properties": {"population": 343}, "geometry": {"type": "Polygon", "coordinates": [[[77.67987969912188, 12.922619600880076], [77.68904636575196, 12.922619600880076], [77.68904636575196, 12.91345293425008], [77.67987969912188, 12.91345293425008], [77.67987969912188, 12.922619600880076]]]}}, {"type": "Feature", "properties": {"population": 468}, "geometry": {"type": "Polygon", "coordinates": [[[77.68904636575196, 12.922619600880076], [77.69821303238204, 12.922619600880076], [77.69821303238204, 12.91345293425008], [77.68904636575196, 12.91345293425008], [77.68904636575196, 12.922619600880076]]]}}, {"type": "Feature", "properties": {"population": 253}, "geometry": {"type": "Polygon", "coordinates": [[[77.69821303238204, 12.922619600880076], [77.70737969901212, 12.922619600880076], [77.70737969901212, 12.91345293425008], [77.69821303238204, 12.91345293425008], [77.69821303238204, 12.922619600880076]]]}}, {"type": "Feature", "properties": {"population": 256}, "geometry": {"type": "Polygon", "coordinates": [[[77.70737969901212, 12.922619600880076], [77.7165463656422, 12.922619600880076], [77.7165463656422, 12.91345293425008], [77.70737969901212, 12.91345293425008], [77.70737969901212, 12.922619600880076]]]}}, {"type": "Feature", "properties": {"population": 273}, "geometry": {"type": "Polygon", "coordinates": [[[77.7165463656422, 12.922619600880076], [77.72571303227228, 12.922619600880076], [77.72571303227228, 12.91345293425008], [77.7165463656422, 12.91345293425008], [77.7165463656422, 12.922619600880076]]]}}, {"type": "Feature", "properties": {"population": 286}, "geometry": {"type": "Polygon", "coordinates": [[[77.72571303227228, 12.922619600880076], [77.73487969890235, 12.922619600880076], [77.73487969890235, 12.91345293425008], [77.72571303227228, 12.91345293425008], [77.72571303227228, 12.922619600880076]]]}}, {"type": "Feature", "properties": {"population": 233}, "geometry": {"type": "Polygon", "coordinates": [[[77.73487969890235, 12.922619600880076], [77.74404636553243, 12.922619600880076], [77.74404636553243, 12.91345293425008], [77.73487969890235, 12.91345293425008], [77.73487969890235, 12.922619600880076]]]}}, {"type": "Feature", "properties": {"population": 1263}, "geometry": {"type": "Polygon", "coordinates": [[[77.74404636553243, 12.922619600880076], [77.7532130321625, 12.922619600880076], [77.7532130321625, 12.91345293425008], [77.74404636553243, 12.91345293425008], [77.74404636553243, 12.922619600880076]]]}}, {"type": "Feature", "properties": {"population": 1570}, "geometry": {"type": "Polygon", "coordinates": [[[77.7532130321625, 12.922619600880076], [77.76237969879259, 12.922619600880076], [77.76237969879259, 12.91345293425008], [77.7532130321625, 12.91345293425008], [77.7532130321625, 12.922619600880076]]]}}, {"type": "Feature", "properties": {"population": 1362}, "geometry": {"type": "Polygon", "coordinates": [[[77.76237969879259, 12.922619600880076], [77.77154636542267, 12.922619600880076], [77.77154636542267, 12.91345293425008], [77.76237969879259, 12.91345293425008], [77.76237969879259, 12.922619600880076]]]}}, {"type": "Feature", "properties": {"population": 940}, "geometry": {"type": "Polygon", "coordinates": [[[77.77154636542267, 12.922619600880076], [77.78071303205274, 12.922619600880076], [77.78071303205274, 12.91345293425008], [77.77154636542267, 12.91345293425008], [77.77154636542267, 12.922619600880076]]]}}, {"type": "Feature", "properties": {"population": 302}, "geometry": {"type": "Polygon", "coordinates": [[[77.78071303205274, 12.922619600880076], [77.78404636537277, 12.922619600880076], [77.78404636537277, 12.91345293425008], [77.78071303205274, 12.91345293425008], [77.78071303205274, 12.922619600880076]]]}}, {"type": "Feature", "properties": {"population": 550}, "geometry": {"type": "Polygon", "coordinates": [[[77.4598797, 12.91345293425008], [77.46904636663008, 12.91345293425008], [77.46904636663008, 12.904286267620083], [77.4598797, 12.904286267620083], [77.4598797, 12.91345293425008]]]}}, {"type": "Feature", "properties": {"population": 997}, "geometry": {"type": "Polygon", "coordinates": [[[77.46904636663008, 12.91345293425008], [77.47821303326016, 12.91345293425008], [77.47821303326016, 12.904286267620083], [77.46904636663008, 12.904286267620083], [77.46904636663008, 12.91345293425008]]]}}, {"type": "Feature", "properties": {"population": 1337}, "geometry": {"type": "Polygon", "coordinates": [[[77.47821303326016, 12.91345293425008], [77.48737969989024, 12.91345293425008], [77.48737969989024, 12.904286267620083], [77.47821303326016, 12.904286267620083], [77.47821303326016, 12.91345293425008]]]}}, {"type": "Feature", "properties": {"population": 666}, "geometry": {"type": "Polygon", "coordinates": [[[77.48737969989024, 12.91345293425008], [77.49654636652032, 12.91345293425008], [77.49654636652032, 12.904286267620083], [77.48737969989024, 12.904286267620083], [77.48737969989024, 12.91345293425008]]]}}, {"type": "Feature", "properties": {"population": 698}, "geometry": {"type": "Polygon", "coordinates": [[[77.49654636652032, 12.91345293425008], [77.5057130331504, 12.91345293425008], [77.5057130331504, 12.904286267620083], [77.49654636652032, 12.904286267620083], [77.49654636652032, 12.91345293425008]]]}}, {"type": "Feature", "properties": {"population": 955}, "geometry": {"type": "Polygon", "coordinates": [[[77.5057130331504, 12.91345293425008], [77.51487969978047, 12.91345293425008], [77.51487969978047, 12.904286267620083], [77.5057130331504, 12.904286267620083], [77.5057130331504, 12.91345293425008]]]}}, {"type": "Feature", "properties": {"population": 1483}, "geometry": {"type": "Polygon", "coordinates": [[[77.51487969978047, 12.91345293425008], [77.52404636641054, 12.91345293425008], [77.52404636641054, 12.904286267620083], [77.51487969978047, 12.904286267620083], [77.51487969978047, 12.91345293425008]]]}}, {"type": "Feature", "properties": {"population": 837}, "geometry": {"type": "Polygon", "coordinates": [[[77.52404636641054, 12.91345293425008], [77.53321303304062, 12.91345293425008], [77.53321303304062, 12.904286267620083], [77.52404636641054, 12.904286267620083], [77.52404636641054, 12.91345293425008]]]}}, {"type": "Feature", "properties": {"population": 919}, "geometry": {"type": "Polygon", "coordinates": [[[77.53321303304062, 12.91345293425008], [77.5423796996707, 12.91345293425008], [77.5423796996707, 12.904286267620083], [77.53321303304062, 12.904286267620083], [77.53321303304062, 12.91345293425008]]]}}, {"type": "Feature", "properties": {"population": 1598}, "geometry": {"type": "Polygon", "coordinates": [[[77.5423796996707, 12.91345293425008], [77.55154636630078, 12.91345293425008], [77.55154636630078, 12.904286267620083], [77.5423796996707, 12.904286267620083], [77.5423796996707, 12.91345293425008]]]}}, {"type": "Feature", "properties": {"population": 1891}, "geometry": {"type": "Polygon", "coordinates": [[[77.55154636630078, 12.91345293425008], [77.56071303293086, 12.91345293425008], [77.56071303293086, 12.904286267620083], [77.55154636630078, 12.904286267620083], [77.55154636630078, 12.91345293425008]]]}}, {"type": "Feature", "properties": {"population": 1704}, "geometry": {"type": "Polygon", "coordinates": [[[77.56071303293086, 12.91345293425008], [77.56987969956094, 12.91345293425008], [77.56987969956094, 12.904286267620083], [77.56071303293086, 12.904286267620083], [77.56071303293086, 12.91345293425008]]]}}, {"type": "Feature", "properties": {"population": 2164}, "geometry": {"type": "Polygon", "coordinates": [[[77.56987969956094, 12.91345293425008], [77.57904636619102, 12.91345293425008], [77.57904636619102, 12.904286267620083], [77.56987969956094, 12.904286267620083], [77.56987969956094, 12.91345293425008]]]}}, {"type": "Feature", "properties": {"population": 2366}, "geometry": {"type": "Polygon", "coordinates": [[[77.57904636619102, 12.91345293425008], [77.5882130328211, 12.91345293425008], [77.5882130328211, 12.904286267620083], [77.57904636619102, 12.904286267620083], [77.57904636619102, 12.91345293425008]]]}}, {"type": "Feature", "properties": {"population": 2369}, "geometry": {"type": "Polygon", "coordinates": [[[77.5882130328211, 12.91345293425008], [77.59737969945118, 12.91345293425008], [77.59737969945118, 12.904286267620083], [77.5882130328211, 12.904286267620083], [77.5882130328211, 12.91345293425008]]]}}, {"type": "Feature", "properties": {"population": 2299}, "geometry": {"type": "Polygon", "coordinates": [[[77.59737969945118, 12.91345293425008], [77.60654636608126, 12.91345293425008], [77.60654636608126, 12.904286267620083], [77.59737969945118, 12.904286267620083], [77.59737969945118, 12.91345293425008]]]}}, {"type": "Feature", "properties": {"population": 1674}, "geometry": {"type": "Polygon", "coordinates": [[[77.60654636608126, 12.91345293425008], [77.61571303271134, 12.91345293425008], [77.61571303271134, 12.904286267620083], [77.60654636608126, 12.904286267620083], [77.60654636608126, 12.91345293425008]]]}}, {"type": "Feature", "properties": {"population": 835}, "geometry": {"type": "Polygon", "coordinates": [[[77.61571303271134, 12.91345293425008], [77.6248796993414, 12.91345293425008], [77.6248796993414, 12.904286267620083], [77.61571303271134, 12.904286267620083], [77.61571303271134, 12.91345293425008]]]}}, {"type": "Feature", "properties": {"population": 1877}, "geometry": {"type": "Polygon", "coordinates": [[[77.6248796993414, 12.91345293425008], [77.63404636597149, 12.91345293425008], [77.63404636597149, 12.904286267620083], [77.6248796993414, 12.904286267620083], [77.6248796993414, 12.91345293425008]]]}}, {"type": "Feature", "properties": {"population": 1584}, "geometry": {"type": "Polygon", "coordinates": [[[77.63404636597149, 12.91345293425008], [77.64321303260157, 12.91345293425008], [77.64321303260157, 12.904286267620083], [77.63404636597149, 12.904286267620083], [77.63404636597149, 12.91345293425008]]]}}, {"type": "Feature", "properties": {"population": 1384}, "geometry": {"type": "Polygon", "coordinates": [[[77.64321303260157, 12.91345293425008], [77.65237969923164, 12.91345293425008], [77.65237969923164, 12.904286267620083], [77.64321303260157, 12.904286267620083], [77.64321303260157, 12.91345293425008]]]}}, {"type": "Feature", "properties": {"population": 482}, "geometry": {"type": "Polygon", "coordinates": [[[77.65237969923164, 12.91345293425008], [77.66154636586172, 12.91345293425008], [77.66154636586172, 12.904286267620083], [77.65237969923164, 12.904286267620083], [77.65237969923164, 12.91345293425008]]]}}, {"type": "Feature", "properties": {"population": 339}, "geometry": {"type": "Polygon", "coordinates": [[[77.66154636586172, 12.91345293425008], [77.6707130324918, 12.91345293425008], [77.6707130324918, 12.904286267620083], [77.66154636586172, 12.904286267620083], [77.66154636586172, 12.91345293425008]]]}}, {"type": "Feature", "properties": {"population": 459}, "geometry": {"type": "Polygon", "coordinates": [[[77.6707130324918, 12.91345293425008], [77.67987969912188, 12.91345293425008], [77.67987969912188, 12.904286267620083], [77.6707130324918, 12.904286267620083], [77.6707130324918, 12.91345293425008]]]}}, {"type": "Feature", "properties": {"population": 794}, "geometry": {"type": "Polygon", "coordinates": [[[77.67987969912188, 12.91345293425008], [77.68904636575196, 12.91345293425008], [77.68904636575196, 12.904286267620083], [77.67987969912188, 12.904286267620083], [77.67987969912188, 12.91345293425008]]]}}, {"type": "Feature", "properties": {"population": 274}, "geometry": {"type": "Polygon", "coordinates": [[[77.68904636575196, 12.91345293425008], [77.69821303238204, 12.91345293425008], [77.69821303238204, 12.904286267620083], [77.68904636575196, 12.904286267620083], [77.68904636575196, 12.91345293425008]]]}}, {"type": "Feature", "properties": {"population": 306}, "geometry": {"type": "Polygon", "coordinates": [[[77.69821303238204, 12.91345293425008], [77.70737969901212, 12.91345293425008], [77.70737969901212, 12.904286267620083], [77.69821303238204, 12.904286267620083], [77.69821303238204, 12.91345293425008]]]}}, {"type": "Feature", "properties": {"population": 277}, "geometry": {"type": "Polygon", "coordinates": [[[77.70737969901212, 12.91345293425008], [77.7165463656422, 12.91345293425008], [77.7165463656422, 12.904286267620083], [77.70737969901212, 12.904286267620083], [77.70737969901212, 12.91345293425008]]]}}, {"type": "Feature", "properties": {"population": 257}, "geometry": {"type": "Polygon", "coordinates": [[[77.7165463656422, 12.91345293425008], [77.72571303227228, 12.91345293425008], [77.72571303227228, 12.904286267620083], [77.7165463656422, 12.904286267620083], [77.7165463656422, 12.91345293425008]]]}}, {"type": "Feature", "properties": {"population": 252}, "geometry": {"type": "Polygon", "coordinates": [[[77.72571303227228, 12.91345293425008], [77.73487969890235, 12.91345293425008], [77.73487969890235, 12.904286267620083], [77.72571303227228, 12.904286267620083], [77.72571303227228, 12.91345293425008]]]}}, {"type": "Feature", "properties": {"population": 438}, "geometry": {"type": "Polygon", "coordinates": [[[77.73487969890235, 12.91345293425008], [77.74404636553243, 12.91345293425008], [77.74404636553243, 12.904286267620083], [77.73487969890235, 12.904286267620083], [77.73487969890235, 12.91345293425008]]]}}, {"type": "Feature", "properties": {"population": 1576}, "geometry": {"type": "Polygon", "coordinates": [[[77.74404636553243, 12.91345293425008], [77.7532130321625, 12.91345293425008], [77.7532130321625, 12.904286267620083], [77.74404636553243, 12.904286267620083], [77.74404636553243, 12.91345293425008]]]}}, {"type": "Feature", "properties": {"population": 1267}, "geometry": {"type": "Polygon", "coordinates": [[[77.7532130321625, 12.91345293425008], [77.76237969879259, 12.91345293425008], [77.76237969879259, 12.904286267620083], [77.7532130321625, 12.904286267620083], [77.7532130321625, 12.91345293425008]]]}}, {"type": "Feature", "properties": {"population": 943}, "geometry": {"type": "Polygon", "coordinates": [[[77.76237969879259, 12.91345293425008], [77.77154636542267, 12.91345293425008], [77.77154636542267, 12.904286267620083], [77.76237969879259, 12.904286267620083], [77.76237969879259, 12.91345293425008]]]}}, {"type": "Feature", "properties": {"population": 1085}, "geometry": {"type": "Polygon", "coordinates": [[[77.77154636542267, 12.91345293425008], [77.78071303205274, 12.91345293425008], [77.78071303205274, 12.904286267620083], [77.77154636542267, 12.904286267620083], [77.77154636542267, 12.91345293425008]]]}}, {"type": "Feature", "properties": {"population": 330}, "geometry": {"type": "Polygon", "coordinates": [[[77.78071303205274, 12.91345293425008], [77.78404636537277, 12.91345293425008], [77.78404636537277, 12.904286267620083], [77.78071303205274, 12.904286267620083], [77.78071303205274, 12.91345293425008]]]}}, {"type": "Feature", "properties": {"population": 968}, "geometry": {"type": "Polygon", "coordinates": [[[77.4598797, 12.904286267620083], [77.46904636663008, 12.904286267620083], [77.46904636663008, 12.895119600990085], [77.4598797, 12.895119600990085], [77.4598797, 12.904286267620083]]]}}, {"type": "Feature", "properties": {"population": 944}, "geometry": {"type": "Polygon", "coordinates": [[[77.46904636663008, 12.904286267620083], [77.47821303326016, 12.904286267620083], [77.47821303326016, 12.895119600990085], [77.46904636663008, 12.895119600990085], [77.46904636663008, 12.904286267620083]]]}}, {"type": "Feature", "properties": {"population": 811}, "geometry": {"type": "Polygon", "coordinates": [[[77.47821303326016, 12.904286267620083], [77.48737969989024, 12.904286267620083], [77.48737969989024, 12.895119600990085], [77.47821303326016, 12.895119600990085], [77.47821303326016, 12.904286267620083]]]}}, {"type": "Feature", "properties": {"population": 741}, "geometry": {"type": "Polygon", "coordinates": [[[77.48737969989024, 12.904286267620083], [77.49654636652032, 12.904286267620083], [77.49654636652032, 12.895119600990085], [77.48737969989024, 12.895119600990085], [77.48737969989024, 12.904286267620083]]]}}, {"type": "Feature", "properties": {"population": 461}, "geometry": {"type": "Polygon", "coordinates": [[[77.49654636652032, 12.904286267620083], [77.5057130331504, 12.904286267620083], [77.5057130331504, 12.895119600990085], [77.49654636652032, 12.895119600990085], [77.49654636652032, 12.904286267620083]]]}}, {"type": "Feature", "properties": {"population": 677}, "geometry": {"type": "Polygon", "coordinates": [[[77.5057130331504, 12.904286267620083], [77.51487969978047, 12.904286267620083], [77.51487969978047, 12.895119600990085], [77.5057130331504, 12.895119600990085], [77.5057130331504, 12.904286267620083]]]}}, {"type": "Feature", "properties": {"population": 924}, "geometry": {"type": "Polygon", "coordinates": [[[77.51487969978047, 12.904286267620083], [77.52404636641054, 12.904286267620083], [77.52404636641054, 12.895119600990085], [77.51487969978047, 12.895119600990085], [77.51487969978047, 12.904286267620083]]]}}, {"type": "Feature", "properties": {"population": 604}, "geometry": {"type": "Polygon", "coordinates": [[[77.52404636641054, 12.904286267620083], [77.53321303304062, 12.904286267620083], [77.53321303304062, 12.895119600990085], [77.52404636641054, 12.895119600990085], [77.52404636641054, 12.904286267620083]]]}}, {"type": "Feature", "properties": {"population": 462}, "geometry": {"type": "Polygon", "coordinates": [[[77.53321303304062, 12.904286267620083], [77.5423796996707, 12.904286267620083], [77.5423796996707, 12.895119600990085], [77.53321303304062, 12.895119600990085], [77.53321303304062, 12.904286267620083]]]}}, {"type": "Feature", "properties": {"population": 707}, "geometry": {"type": "Polygon", "coordinates": [[[77.5423796996707, 12.904286267620083], [77.55154636630078, 12.904286267620083], [77.55154636630078, 12.895119600990085], [77.5423796996707, 12.895119600990085], [77.5423796996707, 12.904286267620083]]]}}, {"type": "Feature", "properties": {"population": 1217}, "geometry": {"type": "Polygon", "coordinates": [[[77.55154636630078, 12.904286267620083], [77.56071303293086, 12.904286267620083], [77.56071303293086, 12.895119600990085], [77.55154636630078, 12.895119600990085], [77.55154636630078, 12.904286267620083]]]}}, {"type": "Feature", "properties": {"population": 1611}, "geometry": {"type": "Polygon", "coordinates": [[[77.56071303293086, 12.904286267620083], [77.56987969956094, 12.904286267620083], [77.56987969956094, 12.895119600990085], [77.56071303293086, 12.895119600990085], [77.56071303293086, 12.904286267620083]]]}}, {"type": "Feature", "properties": {"population": 1806}, "geometry": {"type": "Polygon", "coordinates": [[[77.56987969956094, 12.904286267620083], [77.57904636619102, 12.904286267620083], [77.57904636619102, 12.895119600990085], [77.56987969956094, 12.895119600990085], [77.56987969956094, 12.904286267620083]]]}}, {"type": "Feature", "properties": {"population": 1448}, "geometry": {"type": "Polygon", "coordinates": [[[77.57904636619102, 12.904286267620083], [77.5882130328211, 12.904286267620083], [77.5882130328211, 12.895119600990085], [77.57904636619102, 12.895119600990085], [77.57904636619102, 12.904286267620083]]]}}, {"type": "Feature", "properties": {"population": 1392}, "geometry": {"type": "Polygon", "coordinates": [[[77.5882130328211, 12.904286267620083], [77.59737969945118, 12.904286267620083], [77.59737969945118, 12.895119600990085], [77.5882130328211, 12.895119600990085], [77.5882130328211, 12.904286267620083]]]}}, {"type": "Feature", "properties": {"population": 1664}, "geometry": {"type": "Polygon", "coordinates": [[[77.59737969945118, 12.904286267620083], [77.60654636608126, 12.904286267620083], [77.60654636608126, 12.895119600990085], [77.59737969945118, 12.895119600990085], [77.59737969945118, 12.904286267620083]]]}}, {"type": "Feature", "properties": {"population": 987}, "geometry": {"type": "Polygon", "coordinates": [[[77.60654636608126, 12.904286267620083], [77.61571303271134, 12.904286267620083], [77.61571303271134, 12.895119600990085], [77.60654636608126, 12.895119600990085], [77.60654636608126, 12.904286267620083]]]}}, {"type": "Feature", "properties": {"population": 1399}, "geometry": {"type": "Polygon", "coordinates": [[[77.61571303271134, 12.904286267620083], [77.6248796993414, 12.904286267620083], [77.6248796993414, 12.895119600990085], [77.61571303271134, 12.895119600990085], [77.61571303271134, 12.904286267620083]]]}}, {"type": "Feature", "properties": {"population": 1777}, "geometry": {"type": "Polygon", "coordinates": [[[77.6248796993414, 12.904286267620083], [77.63404636597149, 12.904286267620083], [77.63404636597149, 12.895119600990085], [77.6248796993414, 12.895119600990085], [77.6248796993414, 12.904286267620083]]]}}, {"type": "Feature", "properties": {"population": 1131}, "geometry": {"type": "Polygon", "coordinates": [[[77.63404636597149, 12.904286267620083], [77.64321303260157, 12.904286267620083], [77.64321303260157, 12.895119600990085], [77.63404636597149, 12.895119600990085], [77.63404636597149, 12.904286267620083]]]}}, {"type": "Feature", "properties": {"population": 870}, "geometry": {"type": "Polygon", "coordinates": [[[77.64321303260157, 12.904286267620083], [77.65237969923164, 12.904286267620083], [77.65237969923164, 12.895119600990085], [77.64321303260157, 12.895119600990085], [77.64321303260157, 12.904286267620083]]]}}, {"type": "Feature", "properties": {"population": 781}, "geometry": {"type": "Polygon", "coordinates": [[[77.65237969923164, 12.904286267620083], [77.66154636586172, 12.904286267620083], [77.66154636586172, 12.895119600990085], [77.65237969923164, 12.895119600990085], [77.65237969923164, 12.904286267620083]]]}}, {"type": "Feature", "properties": {"population": 583}, "geometry": {"type": "Polygon", "coordinates": [[[77.66154636586172, 12.904286267620083], [77.6707130324918, 12.904286267620083], [77.6707130324918, 12.895119600990085], [77.66154636586172, 12.895119600990085], [77.66154636586172, 12.904286267620083]]]}}, {"type": "Feature", "properties": {"population": 459}, "geometry": {"type": "Polygon", "coordinates": [[[77.6707130324918, 12.904286267620083], [77.67987969912188, 12.904286267620083], [77.67987969912188, 12.895119600990085], [77.6707130324918, 12.895119600990085], [77.6707130324918, 12.904286267620083]]]}}, {"type": "Feature", "properties": {"population": 272}, "geometry": {"type": "Polygon", "coordinates": [[[77.67987969912188, 12.904286267620083], [77.68904636575196, 12.904286267620083], [77.68904636575196, 12.895119600990085], [77.67987969912188, 12.895119600990085], [77.67987969912188, 12.904286267620083]]]}}, {"type": "Feature", "properties": {"population": 197}, "geometry": {"type": "Polygon", "coordinates": [[[77.68904636575196, 12.904286267620083], [77.69821303238204, 12.904286267620083], [77.69821303238204, 12.895119600990085], [77.68904636575196, 12.895119600990085], [77.68904636575196, 12.904286267620083]]]}}, {"type": "Feature", "properties": {"population": 273}, "geometry": {"type": "Polygon", "coordinates": [[[77.69821303238204, 12.904286267620083], [77.70737969901212, 12.904286267620083], [77.70737969901212, 12.895119600990085], [77.69821303238204, 12.895119600990085], [77.69821303238204, 12.904286267620083]]]}}, {"type": "Feature", "properties": {"population": 340}, "geometry": {"type": "Polygon", "coordinates": [[[77.70737969901212, 12.904286267620083], [77.7165463656422, 12.904286267620083], [77.7165463656422, 12.895119600990085], [77.70737969901212, 12.895119600990085], [77.70737969901212, 12.904286267620083]]]}}, {"type": "Feature", "properties": {"population": 273}, "geometry": {"type": "Polygon", "coordinates": [[[77.7165463656422, 12.904286267620083], [77.72571303227228, 12.904286267620083], [77.72571303227228, 12.895119600990085], [77.7165463656422, 12.895119600990085], [77.7165463656422, 12.904286267620083]]]}}, {"type": "Feature", "properties": {"population": 200}, "geometry": {"type": "Polygon", "coordinates": [[[77.72571303227228, 12.904286267620083], [77.73487969890235, 12.904286267620083], [77.73487969890235, 12.895119600990085], [77.72571303227228, 12.895119600990085], [77.72571303227228, 12.904286267620083]]]}}, {"type": "Feature", "properties": {"population": 760}, "geometry": {"type": "Polygon", "coordinates": [[[77.73487969890235, 12.904286267620083], [77.74404636553243, 12.904286267620083], [77.74404636553243, 12.895119600990085], [77.73487969890235, 12.895119600990085], [77.73487969890235, 12.904286267620083]]]}}, {"type": "Feature", "properties": {"population": 1726}, "geometry": {"type": "Polygon", "coordinates": [[[77.74404636553243, 12.904286267620083], [77.7532130321625, 12.904286267620083], [77.7532130321625, 12.895119600990085], [77.74404636553243, 12.895119600990085], [77.74404636553243, 12.904286267620083]]]}}, {"type": "Feature", "properties": {"population": 1133}, "geometry": {"type": "Polygon", "coordinates": [[[77.7532130321625, 12.904286267620083], [77.76237969879259, 12.904286267620083], [77.76237969879259, 12.895119600990085], [77.7532130321625, 12.895119600990085], [77.7532130321625, 12.904286267620083]]]}}, {"type": "Feature", "properties": {"population": 734}, "geometry": {"type": "Polygon", "coordinates": [[[77.76237969879259, 12.904286267620083], [77.77154636542267, 12.904286267620083], [77.77154636542267, 12.895119600990085], [77.76237969879259, 12.895119600990085], [77.76237969879259, 12.904286267620083]]]}}, {"type": "Feature", "properties": {"population": 607}, "geometry": {"type": "Polygon", "coordinates": [[[77.77154636542267, 12.904286267620083], [77.78071303205274, 12.904286267620083], [77.78071303205274, 12.895119600990085], [77.77154636542267, 12.895119600990085], [77.77154636542267, 12.904286267620083]]]}}, {"type": "Feature", "properties": {"population": 217}, "geometry": {"type": "Polygon", "coordinates": [[[77.78071303205274, 12.904286267620083], [77.78404636537277, 12.904286267620083], [77.78404636537277, 12.895119600990085], [77.78071303205274, 12.895119600990085], [77.78071303205274, 12.904286267620083]]]}}, {"type": "Feature", "properties": {"population": 726}, "geometry": {"type": "Polygon", "coordinates": [[[77.4598797, 12.895119600990085], [77.46904636663008, 12.895119600990085], [77.46904636663008, 12.88595293436009], [77.4598797, 12.88595293436009], [77.4598797, 12.895119600990085]]]}}, {"type": "Feature", "properties": {"population": 495}, "geometry": {"type": "Polygon", "coordinates": [[[77.46904636663008, 12.895119600990085], [77.47821303326016, 12.895119600990085], [77.47821303326016, 12.88595293436009], [77.46904636663008, 12.88595293436009], [77.46904636663008, 12.895119600990085]]]}}, {"type": "Feature", "properties": {"population": 420}, "geometry": {"type": "Polygon", "coordinates": [[[77.47821303326016, 12.895119600990085], [77.48737969989024, 12.895119600990085], [77.48737969989024, 12.88595293436009], [77.47821303326016, 12.88595293436009], [77.47821303326016, 12.895119600990085]]]}}, {"type": "Feature", "properties": {"population": 465}, "geometry": {"type": "Polygon", "coordinates": [[[77.48737969989024, 12.895119600990085], [77.49654636652032, 12.895119600990085], [77.49654636652032, 12.88595293436009], [77.48737969989024, 12.88595293436009], [77.48737969989024, 12.895119600990085]]]}}, {"type": "Feature", "properties": {"population": 397}, "geometry": {"type": "Polygon", "coordinates": [[[77.49654636652032, 12.895119600990085], [77.5057130331504, 12.895119600990085], [77.5057130331504, 12.88595293436009], [77.49654636652032, 12.88595293436009], [77.49654636652032, 12.895119600990085]]]}}, {"type": "Feature", "properties": {"population": 426}, "geometry": {"type": "Polygon", "coordinates": [[[77.5057130331504, 12.895119600990085], [77.51487969978047, 12.895119600990085], [77.51487969978047, 12.88595293436009], [77.5057130331504, 12.88595293436009], [77.5057130331504, 12.895119600990085]]]}}, {"type": "Feature", "properties": {"population": 467}, "geometry": {"type": "Polygon", "coordinates": [[[77.51487969978047, 12.895119600990085], [77.52404636641054, 12.895119600990085], [77.52404636641054, 12.88595293436009], [77.51487969978047, 12.88595293436009], [77.51487969978047, 12.895119600990085]]]}}, {"type": "Feature", "properties": {"population": 462}, "geometry": {"type": "Polygon", "coordinates": [[[77.52404636641054, 12.895119600990085], [77.53321303304062, 12.895119600990085], [77.53321303304062, 12.88595293436009], [77.52404636641054, 12.88595293436009], [77.52404636641054, 12.895119600990085]]]}}, {"type": "Feature", "properties": {"population": 388}, "geometry": {"type": "Polygon", "coordinates": [[[77.53321303304062, 12.895119600990085], [77.5423796996707, 12.895119600990085], [77.5423796996707, 12.88595293436009], [77.53321303304062, 12.88595293436009], [77.53321303304062, 12.895119600990085]]]}}, {"type": "Feature", "properties": {"population": 466}, "geometry": {"type": "Polygon", "coordinates": [[[77.5423796996707, 12.895119600990085], [77.55154636630078, 12.895119600990085], [77.55154636630078, 12.88595293436009], [77.5423796996707, 12.88595293436009], [77.5423796996707, 12.895119600990085]]]}}, {"type": "Feature", "properties": {"population": 1026}, "geometry": {"type": "Polygon", "coordinates": [[[77.55154636630078, 12.895119600990085], [77.56071303293086, 12.895119600990085], [77.56071303293086, 12.88595293436009], [77.55154636630078, 12.88595293436009], [77.55154636630078, 12.895119600990085]]]}}, {"type": "Feature", "properties": {"population": 1445}, "geometry": {"type": "Polygon", "coordinates": [[[77.56071303293086, 12.895119600990085], [77.56987969956094, 12.895119600990085], [77.56987969956094, 12.88595293436009], [77.56071303293086, 12.88595293436009], [77.56071303293086, 12.895119600990085]]]}}, {"type": "Feature", "properties": {"population": 1760}, "geometry": {"type": "Polygon", "coordinates": [[[77.56987969956094, 12.895119600990085], [77.57904636619102, 12.895119600990085], [77.57904636619102, 12.88595293436009], [77.56987969956094, 12.88595293436009], [77.56987969956094, 12.895119600990085]]]}}, {"type": "Feature", "properties": {"population": 1392}, "geometry": {"type": "Polygon", "coordinates": [[[77.57904636619102, 12.895119600990085], [77.5882130328211, 12.895119600990085], [77.5882130328211, 12.88595293436009], [77.57904636619102, 12.88595293436009], [77.57904636619102, 12.895119600990085]]]}}, {"type": "Feature", "properties": {"population": 1184}, "geometry": {"type": "Polygon", "coordinates": [[[77.5882130328211, 12.895119600990085], [77.59737969945118, 12.895119600990085], [77.59737969945118, 12.88595293436009], [77.5882130328211, 12.88595293436009], [77.5882130328211, 12.895119600990085]]]}}, {"type": "Feature", "properties": {"population": 1671}, "geometry": {"type": "Polygon", "coordinates": [[[77.59737969945118, 12.895119600990085], [77.60654636608126, 12.895119600990085], [77.60654636608126, 12.88595293436009], [77.59737969945118, 12.88595293436009], [77.59737969945118, 12.895119600990085]]]}}, {"type": "Feature", "properties": {"population": 1577}, "geometry": {"type": "Polygon", "coordinates": [[[77.60654636608126, 12.895119600990085], [77.61571303271134, 12.895119600990085], [77.61571303271134, 12.88595293436009], [77.60654636608126, 12.88595293436009], [77.60654636608126, 12.895119600990085]]]}}, {"type": "Feature", "properties": {"population": 1707}, "geometry": {"type": "Polygon", "coordinates": [[[77.61571303271134, 12.895119600990085], [77.6248796993414, 12.895119600990085], [77.6248796993414, 12.88595293436009], [77.61571303271134, 12.88595293436009], [77.61571303271134, 12.895119600990085]]]}}, {"type": "Feature", "properties": {"population": 1455}, "geometry": {"type": "Polygon", "coordinates": [[[77.6248796993414, 12.895119600990085], [77.63404636597149, 12.895119600990085], [77.63404636597149, 12.88595293436009], [77.6248796993414, 12.88595293436009], [77.6248796993414, 12.895119600990085]]]}}, {"type": "Feature", "properties": {"population": 3260}, "geometry": {"type": "Polygon", "coordinates": [[[77.63404636597149, 12.895119600990085], [77.64321303260157, 12.895119600990085], [77.64321303260157, 12.88595293436009], [77.63404636597149, 12.88595293436009], [77.63404636597149, 12.895119600990085]]]}}, {"type": "Feature", "properties": {"population": 5308}, "geometry": {"type": "Polygon", "coordinates": [[[77.64321303260157, 12.895119600990085], [77.65237969923164, 12.895119600990085], [77.65237969923164, 12.88595293436009], [77.64321303260157, 12.88595293436009], [77.64321303260157, 12.895119600990085]]]}}, {"type": "Feature", "properties": {"population": 4072}, "geometry": {"type": "Polygon", "coordinates": [[[77.65237969923164, 12.895119600990085], [77.66154636586172, 12.895119600990085], [77.66154636586172, 12.88595293436009], [77.65237969923164, 12.88595293436009], [77.65237969923164, 12.895119600990085]]]}}, {"type": "Feature", "properties": {"population": 1413}, "geometry": {"type": "Polygon", "coordinates": [[[77.66154636586172, 12.895119600990085], [77.6707130324918, 12.895119600990085], [77.6707130324918, 12.88595293436009], [77.66154636586172, 12.88595293436009], [77.66154636586172, 12.895119600990085]]]}}, {"type": "Feature", "properties": {"population": 1400}, "geometry": {"type": "Polygon", "coordinates": [[[77.6707130324918, 12.895119600990085], [77.67987969912188, 12.895119600990085], [77.67987969912188, 12.88595293436009], [77.6707130324918, 12.88595293436009], [77.6707130324918, 12.895119600990085]]]}}, {"type": "Feature", "properties": {"population": 376}, "geometry": {"type": "Polygon", "coordinates": [[[77.67987969912188, 12.895119600990085], [77.68904636575196, 12.895119600990085], [77.68904636575196, 12.88595293436009], [77.67987969912188, 12.88595293436009], [77.67987969912188, 12.895119600990085]]]}}, {"type": "Feature", "properties": {"population": 245}, "geometry": {"type": "Polygon", "coordinates": [[[77.68904636575196, 12.895119600990085], [77.69821303238204, 12.895119600990085], [77.69821303238204, 12.88595293436009], [77.68904636575196, 12.88595293436009], [77.68904636575196, 12.895119600990085]]]}}, {"type": "Feature", "properties": {"population": 262}, "geometry": {"type": "Polygon", "coordinates": [[[77.69821303238204, 12.895119600990085], [77.70737969901212, 12.895119600990085], [77.70737969901212, 12.88595293436009], [77.69821303238204, 12.88595293436009], [77.69821303238204, 12.895119600990085]]]}}, {"type": "Feature", "properties": {"population": 317}, "geometry": {"type": "Polygon", "coordinates": [[[77.70737969901212, 12.895119600990085], [77.7165463656422, 12.895119600990085], [77.7165463656422, 12.88595293436009], [77.70737969901212, 12.88595293436009], [77.70737969901212, 12.895119600990085]]]}}, {"type": "Feature", "properties": {"population": 255}, "geometry": {"type": "Polygon", "coordinates": [[[77.7165463656422, 12.895119600990085], [77.72571303227228, 12.895119600990085], [77.72571303227228, 12.88595293436009], [77.7165463656422, 12.88595293436009], [77.7165463656422, 12.895119600990085]]]}}, {"type": "Feature", "properties": {"population": 234}, "geometry": {"type": "Polygon", "coordinates": [[[77.72571303227228, 12.895119600990085], [77.73487969890235, 12.895119600990085], [77.73487969890235, 12.88595293436009], [77.72571303227228, 12.88595293436009], [77.72571303227228, 12.895119600990085]]]}}, {"type": "Feature", "properties": {"population": 1200}, "geometry": {"type": "Polygon", "coordinates": [[[77.73487969890235, 12.895119600990085], [77.74404636553243, 12.895119600990085], [77.74404636553243, 12.88595293436009], [77.73487969890235, 12.88595293436009], [77.73487969890235, 12.895119600990085]]]}}, {"type": "Feature", "properties": {"population": 1781}, "geometry": {"type": "Polygon", "coordinates": [[[77.74404636553243, 12.895119600990085], [77.7532130321625, 12.895119600990085], [77.7532130321625, 12.88595293436009], [77.74404636553243, 12.88595293436009], [77.74404636553243, 12.895119600990085]]]}}, {"type": "Feature", "properties": {"population": 1426}, "geometry": {"type": "Polygon", "coordinates": [[[77.7532130321625, 12.895119600990085], [77.76237969879259, 12.895119600990085], [77.76237969879259, 12.88595293436009], [77.7532130321625, 12.88595293436009], [77.7532130321625, 12.895119600990085]]]}}, {"type": "Feature", "properties": {"population": 979}, "geometry": {"type": "Polygon", "coordinates": [[[77.76237969879259, 12.895119600990085], [77.77154636542267, 12.895119600990085], [77.77154636542267, 12.88595293436009], [77.76237969879259, 12.88595293436009], [77.76237969879259, 12.895119600990085]]]}}, {"type": "Feature", "properties": {"population": 786}, "geometry": {"type": "Polygon", "coordinates": [[[77.77154636542267, 12.895119600990085], [77.78071303205274, 12.895119600990085], [77.78071303205274, 12.88595293436009], [77.77154636542267, 12.88595293436009], [77.77154636542267, 12.895119600990085]]]}}, {"type": "Feature", "properties": {"population": 255}, "geometry": {"type": "Polygon", "coordinates": [[[77.78071303205274, 12.895119600990085], [77.78404636537277, 12.895119600990085], [77.78404636537277, 12.88595293436009], [77.78071303205274, 12.88595293436009], [77.78071303205274, 12.895119600990085]]]}}, {"type": "Feature", "properties": {"population": 432}, "geometry": {"type": "Polygon", "coordinates": [[[77.4598797, 12.88595293436009], [77.46904636663008, 12.88595293436009], [77.46904636663008, 12.876786267730091], [77.4598797, 12.876786267730091], [77.4598797, 12.88595293436009]]]}}, {"type": "Feature", "properties": {"population": 448}, "geometry": {"type": "Polygon", "coordinates": [[[77.46904636663008, 12.88595293436009], [77.47821303326016, 12.88595293436009], [77.47821303326016, 12.876786267730091], [77.46904636663008, 12.876786267730091], [77.46904636663008, 12.88595293436009]]]}}, {"type": "Feature", "properties": {"population": 428}, "geometry": {"type": "Polygon", "coordinates": [[[77.47821303326016, 12.88595293436009], [77.48737969989024, 12.88595293436009], [77.48737969989024, 12.876786267730091], [77.47821303326016, 12.876786267730091], [77.47821303326016, 12.88595293436009]]]}}, {"type": "Feature", "properties": {"population": 402}, "geometry": {"type": "Polygon", "coordinates": [[[77.48737969989024, 12.88595293436009], [77.49654636652032, 12.88595293436009], [77.49654636652032, 12.876786267730091], [77.48737969989024, 12.876786267730091], [77.48737969989024, 12.88595293436009]]]}}, {"type": "Feature", "properties": {"population": 353}, "geometry": {"type": "Polygon", "coordinates": [[[77.49654636652032, 12.88595293436009], [77.5057130331504, 12.88595293436009], [77.5057130331504, 12.876786267730091], [77.49654636652032, 12.876786267730091], [77.49654636652032, 12.88595293436009]]]}}, {"type": "Feature", "properties": {"population": 393}, "geometry": {"type": "Polygon", "coordinates": [[[77.5057130331504, 12.88595293436009], [77.51487969978047, 12.88595293436009], [77.51487969978047, 12.876786267730091], [77.5057130331504, 12.876786267730091], [77.5057130331504, 12.88595293436009]]]}}, {"type": "Feature", "properties": {"population": 404}, "geometry": {"type": "Polygon", "coordinates": [[[77.51487969978047, 12.88595293436009], [77.52404636641054, 12.88595293436009], [77.52404636641054, 12.876786267730091], [77.51487969978047, 12.876786267730091], [77.51487969978047, 12.88595293436009]]]}}, {"type": "Feature", "properties": {"population": 393}, "geometry": {"type": "Polygon", "coordinates": [[[77.52404636641054, 12.88595293436009], [77.53321303304062, 12.88595293436009], [77.53321303304062, 12.876786267730091], [77.52404636641054, 12.876786267730091], [77.52404636641054, 12.88595293436009]]]}}, {"type": "Feature", "properties": {"population": 384}, "geometry": {"type": "Polygon", "coordinates": [[[77.53321303304062, 12.88595293436009], [77.5423796996707, 12.88595293436009], [77.5423796996707, 12.876786267730091], [77.53321303304062, 12.876786267730091], [77.53321303304062, 12.88595293436009]]]}}, {"type": "Feature", "properties": {"population": 535}, "geometry": {"type": "Polygon", "coordinates": [[[77.5423796996707, 12.88595293436009], [77.55154636630078, 12.88595293436009], [77.55154636630078, 12.876786267730091], [77.5423796996707, 12.876786267730091], [77.5423796996707, 12.88595293436009]]]}}, {"type": "Feature", "properties": {"population": 726}, "geometry": {"type": "Polygon", "coordinates": [[[77.55154636630078, 12.88595293436009], [77.56071303293086, 12.88595293436009], [77.56071303293086, 12.876786267730091], [77.55154636630078, 12.876786267730091], [77.55154636630078, 12.88595293436009]]]}}, {"type": "Feature", "properties": {"population": 907}, "geometry": {"type": "Polygon", "coordinates": [[[77.56071303293086, 12.88595293436009], [77.56987969956094, 12.88595293436009], [77.56987969956094, 12.876786267730091], [77.56071303293086, 12.876786267730091], [77.56071303293086, 12.88595293436009]]]}}, {"type": "Feature", "properties": {"population": 1203}, "geometry": {"type": "Polygon", "coordinates": [[[77.56987969956094, 12.88595293436009], [77.57904636619102, 12.88595293436009], [77.57904636619102, 12.876786267730091], [77.56987969956094, 12.876786267730091], [77.56987969956094, 12.88595293436009]]]}}, {"type": "Feature", "properties": {"population": 1377}, "geometry": {"type": "Polygon", "coordinates": [[[77.57904636619102, 12.88595293436009], [77.5882130328211, 12.88595293436009], [77.5882130328211, 12.876786267730091], [77.57904636619102, 12.876786267730091], [77.57904636619102, 12.88595293436009]]]}}, {"type": "Feature", "properties": {"population": 1254}, "geometry": {"type": "Polygon", "coordinates": [[[77.5882130328211, 12.88595293436009], [77.59737969945118, 12.88595293436009], [77.59737969945118, 12.876786267730091], [77.5882130328211, 12.876786267730091], [77.5882130328211, 12.88595293436009]]]}}, {"type": "Feature", "properties": {"population": 1862}, "geometry": {"type": "Polygon", "coordinates": [[[77.59737969945118, 12.88595293436009], [77.60654636608126, 12.88595293436009], [77.60654636608126, 12.876786267730091], [77.59737969945118, 12.876786267730091], [77.59737969945118, 12.88595293436009]]]}}, {"type": "Feature", "properties": {"population": 1420}, "geometry": {"type": "Polygon", "coordinates": [[[77.60654636608126, 12.88595293436009], [77.61571303271134, 12.88595293436009], [77.61571303271134, 12.876786267730091], [77.60654636608126, 12.876786267730091], [77.60654636608126, 12.88595293436009]]]}}, {"type": "Feature", "properties": {"population": 1208}, "geometry": {"type": "Polygon", "coordinates": [[[77.61571303271134, 12.88595293436009], [77.6248796993414, 12.88595293436009], [77.6248796993414, 12.876786267730091], [77.61571303271134, 12.876786267730091], [77.61571303271134, 12.88595293436009]]]}}, {"type": "Feature", "properties": {"population": 704}, "geometry": {"type": "Polygon", "coordinates": [[[77.6248796993414, 12.88595293436009], [77.63404636597149, 12.88595293436009], [77.63404636597149, 12.876786267730091], [77.6248796993414, 12.876786267730091], [77.6248796993414, 12.88595293436009]]]}}, {"type": "Feature", "properties": {"population": 1209}, "geometry": {"type": "Polygon", "coordinates": [[[77.63404636597149, 12.88595293436009], [77.64321303260157, 12.88595293436009], [77.64321303260157, 12.876786267730091], [77.63404636597149, 12.876786267730091], [77.63404636597149, 12.88595293436009]]]}}, {"type": "Feature", "properties": {"population": 2512}, "geometry": {"type": "Polygon", "coordinates": [[[77.64321303260157, 12.88595293436009], [77.65237969923164, 12.88595293436009], [77.65237969923164, 12.876786267730091], [77.64321303260157, 12.876786267730091], [77.64321303260157, 12.88595293436009]]]}}, {"type": "Feature", "properties": {"population": 1684}, "geometry": {"type": "Polygon", "coordinates": [[[77.65237969923164, 12.88595293436009], [77.66154636586172, 12.88595293436009], [77.66154636586172, 12.876786267730091], [77.65237969923164, 12.876786267730091], [77.65237969923164, 12.88595293436009]]]}}, {"type": "Feature", "properties": {"population": 1112}, "geometry": {"type": "Polygon", "coordinates": [[[77.66154636586172, 12.88595293436009], [77.6707130324918, 12.88595293436009], [77.6707130324918, 12.876786267730091], [77.66154636586172, 12.876786267730091], [77.66154636586172, 12.88595293436009]]]}}, {"type": "Feature", "properties": {"population": 2525}, "geometry": {"type": "Polygon", "coordinates": [[[77.6707130324918, 12.88595293436009], [77.67987969912188, 12.88595293436009], [77.67987969912188, 12.876786267730091], [77.6707130324918, 12.876786267730091], [77.6707130324918, 12.88595293436009]]]}}, {"type": "Feature", "properties": {"population": 1557}, "geometry": {"type": "Polygon", "coordinates": [[[77.67987969912188, 12.88595293436009], [77.68904636575196, 12.88595293436009], [77.68904636575196, 12.876786267730091], [77.67987969912188, 12.876786267730091], [77.67987969912188, 12.88595293436009]]]}}, {"type": "Feature", "properties": {"population": 280}, "geometry": {"type": "Polygon", "coordinates": [[[77.68904636575196, 12.88595293436009], [77.69821303238204, 12.88595293436009], [77.69821303238204, 12.876786267730091], [77.68904636575196, 12.876786267730091], [77.68904636575196, 12.88595293436009]]]}}, {"type": "Feature", "properties": {"population": 172}, "geometry": {"type": "Polygon", "coordinates": [[[77.69821303238204, 12.88595293436009], [77.70737969901212, 12.88595293436009], [77.70737969901212, 12.876786267730091], [77.69821303238204, 12.876786267730091], [77.69821303238204, 12.88595293436009]]]}}, {"type": "Feature", "properties": {"population": 173}, "geometry": {"type": "Polygon", "coordinates": [[[77.70737969901212, 12.88595293436009], [77.7165463656422, 12.88595293436009], [77.7165463656422, 12.876786267730091], [77.70737969901212, 12.876786267730091], [77.70737969901212, 12.88595293436009]]]}}, {"type": "Feature", "properties": {"population": 181}, "geometry": {"type": "Polygon", "coordinates": [[[77.7165463656422, 12.88595293436009], [77.72571303227228, 12.88595293436009], [77.72571303227228, 12.876786267730091], [77.7165463656422, 12.876786267730091], [77.7165463656422, 12.88595293436009]]]}}, {"type": "Feature", "properties": {"population": 185}, "geometry": {"type": "Polygon", "coordinates": [[[77.72571303227228, 12.88595293436009], [77.73487969890235, 12.88595293436009], [77.73487969890235, 12.876786267730091], [77.72571303227228, 12.876786267730091], [77.72571303227228, 12.88595293436009]]]}}, {"type": "Feature", "properties": {"population": 1583}, "geometry": {"type": "Polygon", "coordinates": [[[77.73487969890235, 12.88595293436009], [77.74404636553243, 12.88595293436009], [77.74404636553243, 12.876786267730091], [77.73487969890235, 12.876786267730091], [77.73487969890235, 12.88595293436009]]]}}, {"type": "Feature", "properties": {"population": 2067}, "geometry": {"type": "Polygon", "coordinates": [[[77.74404636553243, 12.88595293436009], [77.7532130321625, 12.88595293436009], [77.7532130321625, 12.876786267730091], [77.74404636553243, 12.876786267730091], [77.74404636553243, 12.88595293436009]]]}}, {"type": "Feature", "properties": {"population": 1957}, "geometry": {"type": "Polygon", "coordinates": [[[77.7532130321625, 12.88595293436009], [77.76237969879259, 12.88595293436009], [77.76237969879259, 12.876786267730091], [77.7532130321625, 12.876786267730091], [77.7532130321625, 12.88595293436009]]]}}, {"type": "Feature", "properties": {"population": 1637}, "geometry": {"type": "Polygon", "coordinates": [[[77.76237969879259, 12.88595293436009], [77.77154636542267, 12.88595293436009], [77.77154636542267, 12.876786267730091], [77.76237969879259, 12.876786267730091], [77.76237969879259, 12.88595293436009]]]}}, {"type": "Feature", "properties": {"population": 1345}, "geometry": {"type": "Polygon", "coordinates": [[[77.77154636542267, 12.88595293436009], [77.78071303205274, 12.88595293436009], [77.78071303205274, 12.876786267730091], [77.77154636542267, 12.876786267730091], [77.77154636542267, 12.88595293436009]]]}}, {"type": "Feature", "properties": {"population": 385}, "geometry": {"type": "Polygon", "coordinates": [[[77.78071303205274, 12.88595293436009], [77.78404636537277, 12.88595293436009], [77.78404636537277, 12.876786267730091], [77.78071303205274, 12.876786267730091], [77.78071303205274, 12.88595293436009]]]}}, {"type": "Feature", "properties": {"population": 269}, "geometry": {"type": "Polygon", "coordinates": [[[77.4598797, 12.876786267730091], [77.46904636663008, 12.876786267730091], [77.46904636663008, 12.867619601100095], [77.4598797, 12.867619601100095], [77.4598797, 12.876786267730091]]]}}, {"type": "Feature", "properties": {"population": 254}, "geometry": {"type": "Polygon", "coordinates": [[[77.46904636663008, 12.876786267730091], [77.47821303326016, 12.876786267730091], [77.47821303326016, 12.867619601100095], [77.46904636663008, 12.867619601100095], [77.46904636663008, 12.876786267730091]]]}}, {"type": "Feature", "properties": {"population": 340}, "geometry": {"type": "Polygon", "coordinates": [[[77.47821303326016, 12.876786267730091], [77.48737969989024, 12.876786267730091], [77.48737969989024, 12.867619601100095], [77.47821303326016, 12.867619601100095], [77.47821303326016, 12.876786267730091]]]}}, {"type": "Feature", "properties": {"population": 291}, "geometry": {"type": "Polygon", "coordinates": [[[77.48737969989024, 12.876786267730091], [77.49654636652032, 12.876786267730091], [77.49654636652032, 12.867619601100095], [77.48737969989024, 12.867619601100095], [77.48737969989024, 12.876786267730091]]]}}, {"type": "Feature", "properties": {"population": 270}, "geometry": {"type": "Polygon", "coordinates": [[[77.49654636652032, 12.876786267730091], [77.5057130331504, 12.876786267730091], [77.5057130331504, 12.867619601100095], [77.49654636652032, 12.867619601100095], [77.49654636652032, 12.876786267730091]]]}}, {"type": "Feature", "properties": {"population": 326}, "geometry": {"type": "Polygon", "coordinates": [[[77.5057130331504, 12.876786267730091], [77.51487969978047, 12.876786267730091], [77.51487969978047, 12.867619601100095], [77.5057130331504, 12.867619601100095], [77.5057130331504, 12.876786267730091]]]}}, {"type": "Feature", "properties": {"population": 378}, "geometry": {"type": "Polygon", "coordinates": [[[77.51487969978047, 12.876786267730091], [77.52404636641054, 12.876786267730091], [77.52404636641054, 12.867619601100095], [77.51487969978047, 12.867619601100095], [77.51487969978047, 12.876786267730091]]]}}, {"type": "Feature", "properties": {"population": 368}, "geometry": {"type": "Polygon", "coordinates": [[[77.52404636641054, 12.876786267730091], [77.53321303304062, 12.876786267730091], [77.53321303304062, 12.867619601100095], [77.52404636641054, 12.867619601100095], [77.52404636641054, 12.876786267730091]]]}}, {"type": "Feature", "properties": {"population": 651}, "geometry": {"type": "Polygon", "coordinates": [[[77.53321303304062, 12.876786267730091], [77.5423796996707, 12.876786267730091], [77.5423796996707, 12.867619601100095], [77.53321303304062, 12.867619601100095], [77.53321303304062, 12.876786267730091]]]}}, {"type": "Feature", "properties": {"population": 394}, "geometry": {"type": "Polygon", "coordinates": [[[77.5423796996707, 12.876786267730091], [77.55154636630078, 12.876786267730091], [77.55154636630078, 12.867619601100095], [77.5423796996707, 12.867619601100095], [77.5423796996707, 12.876786267730091]]]}}, {"type": "Feature", "properties": {"population": 373}, "geometry": {"type": "Polygon", "coordinates": [[[77.55154636630078, 12.876786267730091], [77.56071303293086, 12.876786267730091], [77.56071303293086, 12.867619601100095], [77.55154636630078, 12.867619601100095], [77.55154636630078, 12.876786267730091]]]}}, {"type": "Feature", "properties": {"population": 616}, "geometry": {"type": "Polygon", "coordinates": [[[77.56071303293086, 12.876786267730091], [77.56987969956094, 12.876786267730091], [77.56987969956094, 12.867619601100095], [77.56071303293086, 12.867619601100095], [77.56071303293086, 12.876786267730091]]]}}, {"type": "Feature", "properties": {"population": 546}, "geometry": {"type": "Polygon", "coordinates": [[[77.56987969956094, 12.876786267730091], [77.57904636619102, 12.876786267730091], [77.57904636619102, 12.867619601100095], [77.56987969956094, 12.867619601100095], [77.56987969956094, 12.876786267730091]]]}}, {"type": "Feature", "properties": {"population": 687}, "geometry": {"type": "Polygon", "coordinates": [[[77.57904636619102, 12.876786267730091], [77.5882130328211, 12.876786267730091], [77.5882130328211, 12.867619601100095], [77.57904636619102, 12.867619601100095], [77.57904636619102, 12.876786267730091]]]}}, {"type": "Feature", "properties": {"population": 1123}, "geometry": {"type": "Polygon", "coordinates": [[[77.5882130328211, 12.876786267730091], [77.59737969945118, 12.876786267730091], [77.59737969945118, 12.867619601100095], [77.5882130328211, 12.867619601100095], [77.5882130328211, 12.876786267730091]]]}}, {"type": "Feature", "properties": {"population": 637}, "geometry": {"type": "Polygon", "coordinates": [[[77.59737969945118, 12.876786267730091], [77.60654636608126, 12.876786267730091], [77.60654636608126, 12.867619601100095], [77.59737969945118, 12.867619601100095], [77.59737969945118, 12.876786267730091]]]}}, {"type": "Feature", "properties": {"population": 621}, "geometry": {"type": "Polygon", "coordinates": [[[77.60654636608126, 12.876786267730091], [77.61571303271134, 12.876786267730091], [77.61571303271134, 12.867619601100095], [77.60654636608126, 12.867619601100095], [77.60654636608126, 12.876786267730091]]]}}, {"type": "Feature", "properties": {"population": 577}, "geometry": {"type": "Polygon", "coordinates": [[[77.61571303271134, 12.876786267730091], [77.6248796993414, 12.876786267730091], [77.6248796993414, 12.867619601100095], [77.61571303271134, 12.867619601100095], [77.61571303271134, 12.876786267730091]]]}}, {"type": "Feature", "properties": {"population": 359}, "geometry": {"type": "Polygon", "coordinates": [[[77.6248796993414, 12.876786267730091], [77.63404636597149, 12.876786267730091], [77.63404636597149, 12.867619601100095], [77.6248796993414, 12.867619601100095], [77.6248796993414, 12.876786267730091]]]}}, {"type": "Feature", "properties": {"population": 509}, "geometry": {"type": "Polygon", "coordinates": [[[77.63404636597149, 12.876786267730091], [77.64321303260157, 12.876786267730091], [77.64321303260157, 12.867619601100095], [77.63404636597149, 12.867619601100095], [77.63404636597149, 12.876786267730091]]]}}, {"type": "Feature", "properties": {"population": 663}, "geometry": {"type": "Polygon", "coordinates": [[[77.64321303260157, 12.876786267730091], [77.65237969923164, 12.876786267730091], [77.65237969923164, 12.867619601100095], [77.64321303260157, 12.867619601100095], [77.64321303260157, 12.876786267730091]]]}}, {"type": "Feature", "properties": {"population": 886}, "geometry": {"type": "Polygon", "coordinates": [[[77.65237969923164, 12.876786267730091], [77.66154636586172, 12.876786267730091], [77.66154636586172, 12.867619601100095], [77.65237969923164, 12.867619601100095], [77.65237969923164, 12.876786267730091]]]}}, {"type": "Feature", "properties": {"population": 1220}, "geometry": {"type": "Polygon", "coordinates": [[[77.66154636586172, 12.876786267730091], [77.6707130324918, 12.876786267730091], [77.6707130324918, 12.867619601100095], [77.66154636586172, 12.867619601100095], [77.66154636586172, 12.876786267730091]]]}}, {"type": "Feature", "properties": {"population": 1971}, "geometry": {"type": "Polygon", "coordinates": [[[77.6707130324918, 12.876786267730091], [77.67987969912188, 12.876786267730091], [77.67987969912188, 12.867619601100095], [77.6707130324918, 12.867619601100095], [77.6707130324918, 12.876786267730091]]]}}, {"type": "Feature", "properties": {"population": 1914}, "geometry": {"type": "Polygon", "coordinates": [[[77.67987969912188, 12.876786267730091], [77.68904636575196, 12.876786267730091], [77.68904636575196, 12.867619601100095], [77.67987969912188, 12.867619601100095], [77.67987969912188, 12.876786267730091]]]}}, {"type": "Feature", "properties": {"population": 1377}, "geometry": {"type": "Polygon", "coordinates": [[[77.68904636575196, 12.876786267730091], [77.69821303238204, 12.876786267730091], [77.69821303238204, 12.867619601100095], [77.68904636575196, 12.867619601100095], [77.68904636575196, 12.876786267730091]]]}}, {"type": "Feature", "properties": {"population": 1473}, "geometry": {"type": "Polygon", "coordinates": [[[77.69821303238204, 12.876786267730091], [77.70737969901212, 12.876786267730091], [77.70737969901212, 12.867619601100095], [77.69821303238204, 12.867619601100095], [77.69821303238204, 12.876786267730091]]]}}, {"type": "Feature", "properties": {"population": 1173}, "geometry": {"type": "Polygon", "coordinates": [[[77.70737969901212, 12.876786267730091], [77.7165463656422, 12.876786267730091], [77.7165463656422, 12.867619601100095], [77.70737969901212, 12.867619601100095], [77.70737969901212, 12.876786267730091]]]}}, {"type": "Feature", "properties": {"population": 1103}, "geometry": {"type": "Polygon", "coordinates": [[[77.7165463656422, 12.876786267730091], [77.72571303227228, 12.876786267730091], [77.72571303227228, 12.867619601100095], [77.7165463656422, 12.867619601100095], [77.7165463656422, 12.876786267730091]]]}}, {"type": "Feature", "properties": {"population": 959}, "geometry": {"type": "Polygon", "coordinates": [[[77.72571303227228, 12.876786267730091], [77.73487969890235, 12.876786267730091], [77.73487969890235, 12.867619601100095], [77.72571303227228, 12.867619601100095], [77.72571303227228, 12.876786267730091]]]}}, {"type": "Feature", "properties": {"population": 1340}, "geometry": {"type": "Polygon", "coordinates": [[[77.73487969890235, 12.876786267730091], [77.74404636553243, 12.876786267730091], [77.74404636553243, 12.867619601100095], [77.73487969890235, 12.867619601100095], [77.73487969890235, 12.876786267730091]]]}}, {"type": "Feature", "properties": {"population": 1255}, "geometry": {"type": "Polygon", "coordinates": [[[77.74404636553243, 12.876786267730091], [77.7532130321625, 12.876786267730091], [77.7532130321625, 12.867619601100095], [77.74404636553243, 12.867619601100095], [77.74404636553243, 12.876786267730091]]]}}, {"type": "Feature", "properties": {"population": 1487}, "geometry": {"type": "Polygon", "coordinates": [[[77.7532130321625, 12.876786267730091], [77.76237969879259, 12.876786267730091], [77.76237969879259, 12.867619601100095], [77.7532130321625, 12.867619601100095], [77.7532130321625, 12.876786267730091]]]}}, {"type": "Feature", "properties": {"population": 1600}, "geometry": {"type": "Polygon", "coordinates": [[[77.76237969879259, 12.876786267730091], [77.77154636542267, 12.876786267730091], [77.77154636542267, 12.867619601100095], [77.76237969879259, 12.867619601100095], [77.76237969879259, 12.876786267730091]]]}}, {"type": "Feature", "properties": {"population": 1100}, "geometry": {"type": "Polygon", "coordinates": [[[77.77154636542267, 12.876786267730091], [77.78071303205274, 12.876786267730091], [77.78071303205274, 12.867619601100095], [77.77154636542267, 12.867619601100095], [77.77154636542267, 12.876786267730091]]]}}, {"type": "Feature", "properties": {"population": 410}, "geometry": {"type": "Polygon", "coordinates": [[[77.78071303205274, 12.876786267730091], [77.78404636537277, 12.876786267730091], [77.78404636537277, 12.867619601100095], [77.78071303205274, 12.867619601100095], [77.78071303205274, 12.876786267730091]]]}}, {"type": "Feature", "properties": {"population": 202}, "geometry": {"type": "Polygon", "coordinates": [[[77.4598797, 12.867619601100095], [77.46904636663008, 12.867619601100095], [77.46904636663008, 12.8584529344701], [77.4598797, 12.8584529344701], [77.4598797, 12.867619601100095]]]}}, {"type": "Feature", "properties": {"population": 192}, "geometry": {"type": "Polygon", "coordinates": [[[77.46904636663008, 12.867619601100095], [77.47821303326016, 12.867619601100095], [77.47821303326016, 12.8584529344701], [77.46904636663008, 12.8584529344701], [77.46904636663008, 12.867619601100095]]]}}, {"type": "Feature", "properties": {"population": 184}, "geometry": {"type": "Polygon", "coordinates": [[[77.47821303326016, 12.867619601100095], [77.48737969989024, 12.867619601100095], [77.48737969989024, 12.8584529344701], [77.47821303326016, 12.8584529344701], [77.47821303326016, 12.867619601100095]]]}}, {"type": "Feature", "properties": {"population": 187}, "geometry": {"type": "Polygon", "coordinates": [[[77.48737969989024, 12.867619601100095], [77.49654636652032, 12.867619601100095], [77.49654636652032, 12.8584529344701], [77.48737969989024, 12.8584529344701], [77.48737969989024, 12.867619601100095]]]}}, {"type": "Feature", "properties": {"population": 203}, "geometry": {"type": "Polygon", "coordinates": [[[77.49654636652032, 12.867619601100095], [77.5057130331504, 12.867619601100095], [77.5057130331504, 12.8584529344701], [77.49654636652032, 12.8584529344701], [77.49654636652032, 12.867619601100095]]]}}, {"type": "Feature", "properties": {"population": 251}, "geometry": {"type": "Polygon", "coordinates": [[[77.5057130331504, 12.867619601100095], [77.51487969978047, 12.867619601100095], [77.51487969978047, 12.8584529344701], [77.5057130331504, 12.8584529344701], [77.5057130331504, 12.867619601100095]]]}}, {"type": "Feature", "properties": {"population": 290}, "geometry": {"type": "Polygon", "coordinates": [[[77.51487969978047, 12.867619601100095], [77.52404636641054, 12.867619601100095], [77.52404636641054, 12.8584529344701], [77.51487969978047, 12.8584529344701], [77.51487969978047, 12.867619601100095]]]}}, {"type": "Feature", "properties": {"population": 310}, "geometry": {"type": "Polygon", "coordinates": [[[77.52404636641054, 12.867619601100095], [77.53321303304062, 12.867619601100095], [77.53321303304062, 12.8584529344701], [77.52404636641054, 12.8584529344701], [77.52404636641054, 12.867619601100095]]]}}, {"type": "Feature", "properties": {"population": 371}, "geometry": {"type": "Polygon", "coordinates": [[[77.53321303304062, 12.867619601100095], [77.5423796996707, 12.867619601100095], [77.5423796996707, 12.8584529344701], [77.53321303304062, 12.8584529344701], [77.53321303304062, 12.867619601100095]]]}}, {"type": "Feature", "properties": {"population": 366}, "geometry": {"type": "Polygon", "coordinates": [[[77.5423796996707, 12.867619601100095], [77.55154636630078, 12.867619601100095], [77.55154636630078, 12.8584529344701], [77.5423796996707, 12.8584529344701], [77.5423796996707, 12.867619601100095]]]}}, {"type": "Feature", "properties": {"population": 358}, "geometry": {"type": "Polygon", "coordinates": [[[77.55154636630078, 12.867619601100095], [77.56071303293086, 12.867619601100095], [77.56071303293086, 12.8584529344701], [77.55154636630078, 12.8584529344701], [77.55154636630078, 12.867619601100095]]]}}, {"type": "Feature", "properties": {"population": 471}, "geometry": {"type": "Polygon", "coordinates": [[[77.56071303293086, 12.867619601100095], [77.56987969956094, 12.867619601100095], [77.56987969956094, 12.8584529344701], [77.56071303293086, 12.8584529344701], [77.56071303293086, 12.867619601100095]]]}}, {"type": "Feature", "properties": {"population": 352}, "geometry": {"type": "Polygon", "coordinates": [[[77.56987969956094, 12.867619601100095], [77.57904636619102, 12.867619601100095], [77.57904636619102, 12.8584529344701], [77.56987969956094, 12.8584529344701], [77.56987969956094, 12.867619601100095]]]}}, {"type": "Feature", "properties": {"population": 653}, "geometry": {"type": "Polygon", "coordinates": [[[77.57904636619102, 12.867619601100095], [77.5882130328211, 12.867619601100095], [77.5882130328211, 12.8584529344701], [77.57904636619102, 12.8584529344701], [77.57904636619102, 12.867619601100095]]]}}, {"type": "Feature", "properties": {"population": 1245}, "geometry": {"type": "Polygon", "coordinates": [[[77.5882130328211, 12.867619601100095], [77.59737969945118, 12.867619601100095], [77.59737969945118, 12.8584529344701], [77.5882130328211, 12.8584529344701], [77.5882130328211, 12.867619601100095]]]}}, {"type": "Feature", "properties": {"population": 601}, "geometry": {"type": "Polygon", "coordinates": [[[77.59737969945118, 12.867619601100095], [77.60654636608126, 12.867619601100095], [77.60654636608126, 12.8584529344701], [77.59737969945118, 12.8584529344701], [77.59737969945118, 12.867619601100095]]]}}, {"type": "Feature", "properties": {"population": 459}, "geometry": {"type": "Polygon", "coordinates": [[[77.60654636608126, 12.867619601100095], [77.61571303271134, 12.867619601100095], [77.61571303271134, 12.8584529344701], [77.60654636608126, 12.8584529344701], [77.60654636608126, 12.867619601100095]]]}}, {"type": "Feature", "properties": {"population": 404}, "geometry": {"type": "Polygon", "coordinates": [[[77.61571303271134, 12.867619601100095], [77.6248796993414, 12.867619601100095], [77.6248796993414, 12.8584529344701], [77.61571303271134, 12.8584529344701], [77.61571303271134, 12.867619601100095]]]}}, {"type": "Feature", "properties": {"population": 422}, "geometry": {"type": "Polygon", "coordinates": [[[77.6248796993414, 12.867619601100095], [77.63404636597149, 12.867619601100095], [77.63404636597149, 12.8584529344701], [77.6248796993414, 12.8584529344701], [77.6248796993414, 12.867619601100095]]]}}, {"type": "Feature", "properties": {"population": 369}, "geometry": {"type": "Polygon", "coordinates": [[[77.63404636597149, 12.867619601100095], [77.64321303260157, 12.867619601100095], [77.64321303260157, 12.8584529344701], [77.63404636597149, 12.8584529344701], [77.63404636597149, 12.867619601100095]]]}}, {"type": "Feature", "properties": {"population": 469}, "geometry": {"type": "Polygon", "coordinates": [[[77.64321303260157, 12.867619601100095], [77.65237969923164, 12.867619601100095], [77.65237969923164, 12.8584529344701], [77.64321303260157, 12.8584529344701], [77.64321303260157, 12.867619601100095]]]}}, {"type": "Feature", "properties": {"population": 725}, "geometry": {"type": "Polygon", "coordinates": [[[77.65237969923164, 12.867619601100095], [77.66154636586172, 12.867619601100095], [77.66154636586172, 12.8584529344701], [77.65237969923164, 12.8584529344701], [77.65237969923164, 12.867619601100095]]]}}, {"type": "Feature", "properties": {"population": 442}, "geometry": {"type": "Polygon", "coordinates": [[[77.66154636586172, 12.867619601100095], [77.6707130324918, 12.867619601100095], [77.6707130324918, 12.8584529344701], [77.66154636586172, 12.8584529344701], [77.66154636586172, 12.867619601100095]]]}}, {"type": "Feature", "properties": {"population": 558}, "geometry": {"type": "Polygon", "coordinates": [[[77.6707130324918, 12.867619601100095], [77.67987969912188, 12.867619601100095], [77.67987969912188, 12.8584529344701], [77.6707130324918, 12.8584529344701], [77.6707130324918, 12.867619601100095]]]}}, {"type": "Feature", "properties": {"population": 1811}, "geometry": {"type": "Polygon", "coordinates": [[[77.67987969912188, 12.867619601100095], [77.68904636575196, 12.867619601100095], [77.68904636575196, 12.8584529344701], [77.67987969912188, 12.8584529344701], [77.67987969912188, 12.867619601100095]]]}}, {"type": "Feature", "properties": {"population": 1898}, "geometry": {"type": "Polygon", "coordinates": [[[77.68904636575196, 12.867619601100095], [77.69821303238204, 12.867619601100095], [77.69821303238204, 12.8584529344701], [77.68904636575196, 12.8584529344701], [77.68904636575196, 12.867619601100095]]]}}, {"type": "Feature", "properties": {"population": 1756}, "geometry": {"type": "Polygon", "coordinates": [[[77.69821303238204, 12.867619601100095], [77.70737969901212, 12.867619601100095], [77.70737969901212, 12.8584529344701], [77.69821303238204, 12.8584529344701], [77.69821303238204, 12.867619601100095]]]}}, {"type": "Feature", "properties": {"population": 1177}, "geometry": {"type": "Polygon", "coordinates": [[[77.70737969901212, 12.867619601100095], [77.7165463656422, 12.867619601100095], [77.7165463656422, 12.8584529344701], [77.70737969901212, 12.8584529344701], [77.70737969901212, 12.867619601100095]]]}}, {"type": "Feature", "properties": {"population": 1210}, "geometry": {"type": "Polygon", "coordinates": [[[77.7165463656422, 12.867619601100095], [77.72571303227228, 12.867619601100095], [77.72571303227228, 12.8584529344701], [77.7165463656422, 12.8584529344701], [77.7165463656422, 12.867619601100095]]]}}, {"type": "Feature", "properties": {"population": 1300}, "geometry": {"type": "Polygon", "coordinates": [[[77.72571303227228, 12.867619601100095], [77.73487969890235, 12.867619601100095], [77.73487969890235, 12.8584529344701], [77.72571303227228, 12.8584529344701], [77.72571303227228, 12.867619601100095]]]}}, {"type": "Feature", "properties": {"population": 1143}, "geometry": {"type": "Polygon", "coordinates": [[[77.73487969890235, 12.867619601100095], [77.74404636553243, 12.867619601100095], [77.74404636553243, 12.8584529344701], [77.73487969890235, 12.8584529344701], [77.73487969890235, 12.867619601100095]]]}}, {"type": "Feature", "properties": {"population": 864}, "geometry": {"type": "Polygon", "coordinates": [[[77.74404636553243, 12.867619601100095], [77.7532130321625, 12.867619601100095], [77.7532130321625, 12.8584529344701], [77.74404636553243, 12.8584529344701], [77.74404636553243, 12.867619601100095]]]}}, {"type": "Feature", "properties": {"population": 1064}, "geometry": {"type": "Polygon", "coordinates": [[[77.7532130321625, 12.867619601100095], [77.76237969879259, 12.867619601100095], [77.76237969879259, 12.8584529344701], [77.7532130321625, 12.8584529344701], [77.7532130321625, 12.867619601100095]]]}}, {"type": "Feature", "properties": {"population": 1754}, "geometry": {"type": "Polygon", "coordinates": [[[77.76237969879259, 12.867619601100095], [77.77154636542267, 12.867619601100095], [77.77154636542267, 12.8584529344701], [77.76237969879259, 12.8584529344701], [77.76237969879259, 12.867619601100095]]]}}, {"type": "Feature", "properties": {"population": 1688}, "geometry": {"type": "Polygon", "coordinates": [[[77.77154636542267, 12.867619601100095], [77.78071303205274, 12.867619601100095], [77.78071303205274, 12.8584529344701], [77.77154636542267, 12.8584529344701], [77.77154636542267, 12.867619601100095]]]}}, {"type": "Feature", "properties": {"population": 757}, "geometry": {"type": "Polygon", "coordinates": [[[77.78071303205274, 12.867619601100095], [77.78404636537277, 12.867619601100095], [77.78404636537277, 12.8584529344701], [77.78071303205274, 12.8584529344701], [77.78071303205274, 12.867619601100095]]]}}, {"type": "Feature", "properties": {"population": 201}, "geometry": {"type": "Polygon", "coordinates": [[[77.4598797, 12.8584529344701], [77.46904636663008, 12.8584529344701], [77.46904636663008, 12.849286267840101], [77.4598797, 12.849286267840101], [77.4598797, 12.8584529344701]]]}}, {"type": "Feature", "properties": {"population": 175}, "geometry": {"type": "Polygon", "coordinates": [[[77.46904636663008, 12.8584529344701], [77.47821303326016, 12.8584529344701], [77.47821303326016, 12.849286267840101], [77.46904636663008, 12.849286267840101], [77.46904636663008, 12.8584529344701]]]}}, {"type": "Feature", "properties": {"population": 163}, "geometry": {"type": "Polygon", "coordinates": [[[77.47821303326016, 12.8584529344701], [77.48737969989024, 12.8584529344701], [77.48737969989024, 12.849286267840101], [77.47821303326016, 12.849286267840101], [77.47821303326016, 12.8584529344701]]]}}, {"type": "Feature", "properties": {"population": 153}, "geometry": {"type": "Polygon", "coordinates": [[[77.48737969989024, 12.8584529344701], [77.49654636652032, 12.8584529344701], [77.49654636652032, 12.849286267840101], [77.48737969989024, 12.849286267840101], [77.48737969989024, 12.8584529344701]]]}}, {"type": "Feature", "properties": {"population": 172}, "geometry": {"type": "Polygon", "coordinates": [[[77.49654636652032, 12.8584529344701], [77.5057130331504, 12.8584529344701], [77.5057130331504, 12.849286267840101], [77.49654636652032, 12.849286267840101], [77.49654636652032, 12.8584529344701]]]}}, {"type": "Feature", "properties": {"population": 202}, "geometry": {"type": "Polygon", "coordinates": [[[77.5057130331504, 12.8584529344701], [77.51487969978047, 12.8584529344701], [77.51487969978047, 12.849286267840101], [77.5057130331504, 12.849286267840101], [77.5057130331504, 12.8584529344701]]]}}, {"type": "Feature", "properties": {"population": 260}, "geometry": {"type": "Polygon", "coordinates": [[[77.51487969978047, 12.8584529344701], [77.52404636641054, 12.8584529344701], [77.52404636641054, 12.849286267840101], [77.51487969978047, 12.849286267840101], [77.51487969978047, 12.8584529344701]]]}}, {"type": "Feature", "properties": {"population": 310}, "geometry": {"type": "Polygon", "coordinates": [[[77.52404636641054, 12.8584529344701], [77.53321303304062, 12.8584529344701], [77.53321303304062, 12.849286267840101], [77.52404636641054, 12.849286267840101], [77.52404636641054, 12.8584529344701]]]}}, {"type": "Feature", "properties": {"population": 315}, "geometry": {"type": "Polygon", "coordinates": [[[77.53321303304062, 12.8584529344701], [77.5423796996707, 12.8584529344701], [77.5423796996707, 12.849286267840101], [77.53321303304062, 12.849286267840101], [77.53321303304062, 12.8584529344701]]]}}, {"type": "Feature", "properties": {"population": 313}, "geometry": {"type": "Polygon", "coordinates": [[[77.5423796996707, 12.8584529344701], [77.55154636630078, 12.8584529344701], [77.55154636630078, 12.849286267840101], [77.5423796996707, 12.849286267840101], [77.5423796996707, 12.8584529344701]]]}}, {"type": "Feature", "properties": {"population": 315}, "geometry": {"type": "Polygon", "coordinates": [[[77.55154636630078, 12.8584529344701], [77.56071303293086, 12.8584529344701], [77.56071303293086, 12.849286267840101], [77.55154636630078, 12.849286267840101], [77.55154636630078, 12.8584529344701]]]}}, {"type": "Feature", "properties": {"population": 428}, "geometry": {"type": "Polygon", "coordinates": [[[77.56071303293086, 12.8584529344701], [77.56987969956094, 12.8584529344701], [77.56987969956094, 12.849286267840101], [77.56071303293086, 12.849286267840101], [77.56071303293086, 12.8584529344701]]]}}, {"type": "Feature", "properties": {"population": 379}, "geometry": {"type": "Polygon", "coordinates": [[[77.56987969956094, 12.8584529344701], [77.57904636619102, 12.8584529344701], [77.57904636619102, 12.849286267840101], [77.56987969956094, 12.849286267840101], [77.56987969956094, 12.8584529344701]]]}}, {"type": "Feature", "properties": {"population": 405}, "geometry": {"type": "Polygon", "coordinates": [[[77.57904636619102, 12.8584529344701], [77.5882130328211, 12.8584529344701], [77.5882130328211, 12.849286267840101], [77.57904636619102, 12.849286267840101], [77.57904636619102, 12.8584529344701]]]}}, {"type": "Feature", "properties": {"population": 458}, "geometry": {"type": "Polygon", "coordinates": [[[77.5882130328211, 12.8584529344701], [77.59737969945118, 12.8584529344701], [77.59737969945118, 12.849286267840101], [77.5882130328211, 12.849286267840101], [77.5882130328211, 12.8584529344701]]]}}, {"type": "Feature", "properties": {"population": 325}, "geometry": {"type": "Polygon", "coordinates": [[[77.59737969945118, 12.8584529344701], [77.60654636608126, 12.8584529344701], [77.60654636608126, 12.849286267840101], [77.59737969945118, 12.849286267840101], [77.59737969945118, 12.8584529344701]]]}}, {"type": "Feature", "properties": {"population": 377}, "geometry": {"type": "Polygon", "coordinates": [[[77.60654636608126, 12.8584529344701], [77.61571303271134, 12.8584529344701], [77.61571303271134, 12.849286267840101], [77.60654636608126, 12.849286267840101], [77.60654636608126, 12.8584529344701]]]}}, {"type": "Feature", "properties": {"population": 349}, "geometry": {"type": "Polygon", "coordinates": [[[77.61571303271134, 12.8584529344701], [77.6248796993414, 12.8584529344701], [77.6248796993414, 12.849286267840101], [77.61571303271134, 12.849286267840101], [77.61571303271134, 12.8584529344701]]]}}, {"type": "Feature", "properties": {"population": 428}, "geometry": {"type": "Polygon", "coordinates": [[[77.6248796993414, 12.8584529344701], [77.63404636597149, 12.8584529344701], [77.63404636597149, 12.849286267840101], [77.6248796993414, 12.849286267840101], [77.6248796993414, 12.8584529344701]]]}}, {"type": "Feature", "properties": {"population": 412}, "geometry": {"type": "Polygon", "coordinates": [[[77.63404636597149, 12.8584529344701], [77.64321303260157, 12.8584529344701], [77.64321303260157, 12.849286267840101], [77.63404636597149, 12.849286267840101], [77.63404636597149, 12.8584529344701]]]}}, {"type": "Feature", "properties": {"population": 405}, "geometry": {"type": "Polygon", "coordinates": [[[77.64321303260157, 12.8584529344701], [77.65237969923164, 12.8584529344701], [77.65237969923164, 12.849286267840101], [77.64321303260157, 12.849286267840101], [77.64321303260157, 12.8584529344701]]]}}, {"type": "Feature", "properties": {"population": 743}, "geometry": {"type": "Polygon", "coordinates": [[[77.65237969923164, 12.8584529344701], [77.66154636586172, 12.8584529344701], [77.66154636586172, 12.849286267840101], [77.65237969923164, 12.849286267840101], [77.65237969923164, 12.8584529344701]]]}}, {"type": "Feature", "properties": {"population": 963}, "geometry": {"type": "Polygon", "coordinates": [[[77.66154636586172, 12.8584529344701], [77.6707130324918, 12.8584529344701], [77.6707130324918, 12.849286267840101], [77.66154636586172, 12.849286267840101], [77.66154636586172, 12.8584529344701]]]}}, {"type": "Feature", "properties": {"population": 649}, "geometry": {"type": "Polygon", "coordinates": [[[77.6707130324918, 12.8584529344701], [77.67987969912188, 12.8584529344701], [77.67987969912188, 12.849286267840101], [77.6707130324918, 12.849286267840101], [77.6707130324918, 12.8584529344701]]]}}, {"type": "Feature", "properties": {"population": 1901}, "geometry": {"type": "Polygon", "coordinates": [[[77.67987969912188, 12.8584529344701], [77.68904636575196, 12.8584529344701], [77.68904636575196, 12.849286267840101], [77.67987969912188, 12.849286267840101], [77.67987969912188, 12.8584529344701]]]}}, {"type": "Feature", "properties": {"population": 1562}, "geometry": {"type": "Polygon", "coordinates": [[[77.68904636575196, 12.8584529344701], [77.69821303238204, 12.8584529344701], [77.69821303238204, 12.849286267840101], [77.68904636575196, 12.849286267840101], [77.68904636575196, 12.8584529344701]]]}}, {"type": "Feature", "properties": {"population": 1675}, "geometry": {"type": "Polygon", "coordinates": [[[77.69821303238204, 12.8584529344701], [77.70737969901212, 12.8584529344701], [77.70737969901212, 12.849286267840101], [77.69821303238204, 12.849286267840101], [77.69821303238204, 12.8584529344701]]]}}, {"type": "Feature", "properties": {"population": 1585}, "geometry": {"type": "Polygon", "coordinates": [[[77.70737969901212, 12.8584529344701], [77.7165463656422, 12.8584529344701], [77.7165463656422, 12.849286267840101], [77.70737969901212, 12.849286267840101], [77.70737969901212, 12.8584529344701]]]}}, {"type": "Feature", "properties": {"population": 1322}, "geometry": {"type": "Polygon", "coordinates": [[[77.7165463656422, 12.8584529344701], [77.72571303227228, 12.8584529344701], [77.72571303227228, 12.849286267840101], [77.7165463656422, 12.849286267840101], [77.7165463656422, 12.8584529344701]]]}}, {"type": "Feature", "properties": {"population": 1398}, "geometry": {"type": "Polygon", "coordinates": [[[77.72571303227228, 12.8584529344701], [77.73487969890235, 12.8584529344701], [77.73487969890235, 12.849286267840101], [77.72571303227228, 12.849286267840101], [77.72571303227228, 12.8584529344701]]]}}, {"type": "Feature", "properties": {"population": 1098}, "geometry": {"type": "Polygon", "coordinates": [[[77.73487969890235, 12.8584529344701], [77.74404636553243, 12.8584529344701], [77.74404636553243, 12.849286267840101], [77.73487969890235, 12.849286267840101], [77.73487969890235, 12.8584529344701]]]}}, {"type": "Feature", "properties": {"population": 761}, "geometry": {"type": "Polygon", "coordinates": [[[77.74404636553243, 12.8584529344701], [77.7532130321625, 12.8584529344701], [77.7532130321625, 12.849286267840101], [77.74404636553243, 12.849286267840101], [77.74404636553243, 12.8584529344701]]]}}, {"type": "Feature", "properties": {"population": 957}, "geometry": {"type": "Polygon", "coordinates": [[[77.7532130321625, 12.8584529344701], [77.76237969879259, 12.8584529344701], [77.76237969879259, 12.849286267840101], [77.7532130321625, 12.849286267840101], [77.7532130321625, 12.8584529344701]]]}}, {"type": "Feature", "properties": {"population": 1448}, "geometry": {"type": "Polygon", "coordinates": [[[77.76237969879259, 12.8584529344701], [77.77154636542267, 12.8584529344701], [77.77154636542267, 12.849286267840101], [77.76237969879259, 12.849286267840101], [77.76237969879259, 12.8584529344701]]]}}, {"type": "Feature", "properties": {"population": 1390}, "geometry": {"type": "Polygon", "coordinates": [[[77.77154636542267, 12.8584529344701], [77.78071303205274, 12.8584529344701], [77.78071303205274, 12.849286267840101], [77.77154636542267, 12.849286267840101], [77.77154636542267, 12.8584529344701]]]}}, {"type": "Feature", "properties": {"population": 652}, "geometry": {"type": "Polygon", "coordinates": [[[77.78071303205274, 12.8584529344701], [77.78404636537277, 12.8584529344701], [77.78404636537277, 12.849286267840101], [77.78071303205274, 12.849286267840101], [77.78071303205274, 12.8584529344701]]]}}, {"type": "Feature", "properties": {"population": 177}, "geometry": {"type": "Polygon", "coordinates": [[[77.4598797, 12.849286267840101], [77.46904636663008, 12.849286267840101], [77.46904636663008, 12.840119601210105], [77.4598797, 12.840119601210105], [77.4598797, 12.849286267840101]]]}}, {"type": "Feature", "properties": {"population": 174}, "geometry": {"type": "Polygon", "coordinates": [[[77.46904636663008, 12.849286267840101], [77.47821303326016, 12.849286267840101], [77.47821303326016, 12.840119601210105], [77.46904636663008, 12.840119601210105], [77.46904636663008, 12.849286267840101]]]}}, {"type": "Feature", "properties": {"population": 180}, "geometry": {"type": "Polygon", "coordinates": [[[77.47821303326016, 12.849286267840101], [77.48737969989024, 12.849286267840101], [77.48737969989024, 12.840119601210105], [77.47821303326016, 12.840119601210105], [77.47821303326016, 12.849286267840101]]]}}, {"type": "Feature", "properties": {"population": 205}, "geometry": {"type": "Polygon", "coordinates": [[[77.48737969989024, 12.849286267840101], [77.49654636652032, 12.849286267840101], [77.49654636652032, 12.840119601210105], [77.48737969989024, 12.840119601210105], [77.48737969989024, 12.849286267840101]]]}}, {"type": "Feature", "properties": {"population": 200}, "geometry": {"type": "Polygon", "coordinates": [[[77.49654636652032, 12.849286267840101], [77.5057130331504, 12.849286267840101], [77.5057130331504, 12.840119601210105], [77.49654636652032, 12.840119601210105], [77.49654636652032, 12.849286267840101]]]}}, {"type": "Feature", "properties": {"population": 264}, "geometry": {"type": "Polygon", "coordinates": [[[77.5057130331504, 12.849286267840101], [77.51487969978047, 12.849286267840101], [77.51487969978047, 12.840119601210105], [77.5057130331504, 12.840119601210105], [77.5057130331504, 12.849286267840101]]]}}, {"type": "Feature", "properties": {"population": 265}, "geometry": {"type": "Polygon", "coordinates": [[[77.51487969978047, 12.849286267840101], [77.52404636641054, 12.849286267840101], [77.52404636641054, 12.840119601210105], [77.51487969978047, 12.840119601210105], [77.51487969978047, 12.849286267840101]]]}}, {"type": "Feature", "properties": {"population": 232}, "geometry": {"type": "Polygon", "coordinates": [[[77.52404636641054, 12.849286267840101], [77.53321303304062, 12.849286267840101], [77.53321303304062, 12.840119601210105], [77.52404636641054, 12.840119601210105], [77.52404636641054, 12.849286267840101]]]}}, {"type": "Feature", "properties": {"population": 232}, "geometry": {"type": "Polygon", "coordinates": [[[77.53321303304062, 12.849286267840101], [77.5423796996707, 12.849286267840101], [77.5423796996707, 12.840119601210105], [77.53321303304062, 12.840119601210105], [77.53321303304062, 12.849286267840101]]]}}, {"type": "Feature", "properties": {"population": 495}, "geometry": {"type": "Polygon", "coordinates": [[[77.5423796996707, 12.849286267840101], [77.55154636630078, 12.849286267840101], [77.55154636630078, 12.840119601210105], [77.5423796996707, 12.840119601210105], [77.5423796996707, 12.849286267840101]]]}}, {"type": "Feature", "properties": {"population": 277}, "geometry": {"type": "Polygon", "coordinates": [[[77.55154636630078, 12.849286267840101], [77.56071303293086, 12.849286267840101], [77.56071303293086, 12.840119601210105], [77.55154636630078, 12.840119601210105], [77.55154636630078, 12.849286267840101]]]}}, {"type": "Feature", "properties": {"population": 311}, "geometry": {"type": "Polygon", "coordinates": [[[77.56071303293086, 12.849286267840101], [77.56987969956094, 12.849286267840101], [77.56987969956094, 12.840119601210105], [77.56071303293086, 12.840119601210105], [77.56071303293086, 12.849286267840101]]]}}, {"type": "Feature", "properties": {"population": 373}, "geometry": {"type": "Polygon", "coordinates": [[[77.56987969956094, 12.849286267840101], [77.57904636619102, 12.849286267840101], [77.57904636619102, 12.840119601210105], [77.56987969956094, 12.840119601210105], [77.56987969956094, 12.849286267840101]]]}}, {"type": "Feature", "properties": {"population": 625}, "geometry": {"type": "Polygon", "coordinates": [[[77.57904636619102, 12.849286267840101], [77.5882130328211, 12.849286267840101], [77.5882130328211, 12.840119601210105], [77.57904636619102, 12.840119601210105], [77.57904636619102, 12.849286267840101]]]}}, {"type": "Feature", "properties": {"population": 399}, "geometry": {"type": "Polygon", "coordinates": [[[77.5882130328211, 12.849286267840101], [77.59737969945118, 12.849286267840101], [77.59737969945118, 12.840119601210105], [77.5882130328211, 12.840119601210105], [77.5882130328211, 12.849286267840101]]]}}, {"type": "Feature", "properties": {"population": 360}, "geometry": {"type": "Polygon", "coordinates": [[[77.59737969945118, 12.849286267840101], [77.60654636608126, 12.849286267840101], [77.60654636608126, 12.840119601210105], [77.59737969945118, 12.840119601210105], [77.59737969945118, 12.849286267840101]]]}}, {"type": "Feature", "properties": {"population": 400}, "geometry": {"type": "Polygon", "coordinates": [[[77.60654636608126, 12.849286267840101], [77.61571303271134, 12.849286267840101], [77.61571303271134, 12.840119601210105], [77.60654636608126, 12.840119601210105], [77.60654636608126, 12.849286267840101]]]}}, {"type": "Feature", "properties": {"population": 374}, "geometry": {"type": "Polygon", "coordinates": [[[77.61571303271134, 12.849286267840101], [77.6248796993414, 12.849286267840101], [77.6248796993414, 12.840119601210105], [77.61571303271134, 12.840119601210105], [77.61571303271134, 12.849286267840101]]]}}, {"type": "Feature", "properties": {"population": 422}, "geometry": {"type": "Polygon", "coordinates": [[[77.6248796993414, 12.849286267840101], [77.63404636597149, 12.849286267840101], [77.63404636597149, 12.840119601210105], [77.6248796993414, 12.840119601210105], [77.6248796993414, 12.849286267840101]]]}}, {"type": "Feature", "properties": {"population": 384}, "geometry": {"type": "Polygon", "coordinates": [[[77.63404636597149, 12.849286267840101], [77.64321303260157, 12.849286267840101], [77.64321303260157, 12.840119601210105], [77.63404636597149, 12.840119601210105], [77.63404636597149, 12.849286267840101]]]}}, {"type": "Feature", "properties": {"population": 534}, "geometry": {"type": "Polygon", "coordinates": [[[77.64321303260157, 12.849286267840101], [77.65237969923164, 12.849286267840101], [77.65237969923164, 12.840119601210105], [77.64321303260157, 12.840119601210105], [77.64321303260157, 12.849286267840101]]]}}, {"type": "Feature", "properties": {"population": 610}, "geometry": {"type": "Polygon", "coordinates": [[[77.65237969923164, 12.849286267840101], [77.66154636586172, 12.849286267840101], [77.66154636586172, 12.840119601210105], [77.65237969923164, 12.840119601210105], [77.65237969923164, 12.849286267840101]]]}}, {"type": "Feature", "properties": {"population": 1430}, "geometry": {"type": "Polygon", "coordinates": [[[77.66154636586172, 12.849286267840101], [77.6707130324918, 12.849286267840101], [77.6707130324918, 12.840119601210105], [77.66154636586172, 12.840119601210105], [77.66154636586172, 12.849286267840101]]]}}, {"type": "Feature", "properties": {"population": 2300}, "geometry": {"type": "Polygon", "coordinates": [[[77.6707130324918, 12.849286267840101], [77.67987969912188, 12.849286267840101], [77.67987969912188, 12.840119601210105], [77.6707130324918, 12.840119601210105], [77.6707130324918, 12.849286267840101]]]}}, {"type": "Feature", "properties": {"population": 4072}, "geometry": {"type": "Polygon", "coordinates": [[[77.67987969912188, 12.849286267840101], [77.68904636575196, 12.849286267840101], [77.68904636575196, 12.840119601210105], [77.67987969912188, 12.840119601210105], [77.67987969912188, 12.849286267840101]]]}}, {"type": "Feature", "properties": {"population": 1959}, "geometry": {"type": "Polygon", "coordinates": [[[77.68904636575196, 12.849286267840101], [77.69821303238204, 12.849286267840101], [77.69821303238204, 12.840119601210105], [77.68904636575196, 12.840119601210105], [77.68904636575196, 12.849286267840101]]]}}, {"type": "Feature", "properties": {"population": 1667}, "geometry": {"type": "Polygon", "coordinates": [[[77.69821303238204, 12.849286267840101], [77.70737969901212, 12.849286267840101], [77.70737969901212, 12.840119601210105], [77.69821303238204, 12.840119601210105], [77.69821303238204, 12.849286267840101]]]}}, {"type": "Feature", "properties": {"population": 1313}, "geometry": {"type": "Polygon", "coordinates": [[[77.70737969901212, 12.849286267840101], [77.7165463656422, 12.849286267840101], [77.7165463656422, 12.840119601210105], [77.70737969901212, 12.840119601210105], [77.70737969901212, 12.849286267840101]]]}}, {"type": "Feature", "properties": {"population": 1714}, "geometry": {"type": "Polygon", "coordinates": [[[77.7165463656422, 12.849286267840101], [77.72571303227228, 12.849286267840101], [77.72571303227228, 12.840119601210105], [77.7165463656422, 12.840119601210105], [77.7165463656422, 12.849286267840101]]]}}, {"type": "Feature", "properties": {"population": 1676}, "geometry": {"type": "Polygon", "coordinates": [[[77.72571303227228, 12.849286267840101], [77.73487969890235, 12.849286267840101], [77.73487969890235, 12.840119601210105], [77.72571303227228, 12.840119601210105], [77.72571303227228, 12.849286267840101]]]}}, {"type": "Feature", "properties": {"population": 1005}, "geometry": {"type": "Polygon", "coordinates": [[[77.73487969890235, 12.849286267840101], [77.74404636553243, 12.849286267840101], [77.74404636553243, 12.840119601210105], [77.73487969890235, 12.840119601210105], [77.73487969890235, 12.849286267840101]]]}}, {"type": "Feature", "properties": {"population": 655}, "geometry": {"type": "Polygon", "coordinates": [[[77.74404636553243, 12.849286267840101], [77.7532130321625, 12.849286267840101], [77.7532130321625, 12.840119601210105], [77.74404636553243, 12.840119601210105], [77.74404636553243, 12.849286267840101]]]}}, {"type": "Feature", "properties": {"population": 713}, "geometry": {"type": "Polygon", "coordinates": [[[77.7532130321625, 12.849286267840101], [77.76237969879259, 12.849286267840101], [77.76237969879259, 12.840119601210105], [77.7532130321625, 12.840119601210105], [77.7532130321625, 12.849286267840101]]]}}, {"type": "Feature", "properties": {"population": 1290}, "geometry": {"type": "Polygon", "coordinates": [[[77.76237969879259, 12.849286267840101], [77.77154636542267, 12.849286267840101], [77.77154636542267, 12.840119601210105], [77.76237969879259, 12.840119601210105], [77.76237969879259, 12.849286267840101]]]}}, {"type": "Feature", "properties": {"population": 1473}, "geometry": {"type": "Polygon", "coordinates": [[[77.77154636542267, 12.849286267840101], [77.78071303205274, 12.849286267840101], [77.78071303205274, 12.840119601210105], [77.77154636542267, 12.840119601210105], [77.77154636542267, 12.849286267840101]]]}}, {"type": "Feature", "properties": {"population": 613}, "geometry": {"type": "Polygon", "coordinates": [[[77.78071303205274, 12.849286267840101], [77.78404636537277, 12.849286267840101], [77.78404636537277, 12.840119601210105], [77.78071303205274, 12.840119601210105], [77.78071303205274, 12.849286267840101]]]}}, {"type": "Feature", "properties": {"population": 76}, "geometry": {"type": "Polygon", "coordinates": [[[77.4598797, 12.840119601210105], [77.46904636663008, 12.840119601210105], [77.46904636663008, 12.833452934570108], [77.4598797, 12.833452934570108], [77.4598797, 12.840119601210105]]]}}, {"type": "Feature", "properties": {"population": 93}, "geometry": {"type": "Polygon", "coordinates": [[[77.46904636663008, 12.840119601210105], [77.47821303326016, 12.840119601210105], [77.47821303326016, 12.833452934570108], [77.46904636663008, 12.833452934570108], [77.46904636663008, 12.840119601210105]]]}}, {"type": "Feature", "properties": {"population": 132}, "geometry": {"type": "Polygon", "coordinates": [[[77.47821303326016, 12.840119601210105], [77.48737969989024, 12.840119601210105], [77.48737969989024, 12.833452934570108], [77.47821303326016, 12.833452934570108], [77.47821303326016, 12.840119601210105]]]}}, {"type": "Feature", "properties": {"population": 128}, "geometry": {"type": "Polygon", "coordinates": [[[77.48737969989024, 12.840119601210105], [77.49654636652032, 12.840119601210105], [77.49654636652032, 12.833452934570108], [77.48737969989024, 12.833452934570108], [77.48737969989024, 12.840119601210105]]]}}, {"type": "Feature", "properties": {"population": 130}, "geometry": {"type": "Polygon", "coordinates": [[[77.49654636652032, 12.840119601210105], [77.5057130331504, 12.840119601210105], [77.5057130331504, 12.833452934570108], [77.49654636652032, 12.833452934570108], [77.49654636652032, 12.840119601210105]]]}}, {"type": "Feature", "properties": {"population": 158}, "geometry": {"type": "Polygon", "coordinates": [[[77.5057130331504, 12.840119601210105], [77.51487969978047, 12.840119601210105], [77.51487969978047, 12.833452934570108], [77.5057130331504, 12.833452934570108], [77.5057130331504, 12.840119601210105]]]}}, {"type": "Feature", "properties": {"population": 176}, "geometry": {"type": "Polygon", "coordinates": [[[77.51487969978047, 12.840119601210105], [77.52404636641054, 12.840119601210105], [77.52404636641054, 12.833452934570108], [77.51487969978047, 12.833452934570108], [77.51487969978047, 12.840119601210105]]]}}, {"type": "Feature", "properties": {"population": 140}, "geometry": {"type": "Polygon", "coordinates": [[[77.52404636641054, 12.840119601210105], [77.53321303304062, 12.840119601210105], [77.53321303304062, 12.833452934570108], [77.52404636641054, 12.833452934570108], [77.52404636641054, 12.840119601210105]]]}}, {"type": "Feature", "properties": {"population": 276}, "geometry": {"type": "Polygon", "coordinates": [[[77.53321303304062, 12.840119601210105], [77.5423796996707, 12.840119601210105], [77.5423796996707, 12.833452934570108], [77.53321303304062, 12.833452934570108], [77.53321303304062, 12.840119601210105]]]}}, {"type": "Feature", "properties": {"population": 900}, "geometry": {"type": "Polygon", "coordinates": [[[77.5423796996707, 12.840119601210105], [77.55154636630078, 12.840119601210105], [77.55154636630078, 12.833452934570108], [77.5423796996707, 12.833452934570108], [77.5423796996707, 12.840119601210105]]]}}, {"type": "Feature", "properties": {"population": 545}, "geometry": {"type": "Polygon", "coordinates": [[[77.55154636630078, 12.840119601210105], [77.56071303293086, 12.840119601210105], [77.56071303293086, 12.833452934570108], [77.55154636630078, 12.833452934570108], [77.55154636630078, 12.840119601210105]]]}}, {"type": "Feature", "properties": {"population": 363}, "geometry": {"type": "Polygon", "coordinates": [[[77.56071303293086, 12.840119601210105], [77.56987969956094, 12.840119601210105], [77.56987969956094, 12.833452934570108], [77.56071303293086, 12.833452934570108], [77.56071303293086, 12.840119601210105]]]}}, {"type": "Feature", "properties": {"population": 318}, "geometry": {"type": "Polygon", "coordinates": [[[77.56987969956094, 12.840119601210105], [77.57904636619102, 12.840119601210105], [77.57904636619102, 12.833452934570108], [77.56987969956094, 12.833452934570108], [77.56987969956094, 12.840119601210105]]]}}, {"type": "Feature", "properties": {"population": 252}, "geometry": {"type": "Polygon", "coordinates": [[[77.57904636619102, 12.840119601210105], [77.5882130328211, 12.840119601210105], [77.5882130328211, 12.833452934570108], [77.57904636619102, 12.833452934570108], [77.57904636619102, 12.840119601210105]]]}}, {"type": "Feature", "properties": {"population": 244}, "geometry": {"type": "Polygon", "coordinates": [[[77.5882130328211, 12.840119601210105], [77.59737969945118, 12.840119601210105], [77.59737969945118, 12.833452934570108], [77.5882130328211, 12.833452934570108], [77.5882130328211, 12.840119601210105]]]}}, {"type": "Feature", "properties": {"population": 299}, "geometry": {"type": "Polygon", "coordinates": [[[77.59737969945118, 12.840119601210105], [77.60654636608126, 12.840119601210105], [77.60654636608126, 12.833452934570108], [77.59737969945118, 12.833452934570108], [77.59737969945118, 12.840119601210105]]]}}, {"type": "Feature", "properties": {"population": 411}, "geometry": {"type": "Polygon", "coordinates": [[[77.60654636608126, 12.840119601210105], [77.61571303271134, 12.840119601210105], [77.61571303271134, 12.833452934570108], [77.60654636608126, 12.833452934570108], [77.60654636608126, 12.840119601210105]]]}}, {"type": "Feature", "properties": {"population": 257}, "geometry": {"type": "Polygon", "coordinates": [[[77.61571303271134, 12.840119601210105], [77.6248796993414, 12.840119601210105], [77.6248796993414, 12.833452934570108], [77.61571303271134, 12.833452934570108], [77.61571303271134, 12.840119601210105]]]}}, {"type": "Feature", "properties": {"population": 662}, "geometry": {"type": "Polygon", "coordinates": [[[77.6248796993414, 12.840119601210105], [77.63404636597149, 12.840119601210105], [77.63404636597149, 12.833452934570108], [77.6248796993414, 12.833452934570108], [77.6248796993414, 12.840119601210105]]]}}, {"type": "Feature", "properties": {"population": 682}, "geometry": {"type": "Polygon", "coordinates": [[[77.63404636597149, 12.840119601210105], [77.64321303260157, 12.840119601210105], [77.64321303260157, 12.833452934570108], [77.63404636597149, 12.833452934570108], [77.63404636597149, 12.840119601210105]]]}}, {"type": "Feature", "properties": {"population": 464}, "geometry": {"type": "Polygon", "coordinates": [[[77.64321303260157, 12.840119601210105], [77.65237969923164, 12.840119601210105], [77.65237969923164, 12.833452934570108], [77.64321303260157, 12.833452934570108], [77.64321303260157, 12.840119601210105]]]}}, {"type": "Feature", "properties": {"population": 829}, "geometry": {"type": "Polygon", "coordinates": [[[77.65237969923164, 12.840119601210105], [77.66154636586172, 12.840119601210105], [77.66154636586172, 12.833452934570108], [77.65237969923164, 12.833452934570108], [77.65237969923164, 12.840119601210105]]]}}, {"type": "Feature", "properties": {"population": 2479}, "geometry": {"type": "Polygon", "coordinates": [[[77.66154636586172, 12.840119601210105], [77.6707130324918, 12.840119601210105], [77.6707130324918, 12.833452934570108], [77.66154636586172, 12.833452934570108], [77.66154636586172, 12.840119601210105]]]}}, {"type": "Feature", "properties": {"population": 2222}, "geometry": {"type": "Polygon", "coordinates": [[[77.6707130324918, 12.840119601210105], [77.67987969912188, 12.840119601210105], [77.67987969912188, 12.833452934570108], [77.6707130324918, 12.833452934570108], [77.6707130324918, 12.840119601210105]]]}}, {"type": "Feature", "properties": {"population": 2312}, "geometry": {"type": "Polygon", "coordinates": [[[77.67987969912188, 12.840119601210105], [77.68904636575196, 12.840119601210105], [77.68904636575196, 12.833452934570108], [77.67987969912188, 12.833452934570108], [77.67987969912188, 12.840119601210105]]]}}, {"type": "Feature", "properties": {"population": 1756}, "geometry": {"type": "Polygon", "coordinates": [[[77.68904636575196, 12.840119601210105], [77.69821303238204, 12.840119601210105], [77.69821303238204, 12.833452934570108], [77.68904636575196, 12.833452934570108], [77.68904636575196, 12.840119601210105]]]}}, {"type": "Feature", "properties": {"population": 1509}, "geometry": {"type": "Polygon", "coordinates": [[[77.69821303238204, 12.840119601210105], [77.70737969901212, 12.840119601210105], [77.70737969901212, 12.833452934570108], [77.69821303238204, 12.833452934570108], [77.69821303238204, 12.840119601210105]]]}}, {"type": "Feature", "properties": {"population": 1139}, "geometry": {"type": "Polygon", "coordinates": [[[77.70737969901212, 12.840119601210105], [77.7165463656422, 12.840119601210105], [77.7165463656422, 12.833452934570108], [77.70737969901212, 12.833452934570108], [77.70737969901212, 12.840119601210105]]]}}, {"type": "Feature", "properties": {"population": 1301}, "geometry": {"type": "Polygon", "coordinates": [[[77.7165463656422, 12.840119601210105], [77.72571303227228, 12.840119601210105], [77.72571303227228, 12.833452934570108], [77.7165463656422, 12.833452934570108], [77.7165463656422, 12.840119601210105]]]}}, {"type": "Feature", "properties": {"population": 1152}, "geometry": {"type": "Polygon", "coordinates": [[[77.72571303227228, 12.840119601210105], [77.73487969890235, 12.840119601210105], [77.73487969890235, 12.833452934570108], [77.72571303227228, 12.833452934570108], [77.72571303227228, 12.840119601210105]]]}}, {"type": "Feature", "properties": {"population": 656}, "geometry": {"type": "Polygon", "coordinates": [[[77.73487969890235, 12.840119601210105], [77.74404636553243, 12.840119601210105], [77.74404636553243, 12.833452934570108], [77.73487969890235, 12.833452934570108], [77.73487969890235, 12.840119601210105]]]}}, {"type": "Feature", "properties": {"population": 507}, "geometry": {"type": "Polygon", "coordinates": [[[77.74404636553243, 12.840119601210105], [77.7532130321625, 12.840119601210105], [77.7532130321625, 12.833452934570108], [77.74404636553243, 12.833452934570108], [77.74404636553243, 12.840119601210105]]]}}, {"type": "Feature", "properties": {"population": 521}, "geometry": {"type": "Polygon", "coordinates": [[[77.7532130321625, 12.840119601210105], [77.76237969879259, 12.840119601210105], [77.76237969879259, 12.833452934570108], [77.7532130321625, 12.833452934570108], [77.7532130321625, 12.840119601210105]]]}}, {"type": "Feature", "properties": {"population": 729}, "geometry": {"type": "Polygon", "coordinates": [[[77.76237969879259, 12.840119601210105], [77.77154636542267, 12.840119601210105], [77.77154636542267, 12.833452934570108], [77.76237969879259, 12.833452934570108], [77.76237969879259, 12.840119601210105]]]}}, {"type": "Feature", "properties": {"population": 1189}, "geometry": {"type": "Polygon", "coordinates": [[[77.77154636542267, 12.840119601210105], [77.78071303205274, 12.840119601210105], [77.78071303205274, 12.833452934570108], [77.77154636542267, 12.833452934570108], [77.77154636542267, 12.840119601210105]]]}}, {"type": "Feature", "properties": {"population": 481}, "geometry": {"type": "Polygon", "coordinates": [[[77.78071303205274, 12.840119601210105], [77.78404636537277, 12.840119601210105], [77.78404636537277, 12.833452934570108], [77.78071303205274, 12.833452934570108], [77.78071303205274, 12.840119601210105]]]}}]}