{
"type": "FeatureCollection",
"name": "schools",
"crs": { "type": "name", "properties": { "name": "urn:ogc:def:crs:OGC:1.3:CRS84" } },
"features": [
{ "type": "Feature", "properties": { "name": null, "amenity": "school", "building": null, "capacity": null, "emergency": null, "leisure": null }, "geometry": { "type": "Point", "coordinates": [ 77.6025994, 12.8772119 ] } },
{ "type": "Feature", "properties": { "name": "Angel Heart Montessori Play School", "amenity": "school", "building": null, "capacity": null, "emergency": null, "leisure": null }, "geometry": { "type": "Point", "coordinates": [ 77.6518327, 12.9187503 ] } },
{ "type": "Feature", "properties": { "name": "International Business School", "amenity": "college", "building": null, "capacity": null, "emergency": null, "leisure": null }, "geometry": { "type": "Point", "coordinates": [ 77.6594242, 12.8630037 ] } },
{ "type": "Feature", "properties": { "name": "Swamy Vivekananda Primary and High School", "amenity": "school", "building": null, "capacity": null, "emergency": null, "leisure": null }, "geometry": { "type": "Point", "coordinates": [ 77.6342169, 13.0483112 ] } },
{ "type": "Feature", "properties": { "name": "Golden Chariot Public School", "amenity": "school", "building": null, "capacity": null, "emergency": null, "leisure": null }, "geometry": { "type": "Point", "coordinates": [ 77.6350463, 13.0989262 ] } },
{ "type": "Feature", "properties": { "name": "Manasa Public School", "amenity": "school", "building": null, "capacity": null, "emergency": null, "leisure": null }, "geometry": { "type": "Point", "coordinates": [ 77.6327504, 13.0557708 ] } },
{ "type": "Feature", "properties": { "name": "United Public School", "amenity": "school", "building": null, "capacity": null, "emergency": null, "leisure": null }, "geometry": { "type": "Point", "coordinates": [ 77.6387738, 13.0384174 ] } },
{ "type": "Feature", "properties": { "name": "Sinclairs High School", "amenity": "school", "building": null, "capacity": null, "emergency": null, "leisure": null }, "geometry": { "type": "Point", "coordinates": [ 77.6437784, 13.0317498 ] } },
{ "type": "Feature", "properties": { "name": "Centre for Product Design and Manufacturing (CPDM)", "amenity": "college", "building": null, "capacity": null, "emergency": null, "leisure": null }, "geometry": { "type": "Point", "coordinates": [ 77.5681179, 13.0151185 ] } },
{ "type": "Feature", "properties": { "name": "CiSTUP", "amenity": "college", "building": null, "capacity": null, "emergency": null, "leisure": null }, "geometry": { "type": "Point", "coordinates": [ 77.5686174, 13.0132383 ] } },
{ "type": "Feature", "properties": { "name": "Interdisciplinary Centre for Energy Research", "amenity": "college", "building": null, "capacity": null, "emergency": null, "leisure": null }, "geometry": { "type": "Point", "coordinates": [ 77.5681206, 13.0155209 ] } },
{ "type": "Feature", "properties": { "name": "Interdisciplinary Centre for Water Research", "amenity": "college", "building": null, "capacity": null, "emergency": null, "leisure": null }, "geometry": { "type": "Point", "coordinates": [ 77.5683888, 13.0158581 ] } },
{ "type": "Feature", "properties": { "name": "Organic Chemistry", "amenity": "college", "building": null, "capacity": null, "emergency": null, "leisure": null }, "geometry": { "type": "Point", "coordinates": [ 77.5682496, 13.0164088 ] } },
{ "type": "Feature", "properties": { "name": "Inorganic and Physical Chemistry", "amenity": "college", "building": null, "capacity": null, "emergency": null, "leisure": null }, "geometry": { "type": "Point", "coordinates": [ 77.5682738, 13.016856 ] } },
{ "type": "Feature", "properties": { "name": "Central Purchase and Stores", "amenity": "college", "building": null, "capacity": null, "emergency": null, "leisure": null }, "geometry": { "type": "Point", "coordinates": [ 77.5659752, 13.0173833 ] } },
{ "type": "Feature", "properties": { "name": "Insdoc", "amenity": "college", "building": null, "capacity": null, "emergency": null, "leisure": null }, "geometry": { "type": "Point", "coordinates": [ 77.5648502, 13.0171773 ] } },
{ "type": "Feature", "properties": { "name": "Electronic Systems Engineering", "amenity": "college", "building": null, "capacity": null, "emergency": null, "leisure": null }, "geometry": { "type": "Point", "coordinates": [ 77.5709242, 13.0186339 ] } },
{ "type": "Feature", "properties": { "name": "Joint Advanced Technology Programme", "amenity": "college", "building": null, "capacity": null, "emergency": null, "leisure": null }, "geometry": { "type": "Point", "coordinates": [ 77.5700198, 13.0175447 ] } },
{ "type": "Feature", "properties": { "name": "Amenities Hall", "amenity": "college", "building": null, "capacity": null, "emergency": null, "leisure": null }, "geometry": { "type": "Point", "coordinates": [ 77.5645301, 13.0185648 ] } },
{ "type": "Feature", "properties": { "name": "Tata Memorial Club", "amenity": "college", "building": null, "capacity": null, "emergency": null, "leisure": null }, "geometry": { "type": "Point", "coordinates": [ 77.5649882, 13.018047 ] } },
{ "type": "Feature", "properties": { "name": "Florida College of Management and Computer Science", "amenity": "college", "building": null, "capacity": null, "emergency": null, "leisure": null }, "geometry": { "type": "Point", "coordinates": [ 77.6329007, 13.0268228 ] } },
{ "type": "Feature", "properties": { "name": "Florida College of Education", "amenity": "college", "building": null, "capacity": null, "emergency": null, "leisure": null }, "geometry": { "type": "Point", "coordinates": [ 77.6329391, 13.0269256 ] } },
{ "type": "Feature", "properties": { "name": "Florence College of Physiotherapy", "amenity": "college", "building": null, "capacity": null, "emergency": null, "leisure": null }, "geometry": { "type": "Point", "coordinates": [ 77.6330115, 13.0271338 ] } },
{ "type": "Feature", "properties": { "name": "Sacred Hearts Girls School", "amenity": "school", "building": null, "capacity": null, "emergency": null, "leisure": null }, "geometry": { "type": "Point", "coordinates": [ 77.6033897, 12.9694218 ] } },
{ "type": "Feature", "properties": { "name": "Gopalan International Schoool", "amenity": "school", "building": null, "capacity": null, "emergency": null, "leisure": null }, "geometry": { "type": "Point", "coordinates": [ 77.7183757, 12.9853135 ] } },
{ "type": "Feature", "properties": { "name": "Hoodi High School", "amenity": "school", "building": null, "capacity": null, "emergency": null, "leisure": null }, "geometry": { "type": "Point", "coordinates": [ 77.7167666, 12.9934221 ] } },
{ "type": "Feature", "properties": { "name": "Carmel High School", "amenity": "school", "building": null, "capacity": null, "emergency": null, "leisure": null }, "geometry": { "type": "Point", "coordinates": [ 77.5442935, 12.9885908 ] } },
{ "type": "Feature", "properties": { "name": "Stella Maris School", "amenity": "school", "building": null, "capacity": null, "emergency": null, "leisure": null }, "geometry": { "type": "Point", "coordinates": [ 77.5780313, 13.0064539 ] } },
{ "type": "Feature", "properties": { "name": "Madrasa-e Arabiya", "amenity": "school", "building": null, "capacity": null, "emergency": null, "leisure": null }, "geometry": { "type": "Point", "coordinates": [ 77.5994637, 12.9430867 ] } },
{ "type": "Feature", "properties": { "name": "National Bureau of Agriculturally Important Insects", "amenity": "college", "building": null, "capacity": null, "emergency": null, "leisure": null }, "geometry": { "type": "Point", "coordinates": [ 77.5845772, 13.026313 ] } },
{ "type": "Feature", "properties": { "name": "B. P. Indian", "amenity": "school", "building": null, "capacity": null, "emergency": null, "leisure": null }, "geometry": { "type": "Point", "coordinates": [ 77.5683395, 13.0011737 ] } },
{ "type": "Feature", "properties": { "name": "Father Mathews School", "amenity": "school", "building": null, "capacity": null, "emergency": null, "leisure": null }, "geometry": { "type": "Point", "coordinates": [ 77.5416305, 13.0457661 ] } },
{ "type": "Feature", "properties": { "name": "Vani Vilas", "amenity": "school", "building": null, "capacity": null, "emergency": null, "leisure": null }, "geometry": { "type": "Point", "coordinates": [ 77.5621798, 13.0092653 ] } },
{ "type": "Feature", "properties": { "name": "Computer Aided Design Laboratory", "amenity": "college", "building": null, "capacity": null, "emergency": null, "leisure": null }, "geometry": { "type": "Point", "coordinates": [ 77.5707285, 13.0184079 ] } },
{ "type": "Feature", "properties": { "name": "RRI Hostel", "amenity": "college", "building": null, "capacity": null, "emergency": null, "leisure": null }, "geometry": { "type": "Point", "coordinates": [ 77.5783085, 13.0245647 ] } },
{ "type": "Feature", "properties": { "name": "St. Sara's School", "amenity": "school", "building": null, "capacity": null, "emergency": null, "leisure": null }, "geometry": { "type": "Point", "coordinates": [ 77.6175314, 12.946945 ] } },
{ "type": "Feature", "properties": { "name": "Deccan school", "amenity": "school", "building": null, "capacity": null, "emergency": null, "leisure": null }, "geometry": { "type": "Point", "coordinates": [ 77.5683888, 12.9921674 ] } },
{ "type": "Feature", "properties": { "name": "Anganavadi", "amenity": "school", "building": null, "capacity": null, "emergency": null, "leisure": null }, "geometry": { "type": "Point", "coordinates": [ 77.5684205, 12.991587 ] } },
{ "type": "Feature", "properties": { "name": "Government School", "amenity": "school", "building": null, "capacity": null, "emergency": null, "leisure": null }, "geometry": { "type": "Point", "coordinates": [ 77.6139658, 12.9496275 ] } },
{ "type": "Feature", "properties": { "name": "Methodist church school", "amenity": "school", "building": null, "capacity": null, "emergency": null, "leisure": null }, "geometry": { "type": "Point", "coordinates": [ 77.6143357, 12.9497624 ] } },
{ "type": "Feature", "properties": { "name": "Adithya public school", "amenity": "school", "building": null, "capacity": null, "emergency": null, "leisure": null }, "geometry": { "type": "Point", "coordinates": [ 77.6151518, 12.9499206 ] } },
{ "type": "Feature", "properties": { "name": "Nagasena Vidyalaya", "amenity": "school", "building": null, "capacity": null, "emergency": null, "leisure": null }, "geometry": { "type": "Point", "coordinates": [ 77.5760778, 13.0140892 ] } },
{ "type": "Feature", "properties": { "name": "Advanced Animation Academy", "amenity": "school", "building": null, "capacity": null, "emergency": null, "leisure": null }, "geometry": { "type": "Point", "coordinates": [ 77.580665, 13.0089647 ] } },
{ "type": "Feature", "properties": { "name": "Vasavi Education Trust School", "amenity": "school", "building": null, "capacity": null, "emergency": null, "leisure": null }, "geometry": { "type": "Point", "coordinates": [ 77.5929709, 12.9081457 ] } },
{ "type": "Feature", "properties": { "name": "Light and Matter Physics", "amenity": "college", "building": null, "capacity": null, "emergency": null, "leisure": null }, "geometry": { "type": "Point", "coordinates": [ 77.5816225, 13.0137034 ] } },
{ "type": "Feature", "properties": { "name": "Student Amenities Center", "amenity": "college", "building": null, "capacity": null, "emergency": null, "leisure": null }, "geometry": { "type": "Point", "coordinates": [ 77.5608745, 13.0145591 ] } },
{ "type": "Feature", "properties": { "name": "Student Council Office", "amenity": "college", "building": null, "capacity": null, "emergency": null, "leisure": null }, "geometry": { "type": "Point", "coordinates": [ 77.5661498, 13.0179477 ] } },
{ "type": "Feature", "properties": { "name": "Hostel Office", "amenity": "college", "building": null, "capacity": null, "emergency": null, "leisure": null }, "geometry": { "type": "Point", "coordinates": [ 77.5651518, 13.0163759 ] } },
{ "type": "Feature", "properties": { "name": "Society for Innovation and Development", "amenity": "college", "building": null, "capacity": null, "emergency": null, "leisure": null }, "geometry": { "type": "Point", "coordinates": [ 77.5690015, 13.0129211 ] } },
{ "type": "Feature", "properties": { "name": "Naasih Montessori Public School", "amenity": "school", "building": null, "capacity": null, "emergency": null, "leisure": null }, "geometry": { "type": "Point", "coordinates": [ 77.6138117, 13.0016772 ] } },
{ "type": "Feature", "properties": { "name": "St Josephs Eng Pri Sch, B T M Layout W No 65", "amenity": "school", "building": null, "capacity": null, "emergency": null, "leisure": null }, "geometry": { "type": "Point", "coordinates": [ 77.6116922, 12.9141469 ] } },
{ "type": "Feature", "properties": { "name": "Auden Public School", "amenity": "school", "building": null, "capacity": null, "emergency": null, "leisure": null }, "geometry": { "type": "Point", "coordinates": [ 77.543378, 12.9381024 ] } },
{ "type": "Feature", "properties": { "name": "Auden School", "amenity": "school", "building": null, "capacity": null, "emergency": null, "leisure": null }, "geometry": { "type": "Point", "coordinates": [ 77.5437984, 12.9323436 ] } },
{ "type": "Feature", "properties": { "name": "Drishya", "amenity": "school", "building": null, "capacity": null, "emergency": null, "leisure": null }, "geometry": { "type": "Point", "coordinates": [ 77.5810644, 13.1048022 ] } },
{ "type": "Feature", "properties": { "name": "Mother Montessori House of Children Pre-school", "amenity": "school", "building": null, "capacity": null, "emergency": null, "leisure": null }, "geometry": { "type": "Point", "coordinates": [ 77.679021, 12.985118 ] } },
{ "type": "Feature", "properties": { "name": "LR International School", "amenity": "school", "building": null, "capacity": null, "emergency": null, "leisure": null }, "geometry": { "type": "Point", "coordinates": [ 77.679729, 12.977267 ] } },
{ "type": "Feature", "properties": { "name": "Vijaya Pre-University College", "amenity": "college", "building": null, "capacity": null, "emergency": null, "leisure": null }, "geometry": { "type": "Point", "coordinates": [ 77.5866159, 12.9279136 ] } },
{ "type": "Feature", "properties": { "name": "Saraswati Vidya Mandir", "amenity": "school", "building": null, "capacity": null, "emergency": null, "leisure": null }, "geometry": { "type": "Point", "coordinates": [ 77.5874849, 12.9340338 ] } },
{ "type": "Feature", "properties": { "name": "Good Shepherd School", "amenity": "school", "building": null, "capacity": null, "emergency": null, "leisure": null }, "geometry": { "type": "Point", "coordinates": [ 77.5816474, 12.9229013 ] } },
{ "type": "Feature", "properties": { "name": "Nehru Smaraka Vidya Kendra", "amenity": "school", "building": null, "capacity": null, "emergency": null, "leisure": null }, "geometry": { "type": "Point", "coordinates": [ 77.5778773, 12.9271452 ] } },
{ "type": "Feature", "properties": { "name": "Community English High School", "amenity": "school", "building": null, "capacity": null, "emergency": null, "leisure": null }, "geometry": { "type": "Point", "coordinates": [ 77.5841184, 12.9387689 ] } },
{ "type": "Feature", "properties": { "name": "Dr. Shyamala Reddy Dental College", "amenity": "college", "building": null, "capacity": null, "emergency": null, "leisure": null }, "geometry": { "type": "Point", "coordinates": [ 77.7026457, 12.9494661 ] } },
{ "type": "Feature", "properties": { "name": "The Dunmore House Preschool", "amenity": "school", "building": null, "capacity": null, "emergency": null, "leisure": null }, "geometry": { "type": "Point", "coordinates": [ 77.7315275, 12.9635071 ] } },
{ "type": "Feature", "properties": { "name": "Neev School", "amenity": "school", "building": null, "capacity": null, "emergency": null, "leisure": null }, "geometry": { "type": "Point", "coordinates": [ 77.7476906, 12.9625721 ] } },
{ "type": "Feature", "properties": { "name": "Bangalore International Public School", "amenity": "school", "building": null, "capacity": null, "emergency": null, "leisure": null }, "geometry": { "type": "Point", "coordinates": [ 77.5502862, 12.9095131 ] } },
{ "type": "Feature", "properties": { "name": "Jetking Computer Hardware and Networking", "amenity": "school", "building": null, "capacity": null, "emergency": null, "leisure": null }, "geometry": { "type": "Point", "coordinates": [ 77.7250546, 12.9781581 ] } },
{ "type": "Feature", "properties": { "name": "Green Country Public School", "amenity": "school", "building": null, "capacity": null, "emergency": null, "leisure": null }, "geometry": { "type": "Point", "coordinates": [ 77.5939566, 13.0592352 ] } },
{ "type": "Feature", "properties": { "name": "Bridavan College of Engineering", "amenity": "college", "building": null, "capacity": null, "emergency": null, "leisure": null }, "geometry": { "type": "Point", "coordinates": [ 77.6202857, 13.1246098 ] } },
{ "type": "Feature", "properties": { "name": "Gandhi Nagar High School", "amenity": "school", "building": null, "capacity": null, "emergency": null, "leisure": null }, "geometry": { "type": "Point", "coordinates": [ 77.5789046, 12.9910826 ] } },
{ "type": "Feature", "properties": { "name": "The New Cambridge High School", "amenity": "school", "building": null, "capacity": null, "emergency": null, "leisure": null }, "geometry": { "type": "Point", "coordinates": [ 77.5417627, 12.9655564 ] } },
{ "type": "Feature", "properties": { "name": null, "amenity": "school", "building": null, "capacity": null, "emergency": null, "leisure": null }, "geometry": { "type": "Point", "coordinates": [ 77.748098, 12.979677 ] } },
{ "type": "Feature", "properties": { "name": "Ubhaya Vedanta Pravarthana Sabha", "amenity": "school", "building": "yes", "capacity": null, "emergency": null, "leisure": null }, "geometry": { "type": "Point", "coordinates": [ 77.5701799, 13.0008128 ] } },
{ "type": "Feature", "properties": { "name": "Society of Biological Chemists", "amenity": "college", "building": null, "capacity": null, "emergency": null, "leisure": null }, "geometry": { "type": "Point", "coordinates": [ 77.5687483, 13.0155366 ] } },
{ "type": "Feature", "properties": { "name": "BGS Public School", "amenity": "school", "building": null, "capacity": null, "emergency": null, "leisure": null }, "geometry": { "type": "Point", "coordinates": [ 77.4974982, 12.9022641 ] } },
{ "type": "Feature", "properties": { "name": "Nirmala Rani High School", "amenity": "school", "building": null, "capacity": null, "emergency": null, "leisure": null }, "geometry": { "type": "Point", "coordinates": [ 77.5614979, 13.0092904 ] } },
{ "type": "Feature", "properties": { "name": "The Oxford Dental College & Hospital", "amenity": "college", "building": null, "capacity": null, "emergency": null, "leisure": null }, "geometry": { "type": "Point", "coordinates": [ 77.630134, 12.9001507 ] } },
{ "type": "Feature", "properties": { "name": "Bangalore Institute of Technology", "amenity": "college", "building": null, "capacity": null, "emergency": null, "leisure": null }, "geometry": { "type": "Point", "coordinates": [ 77.5741985, 12.9551259 ] } },
{ "type": "Feature", "properties": { "name": "Kempegowda Institute of Medical Sciences", "amenity": "college", "building": null, "capacity": null, "emergency": null, "leisure": null }, "geometry": { "type": "Point", "coordinates": [ 77.5741194, 12.9564316 ] } },
{ "type": "Feature", "properties": { "name": "VV Puram College of Arts and Commerce", "amenity": "college", "building": null, "capacity": null, "emergency": null, "leisure": null }, "geometry": { "type": "Point", "coordinates": [ 77.5741524, 12.9541058 ] } },
{ "type": "Feature", "properties": { "name": "Prarthana School", "amenity": "school", "building": null, "capacity": null, "emergency": null, "leisure": null }, "geometry": { "type": "Point", "coordinates": [ 77.5581363, 12.9119447 ] } },
{ "type": "Feature", "properties": { "name": "Gubbalala School", "amenity": "school", "building": null, "capacity": null, "emergency": null, "leisure": null }, "geometry": { "type": "Point", "coordinates": [ 77.5411424, 12.8886669 ] } },
{ "type": "Feature", "properties": { "name": "Insight Academy", "amenity": "school", "building": null, "capacity": null, "emergency": null, "leisure": null }, "geometry": { "type": "Point", "coordinates": [ 77.5596739, 12.8929689 ] } },
{ "type": "Feature", "properties": { "name": "Dayanand Sagar College of Engineering", "amenity": "college", "building": null, "capacity": null, "emergency": null, "leisure": null }, "geometry": { "type": "Point", "coordinates": [ 77.5664343, 12.9089389 ] } },
{ "type": "Feature", "properties": { "name": null, "amenity": "school", "building": null, "capacity": null, "emergency": null, "leisure": null }, "geometry": { "type": "Point", "coordinates": [ 77.6064886, 13.0365701 ] } },
{ "type": "Feature", "properties": { "name": "Global Chess Academy India", "amenity": "school", "building": null, "capacity": null, "emergency": null, "leisure": null }, "geometry": { "type": "Point", "coordinates": [ 77.530001, 12.962267 ] } },
{ "type": "Feature", "properties": { "name": "HMT Kinder Garden School", "amenity": "school", "building": null, "capacity": null, "emergency": null, "leisure": null }, "geometry": { "type": "Point", "coordinates": [ 77.5445463, 13.0474055 ] } },
{ "type": "Feature", "properties": { "name": "Mallige School Of Nursing", "amenity": "school", "building": null, "capacity": null, "emergency": null, "leisure": null }, "geometry": { "type": "Point", "coordinates": [ 77.5442244, 13.0478654 ] } },
{ "type": "Feature", "properties": { "name": "St. Claret PU College", "amenity": "school", "building": null, "capacity": null, "emergency": null, "leisure": null }, "geometry": { "type": "Point", "coordinates": [ 77.5439669, 13.0441027 ] } },
{ "type": "Feature", "properties": { "name": "Saint Claret School", "amenity": "school", "building": null, "capacity": null, "emergency": null, "leisure": null }, "geometry": { "type": "Point", "coordinates": [ 77.5451578, 13.043392 ] } },
{ "type": "Feature", "properties": { "name": "Mount Senora School", "amenity": "school", "building": null, "capacity": null, "emergency": null, "leisure": null }, "geometry": { "type": "Point", "coordinates": [ 77.5254587, 13.0055371 ] } },
{ "type": "Feature", "properties": { "name": "Bangalore Blaze Girls High School", "amenity": "school", "building": null, "capacity": null, "emergency": null, "leisure": null }, "geometry": { "type": "Point", "coordinates": [ 77.517911, 12.9582352 ] } },
{ "type": "Feature", "properties": { "name": "Vice Chancellor's Lodge", "amenity": "school", "building": null, "capacity": null, "emergency": null, "leisure": null }, "geometry": { "type": "Point", "coordinates": [ 77.50855, 12.9377048 ] } },
{ "type": "Feature", "properties": { "name": "Swargarani", "amenity": "school", "building": null, "capacity": null, "emergency": null, "leisure": null }, "geometry": { "type": "Point", "coordinates": [ 77.5271968, 12.9125086 ] } },
{ "type": "Feature", "properties": { "name": "Quality Nursing Institute", "amenity": "school", "building": null, "capacity": null, "emergency": null, "leisure": null }, "geometry": { "type": "Point", "coordinates": [ 77.5373087, 12.9081687 ] } },
{ "type": "Feature", "properties": { "name": "Government School", "amenity": "school", "building": null, "capacity": null, "emergency": null, "leisure": null }, "geometry": { "type": "Point", "coordinates": [ 77.5434456, 12.9056118 ] } },
{ "type": "Feature", "properties": { "name": "Poorna Prajna Education Center", "amenity": "school", "building": null, "capacity": null, "emergency": null, "leisure": null }, "geometry": { "type": "Point", "coordinates": [ 77.5812916, 13.0990532 ] } },
{ "type": "Feature", "properties": { "name": "Air Force School", "amenity": "school", "building": null, "capacity": null, "emergency": null, "leisure": null }, "geometry": { "type": "Point", "coordinates": [ 77.5492982, 13.0721308 ] } },
{ "type": "Feature", "properties": { "name": "Bethany High School Koramangala", "amenity": "school", "building": null, "capacity": null, "emergency": null, "leisure": null }, "geometry": { "type": "Point", "coordinates": [ 77.6207624, 12.9404971 ] } },
{ "type": "Feature", "properties": { "name": "SSM Public School", "amenity": "school", "building": null, "capacity": null, "emergency": null, "leisure": null }, "geometry": { "type": "Point", "coordinates": [ 77.5638317, 12.9328395 ] } },
{ "type": "Feature", "properties": { "name": "Sacred Heart College", "amenity": "college", "building": null, "capacity": null, "emergency": null, "leisure": null }, "geometry": { "type": "Point", "coordinates": [ 77.6616713, 12.9659306 ] } },
{ "type": "Feature", "properties": { "name": "Kamala Nehru Patashala (Emmanual English School)", "amenity": "school", "building": null, "capacity": null, "emergency": null, "leisure": null }, "geometry": { "type": "Point", "coordinates": [ 77.5664867, 12.9339482 ] } },
{ "type": "Feature", "properties": { "name": "Chaitnya nursing School", "amenity": "school", "building": null, "capacity": null, "emergency": null, "leisure": null }, "geometry": { "type": "Point", "coordinates": [ 77.5861639, 13.0995417 ] } },
{ "type": "Feature", "properties": { "name": "Fathima's Girls High School", "amenity": "school", "building": null, "capacity": null, "emergency": null, "leisure": null }, "geometry": { "type": "Point", "coordinates": [ 77.6109656, 12.9968818 ] } },
{ "type": "Feature", "properties": { "name": "Santosh Institute of Nursing & Research", "amenity": "school", "building": null, "capacity": null, "emergency": null, "leisure": null }, "geometry": { "type": "Point", "coordinates": [ 77.6024335, 12.9916626 ] } },
{ "type": "Feature", "properties": { "name": "St. Francis Xavier's High School", "amenity": "school", "building": null, "capacity": null, "emergency": null, "leisure": null }, "geometry": { "type": "Point", "coordinates": [ 77.6131994, 12.9933042 ] } },
{ "type": "Feature", "properties": { "name": "St. Joseph's Convent Girls High School", "amenity": "school", "building": null, "capacity": null, "emergency": null, "leisure": null }, "geometry": { "type": "Point", "coordinates": [ 77.6135802, 12.992426 ] } },
{ "type": "Feature", "properties": { "name": "Holy Angel's High School", "amenity": "school", "building": null, "capacity": null, "emergency": null, "leisure": null }, "geometry": { "type": "Point", "coordinates": [ 77.6144766, 12.9938162 ] } },
{ "type": "Feature", "properties": { "name": "RTC Girls High School", "amenity": "school", "building": null, "capacity": null, "emergency": null, "leisure": null }, "geometry": { "type": "Point", "coordinates": [ 77.6141548, 12.9926871 ] } },
{ "type": "Feature", "properties": { "name": "Kripanidhi Cambridge Public School", "amenity": "school", "building": null, "capacity": null, "emergency": null, "leisure": null }, "geometry": { "type": "Point", "coordinates": [ 77.6384508, 12.9246365 ] } },
{ "type": "Feature", "properties": { "name": "St Francis ICSE school", "amenity": "school", "building": null, "capacity": null, "emergency": null, "leisure": null }, "geometry": { "type": "Point", "coordinates": [ 77.6252612, 12.8889212 ] } },
{ "type": "Feature", "properties": { "name": "Sri Kumaran Children's Home", "amenity": "school", "building": null, "capacity": null, "emergency": null, "leisure": null }, "geometry": { "type": "Point", "coordinates": [ 77.5726226, 12.9333166 ] } },
{ "type": "Feature", "properties": { "name": "SSM Primary School", "amenity": "school", "building": null, "capacity": null, "emergency": null, "leisure": null }, "geometry": { "type": "Point", "coordinates": [ 77.5699296, 12.9356689 ] } },
{ "type": "Feature", "properties": { "name": "Kumaran Children's High School", "amenity": "school", "building": null, "capacity": null, "emergency": null, "leisure": null }, "geometry": { "type": "Point", "coordinates": [ 77.5717482, 12.9329402 ] } },
{ "type": "Feature", "properties": { "name": "Sharada School", "amenity": "school", "building": null, "capacity": null, "emergency": null, "leisure": null }, "geometry": { "type": "Point", "coordinates": [ 77.5982875, 13.0583621 ] } },
{ "type": "Feature", "properties": { "name": "Little Lilly's English School", "amenity": "school", "building": null, "capacity": null, "emergency": null, "leisure": null }, "geometry": { "type": "Point", "coordinates": [ 77.5478152, 13.0092391 ] } },
{ "type": "Feature", "properties": { "name": "Sri Vani Education Society", "amenity": "school", "building": null, "capacity": null, "emergency": null, "leisure": null }, "geometry": { "type": "Point", "coordinates": [ 77.5547591, 13.0037708 ] } },
{ "type": "Feature", "properties": { "name": "Government Primary School Yelenahalli", "amenity": "school", "building": null, "capacity": null, "emergency": null, "leisure": null }, "geometry": { "type": "Point", "coordinates": [ 77.6162668, 12.867378 ] } },
{ "type": "Feature", "properties": { "name": "Holy Child Convent School", "amenity": "school", "building": null, "capacity": null, "emergency": null, "leisure": null }, "geometry": { "type": "Point", "coordinates": [ 77.56002, 12.9373897 ] } },
{ "type": "Feature", "properties": { "name": "Niveditha school", "amenity": "school", "building": null, "capacity": null, "emergency": null, "leisure": null }, "geometry": { "type": "Point", "coordinates": [ 77.5672085, 12.9453673 ] } },
{ "type": "Feature", "properties": { "name": "SSVM GP Branch", "amenity": "school", "building": null, "capacity": null, "emergency": null, "leisure": null }, "geometry": { "type": "Point", "coordinates": [ 77.5651593, 12.9444263 ] } },
{ "type": "Feature", "properties": { "name": "BASE", "amenity": "school", "building": null, "capacity": null, "emergency": null, "leisure": null }, "geometry": { "type": "Point", "coordinates": [ 77.5679644, 12.9455787 ] } },
{ "type": "Feature", "properties": { "name": null, "amenity": "school", "building": null, "capacity": null, "emergency": null, "leisure": null }, "geometry": { "type": "Point", "coordinates": [ 77.5346306, 13.0004716 ] } },
{ "type": "Feature", "properties": { "name": "Gautham College of Nursing", "amenity": "school", "building": null, "capacity": null, "emergency": null, "leisure": null }, "geometry": { "type": "Point", "coordinates": [ 77.5411129, 13.001119 ] } },
{ "type": "Feature", "properties": { "name": "Anupama English School", "amenity": "school", "building": null, "capacity": null, "emergency": null, "leisure": null }, "geometry": { "type": "Point", "coordinates": [ 77.5409358, 13.0000789 ] } },
{ "type": "Feature", "properties": { "name": "Vasavi Polytechnic College", "amenity": "school", "building": null, "capacity": null, "emergency": null, "leisure": null }, "geometry": { "type": "Point", "coordinates": [ 77.5442442, 12.9737683 ] } },
{ "type": "Feature", "properties": { "name": "RNS Vidyaniketan School", "amenity": "school", "building": null, "capacity": null, "emergency": null, "leisure": null }, "geometry": { "type": "Point", "coordinates": [ 77.5327333, 12.9619713 ] } },
{ "type": "Feature", "properties": { "name": "KVV High School", "amenity": "school", "building": null, "capacity": null, "emergency": null, "leisure": null }, "geometry": { "type": "Point", "coordinates": [ 77.5330893, 12.9646688 ] } },
{ "type": "Feature", "properties": { "name": "Indo-German School", "amenity": "school", "building": null, "capacity": null, "emergency": null, "leisure": null }, "geometry": { "type": "Point", "coordinates": [ 77.6580406, 13.0042548 ] } },
{ "type": "Feature", "properties": { "name": "Ankur Nursery School", "amenity": "school", "building": null, "capacity": null, "emergency": null, "leisure": null }, "geometry": { "type": "Point", "coordinates": [ 77.6278036, 12.9719967 ] } },
{ "type": "Feature", "properties": { "name": "St. Johns High School", "amenity": "school", "building": null, "capacity": null, "emergency": null, "leisure": null }, "geometry": { "type": "Point", "coordinates": [ 77.541311, 12.9655182 ] } },
{ "type": "Feature", "properties": { "name": "Bangalore Institute of Dental Sciences", "amenity": "college", "building": null, "capacity": null, "emergency": null, "leisure": null }, "geometry": { "type": "Point", "coordinates": [ 77.5969354, 12.9441664 ] } },
{ "type": "Feature", "properties": { "name": "Bharat Seva Dal", "amenity": "school", "building": null, "capacity": null, "emergency": null, "leisure": null }, "geometry": { "type": "Point", "coordinates": [ 77.5805314, 12.9873383 ] } },
{ "type": "Feature", "properties": { "name": "Yadava College", "amenity": "college", "building": null, "capacity": null, "emergency": null, "leisure": null }, "geometry": { "type": "Point", "coordinates": [ 77.5772559, 12.9865401 ] } },
{ "type": "Feature", "properties": { "name": "JSS Composite PU College", "amenity": "school", "building": "school", "capacity": null, "emergency": null, "leisure": null }, "geometry": { "type": "Point", "coordinates": [ 77.5755122, 12.9220691 ] } },
{ "type": "Feature", "properties": { "name": "RNS Institute of Technology", "amenity": "college", "building": null, "capacity": null, "emergency": null, "leisure": null }, "geometry": { "type": "Point", "coordinates": [ 77.5183793, 12.9017846 ] } },
{ "type": "Feature", "properties": { "name": "Bangalore Educational Society", "amenity": "school", "building": null, "capacity": null, "emergency": null, "leisure": null }, "geometry": { "type": "Point", "coordinates": [ 77.5885571, 12.9269543 ] } },
{ "type": "Feature", "properties": { "name": "Bangalore High School(BHS)", "amenity": "school", "building": null, "capacity": null, "emergency": null, "leisure": null }, "geometry": { "type": "Point", "coordinates": [ 77.5868566, 12.9282849 ] } },
{ "type": "Feature", "properties": { "name": "Sree Rama Vidyalaya", "amenity": "school", "building": null, "capacity": null, "emergency": null, "leisure": null }, "geometry": { "type": "Point", "coordinates": [ 77.5843066, 12.938312 ] } },
{ "type": "Feature", "properties": { "name": "Narayana PU College", "amenity": "school", "building": null, "capacity": null, "emergency": null, "leisure": null }, "geometry": { "type": "Point", "coordinates": [ 77.6673677, 13.0128343 ] } },
{ "type": "Feature", "properties": { "name": "Patel Public School", "amenity": "school", "building": null, "capacity": null, "emergency": null, "leisure": null }, "geometry": { "type": "Point", "coordinates": [ 77.6423518, 13.0143184 ] } },
{ "type": "Feature", "properties": { "name": "Government Model Middle School", "amenity": "school", "building": null, "capacity": null, "emergency": null, "leisure": null }, "geometry": { "type": "Point", "coordinates": [ 77.7683812, 12.9818777 ] } },
{ "type": "Feature", "properties": { "name": "Jain Animation School", "amenity": "school", "building": null, "capacity": null, "emergency": null, "leisure": null }, "geometry": { "type": "Point", "coordinates": [ 77.5920869, 12.9179899 ] } },
{ "type": "Feature", "properties": { "name": "Kuvempu Smaraka Vidya Kendra School", "amenity": "school", "building": null, "capacity": null, "emergency": null, "leisure": null }, "geometry": { "type": "Point", "coordinates": [ 77.7543636, 12.9678471 ] } },
{ "type": "Feature", "properties": { "name": null, "amenity": "school", "building": null, "capacity": null, "emergency": null, "leisure": null }, "geometry": { "type": "Point", "coordinates": [ 77.5640252, 12.9598806 ] } },
{ "type": "Feature", "properties": { "name": "BBUL Jain Vidyalaya", "amenity": "school", "building": null, "capacity": null, "emergency": null, "leisure": null }, "geometry": { "type": "Point", "coordinates": [ 77.5724909, 12.9540088 ] } },
{ "type": "Feature", "properties": { "name": "Gnanabodhini English Pre-Primary School", "amenity": "school", "building": null, "capacity": null, "emergency": null, "leisure": null }, "geometry": { "type": "Point", "coordinates": [ 77.4945152, 12.9263122 ] } },
{ "type": "Feature", "properties": { "name": null, "amenity": "school", "building": null, "capacity": null, "emergency": null, "leisure": null }, "geometry": { "type": "Point", "coordinates": [ 77.5042307, 13.0034513 ] } },
{ "type": "Feature", "properties": { "name": "Sahakari Vidya Kendra", "amenity": "school", "building": null, "capacity": null, "emergency": null, "leisure": null }, "geometry": { "type": "Point", "coordinates": [ 77.5591112, 12.9184077 ] } },
{ "type": "Feature", "properties": { "name": "Alliance Business School Admin Office", "amenity": "college", "building": null, "capacity": null, "emergency": null, "leisure": null }, "geometry": { "type": "Point", "coordinates": [ 77.6194004, 12.9169487 ] } },
{ "type": "Feature", "properties": { "name": "Capitol Public School", "amenity": "school", "building": null, "capacity": null, "emergency": null, "leisure": null }, "geometry": { "type": "Point", "coordinates": [ 77.5810131, 12.8880679 ] } },
{ "type": "Feature", "properties": { "name": "Hennur Government School", "amenity": "school", "building": null, "capacity": null, "emergency": null, "leisure": null }, "geometry": { "type": "Point", "coordinates": [ 77.6344642, 13.0347257 ] } },
{ "type": "Feature", "properties": { "name": "Indus Early Learning Centre", "amenity": "school", "building": null, "capacity": null, "emergency": null, "leisure": null }, "geometry": { "type": "Point", "coordinates": [ 77.74526, 12.9746587 ] } },
{ "type": "Feature", "properties": { "name": "Capitol College of Nursing", "amenity": "college", "building": null, "capacity": null, "emergency": null, "leisure": null }, "geometry": { "type": "Point", "coordinates": [ 77.5818317, 12.8849462 ] } },
{ "type": "Feature", "properties": { "name": "St Aloysius Pre Unniversity College", "amenity": "school", "building": null, "capacity": null, "emergency": null, "leisure": null }, "geometry": { "type": "Point", "coordinates": [ 77.6196026, 12.994291 ] } },
{ "type": "Feature", "properties": { "name": "Cambridge School Kothanur", "amenity": "school", "building": null, "capacity": null, "emergency": null, "leisure": null }, "geometry": { "type": "Point", "coordinates": [ 77.5856544, 12.886025 ] } },
{ "type": "Feature", "properties": { "name": "East West Institue of Technology", "amenity": "school", "building": null, "capacity": null, "emergency": null, "leisure": null }, "geometry": { "type": "Point", "coordinates": [ 77.4832366, 12.9759458 ] } },
{ "type": "Feature", "properties": { "name": "Satish Dhawan Auditorium", "amenity": "college", "building": null, "capacity": null, "emergency": null, "leisure": null }, "geometry": { "type": "Point", "coordinates": [ 77.5694411, 13.0138137 ] } },
{ "type": "Feature", "properties": { "name": "St. Joseph's Indian Composite PU College", "amenity": "school", "building": null, "capacity": null, "emergency": null, "leisure": null }, "geometry": { "type": "Point", "coordinates": [ 77.5950441, 12.9689388 ] } },
{ "type": "Feature", "properties": { "name": "Prarthana School", "amenity": "school", "building": null, "capacity": null, "emergency": null, "leisure": null }, "geometry": { "type": "Point", "coordinates": [ 77.559228, 12.9146638 ] } },
{ "type": "Feature", "properties": { "name": "Bangalore Scottish School", "amenity": "school", "building": null, "capacity": null, "emergency": null, "leisure": null }, "geometry": { "type": "Point", "coordinates": [ 77.5796579, 12.8803576 ] } },
{ "type": "Feature", "properties": { "name": "Srinidhi Public School", "amenity": "school", "building": null, "capacity": null, "emergency": null, "leisure": null }, "geometry": { "type": "Point", "coordinates": [ 77.5704042, 12.8828036 ] } },
{ "type": "Feature", "properties": { "name": "Jnana Deepthi English Primary and High School", "amenity": "school", "building": null, "capacity": null, "emergency": null, "leisure": null }, "geometry": { "type": "Point", "coordinates": [ 77.542, 12.9438068 ] } },
{ "type": "Feature", "properties": { "name": "BSVP School", "amenity": "school", "building": null, "capacity": null, "emergency": null, "leisure": null }, "geometry": { "type": "Point", "coordinates": [ 77.5410962, 12.9731634 ] } },
{ "type": "Feature", "properties": { "name": "St Ann's School", "amenity": "school", "building": null, "capacity": null, "emergency": null, "leisure": null }, "geometry": { "type": "Point", "coordinates": [ 77.5566101, 12.9800113 ] } },
{ "type": "Feature", "properties": { "name": "St Mira's School", "amenity": "school", "building": null, "capacity": null, "emergency": null, "leisure": null }, "geometry": { "type": "Point", "coordinates": [ 77.5553656, 12.9776695 ] } },
{ "type": "Feature", "properties": { "name": "New Baldwins School", "amenity": "school", "building": null, "capacity": null, "emergency": null, "leisure": null }, "geometry": { "type": "Point", "coordinates": [ 77.6575124, 13.0141643 ] } },
{ "type": "Feature", "properties": { "name": "Vinayaka Vidya Samsthe", "amenity": "school", "building": null, "capacity": null, "emergency": null, "leisure": null }, "geometry": { "type": "Point", "coordinates": [ 77.5577545, 12.9369041 ] } },
{ "type": "Feature", "properties": { "name": "Little Lilly's School", "amenity": "school", "building": null, "capacity": null, "emergency": null, "leisure": null }, "geometry": { "type": "Point", "coordinates": [ 77.5569872, 13.0763182 ] } },
{ "type": "Feature", "properties": { "name": "Horticulture Training Center", "amenity": "college", "building": null, "capacity": null, "emergency": null, "leisure": null }, "geometry": { "type": "Point", "coordinates": [ 77.5847747, 12.9444702 ] } },
{ "type": "Feature", "properties": { "name": "Government School", "amenity": "school", "building": null, "capacity": null, "emergency": null, "leisure": null }, "geometry": { "type": "Point", "coordinates": [ 77.7333977, 12.9812737 ] } },
{ "type": "Feature", "properties": { "name": "Mother Mary English School", "amenity": "school", "building": null, "capacity": null, "emergency": null, "leisure": null }, "geometry": { "type": "Point", "coordinates": [ 77.6482717, 13.0054674 ] } },
{ "type": "Feature", "properties": { "name": null, "amenity": "school", "building": null, "capacity": null, "emergency": null, "leisure": null }, "geometry": { "type": "Point", "coordinates": [ 77.7550286, 13.0053531 ] } },
{ "type": "Feature", "properties": { "name": "East Point College", "amenity": "college", "building": null, "capacity": null, "emergency": null, "leisure": null }, "geometry": { "type": "Point", "coordinates": [ 77.6426558, 13.0155815 ] } },
{ "type": "Feature", "properties": { "name": "Pinewood High School", "amenity": "school", "building": null, "capacity": null, "emergency": null, "leisure": null }, "geometry": { "type": "Point", "coordinates": [ 77.5311252, 12.9751013 ] } },
{ "type": "Feature", "properties": { "name": "ASC Study Center", "amenity": "college", "building": null, "capacity": null, "emergency": null, "leisure": null }, "geometry": { "type": "Point", "coordinates": [ 77.5313481, 12.9753608 ] } },
{ "type": "Feature", "properties": { "name": "ASC Degree College", "amenity": "college", "building": null, "capacity": null, "emergency": null, "leisure": null }, "geometry": { "type": "Point", "coordinates": [ 77.5305492, 12.9761551 ] } },
{ "type": "Feature", "properties": { "name": "Cordial High School", "amenity": "school", "building": null, "capacity": null, "emergency": null, "leisure": null }, "geometry": { "type": "Point", "coordinates": [ 77.5324927, 12.9754931 ] } },
{ "type": "Feature", "properties": { "name": "Zee Institute of Creative Arts", "amenity": "college", "building": null, "capacity": null, "emergency": null, "leisure": null }, "geometry": { "type": "Point", "coordinates": [ 77.537746, 12.9900378 ] } },
{ "type": "Feature", "properties": { "name": "Chandra Gymkhana Institute", "amenity": "college", "building": null, "capacity": null, "emergency": null, "leisure": null }, "geometry": { "type": "Point", "coordinates": [ 77.527289, 12.9608934 ] } },
{ "type": "Feature", "properties": { "name": "New Baldwin School", "amenity": "school", "building": null, "capacity": null, "emergency": null, "leisure": null }, "geometry": { "type": "Point", "coordinates": [ 77.5981308, 12.9322822 ] } },
{ "type": "Feature", "properties": { "name": "CMS", "amenity": "college", "building": null, "capacity": null, "emergency": null, "leisure": null }, "geometry": { "type": "Point", "coordinates": [ 77.5858092, 12.9797671 ] } },
{ "type": "Feature", "properties": { "name": "Government School", "amenity": "school", "building": null, "capacity": null, "emergency": null, "leisure": null }, "geometry": { "type": "Point", "coordinates": [ 77.591066, 12.9669946 ] } },
{ "type": "Feature", "properties": { "name": "Soundarya Institute of Management", "amenity": "school", "building": null, "capacity": null, "emergency": null, "leisure": null }, "geometry": { "type": "Point", "coordinates": [ 77.4939828, 13.0706671 ] } },
{ "type": "Feature", "properties": { "name": "UAS School", "amenity": "school", "building": null, "capacity": null, "emergency": null, "leisure": null }, "geometry": { "type": "Point", "coordinates": [ 77.5829489, 13.0292523 ] } },
{ "type": "Feature", "properties": { "name": "Sri Ram Driving School", "amenity": "school", "building": null, "capacity": null, "emergency": null, "leisure": null }, "geometry": { "type": "Point", "coordinates": [ 77.6271298, 12.9003488 ] } },
{ "type": "Feature", "properties": { "name": "Aradhana Academy", "amenity": "school", "building": null, "capacity": null, "emergency": null, "leisure": null }, "geometry": { "type": "Point", "coordinates": [ 77.5917498, 12.8847019 ] } },
{ "type": "Feature", "properties": { "name": "New Arvind Memorial School", "amenity": "school", "building": null, "capacity": null, "emergency": null, "leisure": null }, "geometry": { "type": "Point", "coordinates": [ 77.6150069, 12.8947594 ] } },
{ "type": "Feature", "properties": { "name": "St Teresa Hps Begur", "amenity": "school", "building": null, "capacity": null, "emergency": null, "leisure": null }, "geometry": { "type": "Point", "coordinates": [ 77.6260135, 12.8730251 ] } },
{ "type": "Feature", "properties": { "name": "St Teresa Hs", "amenity": "school", "building": null, "capacity": null, "emergency": null, "leisure": null }, "geometry": { "type": "Point", "coordinates": [ 77.6259345, 12.8737507 ] } },
{ "type": "Feature", "properties": { "name": "Udaya School", "amenity": "school", "building": null, "capacity": null, "emergency": null, "leisure": null }, "geometry": { "type": "Point", "coordinates": [ 77.5361839, 12.9700741 ] } },
{ "type": "Feature", "properties": { "name": "Carmel School Ground", "amenity": "school", "building": null, "capacity": null, "emergency": null, "leisure": null }, "geometry": { "type": "Point", "coordinates": [ 77.518945, 12.9242219 ] } },
{ "type": "Feature", "properties": { "name": "Divecha Centre for Climate Change", "amenity": "college", "building": null, "capacity": null, "emergency": null, "leisure": null }, "geometry": { "type": "Point", "coordinates": [ 77.5707254, 13.0192552 ] } },
{ "type": "Feature", "properties": { "name": "Rajarajeshwari School", "amenity": "school", "building": null, "capacity": null, "emergency": null, "leisure": null }, "geometry": { "type": "Point", "coordinates": [ 77.5540677, 13.0610953 ] } },
{ "type": "Feature", "properties": { "name": "KKN coaching classes", "amenity": "school", "building": null, "capacity": null, "emergency": null, "leisure": null }, "geometry": { "type": "Point", "coordinates": [ 77.5511668, 12.9387638 ] } },
{ "type": "Feature", "properties": { "name": null, "amenity": "school", "building": null, "capacity": null, "emergency": null, "leisure": null }, "geometry": { "type": "Point", "coordinates": [ 77.7026729, 12.9596512 ] } },
{ "type": "Feature", "properties": { "name": "Amaravathy PU College", "amenity": "college", "building": null, "capacity": null, "emergency": null, "leisure": null }, "geometry": { "type": "Point", "coordinates": [ 77.5817854, 12.8872703 ] } },
{ "type": "Feature", "properties": { "name": "The Oxford College of Engineering", "amenity": "college", "building": null, "capacity": null, "emergency": null, "leisure": null }, "geometry": { "type": "Point", "coordinates": [ 77.631261, 12.9020523 ] } },
{ "type": "Feature", "properties": { "name": "SJB Institute of Technology", "amenity": "college", "building": null, "capacity": null, "emergency": null, "leisure": null }, "geometry": { "type": "Point", "coordinates": [ 77.4963065, 12.8990538 ] } },
{ "type": "Feature", "properties": { "name": "BNM Institute of Technology", "amenity": "college", "building": null, "capacity": null, "emergency": null, "leisure": null }, "geometry": { "type": "Point", "coordinates": [ 77.5675933, 12.921883 ] } },
{ "type": "Feature", "properties": { "name": "Good To Excellence", "amenity": "school", "building": null, "capacity": null, "emergency": null, "leisure": null }, "geometry": { "type": "Point", "coordinates": [ 77.6110998, 12.9167733 ] } },
{ "type": "Feature", "properties": { "name": "IBS business school", "amenity": "school", "building": null, "capacity": null, "emergency": null, "leisure": null }, "geometry": { "type": "Point", "coordinates": [ 77.4640772, 12.8982 ] } },
{ "type": "Feature", "properties": { "name": "Kairalee Nikethan Education Trust", "amenity": "college", "building": null, "capacity": null, "emergency": null, "leisure": null }, "geometry": { "type": "Point", "coordinates": [ 77.6393682, 12.9792701 ] } },
{ "type": "Feature", "properties": { "name": "Casa de Bambeino Montessori", "amenity": "school", "building": null, "capacity": null, "emergency": null, "leisure": null }, "geometry": { "type": "Point", "coordinates": [ 77.6431739, 12.9780057 ] } },
{ "type": "Feature", "properties": { "name": "DQ Labs", "amenity": "school", "building": null, "capacity": null, "emergency": null, "leisure": null }, "geometry": { "type": "Point", "coordinates": [ 77.6415863, 12.9737451 ] } },
{ "type": "Feature", "properties": { "name": "CNK Reddy College of Business Management.", "amenity": "school", "building": null, "capacity": null, "emergency": null, "leisure": null }, "geometry": { "type": "Point", "coordinates": [ 77.6362533, 12.9770253 ] } },
{ "type": "Feature", "properties": { "name": "K M J College Of Nursing.", "amenity": "college", "building": null, "capacity": null, "emergency": null, "leisure": null }, "geometry": { "type": "Point", "coordinates": [ 77.6367467, 12.977444 ] } },
{ "type": "Feature", "properties": { "name": "The Oxford Secondary School", "amenity": "school", "building": null, "capacity": null, "emergency": null, "leisure": null }, "geometry": { "type": "Point", "coordinates": [ 77.5811845, 12.9098297 ] } },
{ "type": "Feature", "properties": { "name": "Business Excellence Institute", "amenity": "college", "building": null, "capacity": null, "emergency": null, "leisure": null }, "geometry": { "type": "Point", "coordinates": [ 77.6381006, 12.9824741 ] } },
{ "type": "Feature", "properties": { "name": "The Oxford College of Hotel Management", "amenity": "college", "building": null, "capacity": null, "emergency": null, "leisure": null }, "geometry": { "type": "Point", "coordinates": [ 77.5808492, 12.9096963 ] } },
{ "type": "Feature", "properties": { "name": "The Oxford Pre-University College", "amenity": "college", "building": null, "capacity": null, "emergency": null, "leisure": null }, "geometry": { "type": "Point", "coordinates": [ 77.5808465, 12.9098009 ] } },
{ "type": "Feature", "properties": { "name": "The Oxford English School", "amenity": "school", "building": null, "capacity": null, "emergency": null, "leisure": null }, "geometry": { "type": "Point", "coordinates": [ 77.5812489, 12.9095133 ] } },
{ "type": "Feature", "properties": { "name": "The Oxford Senior Secondary School", "amenity": "school", "building": null, "capacity": null, "emergency": null, "leisure": null }, "geometry": { "type": "Point", "coordinates": [ 77.5812542, 12.9098297 ] } },
{ "type": "Feature", "properties": { "name": "The Oxford Evening Polytechnic", "amenity": "college", "building": null, "capacity": null, "emergency": null, "leisure": null }, "geometry": { "type": "Point", "coordinates": [ 77.5808465, 12.9095343 ] } },
{ "type": "Feature", "properties": { "name": "The Oxford Polytechnic", "amenity": "college", "building": null, "capacity": null, "emergency": null, "leisure": null }, "geometry": { "type": "Point", "coordinates": [ 77.5808465, 12.9098532 ] } },
{ "type": "Feature", "properties": { "name": "The Oxford Primary School", "amenity": "school", "building": null, "capacity": null, "emergency": null, "leisure": null }, "geometry": { "type": "Point", "coordinates": [ 77.5815125, 12.9100822 ] } },
{ "type": "Feature", "properties": { "name": "Kannada Government School", "amenity": "school", "building": null, "capacity": null, "emergency": null, "leisure": null }, "geometry": { "type": "Point", "coordinates": [ 77.6635028, 12.9949932 ] } },
{ "type": "Feature", "properties": { "name": "Bangalore Montessori High School", "amenity": "school", "building": null, "capacity": null, "emergency": null, "leisure": null }, "geometry": { "type": "Point", "coordinates": [ 77.6376138, 12.9561948 ] } },
{ "type": "Feature", "properties": { "name": "K.R.L.S. Patel Rama Reddy English High School", "amenity": "school", "building": null, "capacity": null, "emergency": null, "leisure": null }, "geometry": { "type": "Point", "coordinates": [ 77.6374003, 12.9552332 ] } },
{ "type": "Feature", "properties": { "name": "Eye Level Learning Center", "amenity": "school", "building": null, "capacity": null, "emergency": null, "leisure": null }, "geometry": { "type": "Point", "coordinates": [ 77.6227858, 12.9419581 ] } },
{ "type": "Feature", "properties": { "name": "Nammura Government Model Primary School", "amenity": "school", "building": null, "capacity": null, "emergency": null, "leisure": null }, "geometry": { "type": "Point", "coordinates": [ 77.5263173, 13.0353468 ] } },
{ "type": "Feature", "properties": { "name": "BET Convent", "amenity": "school", "building": null, "capacity": null, "emergency": null, "leisure": null }, "geometry": { "type": "Point", "coordinates": [ 77.5213014, 12.9209531 ] } },
{ "type": "Feature", "properties": { "name": "Info Era - Software training institute", "amenity": "school", "building": null, "capacity": null, "emergency": null, "leisure": null }, "geometry": { "type": "Point", "coordinates": [ 77.6372856, 12.9801741 ] } },
{ "type": "Feature", "properties": { "name": "Urban DIET", "amenity": "college", "building": null, "capacity": null, "emergency": null, "leisure": null }, "geometry": { "type": "Point", "coordinates": [ 77.5135774, 12.9313595 ] } },
{ "type": "Feature", "properties": { "name": "Iqra International School, Bangalore", "amenity": "college", "building": null, "capacity": null, "emergency": null, "leisure": null }, "geometry": { "type": "Point", "coordinates": [ 77.6143926, 12.9175685 ] } },
{ "type": "Feature", "properties": { "name": "Wisdom International School", "amenity": "college", "building": null, "capacity": null, "emergency": null, "leisure": null }, "geometry": { "type": "Point", "coordinates": [ 77.608563, 12.9195986 ] } },
{ "type": "Feature", "properties": { "name": "S Cadambi Pre University College", "amenity": "college", "building": null, "capacity": null, "emergency": null, "leisure": null }, "geometry": { "type": "Point", "coordinates": [ 77.5393225, 12.993765 ] } },
{ "type": "Feature", "properties": { "name": "Srs English Nursery School", "amenity": "school", "building": null, "capacity": null, "emergency": null, "leisure": null }, "geometry": { "type": "Point", "coordinates": [ 77.5990903, 12.9482223 ] } },
{ "type": "Feature", "properties": { "name": "Rose of Sharon Nursery School", "amenity": "school", "building": null, "capacity": null, "emergency": null, "leisure": null }, "geometry": { "type": "Point", "coordinates": [ 77.6439187, 12.9790633 ] } },
{ "type": "Feature", "properties": { "name": "Rakum school for blind", "amenity": "school", "building": null, "capacity": null, "emergency": null, "leisure": null }, "geometry": { "type": "Point", "coordinates": [ 77.6433912, 12.9792948 ] } },
{ "type": "Feature", "properties": { "name": "Agricultural Engineering", "amenity": "college", "building": null, "capacity": null, "emergency": null, "leisure": null }, "geometry": { "type": "Point", "coordinates": [ 77.5717807, 13.0788225 ] } },
{ "type": "Feature", "properties": { "name": "Government School", "amenity": "school", "building": null, "capacity": null, "emergency": null, "leisure": null }, "geometry": { "type": "Point", "coordinates": [ 77.5804526, 12.9615699 ] } },
{ "type": "Feature", "properties": { "name": "Government Primary School", "amenity": "school", "building": null, "capacity": null, "emergency": null, "leisure": null }, "geometry": { "type": "Point", "coordinates": [ 77.6659562, 12.9814182 ] } },
{ "type": "Feature", "properties": { "name": "Godwin English School", "amenity": "school", "building": null, "capacity": null, "emergency": null, "leisure": null }, "geometry": { "type": "Point", "coordinates": [ 77.5670902, 12.9665259 ] } },
{ "type": "Feature", "properties": { "name": "Department of Computational and Data Sciences", "amenity": "college", "building": null, "capacity": null, "emergency": null, "leisure": null }, "geometry": { "type": "Point", "coordinates": [ 77.5709518, 13.0165683 ] } },
{ "type": "Feature", "properties": { "name": "Supercomputer Education and Research Centre", "amenity": "college", "building": null, "capacity": null, "emergency": null, "leisure": null }, "geometry": { "type": "Point", "coordinates": [ 77.5707323, 13.016558 ] } },
{ "type": "Feature", "properties": { "name": "Little Aryans", "amenity": "school", "building": null, "capacity": null, "emergency": null, "leisure": null }, "geometry": { "type": "Point", "coordinates": [ 77.5825547, 12.8819897 ] } },
{ "type": "Feature", "properties": { "name": "Reliance", "amenity": "school", "building": null, "capacity": null, "emergency": null, "leisure": null }, "geometry": { "type": "Point", "coordinates": [ 77.6169398, 12.9581905 ] } },
{ "type": "Feature", "properties": { "name": "M S Ramaiah University of Applied Sciences", "amenity": "school", "building": null, "capacity": null, "emergency": null, "leisure": null }, "geometry": { "type": "Point", "coordinates": [ 77.5091024, 13.0184747 ] } },
{ "type": "Feature", "properties": { "name": "Presidency University", "amenity": "college", "building": null, "capacity": null, "emergency": null, "leisure": null }, "geometry": { "type": "Point", "coordinates": [ 77.6036377, 12.9655881 ] } },
{ "type": "Feature", "properties": { "name": "Stracey Memorial Composite PU College", "amenity": "college", "building": null, "capacity": null, "emergency": null, "leisure": null }, "geometry": { "type": "Point", "coordinates": [ 77.6021343, 12.974863 ] } },
{ "type": "Feature", "properties": { "name": "GHPS Yellukunte", "amenity": "school", "building": null, "capacity": null, "emergency": null, "leisure": null }, "geometry": { "type": "Point", "coordinates": [ 77.6414765, 12.9056484 ] } },
{ "type": "Feature", "properties": { "name": "Marian Kids", "amenity": "school", "building": null, "capacity": null, "emergency": null, "leisure": null }, "geometry": { "type": "Point", "coordinates": [ 77.6041637, 13.026938 ] } },
{ "type": "Feature", "properties": { "name": "Mona Nursery, Primary and High School", "amenity": "school", "building": null, "capacity": null, "emergency": null, "leisure": null }, "geometry": { "type": "Point", "coordinates": [ 77.6043712, 13.0276254 ] } },
{ "type": "Feature", "properties": { "name": "Vagdevi Vilas super school", "amenity": "school", "building": null, "capacity": null, "emergency": null, "leisure": null }, "geometry": { "type": "Point", "coordinates": [ 77.710759, 12.9458064 ] } },
{ "type": "Feature", "properties": { "name": "Government Higher Primary School Devarabisanahalli", "amenity": "school", "building": null, "capacity": null, "emergency": null, "leisure": null }, "geometry": { "type": "Point", "coordinates": [ 77.6914948, 12.9236532 ] } },
{ "type": "Feature", "properties": { "name": "Greenvalley high school", "amenity": "school", "building": null, "capacity": null, "emergency": null, "leisure": null }, "geometry": { "type": "Point", "coordinates": [ 77.5719005, 12.8920481 ] } },
{ "type": "Feature", "properties": { "name": "Hani Foundation Montessori", "amenity": "school", "building": null, "capacity": null, "emergency": null, "leisure": null }, "geometry": { "type": "Point", "coordinates": [ 77.5675026, 12.8867987 ] } },
{ "type": "Feature", "properties": { "name": "Sri Chaitanya Techno School", "amenity": "school", "building": null, "capacity": null, "emergency": null, "leisure": null }, "geometry": { "type": "Point", "coordinates": [ 77.5426932, 12.913853 ] } },
{ "type": "Feature", "properties": { "name": "Narayana e-Techno School", "amenity": "school", "building": null, "capacity": null, "emergency": null, "leisure": null }, "geometry": { "type": "Point", "coordinates": [ 77.5784799, 12.8963221 ] } },
{ "type": "Feature", "properties": { "name": "Chrysalis Kids", "amenity": "school", "building": null, "capacity": null, "emergency": null, "leisure": null }, "geometry": { "type": "Point", "coordinates": [ 77.7495412, 12.9640704 ] } },
{ "type": "Feature", "properties": { "name": "East West Academy", "amenity": "school", "building": null, "capacity": null, "emergency": null, "leisure": null }, "geometry": { "type": "Point", "coordinates": [ 77.5515572, 12.9834865 ] } },
{ "type": "Feature", "properties": { "name": "High School", "amenity": "school", "building": null, "capacity": null, "emergency": null, "leisure": null }, "geometry": { "type": "Point", "coordinates": [ 77.6633011, 12.9215701 ] } },
{ "type": "Feature", "properties": { "name": "Government Higher Primary School", "amenity": "school", "building": null, "capacity": null, "emergency": null, "leisure": null }, "geometry": { "type": "Point", "coordinates": [ 77.6873802, 12.9370295 ] } },
{ "type": "Feature", "properties": { "name": "Traffic Police Station Kamakshipalya", "amenity": "school", "building": null, "capacity": null, "emergency": null, "leisure": null }, "geometry": { "type": "Point", "coordinates": [ 77.5402233, 12.9879713 ] } },
{ "type": "Feature", "properties": { "name": "MVJ PU College", "amenity": "college", "building": null, "capacity": null, "emergency": null, "leisure": null }, "geometry": { "type": "Point", "coordinates": [ 77.5696566, 12.9237659 ] } },
{ "type": "Feature", "properties": { "name": "CMS Business School, Jain University", "amenity": "school", "building": null, "capacity": null, "emergency": null, "leisure": null }, "geometry": { "type": "Point", "coordinates": [ 77.5851583, 12.9030471 ] } },
{ "type": "Feature", "properties": { "name": "RMS International School", "amenity": "school", "building": null, "capacity": null, "emergency": null, "leisure": null }, "geometry": { "type": "Point", "coordinates": [ 77.5655484, 12.8922387 ] } },
{ "type": "Feature", "properties": { "name": "NIIT", "amenity": "school", "building": null, "capacity": null, "emergency": null, "leisure": null }, "geometry": { "type": "Point", "coordinates": [ 77.5652629, 12.8915698 ] } },
{ "type": "Feature", "properties": { "name": "Bright Way School", "amenity": "school", "building": null, "capacity": null, "emergency": null, "leisure": null }, "geometry": { "type": "Point", "coordinates": [ 77.5533196, 12.9053331 ] } },
{ "type": "Feature", "properties": { "name": "Sri Ravishankar Vidya Mandir", "amenity": "school", "building": null, "capacity": null, "emergency": null, "leisure": null }, "geometry": { "type": "Point", "coordinates": [ 77.6522753, 12.9703809 ] } },
{ "type": "Feature", "properties": { "name": "Government Primary School", "amenity": "school", "building": null, "capacity": null, "emergency": null, "leisure": null }, "geometry": { "type": "Point", "coordinates": [ 77.6719357, 12.9459897 ] } },
{ "type": "Feature", "properties": { "name": "Prasad Vidya Mandir", "amenity": "school", "building": null, "capacity": null, "emergency": null, "leisure": null }, "geometry": { "type": "Point", "coordinates": [ 77.6808752, 12.9474274 ] } },
{ "type": "Feature", "properties": { "name": "Prasad Vidya Mandir", "amenity": "school", "building": null, "capacity": null, "emergency": null, "leisure": null }, "geometry": { "type": "Point", "coordinates": [ 77.6817564, 12.9480263 ] } },
{ "type": "Feature", "properties": { "name": "Allen Career Institute", "amenity": "college", "building": null, "capacity": null, "emergency": null, "leisure": null }, "geometry": { "type": "Point", "coordinates": [ 77.5444298, 12.9853846 ] } },
{ "type": "Feature", "properties": { "name": "Indian High School", "amenity": "school", "building": null, "capacity": null, "emergency": null, "leisure": null }, "geometry": { "type": "Point", "coordinates": [ 77.5458656, 12.9938105 ] } },
{ "type": "Feature", "properties": { "name": "Dr Ambedkar Nursery Primary & High School", "amenity": "school", "building": null, "capacity": null, "emergency": null, "leisure": null }, "geometry": { "type": "Point", "coordinates": [ 77.6481803, 12.9624108 ] } },
{ "type": "Feature", "properties": { "name": "Mother Mary English School", "amenity": "school", "building": null, "capacity": null, "emergency": null, "leisure": null }, "geometry": { "type": "Point", "coordinates": [ 77.652898, 12.9761276 ] } },
{ "type": "Feature", "properties": { "name": "St. Thomas Public School", "amenity": "school", "building": null, "capacity": null, "emergency": null, "leisure": null }, "geometry": { "type": "Point", "coordinates": [ 77.6526652, 12.9759235 ] } },
{ "type": "Feature", "properties": { "name": "Government school", "amenity": "school", "building": null, "capacity": null, "emergency": null, "leisure": null }, "geometry": { "type": "Point", "coordinates": [ 77.4812378, 12.984899 ] } },
{ "type": "Feature", "properties": { "name": "Government Primary School", "amenity": "school", "building": null, "capacity": null, "emergency": null, "leisure": null }, "geometry": { "type": "Point", "coordinates": [ 77.6513232, 12.9741482 ] } },
{ "type": "Feature", "properties": { "name": "Kumon Education Center", "amenity": "school", "building": null, "capacity": null, "emergency": null, "leisure": null }, "geometry": { "type": "Point", "coordinates": [ 77.5488857, 13.0042862 ] } },
{ "type": "Feature", "properties": { "name": "Brindavan College", "amenity": "college", "building": null, "capacity": null, "emergency": null, "leisure": null }, "geometry": { "type": "Point", "coordinates": [ 77.580082, 13.0439246 ] } },
{ "type": "Feature", "properties": { "name": "Kingston school", "amenity": "school", "building": null, "capacity": null, "emergency": null, "leisure": null }, "geometry": { "type": "Point", "coordinates": [ 77.599251, 13.0264736 ] } },
{ "type": "Feature", "properties": { "name": "ಶ್ರೀ ಕೃಷ್ಣ ಪಿ ಯು ಕಾಲೇಜು", "amenity": "school", "building": null, "capacity": null, "emergency": null, "leisure": null }, "geometry": { "type": "Point", "coordinates": [ 77.5577461, 12.9314007 ] } },
{ "type": "Feature", "properties": { "name": "Government School", "amenity": "school", "building": null, "capacity": null, "emergency": null, "leisure": null }, "geometry": { "type": "Point", "coordinates": [ 77.6030612, 12.8763018 ] } },
{ "type": "Feature", "properties": { "name": "Government School", "amenity": "school", "building": null, "capacity": null, "emergency": null, "leisure": null }, "geometry": { "type": "Point", "coordinates": [ 77.6026104, 12.8782079 ] } },
{ "type": "Feature", "properties": { "name": "Lords School", "amenity": "school", "building": null, "capacity": null, "emergency": null, "leisure": null }, "geometry": { "type": "Point", "coordinates": [ 77.6021148, 12.8771444 ] } },
{ "type": "Feature", "properties": { "name": "Cambridge School", "amenity": "school", "building": null, "capacity": null, "emergency": null, "leisure": null }, "geometry": { "type": "Point", "coordinates": [ 77.5936181, 12.9588237 ] } },
{ "type": "Feature", "properties": { "name": "BKS", "amenity": "school", "building": null, "capacity": null, "emergency": null, "leisure": null }, "geometry": { "type": "Point", "coordinates": [ 77.6135965, 12.983464 ] } },
{ "type": "Feature", "properties": { "name": "Purvankara academy of excellence", "amenity": "school", "building": null, "capacity": null, "emergency": null, "leisure": null }, "geometry": { "type": "Point", "coordinates": [ 77.6197537, 12.9749455 ] } },
{ "type": "Feature", "properties": { "name": "Driving school for all types of cars", "amenity": "school", "building": null, "capacity": null, "emergency": null, "leisure": null }, "geometry": { "type": "Point", "coordinates": [ 77.5937414, 12.9479719 ] } },
{ "type": "Feature", "properties": { "name": "Govt. Urdu English Medium High School", "amenity": "school", "building": null, "capacity": null, "emergency": null, "leisure": null }, "geometry": { "type": "Point", "coordinates": [ 77.5945885, 12.9447229 ] } },
{ "type": "Feature", "properties": { "name": "St George High School", "amenity": "school", "building": null, "capacity": null, "emergency": null, "leisure": null }, "geometry": { "type": "Point", "coordinates": [ 77.6691847, 13.0311434 ] } },
{ "type": "Feature", "properties": { "name": "Sunshine Childrens Home and School", "amenity": "school", "building": null, "capacity": null, "emergency": null, "leisure": null }, "geometry": { "type": "Point", "coordinates": [ 77.6682208, 13.0309806 ] } },
{ "type": "Feature", "properties": { "name": null, "amenity": "school", "building": null, "capacity": null, "emergency": null, "leisure": null }, "geometry": { "type": "Point", "coordinates": [ 77.5894098, 12.9290086 ] } },
{ "type": "Feature", "properties": { "name": "Vbr pu college", "amenity": "college", "building": null, "capacity": null, "emergency": null, "leisure": null }, "geometry": { "type": "Point", "coordinates": [ 77.6305228, 13.03269 ] } },
{ "type": "Feature", "properties": { "name": null, "amenity": "school", "building": null, "capacity": null, "emergency": null, "leisure": null }, "geometry": { "type": "Point", "coordinates": [ 77.6452745, 13.006508 ] } },
{ "type": "Feature", "properties": { "name": null, "amenity": "school", "building": null, "capacity": null, "emergency": null, "leisure": null }, "geometry": { "type": "Point", "coordinates": [ 77.64736, 13.0085915 ] } },
{ "type": "Feature", "properties": { "name": "Rays Academy For Learning", "amenity": "school", "building": null, "capacity": null, "emergency": null, "leisure": null }, "geometry": { "type": "Point", "coordinates": [ 77.556381, 12.8938836 ] } },
{ "type": "Feature", "properties": { "name": "Government First Grade College", "amenity": "college", "building": null, "capacity": null, "emergency": null, "leisure": null }, "geometry": { "type": "Point", "coordinates": [ 77.5528214, 12.9933689 ] } },
{ "type": "Feature", "properties": { "name": "Footprints Preschool and Daycare", "amenity": "school", "building": null, "capacity": null, "emergency": null, "leisure": null }, "geometry": { "type": "Point", "coordinates": [ 77.7506994, 12.9795928 ] } },
{ "type": "Feature", "properties": { "name": "Kinder Castle", "amenity": "school", "building": null, "capacity": null, "emergency": null, "leisure": null }, "geometry": { "type": "Point", "coordinates": [ 77.646499, 12.9771755 ] } },
{ "type": "Feature", "properties": { "name": "Dhurii", "amenity": "school", "building": null, "capacity": null, "emergency": null, "leisure": null }, "geometry": { "type": "Point", "coordinates": [ 77.6483419, 12.9690381 ] } },
{ "type": "Feature", "properties": { "name": "Kinto School", "amenity": "school", "building": null, "capacity": null, "emergency": null, "leisure": null }, "geometry": { "type": "Point", "coordinates": [ 77.551268, 12.9629891 ] } },
{ "type": "Feature", "properties": { "name": "Kinto High School", "amenity": "school", "building": null, "capacity": null, "emergency": null, "leisure": null }, "geometry": { "type": "Point", "coordinates": [ 77.5468666, 12.9610936 ] } },
{ "type": "Feature", "properties": { "name": "Jawahar School", "amenity": "school", "building": null, "capacity": null, "emergency": null, "leisure": null }, "geometry": { "type": "Point", "coordinates": [ 77.5529474, 12.9634851 ] } },
{ "type": "Feature", "properties": { "name": "MediBase", "amenity": "school", "building": null, "capacity": null, "emergency": null, "leisure": null }, "geometry": { "type": "Point", "coordinates": [ 77.5483683, 12.9366134 ] } },
{ "type": "Feature", "properties": { "name": "KKN coaching classes", "amenity": "school", "building": null, "capacity": null, "emergency": null, "leisure": null }, "geometry": { "type": "Point", "coordinates": [ 77.5486218, 12.9369584 ] } },
{ "type": "Feature", "properties": { "name": "Raghav's Coaching Centre", "amenity": "school", "building": null, "capacity": null, "emergency": null, "leisure": null }, "geometry": { "type": "Point", "coordinates": [ 77.5773644, 12.9523571 ] } },
{ "type": "Feature", "properties": { "name": "Janana Deepthi School", "amenity": "school", "building": null, "capacity": null, "emergency": null, "leisure": null }, "geometry": { "type": "Point", "coordinates": [ 77.5416769, 12.940807 ] } },
{ "type": "Feature", "properties": { "name": "Rajajinagar PU Degree College", "amenity": "college", "building": null, "capacity": null, "emergency": null, "leisure": null }, "geometry": { "type": "Point", "coordinates": [ 77.5559878, 12.9848766 ] } },
{ "type": "Feature", "properties": { "name": "Holy Shepherd English High School", "amenity": "school", "building": null, "capacity": null, "emergency": null, "leisure": null }, "geometry": { "type": "Point", "coordinates": [ 77.6390579, 12.9790489 ] } },
{ "type": "Feature", "properties": { "name": "Hindi Shikshak Training College", "amenity": "college", "building": null, "capacity": null, "emergency": null, "leisure": null }, "geometry": { "type": "Point", "coordinates": [ 77.5507951, 12.9913348 ] } },
{ "type": "Feature", "properties": { "name": null, "amenity": "school", "building": null, "capacity": null, "emergency": null, "leisure": null }, "geometry": { "type": "Point", "coordinates": [ 77.5850456, 12.9269166 ] } },
{ "type": "Feature", "properties": { "name": "Tiny Angels English Primary School", "amenity": "school", "building": null, "capacity": null, "emergency": null, "leisure": null }, "geometry": { "type": "Point", "coordinates": [ 77.5856543, 12.8999597 ] } },
{ "type": "Feature", "properties": { "name": "Teacher's Academy Degree College", "amenity": "college", "building": null, "capacity": null, "emergency": null, "leisure": null }, "geometry": { "type": "Point", "coordinates": [ 77.6306485, 13.0282133 ] } },
{ "type": "Feature", "properties": { "name": "GHPS Anjanapura", "amenity": "school", "building": null, "capacity": null, "emergency": null, "leisure": null }, "geometry": { "type": "Point", "coordinates": [ 77.5641166, 12.8620102 ] } },
{ "type": "Feature", "properties": { "name": "GHPS Agara", "amenity": "school", "building": null, "capacity": null, "emergency": null, "leisure": null }, "geometry": { "type": "Point", "coordinates": [ 77.6501646, 12.9237787 ] } },
{ "type": "Feature", "properties": { "name": "GHPS Aralakunate", "amenity": "school", "building": null, "capacity": null, "emergency": null, "leisure": null }, "geometry": { "type": "Point", "coordinates": [ 77.6515095, 12.8982752 ] } },
{ "type": "Feature", "properties": { "name": "GHPS Arakere", "amenity": "school", "building": null, "capacity": null, "emergency": null, "leisure": null }, "geometry": { "type": "Point", "coordinates": [ 77.6017702, 12.8841602 ] } },
{ "type": "Feature", "properties": { "name": "Budda HPS BTM layout", "amenity": "school", "building": null, "capacity": null, "emergency": null, "leisure": null }, "geometry": { "type": "Point", "coordinates": [ 77.6147674, 12.9191035 ] } },
{ "type": "Feature", "properties": { "name": "GHPS NS Palya", "amenity": "school", "building": null, "capacity": null, "emergency": null, "leisure": null }, "geometry": { "type": "Point", "coordinates": [ 77.6045543, 12.9087935 ] } },
{ "type": "Feature", "properties": { "name": "Vidya Jyothi KHPS BTM Layout", "amenity": "school", "building": null, "capacity": null, "emergency": null, "leisure": null }, "geometry": { "type": "Point", "coordinates": [ 77.6160973, 12.9141446 ] } },
{ "type": "Feature", "properties": { "name": "BET Mahadeshwar Nagar", "amenity": "school", "building": null, "capacity": null, "emergency": null, "leisure": null }, "geometry": { "type": "Point", "coordinates": [ 77.6109339, 12.9066742 ] } },
{ "type": "Feature", "properties": { "name": "GKHPS Vivekangara", "amenity": "school", "building": null, "capacity": null, "emergency": null, "leisure": null }, "geometry": { "type": "Point", "coordinates": [ 77.6210383, 12.9552253 ] } },
{ "type": "Feature", "properties": { "name": "GTELPS Vivekanagara", "amenity": "school", "building": null, "capacity": null, "emergency": null, "leisure": null }, "geometry": { "type": "Point", "coordinates": [ 77.6210785, 12.9551126 ] } },
{ "type": "Feature", "properties": { "name": "GHPS Beratena Agrahara", "amenity": "school", "building": null, "capacity": null, "emergency": null, "leisure": null }, "geometry": { "type": "Point", "coordinates": [ 77.6559799, 12.8673681 ] } },
{ "type": "Feature", "properties": { "name": "Gnanaprakasham KHPS Bilekalli", "amenity": "school", "building": null, "capacity": null, "emergency": null, "leisure": null }, "geometry": { "type": "Point", "coordinates": [ 77.6033285, 12.8992326 ] } },
{ "type": "Feature", "properties": { "name": "GHPS Bilekalli", "amenity": "school", "building": null, "capacity": null, "emergency": null, "leisure": null }, "geometry": { "type": "Point", "coordinates": [ 77.6083074, 12.8998165 ] } },
{ "type": "Feature", "properties": { "name": "GKHPS Bommanahalli", "amenity": "school", "building": null, "capacity": null, "emergency": null, "leisure": null }, "geometry": { "type": "Point", "coordinates": [ 77.629646, 12.9064542 ] } },
{ "type": "Feature", "properties": { "name": "GUHPS Bommanahalli", "amenity": "school", "building": null, "capacity": null, "emergency": null, "leisure": null }, "geometry": { "type": "Point", "coordinates": [ 77.6271138, 12.9057047 ] } },
{ "type": "Feature", "properties": { "name": "GHPS Venugopal Nagar", "amenity": "school", "building": null, "capacity": null, "emergency": null, "leisure": null }, "geometry": { "type": "Point", "coordinates": [ 77.5995362, 12.8722269 ] } },
{ "type": "Feature", "properties": { "name": "GUHPS Subhash Nagar", "amenity": "school", "building": null, "capacity": null, "emergency": null, "leisure": null }, "geometry": { "type": "Point", "coordinates": [ 77.6392183, 12.8733 ] } },
{ "type": "Feature", "properties": { "name": "GHPS Chunchaghatta", "amenity": "school", "building": null, "capacity": null, "emergency": null, "leisure": null }, "geometry": { "type": "Point", "coordinates": [ 77.5738805, 12.885891 ] } },
{ "type": "Feature", "properties": { "name": "GUPHS Arblen", "amenity": "school", "building": null, "capacity": null, "emergency": null, "leisure": null }, "geometry": { "type": "Point", "coordinates": [ 77.6061116, 12.96555 ] } },
{ "type": "Feature", "properties": { "name": "GHPS Doopanahalli", "amenity": "school", "building": null, "capacity": null, "emergency": null, "leisure": null }, "geometry": { "type": "Point", "coordinates": [ 77.639208, 12.9673592 ] } },
{ "type": "Feature", "properties": { "name": "GHPS Devarachikkana Halli", "amenity": "school", "building": null, "capacity": null, "emergency": null, "leisure": null }, "geometry": { "type": "Point", "coordinates": [ 77.6158231, 12.8887812 ] } },
{ "type": "Feature", "properties": { "name": "GHPS Gottigere", "amenity": "school", "building": null, "capacity": null, "emergency": null, "leisure": null }, "geometry": { "type": "Point", "coordinates": [ 77.5890223, 12.8590074 ] } },
{ "type": "Feature", "properties": { "name": "GHPS Kembathhalli", "amenity": "school", "building": null, "capacity": null, "emergency": null, "leisure": null }, "geometry": { "type": "Point", "coordinates": [ 77.576942, 12.8572549 ] } },
{ "type": "Feature", "properties": { "name": "GMPS Hongassandra", "amenity": "school", "building": null, "capacity": null, "emergency": null, "leisure": null }, "geometry": { "type": "Point", "coordinates": [ 77.6243027, 12.896159 ] } },
{ "type": "Feature", "properties": { "name": "Svs HPS Hongasandra", "amenity": "school", "building": null, "capacity": null, "emergency": null, "leisure": null }, "geometry": { "type": "Point", "coordinates": [ 77.627282, 12.8910839 ] } },
{ "type": "Feature", "properties": { "name": "GHPS (K) Jogupalya", "amenity": "school", "building": null, "capacity": null, "emergency": null, "leisure": null }, "geometry": { "type": "Point", "coordinates": [ 77.6302852, 12.9723069 ] } },
{ "type": "Feature", "properties": { "name": "GUHPS Jogupalya", "amenity": "school", "building": null, "capacity": null, "emergency": null, "leisure": null }, "geometry": { "type": "Point", "coordinates": [ 77.6311063, 12.9706487 ] } },
{ "type": "Feature", "properties": { "name": "Sri Ramakrishna HPS Ulsoor", "amenity": "school", "building": null, "capacity": null, "emergency": null, "leisure": null }, "geometry": { "type": "Point", "coordinates": [ 77.6293447, 12.9760932 ] } },
{ "type": "Feature", "properties": { "name": "GMPS Marp Adugodi", "amenity": "school", "building": null, "capacity": null, "emergency": null, "leisure": null }, "geometry": { "type": "Point", "coordinates": [ 77.6120178, 12.9411408 ] } },
{ "type": "Feature", "properties": { "name": "GUHPS Rajendranagar", "amenity": "school", "building": null, "capacity": null, "emergency": null, "leisure": null }, "geometry": { "type": "Point", "coordinates": [ 77.6171647, 12.9475264 ] } },
{ "type": "Feature", "properties": { "name": "Koramangala K&T HPS", "amenity": "school", "building": null, "capacity": null, "emergency": null, "leisure": null }, "geometry": { "type": "Point", "coordinates": [ 77.6182798, 12.94766 ] } },
{ "type": "Feature", "properties": { "name": "Long Memorial HPS", "amenity": "school", "building": null, "capacity": null, "emergency": null, "leisure": null }, "geometry": { "type": "Point", "coordinates": [ 77.6089966, 12.942581 ] } },
{ "type": "Feature", "properties": { "name": "GMPS Koramangala", "amenity": "school", "building": null, "capacity": null, "emergency": null, "leisure": null }, "geometry": { "type": "Point", "coordinates": [ 77.6189383, 12.9436634 ] } },
{ "type": "Feature", "properties": { "name": "Shivaganga HPS Koramangala", "amenity": "school", "building": null, "capacity": null, "emergency": null, "leisure": null }, "geometry": { "type": "Point", "coordinates": [ 77.6188547, 12.94917 ] } },
{ "type": "Feature", "properties": { "name": "GHPS Kothanur", "amenity": "school", "building": null, "capacity": null, "emergency": null, "leisure": null }, "geometry": { "type": "Point", "coordinates": [ 77.5786186, 12.8764315 ] } },
{ "type": "Feature", "properties": { "name": "GHPS Dairy Colony", "amenity": "school", "building": null, "capacity": null, "emergency": null, "leisure": null }, "geometry": { "type": "Point", "coordinates": [ 77.6072286, 12.9386863 ] } },
{ "type": "Feature", "properties": { "name": "GHPS Lakkasandra", "amenity": "school", "building": null, "capacity": null, "emergency": null, "leisure": null }, "geometry": { "type": "Point", "coordinates": [ 77.6000871, 12.9438378 ] } },
{ "type": "Feature", "properties": { "name": "GHPS Suddagunte Palya", "amenity": "school", "building": null, "capacity": null, "emergency": null, "leisure": null }, "geometry": { "type": "Point", "coordinates": [ 77.6083105, 12.9305952 ] } },
{ "type": "Feature", "properties": { "name": "GMPS Munichinnappa Adugodi", "amenity": "school", "building": null, "capacity": null, "emergency": null, "leisure": null }, "geometry": { "type": "Point", "coordinates": [ 77.6069753, 12.9442879 ] } },
{ "type": "Feature", "properties": { "name": "GUHPS Lakkasandra", "amenity": "school", "building": null, "capacity": null, "emergency": null, "leisure": null }, "geometry": { "type": "Point", "coordinates": [ 77.5995158, 12.9431126 ] } },
{ "type": "Feature", "properties": { "name": "Chikanna Madevi HPS Venkatapur", "amenity": "school", "building": null, "capacity": null, "emergency": null, "leisure": null }, "geometry": { "type": "Point", "coordinates": [ 77.6363478, 12.9217806 ] } },
{ "type": "Feature", "properties": { "name": "Government Model Public School Venkatapura", "amenity": "school", "building": null, "capacity": null, "emergency": null, "leisure": null }, "geometry": { "type": "Point", "coordinates": [ 77.6338341, 12.9207382 ] } },
{ "type": "Feature", "properties": { "name": "GHPS Ksrp Koramangala", "amenity": "school", "building": null, "capacity": null, "emergency": null, "leisure": null }, "geometry": { "type": "Point", "coordinates": [ 77.6325688, 12.9243486 ] } },
{ "type": "Feature", "properties": { "name": "Sri Sathyanarayana HPS Madival", "amenity": "school", "building": null, "capacity": null, "emergency": null, "leisure": null }, "geometry": { "type": "Point", "coordinates": [ 77.6185744, 12.9244734 ] } },
{ "type": "Feature", "properties": { "name": "GUHPS  New Tavarekere", "amenity": "school", "building": null, "capacity": null, "emergency": null, "leisure": null }, "geometry": { "type": "Point", "coordinates": [ 77.6087264, 12.9199038 ] } },
{ "type": "Feature", "properties": { "name": "GHPS Tavarekere", "amenity": "school", "building": null, "capacity": null, "emergency": null, "leisure": null }, "geometry": { "type": "Point", "coordinates": [ 77.61023, 12.9218216 ] } },
{ "type": "Feature", "properties": { "name": "GHPS Eegipura", "amenity": "school", "building": null, "capacity": null, "emergency": null, "leisure": null }, "geometry": { "type": "Point", "coordinates": [ 77.6296536, 12.9447434 ] } },
{ "type": "Feature", "properties": { "name": "GUHPS Madivala", "amenity": "school", "building": null, "capacity": null, "emergency": null, "leisure": null }, "geometry": { "type": "Point", "coordinates": [ 77.619154, 12.9221808 ] } },
{ "type": "Feature", "properties": { "name": "Mahanagara Palike HPS Neelasandra", "amenity": "school", "building": null, "capacity": null, "emergency": null, "leisure": null }, "geometry": { "type": "Point", "coordinates": [ 77.6116127, 12.9547967 ] } },
{ "type": "Feature", "properties": { "name": "GUHPS Neelasandra", "amenity": "school", "building": null, "capacity": null, "emergency": null, "leisure": null }, "geometry": { "type": "Point", "coordinates": [ 77.6036834, 12.9174015 ] } },
{ "type": "Feature", "properties": { "name": "GHPS Parappana Agrahara Centra", "amenity": "school", "building": null, "capacity": null, "emergency": null, "leisure": null }, "geometry": { "type": "Point", "coordinates": [ 77.6674463, 12.8814541 ] } },
{ "type": "Feature", "properties": { "name": "GHPS Ksrtc Shanthinagar", "amenity": "school", "building": null, "capacity": null, "emergency": null, "leisure": null }, "geometry": { "type": "Point", "coordinates": [ 77.6004211, 12.9539725 ] } },
{ "type": "Feature", "properties": { "name": "Shanthi KHPS Vinayakanagar", "amenity": "school", "building": null, "capacity": null, "emergency": null, "leisure": null }, "geometry": { "type": "Point", "coordinates": [ 77.6005694, 12.9533162 ] } },
{ "type": "Feature", "properties": { "name": "GKHPS Yalagondana Palya", "amenity": "school", "building": null, "capacity": null, "emergency": null, "leisure": null }, "geometry": { "type": "Point", "coordinates": [ 77.6161707, 12.9639537 ] } },
{ "type": "Feature", "properties": { "name": "Government Urdu Higher Primary School", "amenity": "school", "building": null, "capacity": null, "emergency": null, "leisure": null }, "geometry": { "type": "Point", "coordinates": [ 77.5965327, 12.9296754 ] } },
{ "type": "Feature", "properties": { "name": "St Michael LPS Shanthinagar", "amenity": "school", "building": null, "capacity": null, "emergency": null, "leisure": null }, "geometry": { "type": "Point", "coordinates": [ 77.5978653, 12.9555605 ] } },
{ "type": "Feature", "properties": { "name": "Sadhguru Sai Baba HPS Roopena Bommanahalli", "amenity": "school", "building": null, "capacity": null, "emergency": null, "leisure": null }, "geometry": { "type": "Point", "coordinates": [ 77.6249479, 12.9103875 ] } },
{ "type": "Feature", "properties": { "name": "GKHPS Yadiyuru", "amenity": "school", "building": null, "capacity": null, "emergency": null, "leisure": null }, "geometry": { "type": "Point", "coordinates": [ 77.5756443, 12.9308215 ] } },
{ "type": "Feature", "properties": { "name": "NSVK Kannada School Jayanagar", "amenity": "school", "building": null, "capacity": null, "emergency": null, "leisure": null }, "geometry": { "type": "Point", "coordinates": [ 77.5757852, 12.9275465 ] } },
{ "type": "Feature", "properties": { "name": "Vijaya HPS Jayanagar", "amenity": "school", "building": null, "capacity": null, "emergency": null, "leisure": null }, "geometry": { "type": "Point", "coordinates": [ 77.57751, 12.9357317 ] } },
{ "type": "Feature", "properties": { "name": "Panchavati Vidyamandira Jayanagar", "amenity": "school", "building": null, "capacity": null, "emergency": null, "leisure": null }, "geometry": { "type": "Point", "coordinates": [ 77.5888165, 12.9274871 ] } },
{ "type": "Feature", "properties": { "name": "GHPS Konanakunte", "amenity": "school", "building": null, "capacity": null, "emergency": null, "leisure": null }, "geometry": { "type": "Point", "coordinates": [ 77.5688673, 12.8873821 ] } },
{ "type": "Feature", "properties": { "name": "GHPS Jambusavari Dinne", "amenity": "school", "building": null, "capacity": null, "emergency": null, "leisure": null }, "geometry": { "type": "Point", "coordinates": [ 77.5815146, 12.8655347 ] } },
{ "type": "Feature", "properties": { "name": "Jnanajyothi HPS Nekarara Colony", "amenity": "school", "building": null, "capacity": null, "emergency": null, "leisure": null }, "geometry": { "type": "Point", "coordinates": [ 77.5840074, 12.8474735 ] } },
{ "type": "Feature", "properties": { "name": "GMPS Nekarara Colony", "amenity": "school", "building": null, "capacity": null, "emergency": null, "leisure": null }, "geometry": { "type": "Point", "coordinates": [ 77.5850056, 12.8435532 ] } },
{ "type": "Feature", "properties": { "name": "GHPS Kodichikkana Halli", "amenity": "school", "building": null, "capacity": null, "emergency": null, "leisure": null }, "geometry": { "type": "Point", "coordinates": [ 77.6201862, 12.9006028 ] } },
{ "type": "Feature", "properties": { "name": "Sahakari Vidyakendra AHPS Jayanagar", "amenity": "school", "building": null, "capacity": null, "emergency": null, "leisure": null }, "geometry": { "type": "Point", "coordinates": [ 77.5978472, 12.9180064 ] } },
{ "type": "Feature", "properties": { "name": "GHPS Gurappana Palya", "amenity": "school", "building": null, "capacity": null, "emergency": null, "leisure": null }, "geometry": { "type": "Point", "coordinates": [ 77.605562, 12.9188794 ] } },
{ "type": "Feature", "properties": { "name": "GHPS Puttayyana Palya", "amenity": "school", "building": null, "capacity": null, "emergency": null, "leisure": null }, "geometry": { "type": "Point", "coordinates": [ 77.5940053, 12.9197208 ] } },
{ "type": "Feature", "properties": { "name": "GUHPS New Gurappana Palya", "amenity": "school", "building": null, "capacity": null, "emergency": null, "leisure": null }, "geometry": { "type": "Point", "coordinates": [ 77.6041393, 12.9242342 ] } },
{ "type": "Feature", "properties": { "name": "GUMHPS Old Gurappana Palya", "amenity": "school", "building": null, "capacity": null, "emergency": null, "leisure": null }, "geometry": { "type": "Point", "coordinates": [ 77.6058977, 12.9224842 ] } },
{ "type": "Feature", "properties": { "name": "Saint Anthony Higher Primary School", "amenity": "school", "building": null, "capacity": null, "emergency": null, "leisure": null }, "geometry": { "type": "Point", "coordinates": [ 77.6000111, 12.9264405 ] } },
{ "type": "Feature", "properties": { "name": "Ganapathi Vidyamandir V V Puram", "amenity": "school", "building": null, "capacity": null, "emergency": null, "leisure": null }, "geometry": { "type": "Point", "coordinates": [ 77.5817969, 12.9523143 ] } },
{ "type": "Feature", "properties": { "name": "GHPS Tilak Nagar", "amenity": "school", "building": null, "capacity": null, "emergency": null, "leisure": null }, "geometry": { "type": "Point", "coordinates": [ 77.5994396, 12.9315109 ] } },
{ "type": "Feature", "properties": { "name": "Kumarans HPS Jayanagar", "amenity": "school", "building": null, "capacity": null, "emergency": null, "leisure": null }, "geometry": { "type": "Point", "coordinates": [ 77.5903119, 12.9179833 ] } },
{ "type": "Feature", "properties": { "name": "GHPS Ibaloor", "amenity": "school", "building": null, "capacity": null, "emergency": null, "leisure": null }, "geometry": { "type": "Point", "coordinates": [ 77.6634399, 12.921317 ] } },
{ "type": "Feature", "properties": { "name": "GHPS Byrasandra", "amenity": "school", "building": null, "capacity": null, "emergency": null, "leisure": null }, "geometry": { "type": "Point", "coordinates": [ 77.5910009, 12.933863 ] } },
{ "type": "Feature", "properties": { "name": "GHPS(U) Byrasandra", "amenity": "school", "building": null, "capacity": null, "emergency": null, "leisure": null }, "geometry": { "type": "Point", "coordinates": [ 77.5918045, 12.9329465 ] } },
{ "type": "Feature", "properties": { "name": "Tejaswini KHPS Yadiyur", "amenity": "school", "building": null, "capacity": null, "emergency": null, "leisure": null }, "geometry": { "type": "Point", "coordinates": [ 77.5882379, 12.9308366 ] } },
{ "type": "Feature", "properties": { "name": "Adarsh KHPS", "amenity": "school", "building": null, "capacity": null, "emergency": null, "leisure": null }, "geometry": { "type": "Point", "coordinates": [ 77.589132, 12.9306021 ] } },
{ "type": "Feature", "properties": { "name": "Shree Sangameshwara KHPS Byrasandra", "amenity": "school", "building": null, "capacity": null, "emergency": null, "leisure": null }, "geometry": { "type": "Point", "coordinates": [ 77.5906546, 12.9339884 ] } },
{ "type": "Feature", "properties": { "name": "GUHPS V V Puram", "amenity": "school", "building": null, "capacity": null, "emergency": null, "leisure": null }, "geometry": { "type": "Point", "coordinates": [ 77.5821593, 12.9544133 ] } },
{ "type": "Feature", "properties": { "name": "GHPS Lalbhag Siddapur", "amenity": "school", "building": null, "capacity": null, "emergency": null, "leisure": null }, "geometry": { "type": "Point", "coordinates": [ 77.5884207, 12.9458038 ] } },
{ "type": "Feature", "properties": { "name": "GMPS Puttenhalli", "amenity": "school", "building": null, "capacity": null, "emergency": null, "leisure": null }, "geometry": { "type": "Point", "coordinates": [ 77.582022, 12.8975384 ] } },
{ "type": "Feature", "properties": { "name": "Sangameshwara HPS Byrasandra", "amenity": "school", "building": null, "capacity": null, "emergency": null, "leisure": null }, "geometry": { "type": "Point", "coordinates": [ 77.6023166, 12.9116316 ] } },
{ "type": "Feature", "properties": { "name": "Padmavathi HS Suddagunte Palya", "amenity": "school", "building": null, "capacity": null, "emergency": null, "leisure": null }, "geometry": { "type": "Point", "coordinates": [ 77.6117497, 12.9475906 ] } },
{ "type": "Feature", "properties": { "name": "GUHPS Mangammana Palya", "amenity": "school", "building": null, "capacity": null, "emergency": null, "leisure": null }, "geometry": { "type": "Point", "coordinates": [ 77.6350512, 12.9042134 ] } },
{ "type": "Feature", "properties": { "name": "St Miras HPS Ulsoor", "amenity": "school", "building": null, "capacity": null, "emergency": null, "leisure": null }, "geometry": { "type": "Point", "coordinates": [ 77.6288761, 12.9685408 ] } },
{ "type": "Feature", "properties": { "name": "Kairaliketan HPS Jogupalya", "amenity": "school", "building": null, "capacity": null, "emergency": null, "leisure": null }, "geometry": { "type": "Point", "coordinates": [ 77.6282174, 12.9766881 ] } },
{ "type": "Feature", "properties": { "name": "GHPS Appareddypalya", "amenity": "school", "building": null, "capacity": null, "emergency": null, "leisure": null }, "geometry": { "type": "Point", "coordinates": [ 77.6374384, 12.9741197 ] } },
{ "type": "Feature", "properties": { "name": "St. Mary's Euphrasia School", "amenity": "school", "building": null, "capacity": null, "emergency": null, "leisure": null }, "geometry": { "type": "Point", "coordinates": [ 77.603794, 12.9675192 ] } },
{ "type": "Feature", "properties": { "name": "GUMPS Tank Garden Arekempanahalli", "amenity": "school", "building": null, "capacity": null, "emergency": null, "leisure": null }, "geometry": { "type": "Point", "coordinates": [ 77.594691, 12.9446007 ] } },
{ "type": "Feature", "properties": { "name": "GKHPS Hari Nagar", "amenity": "school", "building": null, "capacity": null, "emergency": null, "leisure": null }, "geometry": { "type": "Point", "coordinates": [ 77.5701703, 12.8772854 ] } },
{ "type": "Feature", "properties": { "name": "GULPS Hari Nagar", "amenity": "school", "building": null, "capacity": null, "emergency": null, "leisure": null }, "geometry": { "type": "Point", "coordinates": [ 77.5704224, 12.8779168 ] } },
{ "type": "Feature", "properties": { "name": "GMPS Hulimavu", "amenity": "school", "building": null, "capacity": null, "emergency": null, "leisure": null }, "geometry": { "type": "Point", "coordinates": [ 77.6028969, 12.8763234 ] } },
{ "type": "Feature", "properties": { "name": "Francescon S G Palya", "amenity": "school", "building": null, "capacity": null, "emergency": null, "leisure": null }, "geometry": { "type": "Point", "coordinates": [ 77.6088007, 12.93132 ] } },
{ "type": "Feature", "properties": { "name": "Sacred Heart Boys Primary School", "amenity": "school", "building": null, "capacity": null, "emergency": null, "leisure": null }, "geometry": { "type": "Point", "coordinates": [ 77.6100815, 12.9666911 ] } },
{ "type": "Feature", "properties": { "name": "Brilliant HPS HSR Layout, BBMP Agara", "amenity": "school", "building": null, "capacity": null, "emergency": null, "leisure": null }, "geometry": { "type": "Point", "coordinates": [ 77.648656, 12.9177887 ] } },
{ "type": "Feature", "properties": { "name": "GULPS Parangipalya, BBMP Agara", "amenity": "school", "building": null, "capacity": null, "emergency": null, "leisure": null }, "geometry": { "type": "Point", "coordinates": [ 77.650152, 12.9097245 ] } },
{ "type": "Feature", "properties": { "name": "Mount Carmel EHPS HSR Layout, BBMP Agara", "amenity": "school", "building": null, "capacity": null, "emergency": null, "leisure": null }, "geometry": { "type": "Point", "coordinates": [ 77.6484692, 12.9137798 ] } },
{ "type": "Feature", "properties": { "name": "Florence Public School 4th Blk, Anjanapura", "amenity": "school", "building": null, "capacity": null, "emergency": null, "leisure": null }, "geometry": { "type": "Point", "coordinates": [ 77.5626375, 12.8586411 ] } },
{ "type": "Feature", "properties": { "name": "Mvs HPS, Anjanapura", "amenity": "school", "building": null, "capacity": null, "emergency": null, "leisure": null }, "geometry": { "type": "Point", "coordinates": [ 77.5677765, 12.8598087 ] } },
{ "type": "Feature", "properties": { "name": "Aradhana KHPS Arakere", "amenity": "school", "building": null, "capacity": null, "emergency": null, "leisure": null }, "geometry": { "type": "Point", "coordinates": [ 77.5917402, 12.8851154 ] } },
{ "type": "Feature", "properties": { "name": "Dayana Memorial HPS Arakere", "amenity": "school", "building": null, "capacity": null, "emergency": null, "leisure": null }, "geometry": { "type": "Point", "coordinates": [ 77.6057027, 12.8888039 ] } },
{ "type": "Feature", "properties": { "name": "Marry Immaculate School, Arakere", "amenity": "school", "building": null, "capacity": null, "emergency": null, "leisure": null }, "geometry": { "type": "Point", "coordinates": [ 77.6028827, 12.8869151 ] } },
{ "type": "Feature", "properties": { "name": "Divya Jyothi HS, Arakere", "amenity": "school", "building": null, "capacity": null, "emergency": null, "leisure": null }, "geometry": { "type": "Point", "coordinates": [ 77.6080296, 12.8847701 ] } },
{ "type": "Feature", "properties": { "name": "J P Vidyakendra School, Arakere", "amenity": "school", "building": null, "capacity": null, "emergency": null, "leisure": null }, "geometry": { "type": "Point", "coordinates": [ 77.6042452, 12.884049 ] } },
{ "type": "Feature", "properties": { "name": "Shine Eng School, Arakere", "amenity": "school", "building": null, "capacity": null, "emergency": null, "leisure": null }, "geometry": { "type": "Point", "coordinates": [ 77.5906518, 12.884934 ] } },
{ "type": "Feature", "properties": { "name": "Shri Sharada Vidyanikethana Arkere", "amenity": "school", "building": null, "capacity": null, "emergency": null, "leisure": null }, "geometry": { "type": "Point", "coordinates": [ 77.6095157, 12.8863886 ] } },
{ "type": "Feature", "properties": { "name": "Aradhana EHPS Arakere, Arakere", "amenity": "school", "building": null, "capacity": null, "emergency": null, "leisure": null }, "geometry": { "type": "Point", "coordinates": [ 77.5920843, 12.8846325 ] } },
{ "type": "Feature", "properties": { "name": "Hillside Public LPS Ns Palya, B T M Layout W No 65", "amenity": "school", "building": null, "capacity": null, "emergency": null, "leisure": null }, "geometry": { "type": "Point", "coordinates": [ 77.6067335, 12.9071902 ] } },
{ "type": "Feature", "properties": { "name": "Sri Balamuri Vidya Samste LPS, B T M Layout W No 65", "amenity": "school", "building": null, "capacity": null, "emergency": null, "leisure": null }, "geometry": { "type": "Point", "coordinates": [ 77.6025747, 12.9087576 ] } },
{ "type": "Feature", "properties": { "name": "Vidya Jyothi EHPS ,B T M Layout W No 65", "amenity": "school", "building": null, "capacity": null, "emergency": null, "leisure": null }, "geometry": { "type": "Point", "coordinates": [ 77.6153672, 12.9138593 ] } },
{ "type": "Feature", "properties": { "name": "GLPS(U) Madina Nagar, B T M Layout W No 65", "amenity": "school", "building": null, "capacity": null, "emergency": null, "leisure": null }, "geometry": { "type": "Point", "coordinates": [ 77.6097578, 12.9063746 ] } },
{ "type": "Feature", "properties": { "name": "Green Paschers KHPS Ns Palya, B T M Layout W No 65", "amenity": "school", "building": null, "capacity": null, "emergency": null, "leisure": null }, "geometry": { "type": "Point", "coordinates": [ 77.6008291, 12.9105841 ] } },
{ "type": "Feature", "properties": { "name": "M E S HPS Kuvempunagar, B T M Layout W No 65", "amenity": "school", "building": null, "capacity": null, "emergency": null, "leisure": null }, "geometry": { "type": "Point", "coordinates": [ 77.6121578, 12.9090967 ] } },
{ "type": "Feature", "properties": { "name": "Jnanadegula HPS, B T M Layout W No 65", "amenity": "school", "building": null, "capacity": null, "emergency": null, "leisure": null }, "geometry": { "type": "Point", "coordinates": [ 77.6148608, 12.9190975 ] } },
{ "type": "Feature", "properties": { "name": "Our Lady Fathima HPS, B T M Layout W No 65", "amenity": "school", "building": null, "capacity": null, "emergency": null, "leisure": null }, "geometry": { "type": "Point", "coordinates": [ 77.6156311, 12.9219732 ] } },
{ "type": "Feature", "properties": { "name": "Star Ablaze Trust Sch, B T M Layout W No 65", "amenity": "school", "building": null, "capacity": null, "emergency": null, "leisure": null }, "geometry": { "type": "Point", "coordinates": [ 77.6112382, 12.9061539 ] } },
{ "type": "Feature", "properties": { "name": "Babymirror HPS Vivekanagar, Austin Town W No 71", "amenity": "school", "building": null, "capacity": null, "emergency": null, "leisure": null }, "geometry": { "type": "Point", "coordinates": [ 77.6179802, 12.9572323 ] } },
{ "type": "Feature", "properties": { "name": "Bala Aesu Vidyalaya HPS Viveka, Austin Town W No 71", "amenity": "school", "building": null, "capacity": null, "emergency": null, "leisure": null }, "geometry": { "type": "Point", "coordinates": [ 77.6185446, 12.9541946 ] } },
{ "type": "Feature", "properties": { "name": "Infant Indian HPS Neelasandra, Austin Town W No 71", "amenity": "school", "building": null, "capacity": null, "emergency": null, "leisure": null }, "geometry": { "type": "Point", "coordinates": [ 77.6154402, 12.9566503 ] } },
{ "type": "Feature", "properties": { "name": "Shanthinikethan HPS Vivekanag, Austin Town W No 71", "amenity": "school", "building": null, "capacity": null, "emergency": null, "leisure": null }, "geometry": { "type": "Point", "coordinates": [ 77.6204588, 12.9531262 ] } },
{ "type": "Feature", "properties": { "name": "Elight HS, Austin Town W No 71", "amenity": "school", "building": null, "capacity": null, "emergency": null, "leisure": null }, "geometry": { "type": "Point", "coordinates": [ 77.6130259, 12.9517387 ] } },
{ "type": "Feature", "properties": { "name": "Reliance School, Austin Town W No 71", "amenity": "school", "building": null, "capacity": null, "emergency": null, "leisure": null }, "geometry": { "type": "Point", "coordinates": [ 77.6137517, 12.9568361 ] } },
{ "type": "Feature", "properties": { "name": "GLPS Basavanapura", "amenity": "school", "building": null, "capacity": null, "emergency": null, "leisure": null }, "geometry": { "type": "Point", "coordinates": [ 77.5941913, 12.8450701 ] } },
{ "type": "Feature", "properties": { "name": "St Joseph Eng Sch Hosur Road, Beratena Agrahara", "amenity": "school", "building": null, "capacity": null, "emergency": null, "leisure": null }, "geometry": { "type": "Point", "coordinates": [ 77.6557291, 12.8685514 ] } },
{ "type": "Feature", "properties": { "name": "Oxford School, Beratena Agrahara", "amenity": "school", "building": null, "capacity": null, "emergency": null, "leisure": null }, "geometry": { "type": "Point", "coordinates": [ 77.6568415, 12.8757154 ] } },
{ "type": "Feature", "properties": { "name": "Silicon City HPS Bommana Halli", "amenity": "school", "building": null, "capacity": null, "emergency": null, "leisure": null }, "geometry": { "type": "Point", "coordinates": [ 77.6203713, 12.8984964 ] } },
{ "type": "Feature", "properties": { "name": "Royal Convent HPS Bommana Hall", "amenity": "school", "building": null, "capacity": null, "emergency": null, "leisure": null }, "geometry": { "type": "Point", "coordinates": [ 77.6049954, 12.902802 ] } },
{ "type": "Feature", "properties": { "name": "St Joseph HPS Bommana Halli", "amenity": "school", "building": null, "capacity": null, "emergency": null, "leisure": null }, "geometry": { "type": "Point", "coordinates": [ 77.6243998, 12.9061288 ] } },
{ "type": "Feature", "properties": { "name": "Dileep HPS Bilekalli", "amenity": "school", "building": null, "capacity": null, "emergency": null, "leisure": null }, "geometry": { "type": "Point", "coordinates": [ 77.6075885, 12.8966211 ] } },
{ "type": "Feature", "properties": { "name": "Mgs Infant LPS Bilekalli", "amenity": "school", "building": null, "capacity": null, "emergency": null, "leisure": null }, "geometry": { "type": "Point", "coordinates": [ 77.6073698, 12.8986518 ] } },
{ "type": "Feature", "properties": { "name": "Blue Star Education Trust, Bilekalli", "amenity": "school", "building": null, "capacity": null, "emergency": null, "leisure": null }, "geometry": { "type": "Point", "coordinates": [ 77.6108776, 12.8953975 ] } },
{ "type": "Feature", "properties": { "name": "Shantinketan Trust Sch, Bilekalli", "amenity": "school", "building": null, "capacity": null, "emergency": null, "leisure": null }, "geometry": { "type": "Point", "coordinates": [ 77.6088442, 12.9008131 ] } },
{ "type": "Feature", "properties": { "name": "Teresa Pub Sch Bilekahalli", "amenity": "school", "building": null, "capacity": null, "emergency": null, "leisure": null }, "geometry": { "type": "Point", "coordinates": [ 77.6082654, 12.8952857 ] } },
{ "type": "Feature", "properties": { "name": "Ankith HPS Bilekalli", "amenity": "school", "building": null, "capacity": null, "emergency": null, "leisure": null }, "geometry": { "type": "Point", "coordinates": [ 77.6047963, 12.900731 ] } },
{ "type": "Feature", "properties": { "name": "Orchid English School, Bilekalli", "amenity": "school", "building": null, "capacity": null, "emergency": null, "leisure": null }, "geometry": { "type": "Point", "coordinates": [ 77.6091428, 12.8909372 ] } },
{ "type": "Feature", "properties": { "name": "Al Rahi Edu Sch Bommanahalli", "amenity": "school", "building": null, "capacity": null, "emergency": null, "leisure": null }, "geometry": { "type": "Point", "coordinates": [ 77.6351798, 12.9050686 ] } },
{ "type": "Feature", "properties": { "name": "Chinmaya Vidya Mandira, Bommana Halli", "amenity": "school", "building": null, "capacity": null, "emergency": null, "leisure": null }, "geometry": { "type": "Point", "coordinates": [ 77.6515434, 12.8996038 ] } },
{ "type": "Feature", "properties": { "name": "New Cambridge Convent &HS, Bommana Halli", "amenity": "school", "building": null, "capacity": null, "emergency": null, "leisure": null }, "geometry": { "type": "Point", "coordinates": [ 77.6242973, 12.9080891 ] } },
{ "type": "Feature", "properties": { "name": "EHPS New Francis, Bommana Halli", "amenity": "school", "building": null, "capacity": null, "emergency": null, "leisure": null }, "geometry": { "type": "Point", "coordinates": [ 77.6205177, 12.9043475 ] } },
{ "type": "Feature", "properties": { "name": "English Higher Primary School", "amenity": "school", "building": null, "capacity": null, "emergency": null, "leisure": null }, "geometry": { "type": "Point", "coordinates": [ 77.6214942, 12.9065455 ] } },
{ "type": "Feature", "properties": { "name": "New Bharat International Kudlu Gate, Bommana Halli", "amenity": "school", "building": null, "capacity": null, "emergency": null, "leisure": null }, "geometry": { "type": "Point", "coordinates": [ 77.6409735, 12.8901178 ] } },
{ "type": "Feature", "properties": { "name": "Lorven Pub Sch, Bommanahalli", "amenity": "school", "building": null, "capacity": null, "emergency": null, "leisure": null }, "geometry": { "type": "Point", "coordinates": [ 77.6257972, 12.9037178 ] } },
{ "type": "Feature", "properties": { "name": "The Selony LPS Begur", "amenity": "school", "building": null, "capacity": null, "emergency": null, "leisure": null }, "geometry": { "type": "Point", "coordinates": [ 77.6265059, 12.8826959 ] } },
{ "type": "Feature", "properties": { "name": "St Pauls School, Begur", "amenity": "school", "building": null, "capacity": null, "emergency": null, "leisure": null }, "geometry": { "type": "Point", "coordinates": [ 77.6167931, 12.8780562 ] } },
{ "type": "Feature", "properties": { "name": "Priyadarshini School, Begur", "amenity": "school", "building": null, "capacity": null, "emergency": null, "leisure": null }, "geometry": { "type": "Point", "coordinates": [ 77.6388735, 12.8755953 ] } },
{ "type": "Feature", "properties": { "name": "Cresent Eng School, Begur", "amenity": "school", "building": null, "capacity": null, "emergency": null, "leisure": null }, "geometry": { "type": "Point", "coordinates": [ 77.6355626, 12.8714779 ] } },
{ "type": "Feature", "properties": { "name": "Little Angel Eng School, Begur", "amenity": "school", "building": null, "capacity": null, "emergency": null, "leisure": null }, "geometry": { "type": "Point", "coordinates": [ 77.638, 12.8706196 ] } },
{ "type": "Feature", "properties": { "name": "GLPS Subhash Nagar, Begur", "amenity": "school", "building": null, "capacity": null, "emergency": null, "leisure": null }, "geometry": { "type": "Point", "coordinates": [ 77.6384891, 12.8707092 ] } },
{ "type": "Feature", "properties": { "name": "Jnanajyothi Eng School, Begur", "amenity": "school", "building": null, "capacity": null, "emergency": null, "leisure": null }, "geometry": { "type": "Point", "coordinates": [ 77.6370167, 12.8808502 ] } },
{ "type": "Feature", "properties": { "name": "Tilak English School, Bommana Halli Cmc", "amenity": "school", "building": null, "capacity": null, "emergency": null, "leisure": null }, "geometry": { "type": "Point", "coordinates": [ 77.6363305, 12.9013007 ] } },
{ "type": "Feature", "properties": { "name": "Janak Vidyalaya, Bommana Halli Cmc", "amenity": "school", "building": null, "capacity": null, "emergency": null, "leisure": null }, "geometry": { "type": "Point", "coordinates": [ 77.5952932, 12.8838456 ] } },
{ "type": "Feature", "properties": { "name": "New Nobal School Arkere, Bommana Halli Cmc", "amenity": "school", "building": null, "capacity": null, "emergency": null, "leisure": null }, "geometry": { "type": "Point", "coordinates": [ 77.5906449, 12.8903452 ] } },
{ "type": "Feature", "properties": { "name": "GLPS Basapura, Basapura", "amenity": "school", "building": null, "capacity": null, "emergency": null, "leisure": null }, "geometry": { "type": "Point", "coordinates": [ 77.6471089, 12.8655289 ] } },
{ "type": "Feature", "properties": { "name": "The Paradise Residential Sch, Basapura", "amenity": "school", "building": null, "capacity": null, "emergency": null, "leisure": null }, "geometry": { "type": "Point", "coordinates": [ 77.645392, 12.8657376 ] } },
{ "type": "Feature", "properties": { "name": "Carmel Jyothi LPS, Chunchanagatta", "amenity": "school", "building": null, "capacity": null, "emergency": null, "leisure": null }, "geometry": { "type": "Point", "coordinates": [ 77.5728954, 12.8898311 ] } },
{ "type": "Feature", "properties": { "name": "GLPS Chikkabegur", "amenity": "school", "building": null, "capacity": null, "emergency": null, "leisure": null }, "geometry": { "type": "Point", "coordinates": [ 77.6341829, 12.8801561 ] } },
{ "type": "Feature", "properties": { "name": "Begur Channarayappa Ramiya, Chikkabegur", "amenity": "school", "building": null, "capacity": null, "emergency": null, "leisure": null }, "geometry": { "type": "Point", "coordinates": [ 77.6358456, 12.8818317 ] } },
{ "type": "Feature", "properties": { "name": "GLPS Chikkatoru", "amenity": "school", "building": null, "capacity": null, "emergency": null, "leisure": null }, "geometry": { "type": "Point", "coordinates": [ 77.6534136, 12.8575245 ] } },
{ "type": "Feature", "properties": { "name": "Pragathi School, Chikkatoru", "amenity": "school", "building": null, "capacity": null, "emergency": null, "leisure": null }, "geometry": { "type": "Point", "coordinates": [ 77.6508047, 12.8628345 ] } },
{ "type": "Feature", "properties": { "name": "Vidyanikethan Ehp Dommalur", "amenity": "school", "building": null, "capacity": null, "emergency": null, "leisure": null }, "geometry": { "type": "Point", "coordinates": [ 77.6373162, 12.9562148 ] } },
{ "type": "Feature", "properties": { "name": "Bangalore Montessori Eng School", "amenity": "school", "building": null, "capacity": null, "emergency": null, "leisure": null }, "geometry": { "type": "Point", "coordinates": [ 77.6374537, 12.9554582 ] } },
{ "type": "Feature", "properties": { "name": "GHS Dommalur", "amenity": "school", "building": null, "capacity": null, "emergency": null, "leisure": null }, "geometry": { "type": "Point", "coordinates": [ 77.6402102, 12.9594084 ] } },
{ "type": "Feature", "properties": { "name": "New Shanthiniketan Eng Convent", "amenity": "school", "building": null, "capacity": null, "emergency": null, "leisure": null }, "geometry": { "type": "Point", "coordinates": [ 77.6700895, 12.8775539 ] } },
{ "type": "Feature", "properties": { "name": "Newton Public School", "amenity": "school", "building": null, "capacity": null, "emergency": null, "leisure": null }, "geometry": { "type": "Point", "coordinates": [ 77.6354232, 12.9066837 ] } },
{ "type": "Feature", "properties": { "name": "Sujana Convent", "amenity": "school", "building": null, "capacity": null, "emergency": null, "leisure": null }, "geometry": { "type": "Point", "coordinates": [ 77.6581646, 12.872912 ] } },
{ "type": "Feature", "properties": { "name": "Bloosom Sch", "amenity": "school", "building": null, "capacity": null, "emergency": null, "leisure": null }, "geometry": { "type": "Point", "coordinates": [ 77.6234961, 12.8946717 ] } },
{ "type": "Feature", "properties": { "name": "Blue Bel Public School", "amenity": "school", "building": null, "capacity": null, "emergency": null, "leisure": null }, "geometry": { "type": "Point", "coordinates": [ 77.6590904, 12.8719195 ] } },
{ "type": "Feature", "properties": { "name": "New Pecidencny Public School Icse", "amenity": "school", "building": null, "capacity": null, "emergency": null, "leisure": null }, "geometry": { "type": "Point", "coordinates": [ 77.6221591, 12.9057779 ] } },
{ "type": "Feature", "properties": { "name": "New Madar Teresa", "amenity": "school", "building": null, "capacity": null, "emergency": null, "leisure": null }, "geometry": { "type": "Point", "coordinates": [ 77.6452749, 12.9000115 ] } },
{ "type": "Feature", "properties": { "name": "EHPS Baldwin School", "amenity": "school", "building": null, "capacity": null, "emergency": null, "leisure": null }, "geometry": { "type": "Point", "coordinates": [ 77.6357046, 12.9102228 ] } },
{ "type": "Feature", "properties": { "name": "St Philomina English School", "amenity": "school", "building": null, "capacity": null, "emergency": null, "leisure": null }, "geometry": { "type": "Point", "coordinates": [ 77.6184252, 12.8892307 ] } },
{ "type": "Feature", "properties": { "name": "Nightingale English School", "amenity": "school", "building": null, "capacity": null, "emergency": null, "leisure": null }, "geometry": { "type": "Point", "coordinates": [ 77.6134451, 12.8933125 ] } },
{ "type": "Feature", "properties": { "name": "Silicon Vally LPS Gottigere", "amenity": "school", "building": null, "capacity": null, "emergency": null, "leisure": null }, "geometry": { "type": "Point", "coordinates": [ 77.5854776, 12.8569301 ] } },
{ "type": "Feature", "properties": { "name": "Sri Ramakrishna C E Kendra,Gottigere", "amenity": "school", "building": null, "capacity": null, "emergency": null, "leisure": null }, "geometry": { "type": "Point", "coordinates": [ 77.5860168, 12.8656934 ] } },
{ "type": "Feature", "properties": { "name": "GHS Gottigere", "amenity": "school", "building": null, "capacity": null, "emergency": null, "leisure": null }, "geometry": { "type": "Point", "coordinates": [ 77.5877651, 12.8525231 ] } },
{ "type": "Feature", "properties": { "name": "Little Angels, Gottigere", "amenity": "school", "building": null, "capacity": null, "emergency": null, "leisure": null }, "geometry": { "type": "Point", "coordinates": [ 77.5879146, 12.8546645 ] } },
{ "type": "Feature", "properties": { "name": "Sudarshan Public School (cbse), Gottigere", "amenity": "school", "building": null, "capacity": null, "emergency": null, "leisure": null }, "geometry": { "type": "Point", "coordinates": [ 77.590048, 12.859947 ] } },
{ "type": "Feature", "properties": { "name": "Bright Future LPS Garvebhavi Palya,", "amenity": "school", "building": null, "capacity": null, "emergency": null, "leisure": null }, "geometry": { "type": "Point", "coordinates": [ 77.633992, 12.8946113 ] } },
{ "type": "Feature", "properties": { "name": "Mekale HPS", "amenity": "school", "building": null, "capacity": null, "emergency": null, "leisure": null }, "geometry": { "type": "Point", "coordinates": [ 77.6442533, 12.8935005 ] } },
{ "type": "Feature", "properties": { "name": "Mathas Education Society", "amenity": "school", "building": null, "capacity": null, "emergency": null, "leisure": null }, "geometry": { "type": "Point", "coordinates": [ 77.6340809, 12.891396 ] } },
{ "type": "Feature", "properties": { "name": "Rajrajeshwari HS, Garvebhavi Palya", "amenity": "school", "building": null, "capacity": null, "emergency": null, "leisure": null }, "geometry": { "type": "Point", "coordinates": [ 77.6359252, 12.8911632 ] } },
{ "type": "Feature", "properties": { "name": "Ves HS, Garvebhavi Palya", "amenity": "school", "building": null, "capacity": null, "emergency": null, "leisure": null }, "geometry": { "type": "Point", "coordinates": [ 77.6352778, 12.8959096 ] } },
{ "type": "Feature", "properties": { "name": "Adarsha Edu Centre HPS , Hongasandra 1", "amenity": "school", "building": null, "capacity": null, "emergency": null, "leisure": null }, "geometry": { "type": "Point", "coordinates": [ 77.6250974, 12.8915456 ] } },
{ "type": "Feature", "properties": { "name": "Sahyadri EHPS, Garvebhavi Palya", "amenity": "school", "building": null, "capacity": null, "emergency": null, "leisure": null }, "geometry": { "type": "Point", "coordinates": [ 77.6344577, 12.8866375 ] } },
{ "type": "Feature", "properties": { "name": "Mother Theresa HS, Hongasandra 1", "amenity": "school", "building": null, "capacity": null, "emergency": null, "leisure": null }, "geometry": { "type": "Point", "coordinates": [ 77.6307067, 12.8934705 ] } },
{ "type": "Feature", "properties": { "name": "Gnanabharathi HPS , Hongasandra 1", "amenity": "school", "building": null, "capacity": null, "emergency": null, "leisure": null }, "geometry": { "type": "Point", "coordinates": [ 77.6302097, 12.8974858 ] } },
{ "type": "Feature", "properties": { "name": "Oxford HPS, Hongasandra 2", "amenity": "school", "building": null, "capacity": null, "emergency": null, "leisure": null }, "geometry": { "type": "Point", "coordinates": [ 77.6265101, 12.8956428 ] } },
{ "type": "Feature", "properties": { "name": "Anikethan Pub Sch , Hongasandra 1", "amenity": "school", "building": null, "capacity": null, "emergency": null, "leisure": null }, "geometry": { "type": "Point", "coordinates": [ 77.6264784, 12.8999361 ] } },
{ "type": "Feature", "properties": { "name": "GTLPS jogupalya", "amenity": "school", "building": null, "capacity": null, "emergency": null, "leisure": null }, "geometry": { "type": "Point", "coordinates": [ 77.6304912, 12.9723602 ] } },
{ "type": "Feature", "properties": { "name": "GULPS Jogupalya,", "amenity": "school", "building": null, "capacity": null, "emergency": null, "leisure": null }, "geometry": { "type": "Point", "coordinates": [ 77.6273143, 12.9740521 ] } },
{ "type": "Feature", "properties": { "name": "GLPS Gowthamapura, jogupalya", "amenity": "school", "building": null, "capacity": null, "emergency": null, "leisure": null }, "geometry": { "type": "Point", "coordinates": [ 77.6243903, 12.9696041 ] } },
{ "type": "Feature", "properties": { "name": "Thrishool School J P Nagar, Jaragana Halli 1", "amenity": "school", "building": null, "capacity": null, "emergency": null, "leisure": null }, "geometry": { "type": "Point", "coordinates": [ 77.5787159, 12.9032482 ] } },
{ "type": "Feature", "properties": { "name": "Holy Mother HPS J P Nagara, Jaragana Halli 1", "amenity": "school", "building": null, "capacity": null, "emergency": null, "leisure": null }, "geometry": { "type": "Point", "coordinates": [ 77.5886375, 12.8959609 ] } },
{ "type": "Feature", "properties": { "name": "Jyothi Kendriya Vidyalaya HPS, Jaragana Halli 1", "amenity": "school", "building": null, "capacity": null, "emergency": null, "leisure": null }, "geometry": { "type": "Point", "coordinates": [ 77.5703915, 12.8951036 ] } },
{ "type": "Feature", "properties": { "name": "Sri Vidyanikethan HPS Jaragana, Jaragana Halli 1", "amenity": "school", "building": null, "capacity": null, "emergency": null, "leisure": null }, "geometry": { "type": "Point", "coordinates": [ 77.57588, 12.9020965 ] } },
{ "type": "Feature", "properties": { "name": "Vivekananda HPS, Jaragana Halli 1", "amenity": "school", "building": null, "capacity": null, "emergency": null, "leisure": null }, "geometry": { "type": "Point", "coordinates": [ 77.5763195, 12.8991056 ] } },
{ "type": "Feature", "properties": { "name": "Shreyas School Jaraganahalli, Jaragana Halli 1", "amenity": "school", "building": null, "capacity": null, "emergency": null, "leisure": null }, "geometry": { "type": "Point", "coordinates": [ 77.574382, 12.9040441 ] } },
{ "type": "Feature", "properties": { "name": "Gk&TLPS L R Nagara, Koramangala", "amenity": "school", "building": null, "capacity": null, "emergency": null, "leisure": null }, "geometry": { "type": "Point", "coordinates": [ 77.6153935, 12.9505983 ] } },
{ "type": "Feature", "properties": { "name": "Sincere Vidyalaya Jaraganahalli 1", "amenity": "school", "building": null, "capacity": null, "emergency": null, "leisure": null }, "geometry": { "type": "Point", "coordinates": [ 77.5756288, 12.8996164 ] } },
{ "type": "Feature", "properties": { "name": "GLPS Rajendranagar, Koramangala", "amenity": "school", "building": null, "capacity": null, "emergency": null, "leisure": null }, "geometry": { "type": "Point", "coordinates": [ 77.6170535, 12.9448595 ] } },
{ "type": "Feature", "properties": { "name": "Image School J P Nagar, Jaraganahalli 2", "amenity": "school", "building": null, "capacity": null, "emergency": null, "leisure": null }, "geometry": { "type": "Point", "coordinates": [ 77.5851709, 12.9004587 ] } },
{ "type": "Feature", "properties": { "name": "Holy Saint Eng Sch Koramangala", "amenity": "school", "building": null, "capacity": null, "emergency": null, "leisure": null }, "geometry": { "type": "Point", "coordinates": [ 77.6166336, 12.9356984 ] } },
{ "type": "Feature", "properties": { "name": "Neena HPS Kormangala", "amenity": "school", "building": null, "capacity": null, "emergency": null, "leisure": null }, "geometry": { "type": "Point", "coordinates": [ 77.6172102, 12.935468 ] } },
{ "type": "Feature", "properties": { "name": "Babymona EHPS Koramangala", "amenity": "school", "building": null, "capacity": null, "emergency": null, "leisure": null }, "geometry": { "type": "Point", "coordinates": [ 77.6217464, 12.9349547 ] } },
{ "type": "Feature", "properties": { "name": "Lawrence High School Koramangala", "amenity": "school", "building": null, "capacity": null, "emergency": null, "leisure": null }, "geometry": { "type": "Point", "coordinates": [ 77.6157295, 12.9399342 ] } },
{ "type": "Feature", "properties": { "name": "Mes HS, Koramangala", "amenity": "school", "building": null, "capacity": null, "emergency": null, "leisure": null }, "geometry": { "type": "Point", "coordinates": [ 77.6187265, 12.9412382 ] } },
{ "type": "Feature", "properties": { "name": "Sunshine HPS Lr Nagar, Koramangala", "amenity": "school", "building": null, "capacity": null, "emergency": null, "leisure": null }, "geometry": { "type": "Point", "coordinates": [ 77.6190638, 12.9515543 ] } },
{ "type": "Feature", "properties": { "name": "Cephas Memorial Sch Rajendranagra, Koramangala", "amenity": "school", "building": null, "capacity": null, "emergency": null, "leisure": null }, "geometry": { "type": "Point", "coordinates": [ 77.6172545, 12.9447944 ] } },
{ "type": "Feature", "properties": { "name": "Dba Reddy Janasangha Koramangala", "amenity": "school", "building": null, "capacity": null, "emergency": null, "leisure": null }, "geometry": { "type": "Point", "coordinates": [ 77.6240375, 12.9289663 ] } },
{ "type": "Feature", "properties": { "name": "The Little Angels School, Kothanur", "amenity": "school", "building": null, "capacity": null, "emergency": null, "leisure": null }, "geometry": { "type": "Point", "coordinates": [ 77.5834526, 12.8773193 ] } },
{ "type": "Feature", "properties": { "name": "Chinmaya Vidyalaya, Koramangala", "amenity": "school", "building": null, "capacity": null, "emergency": null, "leisure": null }, "geometry": { "type": "Point", "coordinates": [ 77.6276797, 12.9350185 ] } },
{ "type": "Feature", "properties": { "name": "Sri Maruthi Edu Trust School Kothanur", "amenity": "school", "building": null, "capacity": null, "emergency": null, "leisure": null }, "geometry": { "type": "Point", "coordinates": [ 77.5759556, 12.881709 ] } },
{ "type": "Feature", "properties": { "name": "Sri Sarathy English School, Kothanur", "amenity": "school", "building": null, "capacity": null, "emergency": null, "leisure": null }, "geometry": { "type": "Point", "coordinates": [ 77.5744133, 12.8732088 ] } },
{ "type": "Feature", "properties": { "name": "Ennar School Aadithya Nagar, Kothanur", "amenity": "school", "building": null, "capacity": null, "emergency": null, "leisure": null }, "geometry": { "type": "Point", "coordinates": [ 77.5725941, 12.8767474 ] } },
{ "type": "Feature", "properties": { "name": "A E T School Sree Annapoornesh, Kothanur", "amenity": "school", "building": null, "capacity": null, "emergency": null, "leisure": null }, "geometry": { "type": "Point", "coordinates": [ 77.5806222, 12.8755011 ] } },
{ "type": "Feature", "properties": { "name": "Glissy Public School, Kothanur", "amenity": "school", "building": null, "capacity": null, "emergency": null, "leisure": null }, "geometry": { "type": "Point", "coordinates": [ 77.5758676, 12.8825158 ] } },
{ "type": "Feature", "properties": { "name": "Lady Wellington School, Kothanur", "amenity": "school", "building": null, "capacity": null, "emergency": null, "leisure": null }, "geometry": { "type": "Point", "coordinates": [ 77.5837275, 12.8833878 ] } },
{ "type": "Feature", "properties": { "name": "Jnanavikas HPS, Kothanur", "amenity": "school", "building": null, "capacity": null, "emergency": null, "leisure": null }, "geometry": { "type": "Point", "coordinates": [ 77.5777581, 12.8787866 ] } },
{ "type": "Feature", "properties": { "name": "Vidyakirana Public School, Kothanur", "amenity": "school", "building": null, "capacity": null, "emergency": null, "leisure": null }, "geometry": { "type": "Point", "coordinates": [ 77.5841946, 12.8686079 ] } },
{ "type": "Feature", "properties": { "name": "Clever Land Kottanuru Dinne, Kothanur", "amenity": "school", "building": null, "capacity": null, "emergency": null, "leisure": null }, "geometry": { "type": "Point", "coordinates": [ 77.5846361, 12.8779934 ] } },
{ "type": "Feature", "properties": { "name": "GLPS (U) Adugodi, Lakkasandra", "amenity": "school", "building": null, "capacity": null, "emergency": null, "leisure": null }, "geometry": { "type": "Point", "coordinates": [ 77.6076781, 12.9393229 ] } },
{ "type": "Feature", "properties": { "name": "LPS Girls S R Nagar, Lakkasandra", "amenity": "school", "building": null, "capacity": null, "emergency": null, "leisure": null }, "geometry": { "type": "Point", "coordinates": [ 77.6018416, 12.9392239 ] } },
{ "type": "Feature", "properties": { "name": "Genises Public School, Lakkasandra", "amenity": "school", "building": null, "capacity": null, "emergency": null, "leisure": null }, "geometry": { "type": "Point", "coordinates": [ 77.6071901, 12.9299028 ] } },
{ "type": "Feature", "properties": { "name": "Kaveri Convent HPS Madivala", "amenity": "school", "building": null, "capacity": null, "emergency": null, "leisure": null }, "geometry": { "type": "Point", "coordinates": [ 77.6197807, 12.9207827 ] } },
{ "type": "Feature", "properties": { "name": "New Oxford HPS Jaibhimanagar, Madiwala", "amenity": "school", "building": null, "capacity": null, "emergency": null, "leisure": null }, "geometry": { "type": "Point", "coordinates": [ 77.6149457, 12.9196074 ] } },
{ "type": "Feature", "properties": { "name": "Khalsa Public LPS Madivala", "amenity": "school", "building": null, "capacity": null, "emergency": null, "leisure": null }, "geometry": { "type": "Point", "coordinates": [ 77.618714, 12.9233791 ] } },
{ "type": "Feature", "properties": { "name": "Padmavathi HPS Madivala", "amenity": "school", "building": null, "capacity": null, "emergency": null, "leisure": null }, "geometry": { "type": "Point", "coordinates": [ 77.6149532, 12.9246386 ] } },
{ "type": "Feature", "properties": { "name": "New Christ Convent HPS Madival", "amenity": "school", "building": null, "capacity": null, "emergency": null, "leisure": null }, "geometry": { "type": "Point", "coordinates": [ 77.6173047, 12.9203588 ] } },
{ "type": "Feature", "properties": { "name": "St. Sara Eng School Madiwala", "amenity": "school", "building": null, "capacity": null, "emergency": null, "leisure": null }, "geometry": { "type": "Point", "coordinates": [ 77.6173121, 12.9462573 ] } },
{ "type": "Feature", "properties": { "name": "IISc-ISRO Space Technology Cell", "amenity": "college", "building": null, "capacity": null, "emergency": null, "leisure": null }, "geometry": { "type": "Point", "coordinates": [ 77.5633585, 13.0267394 ] } },
{ "type": "Feature", "properties": { "name": "A V S Convent, Madiwala", "amenity": "school", "building": null, "capacity": null, "emergency": null, "leisure": null }, "geometry": { "type": "Point", "coordinates": [ 77.6116936, 12.9237085 ] } },
{ "type": "Feature", "properties": { "name": null, "amenity": "school", "building": null, "capacity": null, "emergency": null, "leisure": null }, "geometry": { "type": "Point", "coordinates": [ 77.6368501, 12.9176584 ] } },
{ "type": "Feature", "properties": { "name": "Goldwyn Memorial Pub Sch Jakka, Madiwala", "amenity": "school", "building": null, "capacity": null, "emergency": null, "leisure": null }, "geometry": { "type": "Point", "coordinates": [ 77.6364709, 12.923222 ] } },
{ "type": "Feature", "properties": { "name": "Centre for High Energy Physics", "amenity": "college", "building": null, "capacity": null, "emergency": null, "leisure": null }, "geometry": { "type": "Point", "coordinates": [ 77.5633894, 13.0254093 ] } },
{ "type": "Feature", "properties": { "name": "Astronomy and Astrophysics Programme", "amenity": "college", "building": null, "capacity": null, "emergency": null, "leisure": null }, "geometry": { "type": "Point", "coordinates": [ 77.5629804, 13.0249311 ] } },
{ "type": "Feature", "properties": { "name": "Molecular Reproduction, Development & Genetics", "amenity": "college", "building": null, "capacity": null, "emergency": null, "leisure": null }, "geometry": { "type": "Point", "coordinates": [ 77.5634176, 13.0235748 ] } },
{ "type": "Feature", "properties": { "name": "Microbiology & Cell Biology", "amenity": "college", "building": null, "capacity": null, "emergency": null, "leisure": null }, "geometry": { "type": "Point", "coordinates": [ 77.5643228, 13.0234782 ] } },
{ "type": "Feature", "properties": { "name": "Centre for Ecological Sciences", "amenity": "college", "building": null, "capacity": null, "emergency": null, "leisure": null }, "geometry": { "type": "Point", "coordinates": [ 77.5637421, 13.0233135 ] } },
{ "type": "Feature", "properties": { "name": "Biochemistry", "amenity": "college", "building": null, "capacity": null, "emergency": null, "leisure": null }, "geometry": { "type": "Point", "coordinates": [ 77.5640331, 13.0241471 ] } },
{ "type": "Feature", "properties": { "name": "Centre for Cryogenic Technology", "amenity": "college", "building": null, "capacity": null, "emergency": null, "leisure": null }, "geometry": { "type": "Point", "coordinates": [ 77.5653917, 13.0168248 ] } },
{ "type": "Feature", "properties": { "name": "Government High School", "amenity": "school", "building": null, "capacity": null, "emergency": null, "leisure": null }, "geometry": { "type": "Point", "coordinates": [ 77.5589477, 13.0175291 ] } },
{ "type": "Feature", "properties": { "name": "JD Institute of Fashion Technology", "amenity": "college", "building": null, "capacity": null, "emergency": null, "leisure": null }, "geometry": { "type": "Point", "coordinates": [ 77.6081923, 12.9741814 ] } },
{ "type": "Feature", "properties": { "name": "Kamala Neharu Gandhi Tavarekere,Primary school Madiwala", "amenity": "school", "building": null, "capacity": null, "emergency": null, "leisure": null }, "geometry": { "type": "Point", "coordinates": [ 77.6088459, 12.9205575 ] } },
{ "type": "Feature", "properties": { "name": "St Flourence HS, Madiwala", "amenity": "school", "building": null, "capacity": null, "emergency": null, "leisure": null }, "geometry": { "type": "Point", "coordinates": [ 77.6084916, 12.9215986 ] } },
{ "type": "Feature", "properties": { "name": "Aditya Venkatapura, Madiwala", "amenity": "school", "building": null, "capacity": null, "emergency": null, "leisure": null }, "geometry": { "type": "Point", "coordinates": [ 77.6330233, 12.9173053 ] } },
{ "type": "Feature", "properties": { "name": "Indira Convent HS, Madiwala", "amenity": "school", "building": null, "capacity": null, "emergency": null, "leisure": null }, "geometry": { "type": "Point", "coordinates": [ 77.6095716, 12.9228196 ] } },
{ "type": "Feature", "properties": { "name": "Krupanidhi HS", "amenity": "school", "building": null, "capacity": null, "emergency": null, "leisure": null }, "geometry": { "type": "Point", "coordinates": [ 77.6188414, 12.9210876 ] } },
{ "type": "Feature", "properties": { "name": "Carmel Garden Public School", "amenity": "school", "building": null, "capacity": null, "emergency": null, "leisure": null }, "geometry": { "type": "Point", "coordinates": [ 77.6319494, 12.9172814 ] } },
{ "type": "Feature", "properties": { "name": "RS Madivala School", "amenity": "school", "building": null, "capacity": null, "emergency": null, "leisure": null }, "geometry": { "type": "Point", "coordinates": [ 77.6150716, 12.9245862 ] } },
{ "type": "Feature", "properties": { "name": "GLPS Mestri Palya", "amenity": "school", "building": null, "capacity": null, "emergency": null, "leisure": null }, "geometry": { "type": "Point", "coordinates": [ 77.62526, 12.9331051 ] } },
{ "type": "Feature", "properties": { "name": "GLPS Sheenivagilu", "amenity": "school", "building": null, "capacity": null, "emergency": null, "leisure": null }, "geometry": { "type": "Point", "coordinates": [ 77.6329739, 12.9371426 ] } },
{ "type": "Feature", "properties": { "name": "Holy Christ HPS Eegipura", "amenity": "school", "building": null, "capacity": null, "emergency": null, "leisure": null }, "geometry": { "type": "Point", "coordinates": [ 77.6178658, 12.9568937 ] } },
{ "type": "Feature", "properties": { "name": "Modern HPS Eegipura", "amenity": "school", "building": null, "capacity": null, "emergency": null, "leisure": null }, "geometry": { "type": "Point", "coordinates": [ 77.6309641, 12.9417163 ] } },
{ "type": "Feature", "properties": { "name": "Patriyot Vidyanikethan LPS", "amenity": "school", "building": null, "capacity": null, "emergency": null, "leisure": null }, "geometry": { "type": "Point", "coordinates": [ 77.6330696, 12.9372466 ] } },
{ "type": "Feature", "properties": { "name": "Seema HPS Eegipura W No 68", "amenity": "school", "building": null, "capacity": null, "emergency": null, "leisure": null }, "geometry": { "type": "Point", "coordinates": [ 77.6361788, 12.9261765 ] } },
{ "type": "Feature", "properties": { "name": "St Frances Icse School Koramangala", "amenity": "school", "building": null, "capacity": null, "emergency": null, "leisure": null }, "geometry": { "type": "Point", "coordinates": [ 77.6292823, 12.9248675 ] } },
{ "type": "Feature", "properties": { "name": "GHS Ejipura", "amenity": "school", "building": null, "capacity": null, "emergency": null, "leisure": null }, "geometry": { "type": "Point", "coordinates": [ 77.6288038, 12.9447783 ] } },
{ "type": "Feature", "properties": { "name": "Sathya Bama Gopal Eng HS", "amenity": "school", "building": null, "capacity": null, "emergency": null, "leisure": null }, "geometry": { "type": "Point", "coordinates": [ 77.624214, 12.9500615 ] } },
{ "type": "Feature", "properties": { "name": "Chinmaya Vidya Kendra HPS", "amenity": "school", "building": null, "capacity": null, "emergency": null, "leisure": null }, "geometry": { "type": "Point", "coordinates": [ 77.6306411, 12.9401321 ] } },
{ "type": "Feature", "properties": { "name": "Bright English HPS", "amenity": "school", "building": null, "capacity": null, "emergency": null, "leisure": null }, "geometry": { "type": "Point", "coordinates": [ 77.613165, 12.950636 ] } },
{ "type": "Feature", "properties": { "name": "Methadist HPS Anepalya", "amenity": "school", "building": null, "capacity": null, "emergency": null, "leisure": null }, "geometry": { "type": "Point", "coordinates": [ 77.6082572, 12.9505064 ] } },
{ "type": "Feature", "properties": { "name": "Christal LPS Neelasandra", "amenity": "school", "building": null, "capacity": null, "emergency": null, "leisure": null }, "geometry": { "type": "Point", "coordinates": [ 77.6112572, 12.9503639 ] } },
{ "type": "Feature", "properties": { "name": "Shanthinikethan HPS", "amenity": "school", "building": null, "capacity": null, "emergency": null, "leisure": null }, "geometry": { "type": "Point", "coordinates": [ 77.6182698, 12.9499617 ] } },
{ "type": "Feature", "properties": { "name": "Modern HPS Anepalya", "amenity": "school", "building": null, "capacity": null, "emergency": null, "leisure": null }, "geometry": { "type": "Point", "coordinates": [ 77.6102985, 12.9515358 ] } },
{ "type": "Feature", "properties": { "name": "BES Naganathapura", "amenity": "school", "building": null, "capacity": null, "emergency": null, "leisure": null }, "geometry": { "type": "Point", "coordinates": [ 77.6714141, 12.8717726 ] } },
{ "type": "Feature", "properties": { "name": "Sahana Vidya Mandira", "amenity": "school", "building": null, "capacity": null, "emergency": null, "leisure": null }, "geometry": { "type": "Point", "coordinates": [ 77.6687097, 12.8717058 ] } },
{ "type": "Feature", "properties": { "name": "Credence Public school", "amenity": "school", "building": null, "capacity": null, "emergency": null, "leisure": null }, "geometry": { "type": "Point", "coordinates": [ 77.613761, 12.9538525 ] } },
{ "type": "Feature", "properties": { "name": "GLPS Pillagana Halli", "amenity": "school", "building": null, "capacity": null, "emergency": null, "leisure": null }, "geometry": { "type": "Point", "coordinates": [ 77.5819746, 12.8493518 ] } },
{ "type": "Feature", "properties": { "name": "Shree Vidyanikethan", "amenity": "school", "building": null, "capacity": null, "emergency": null, "leisure": null }, "geometry": { "type": "Point", "coordinates": [ 77.6559921, 12.8821255 ] } },
{ "type": "Feature", "properties": { "name": "GLPS Parappana Agrahara", "amenity": "school", "building": null, "capacity": null, "emergency": null, "leisure": null }, "geometry": { "type": "Point", "coordinates": [ 77.6597705, 12.8817347 ] } },
{ "type": "Feature", "properties": { "name": "LPS Vinayakanagar,Shanthinagar", "amenity": "school", "building": null, "capacity": null, "emergency": null, "leisure": null }, "geometry": { "type": "Point", "coordinates": [ 77.6017794, 12.9515296 ] } },
{ "type": "Feature", "properties": { "name": "Morning Glory LPS", "amenity": "school", "building": null, "capacity": null, "emergency": null, "leisure": null }, "geometry": { "type": "Point", "coordinates": [ 77.5945482, 12.9592835 ] } },
{ "type": "Feature", "properties": { "name": "Academic Block Sapthagiri College", "amenity": "college", "building": null, "capacity": null, "emergency": null, "leisure": null }, "geometry": { "type": "Point", "coordinates": [ 77.5044244, 13.0682855 ] } },
{ "type": "Feature", "properties": { "name": "Vidya Vikas Polytechnic", "amenity": "college", "building": null, "capacity": null, "emergency": null, "leisure": null }, "geometry": { "type": "Point", "coordinates": [ 77.5230114, 12.938738 ] } },
{ "type": "Feature", "properties": { "name": "ITI Central School", "amenity": "school", "building": null, "capacity": null, "emergency": null, "leisure": null }, "geometry": { "type": "Point", "coordinates": [ 77.6848145, 13.0080624 ] } },
{ "type": "Feature", "properties": { "name": "Sri Kumaran's English School", "amenity": "school", "building": null, "capacity": null, "emergency": null, "leisure": null }, "geometry": { "type": "Point", "coordinates": [ 77.6720657, 13.0090628 ] } },
{ "type": "Feature", "properties": { "name": "Jubilee School", "amenity": "school", "building": null, "capacity": null, "emergency": null, "leisure": null }, "geometry": { "type": "Point", "coordinates": [ 77.6749344, 13.0053129 ] } },
{ "type": "Feature", "properties": { "name": "Manu Kannada School", "amenity": "school", "building": null, "capacity": null, "emergency": null, "leisure": null }, "geometry": { "type": "Point", "coordinates": [ 77.6683121, 13.0076876 ] } },
{ "type": "Feature", "properties": { "name": "St. Anne's Pre-University College For Girls", "amenity": "college", "building": null, "capacity": null, "emergency": null, "leisure": null }, "geometry": { "type": "Point", "coordinates": [ 77.6793137, 13.0123129 ] } },
{ "type": "Feature", "properties": { "name": "Sri Vani Girls High School", "amenity": "school", "building": null, "capacity": null, "emergency": null, "leisure": null }, "geometry": { "type": "Point", "coordinates": [ 77.553319, 13.004793 ] } },
{ "type": "Feature", "properties": { "name": "Government Model Primary School", "amenity": "school", "building": null, "capacity": null, "emergency": null, "leisure": null }, "geometry": { "type": "Point", "coordinates": [ 77.5338261, 12.9577457 ] } },
{ "type": "Feature", "properties": { "name": "Chitrakala Parishattu", "amenity": "college", "building": null, "capacity": null, "emergency": null, "leisure": null }, "geometry": { "type": "Point", "coordinates": [ 77.5073782, 12.902777 ] } },
{ "type": "Feature", "properties": { "name": "B M Valley School", "amenity": "school", "building": null, "capacity": null, "emergency": null, "leisure": null }, "geometry": { "type": "Point", "coordinates": [ 77.5258988, 12.9417677 ] } },
{ "type": "Feature", "properties": { "name": "Lavonne Academy of Baking Science and Pastry Arts", "amenity": "college", "building": null, "capacity": null, "emergency": null, "leisure": null }, "geometry": { "type": "Point", "coordinates": [ 77.6369007, 12.9668354 ] } },
{ "type": "Feature", "properties": { "name": "New Oxford High School", "amenity": "school", "building": null, "capacity": null, "emergency": null, "leisure": null }, "geometry": { "type": "Point", "coordinates": [ 77.5531782, 12.9847669 ] } },
{ "type": "Feature", "properties": { "name": "Bethesda Academy", "amenity": "school", "building": null, "capacity": null, "emergency": null, "leisure": null }, "geometry": { "type": "Point", "coordinates": [ 77.6157112, 12.998522 ] } },
{ "type": "Feature", "properties": { "name": "Drishti School of Photography", "amenity": "school", "building": null, "capacity": null, "emergency": null, "leisure": null }, "geometry": { "type": "Point", "coordinates": [ 77.6038874, 13.0489609 ] } },
{ "type": "Feature", "properties": { "name": "Nathaniel School of Music", "amenity": "school", "building": null, "capacity": null, "emergency": null, "leisure": null }, "geometry": { "type": "Point", "coordinates": [ 77.6039886, 13.0489518 ] } },
{ "type": "Feature", "properties": { "name": "Nathaniel School of Music", "amenity": "school", "building": null, "capacity": null, "emergency": null, "leisure": null }, "geometry": { "type": "Point", "coordinates": [ 77.5898165, 13.0626929 ] } },
{ "type": "Feature", "properties": { "name": "Nathaniel School of Music", "amenity": "school", "building": null, "capacity": null, "emergency": null, "leisure": null }, "geometry": { "type": "Point", "coordinates": [ 77.6065569, 12.9695407 ] } },
{ "type": "Feature", "properties": { "name": "Kiara Music Academy", "amenity": "school", "building": null, "capacity": null, "emergency": null, "leisure": null }, "geometry": { "type": "Point", "coordinates": [ 77.6483457, 12.9684861 ] } },
{ "type": "Feature", "properties": { "name": "Department of Geology", "amenity": "college", "building": null, "capacity": null, "emergency": null, "leisure": null }, "geometry": { "type": "Point", "coordinates": [ 77.509215, 12.9454491 ] } },
{ "type": "Feature", "properties": { "name": "Orchids The International School, Mysore Road", "amenity": "school", "building": null, "capacity": null, "emergency": null, "leisure": null }, "geometry": { "type": "Point", "coordinates": [ 77.4986469, 12.9254097 ] } },
{ "type": "Feature", "properties": { "name": "Orchids The International School, VijayaNagar", "amenity": "school", "building": null, "capacity": null, "emergency": null, "leisure": null }, "geometry": { "type": "Point", "coordinates": [ 77.5358963, 12.970057 ] } },
{ "type": "Feature", "properties": { "name": "Orchids The International School - Mahalakshmi Layout", "amenity": "school", "building": null, "capacity": null, "emergency": null, "leisure": null }, "geometry": { "type": "Point", "coordinates": [ 77.5468543, 13.0116909 ] } },
{ "type": "Feature", "properties": { "name": "NRI Institute", "amenity": "college", "building": null, "capacity": null, "emergency": null, "leisure": null }, "geometry": { "type": "Point", "coordinates": [ 77.508044, 12.969788 ] } },
{ "type": "Feature", "properties": { "name": "Vyasa International School", "amenity": "school", "building": null, "capacity": null, "emergency": null, "leisure": null }, "geometry": { "type": "Point", "coordinates": [ 77.5685759, 13.0543023 ] } },
{ "type": "Feature", "properties": { "name": "Anupama College of Management And Science", "amenity": "college", "building": null, "capacity": null, "emergency": null, "leisure": null }, "geometry": { "type": "Point", "coordinates": [ 77.5449837, 13.0066617 ] } },
{ "type": "Feature", "properties": { "name": "Government Pre University College", "amenity": "college", "building": null, "capacity": null, "emergency": null, "leisure": null }, "geometry": { "type": "Point", "coordinates": [ 77.5661228, 12.9900587 ] } },
{ "type": "Feature", "properties": { "name": "GPUC-Gopalan PU College", "amenity": "college", "building": null, "capacity": null, "emergency": null, "leisure": null }, "geometry": { "type": "Point", "coordinates": [ 77.7166625, 12.9864281 ] } },
{ "type": "Feature", "properties": { "name": "Bsv Pu College Malagala", "amenity": "college", "building": null, "capacity": null, "emergency": null, "leisure": null }, "geometry": { "type": "Point", "coordinates": [ 77.510375, 12.979487 ] } },
{ "type": "Feature", "properties": { "name": "East West College of Nursing And Management", "amenity": "college", "building": null, "capacity": null, "emergency": null, "leisure": null }, "geometry": { "type": "Point", "coordinates": [ 77.4824667, 12.97713 ] } },
{ "type": "Feature", "properties": { "name": "East West College of Pharmacy", "amenity": "college", "building": null, "capacity": null, "emergency": null, "leisure": null }, "geometry": { "type": "Point", "coordinates": [ 77.4825255, 12.9764149 ] } },
{ "type": "Feature", "properties": { "name": "Global Institute of Medical Science", "amenity": "college", "building": null, "capacity": null, "emergency": null, "leisure": null }, "geometry": { "type": "Point", "coordinates": [ 77.5856195, 12.9686611 ] } },
{ "type": "Feature", "properties": { "name": "G.r. Correspondence College", "amenity": "college", "building": null, "capacity": null, "emergency": null, "leisure": null }, "geometry": { "type": "Point", "coordinates": [ 77.54275, 12.905931 ] } },
{ "type": "Feature", "properties": { "name": "Sukrupa School", "amenity": "school", "building": null, "capacity": null, "emergency": null, "leisure": null }, "geometry": { "type": "Point", "coordinates": [ 77.5965496, 13.0327874 ] } },
{ "type": "Feature", "properties": { "name": "M.S.Polytechnic", "amenity": "college", "building": null, "capacity": null, "emergency": null, "leisure": null }, "geometry": { "type": "Point", "coordinates": [ 77.5552398, 13.019726 ] } },
{ "type": "Feature", "properties": { "name": "L.C.R. English School", "amenity": "school", "building": null, "capacity": null, "emergency": null, "leisure": null }, "geometry": { "type": "Point", "coordinates": [ 77.5562995, 13.0278362 ] } },
{ "type": "Feature", "properties": { "name": "Lilly Rose English High School", "amenity": "school", "building": null, "capacity": null, "emergency": null, "leisure": null }, "geometry": { "type": "Point", "coordinates": [ 77.6037971, 12.9263406 ] } },
{ "type": "Feature", "properties": { "name": null, "amenity": "school", "building": null, "capacity": null, "emergency": null, "leisure": null }, "geometry": { "type": "Point", "coordinates": [ 77.6177216, 12.9588096 ] } },
{ "type": "Feature", "properties": { "name": "Sambhavam - Centre for Autism", "amenity": "school", "building": null, "capacity": null, "emergency": null, "leisure": null }, "geometry": { "type": "Point", "coordinates": [ 77.6048622, 12.9134224 ] } },
{ "type": "Feature", "properties": { "name": "Government School", "amenity": "school", "building": null, "capacity": null, "emergency": null, "leisure": null }, "geometry": { "type": "Point", "coordinates": [ 77.4816613, 12.9141593 ] } },
{ "type": "Feature", "properties": { "name": "FAME India", "amenity": "school", "building": null, "capacity": null, "emergency": null, "leisure": null }, "geometry": { "type": "Point", "coordinates": [ 77.5783575, 12.9236698 ] } },
{ "type": "Feature", "properties": { "name": "Flourish, School Of Baking & Cake Decor", "amenity": "school", "building": null, "capacity": null, "emergency": null, "leisure": null }, "geometry": { "type": "Point", "coordinates": [ 77.6068628, 12.9668493 ] } },
{ "type": "Feature", "properties": { "name": "Sri Sharada Nursery and Public School", "amenity": "school", "building": null, "capacity": null, "emergency": null, "leisure": null }, "geometry": { "type": "Point", "coordinates": [ 77.5859861, 12.9428948 ] } },
{ "type": "Feature", "properties": { "name": "Bala Vidya Mandir School", "amenity": "school", "building": null, "capacity": null, "emergency": null, "leisure": null }, "geometry": { "type": "Point", "coordinates": [ 77.5508943, 12.986139 ] } },
{ "type": "Feature", "properties": { "name": "Rang De Bharat Foundation", "amenity": "college", "building": null, "capacity": null, "emergency": null, "leisure": null }, "geometry": { "type": "Point", "coordinates": [ 77.5911575, 12.9215629 ] } },
{ "type": "Feature", "properties": { "name": "Sampratishta School of Fine Arts & Design", "amenity": "college", "building": null, "capacity": null, "emergency": null, "leisure": null }, "geometry": { "type": "Point", "coordinates": [ 77.5911015, 12.921552 ] } },
{ "type": "Feature", "properties": { "name": "Daffodils English School", "amenity": "school", "building": null, "capacity": null, "emergency": null, "leisure": null }, "geometry": { "type": "Point", "coordinates": [ 77.5789482, 13.0348455 ] } },
{ "type": "Feature", "properties": { "name": "Sri Aurobindo College", "amenity": "college", "building": null, "capacity": null, "emergency": null, "leisure": null }, "geometry": { "type": "Point", "coordinates": [ 77.5502801, 12.9990996 ] } },
{ "type": "Feature", "properties": { "name": "The Bangalore School of Music", "amenity": "college", "building": null, "capacity": null, "emergency": null, "leisure": null }, "geometry": { "type": "Point", "coordinates": [ 77.5918691, 13.0264468 ] } },
{ "type": "Feature", "properties": { "name": "Anjanadri High School", "amenity": "school", "building": null, "capacity": null, "emergency": null, "leisure": null }, "geometry": { "type": "Point", "coordinates": [ 77.6982487, 12.9107638 ] } },
{ "type": "Feature", "properties": { "name": "Dairy Science College", "amenity": "college", "building": null, "capacity": null, "emergency": null, "leisure": null }, "geometry": { "type": "Point", "coordinates": [ 77.5837058, 13.0293422 ] } },
{ "type": "Feature", "properties": { "name": "National Bureau of Soil Survey and Landuse Planning", "amenity": "college", "building": null, "capacity": null, "emergency": null, "leisure": null }, "geometry": { "type": "Point", "coordinates": [ 77.5835663, 13.0285112 ] } },
{ "type": "Feature", "properties": { "name": "Manipal Law School, Bengaluru", "amenity": "college", "building": null, "capacity": null, "emergency": null, "leisure": null }, "geometry": { "type": "Point", "coordinates": [ 77.5898427, 13.1265925 ] } },
{ "type": "Feature", "properties": { "name": "Department of Public Policy, MAHE", "amenity": "college", "building": null, "capacity": null, "emergency": null, "leisure": null }, "geometry": { "type": "Point", "coordinates": [ 77.5905025, 13.1251819 ] } },
{ "type": "Feature", "properties": { "name": "Department of Liberal Arts, Humanities and Social Sciences, MAHE", "amenity": "college", "building": null, "capacity": null, "emergency": null, "leisure": null }, "geometry": { "type": "Point", "coordinates": [ 77.5904596, 13.1254954 ] } },
{ "type": "Feature", "properties": { "name": "Manipal Institute of Technology, Bengaluru", "amenity": "college", "building": null, "capacity": null, "emergency": null, "leisure": null }, "geometry": { "type": "Point", "coordinates": [ 77.5904864, 13.1264958 ] } },
{ "type": "Feature", "properties": { "name": "S.G.K. Modern Public School", "amenity": "school", "building": null, "capacity": null, "emergency": null, "leisure": null }, "geometry": { "type": "Point", "coordinates": [ 77.4681595, 12.899218 ] } },
{ "type": "Feature", "properties": { "name": "Dr. Ramanah Manohar College of Law", "amenity": "college", "building": null, "capacity": null, "emergency": null, "leisure": null }, "geometry": { "type": "Point", "coordinates": [ 77.5896874, 12.8582964 ] } },
{ "type": "Feature", "properties": { "name": "Don Bosco High School", "amenity": "school", "building": null, "capacity": null, "emergency": null, "leisure": null }, "geometry": { "type": "Point", "coordinates": [ 77.6442835, 13.0655474 ] } },
{ "type": "Feature", "properties": { "name": "Gnanabodhini Kannada Higher Primary School", "amenity": "school", "building": null, "capacity": null, "emergency": null, "leisure": null }, "geometry": { "type": "Point", "coordinates": [ 77.4943694, 12.9266736 ] } },
{ "type": "Feature", "properties": { "name": "Gnanabodhini English Higher Primary School", "amenity": "school", "building": null, "capacity": null, "emergency": null, "leisure": null }, "geometry": { "type": "Point", "coordinates": [ 77.4942917, 12.9264043 ] } },
{ "type": "Feature", "properties": { "name": "Tom & Jerry Creche", "amenity": "school", "building": null, "capacity": null, "emergency": null, "leisure": null }, "geometry": { "type": "Point", "coordinates": [ 77.7133527, 12.9617336 ] } },
{ "type": "Feature", "properties": { "name": "Chethana Public School", "amenity": "school", "building": null, "capacity": null, "emergency": null, "leisure": null }, "geometry": { "type": "Point", "coordinates": [ 77.5426386, 12.8708103 ] } },
{ "type": "Feature", "properties": { "name": "M S Ramaiah Faculty of Pharmacy", "amenity": "college", "building": null, "capacity": null, "emergency": null, "leisure": null }, "geometry": { "type": "Point", "coordinates": [ 77.5678793, 13.0297739 ] } },
{ "type": "Feature", "properties": { "name": "Hasnath College for Women", "amenity": "college", "building": null, "capacity": null, "emergency": null, "leisure": null }, "geometry": { "type": "Point", "coordinates": [ 77.6151279, 12.9793318 ] } },
{ "type": "Feature", "properties": { "name": "IIHS, Bengaluru City Campus Annexe - I", "amenity": "college", "building": null, "capacity": null, "emergency": null, "leisure": null }, "geometry": { "type": "Point", "coordinates": [ 77.5819464, 13.0074059 ] } },
{ "type": "Feature", "properties": { "name": "Srushti Degree College", "amenity": "college", "building": null, "capacity": null, "emergency": null, "leisure": null }, "geometry": { "type": "Point", "coordinates": [ 77.7006739, 12.9692353 ] } },
{ "type": "Feature", "properties": { "name": "Athena Public School", "amenity": "school", "building": null, "capacity": null, "emergency": null, "leisure": null }, "geometry": { "type": "Point", "coordinates": [ 77.5644924, 12.9569921 ] } },
{ "type": "Feature", "properties": { "name": "South India Banks Staff Training College", "amenity": "college", "building": null, "capacity": null, "emergency": null, "leisure": null }, "geometry": { "type": "Point", "coordinates": [ 77.5700275, 12.9533506 ] } },
{ "type": "Feature", "properties": { "name": "Cohesion Montessori", "amenity": "school", "building": null, "capacity": null, "emergency": null, "leisure": null }, "geometry": { "type": "Point", "coordinates": [ 77.5427075, 12.8606762 ] } },
{ "type": "Feature", "properties": { "name": "Peniel Community College for Women", "amenity": "college", "building": null, "capacity": null, "emergency": null, "leisure": null }, "geometry": { "type": "Point", "coordinates": [ 77.6267398, 13.0058168 ] } },
{ "type": "Feature", "properties": { "name": null, "amenity": "school", "building": null, "capacity": null, "emergency": null, "leisure": null }, "geometry": { "type": "Point", "coordinates": [ 77.4835688, 12.9106208 ] } },
{ "type": "Feature", "properties": { "name": "Nagarathna Srikantaiah Paramedical College", "amenity": "college", "building": null, "capacity": null, "emergency": null, "leisure": null }, "geometry": { "type": "Point", "coordinates": [ 77.5695007, 13.0015536 ] } },
{ "type": "Feature", "properties": { "name": "The Alternative Learning Community", "amenity": "school", "building": null, "capacity": null, "emergency": null, "leisure": null }, "geometry": { "type": "Point", "coordinates": [ 77.70845, 12.9736914 ] } },
{ "type": "Feature", "properties": { "name": "Sri Vidya Mandir Education Society", "amenity": "school", "building": null, "capacity": null, "emergency": null, "leisure": null }, "geometry": { "type": "Point", "coordinates": [ 77.5666429, 13.0020724 ] } },
{ "type": "Feature", "properties": { "name": "Sharada Shri Public School", "amenity": "school", "building": null, "capacity": null, "emergency": null, "leisure": null }, "geometry": { "type": "Point", "coordinates": [ 77.5343709, 12.929597 ] } },
{ "type": "Feature", "properties": { "name": "IIHS, Bengaluru City Campus - Annexe II", "amenity": "college", "building": null, "capacity": null, "emergency": null, "leisure": null }, "geometry": { "type": "Point", "coordinates": [ 77.5800587, 13.0093598 ] } },
{ "type": "Feature", "properties": { "name": "BBMP High School", "amenity": "school", "building": null, "capacity": null, "emergency": null, "leisure": null }, "geometry": { "type": "Point", "coordinates": [ 77.6015303, 12.9569478 ] } },
{ "type": "Feature", "properties": { "name": "IDeA College", "amenity": "college", "building": null, "capacity": null, "emergency": null, "leisure": null }, "geometry": { "type": "Point", "coordinates": [ 77.5948654, 12.9874213 ] } },
{ "type": "Feature", "properties": { "name": "St. Anne's PU College", "amenity": "college", "building": null, "capacity": null, "emergency": null, "leisure": null }, "geometry": { "type": "Point", "coordinates": [ 77.5909142, 12.9879659 ] } },
{ "type": "Feature", "properties": { "name": "St. Anne Public School", "amenity": "school", "building": null, "capacity": null, "emergency": null, "leisure": null }, "geometry": { "type": "Point", "coordinates": [ 77.5905722, 12.9881515 ] } },
{ "type": "Feature", "properties": { "name": "Government Science College", "amenity": "college", "building": null, "capacity": null, "emergency": null, "leisure": null }, "geometry": { "type": "Point", "coordinates": [ 77.5861788, 12.9736287 ] } },
{ "type": "Feature", "properties": { "name": "Government Arts College", "amenity": "college", "building": null, "capacity": null, "emergency": null, "leisure": null }, "geometry": { "type": "Point", "coordinates": [ 77.5850362, 12.9738939 ] } },
{ "type": "Feature", "properties": { "name": "Central College", "amenity": "college", "building": null, "capacity": null, "emergency": null, "leisure": null }, "geometry": { "type": "Point", "coordinates": [ 77.5842717, 12.975095 ] } },
{ "type": "Feature", "properties": { "name": "Maharani's Arts, Commerce and Management College", "amenity": "college", "building": null, "capacity": null, "emergency": null, "leisure": null }, "geometry": { "type": "Point", "coordinates": [ 77.5832927, 12.980325 ] } },
{ "type": "Feature", "properties": { "name": "VHD Home Science College", "amenity": "college", "building": null, "capacity": null, "emergency": null, "leisure": null }, "geometry": { "type": "Point", "coordinates": [ 77.583451, 12.9775492 ] } },
{ "type": "Feature", "properties": { "name": "Maharani's Science College for Women", "amenity": "college", "building": null, "capacity": null, "emergency": null, "leisure": null }, "geometry": { "type": "Point", "coordinates": [ 77.5839847, 12.9795827 ] } },
{ "type": "Feature", "properties": { "name": "Samskruthi Public School", "amenity": "school", "building": null, "capacity": null, "emergency": null, "leisure": null }, "geometry": { "type": "Point", "coordinates": [ 77.5597765, 12.9054582 ] } },
{ "type": "Feature", "properties": { "name": "New Era Primary & High School", "amenity": "school", "building": null, "capacity": null, "emergency": null, "leisure": null }, "geometry": { "type": "Point", "coordinates": [ 77.568727, 12.9043117 ] } },
{ "type": "Feature", "properties": { "name": "St. Thomas International School", "amenity": "school", "building": null, "capacity": null, "emergency": null, "leisure": null }, "geometry": { "type": "Point", "coordinates": [ 77.5680175, 12.9036411 ] } },
{ "type": "Feature", "properties": { "name": "चिरंतना इंग्लिश स्कूल", "amenity": "school", "building": null, "capacity": null, "emergency": null, "leisure": null }, "geometry": { "type": "Point", "coordinates": [ 77.5778161, 13.0311563 ] } },
{ "type": "Feature", "properties": { "name": "Management Studies Department", "amenity": "college", "building": null, "capacity": null, "emergency": null, "leisure": null }, "geometry": { "type": "Point", "coordinates": [ 77.5867957, 13.1285502 ] } },
{ "type": "Feature", "properties": { "name": "EEE Department", "amenity": "college", "building": null, "capacity": null, "emergency": null, "leisure": null }, "geometry": { "type": "Point", "coordinates": [ 77.5877371, 13.1284405 ] } },
{ "type": "Feature", "properties": { "name": "ECE Department", "amenity": "college", "building": null, "capacity": null, "emergency": null, "leisure": null }, "geometry": { "type": "Point", "coordinates": [ 77.5870505, 13.1284784 ] } },
{ "type": "Feature", "properties": { "name": "CSE Department", "amenity": "college", "building": null, "capacity": null, "emergency": null, "leisure": null }, "geometry": { "type": "Point", "coordinates": [ 77.5872771, 13.1284562 ] } },
{ "type": "Feature", "properties": { "name": "Physics Department", "amenity": "college", "building": null, "capacity": null, "emergency": null, "leisure": null }, "geometry": { "type": "Point", "coordinates": [ 77.5879464, 13.1285737 ] } },
{ "type": "Feature", "properties": { "name": "Chemistry Department", "amenity": "college", "building": null, "capacity": null, "emergency": null, "leisure": null }, "geometry": { "type": "Point", "coordinates": [ 77.5879531, 13.1287331 ] } },
{ "type": "Feature", "properties": { "name": "MCA Department", "amenity": "college", "building": null, "capacity": null, "emergency": null, "leisure": null }, "geometry": { "type": "Point", "coordinates": [ 77.5868145, 13.1287057 ] } },
{ "type": "Feature", "properties": { "name": "ISE Department", "amenity": "college", "building": null, "capacity": null, "emergency": null, "leisure": null }, "geometry": { "type": "Point", "coordinates": [ 77.5875024, 13.1284549 ] } },
{ "type": "Feature", "properties": { "name": "NMIT Polytechnic", "amenity": "college", "building": null, "capacity": null, "emergency": null, "leisure": null }, "geometry": { "type": "Point", "coordinates": [ 77.5861976, 13.1274479 ] } },
{ "type": "Feature", "properties": { "name": "Nitte School of Architecture Planning & Design", "amenity": "college", "building": null, "capacity": null, "emergency": null, "leisure": null }, "geometry": { "type": "Point", "coordinates": [ 77.5863504, 13.1277797 ] } },
{ "type": "Feature", "properties": { "name": "Aeronautical Department", "amenity": "college", "building": null, "capacity": null, "emergency": null, "leisure": null }, "geometry": { "type": "Point", "coordinates": [ 77.5864591, 13.1286482 ] } },
{ "type": "Feature", "properties": { "name": "Mechanical Department", "amenity": "college", "building": null, "capacity": null, "emergency": null, "leisure": null }, "geometry": { "type": "Point", "coordinates": [ 77.5864604, 13.1288493 ] } },
{ "type": "Feature", "properties": { "name": "Civil Department", "amenity": "college", "building": null, "capacity": null, "emergency": null, "leisure": null }, "geometry": { "type": "Point", "coordinates": [ 77.5864698, 13.1290439 ] } },
{ "type": "Feature", "properties": { "name": "Nitte School of Fashion Technology and Interior Design", "amenity": "college", "building": null, "capacity": null, "emergency": null, "leisure": null }, "geometry": { "type": "Point", "coordinates": [ 77.5868466, 13.1303461 ] } },
{ "type": "Feature", "properties": { "name": "NITTE School of Management", "amenity": "college", "building": null, "capacity": null, "emergency": null, "leisure": null }, "geometry": { "type": "Point", "coordinates": [ 77.5886518, 13.1309703 ] } },
{ "type": "Feature", "properties": { "name": "Nitte College of Pharmaceutical Sciences", "amenity": "college", "building": null, "capacity": null, "emergency": null, "leisure": null }, "geometry": { "type": "Point", "coordinates": [ 77.5869191, 13.1307666 ] } },
{ "type": "Feature", "properties": { "name": "SJM Public School", "amenity": "school", "building": null, "capacity": null, "emergency": null, "leisure": null }, "geometry": { "type": "Point", "coordinates": [ 77.6246847, 13.0418385 ] } },
{ "type": "Feature", "properties": { "name": "Lowry Adventist College And Group Of Institutions", "amenity": "college", "building": null, "capacity": null, "emergency": null, "leisure": null }, "geometry": { "type": "Point", "coordinates": [ 77.6769089, 12.9994188 ] } },
{ "type": "Feature", "properties": { "name": null, "amenity": "school", "building": null, "capacity": null, "emergency": null, "leisure": null }, "geometry": { "type": "Point", "coordinates": [ 77.5586214, 13.0599066 ] } },
{ "type": "Feature", "properties": { "name": "Indian Institute of Fashion Technology", "amenity": "college", "building": null, "capacity": null, "emergency": null, "leisure": null }, "geometry": { "type": "Point", "coordinates": [ 77.6367793, 12.9777914 ] } },
{ "type": "Feature", "properties": { "name": "Cauvery First Grade college", "amenity": "college", "building": null, "capacity": null, "emergency": null, "leisure": null }, "geometry": { "type": "Point", "coordinates": [ 77.5874562, 13.0612215 ] } },
{ "type": "Feature", "properties": { "name": "GPS Institute of Agricultural Management", "amenity": "college", "building": null, "capacity": null, "emergency": null, "leisure": null }, "geometry": { "type": "Point", "coordinates": [ 77.5215723, 13.0378544 ] } },
{ "type": "Feature", "properties": { "name": "RBANMs Govindammal Senior Primary School", "amenity": "school", "building": null, "capacity": null, "emergency": null, "leisure": null }, "geometry": { "type": "Point", "coordinates": [ 77.6253762, 12.9755065 ] } },
{ "type": "Feature", "properties": { "name": null, "amenity": "school", "building": null, "capacity": null, "emergency": null, "leisure": null }, "geometry": { "type": "Point", "coordinates": [ 77.5278295, 13.0349336 ] } },
{ "type": "Feature", "properties": { "name": "Sacred Heart College of Nursing", "amenity": "college", "building": null, "capacity": null, "emergency": null, "leisure": null }, "geometry": { "type": "Point", "coordinates": [ 77.50291, 13.0473955 ] } },
{ "type": "Feature", "properties": { "name": "Seshadripuram Independent Pre-University College", "amenity": "college", "building": null, "capacity": null, "emergency": null, "leisure": null }, "geometry": { "type": "Point", "coordinates": [ 77.4809643, 12.915418 ] } },
{ "type": "Feature", "properties": { "name": "Seshadripuram Academy of Business Studies", "amenity": "college", "building": null, "capacity": null, "emergency": null, "leisure": null }, "geometry": { "type": "Point", "coordinates": [ 77.4811537, 12.9155804 ] } },
{ "type": "Feature", "properties": { "name": "Oxford English High School", "amenity": "school", "building": null, "capacity": null, "emergency": null, "leisure": null }, "geometry": { "type": "Point", "coordinates": [ 77.6520407, 12.9758932 ] } },
{ "type": "Feature", "properties": { "name": "EuroKids Shantinagar", "amenity": "school", "building": null, "capacity": null, "emergency": null, "leisure": null }, "geometry": { "type": "Point", "coordinates": [ 77.5947203, 12.9594748 ] } },
{ "type": "Feature", "properties": { "name": "Government Institute of Printing Technology", "amenity": "college", "building": null, "capacity": null, "emergency": null, "leisure": null }, "geometry": { "type": "Point", "coordinates": [ 77.5852812, 12.9790145 ] } },
{ "type": "Feature", "properties": { "name": "University Law College", "amenity": "college", "building": null, "capacity": null, "emergency": null, "leisure": null }, "geometry": { "type": "Point", "coordinates": [ 77.5816294, 12.9747615 ] } },
{ "type": "Feature", "properties": { "name": "St. Frazer High School", "amenity": "school", "building": null, "capacity": null, "emergency": null, "leisure": null }, "geometry": { "type": "Point", "coordinates": [ 77.6209401, 13.0313563 ] } },
{ "type": "Feature", "properties": { "name": "Government Lower Primary School", "amenity": "school", "building": null, "capacity": null, "emergency": null, "leisure": null }, "geometry": { "type": "Point", "coordinates": [ 77.7023679, 12.9651511 ] } },
{ "type": "Feature", "properties": { "name": "Kidzee Pre School", "amenity": "school", "building": null, "capacity": null, "emergency": null, "leisure": null }, "geometry": { "type": "Point", "coordinates": [ 77.6397981, 12.9003661 ] } },
{ "type": "Feature", "properties": { "name": "DBM & RJS School", "amenity": "school", "building": null, "capacity": null, "emergency": null, "leisure": null }, "geometry": { "type": "Point", "coordinates": [ 77.6240789, 12.9291476 ] } },
{ "type": "Feature", "properties": { "name": "Shubhodhini English Medium High School", "amenity": "school", "building": null, "capacity": null, "emergency": null, "leisure": null }, "geometry": { "type": "Point", "coordinates": [ 77.6400573, 12.9009812 ] } },
{ "type": "Feature", "properties": { "name": "Kallavar Public School", "amenity": "school", "building": null, "capacity": null, "emergency": null, "leisure": null }, "geometry": { "type": "Point", "coordinates": [ 77.5678968, 13.1055509 ] } },
{ "type": "Feature", "properties": { "name": "Divine English School", "amenity": "school", "building": null, "capacity": null, "emergency": null, "leisure": null }, "geometry": { "type": "Point", "coordinates": [ 77.5562156, 13.0217397 ] } },
{ "type": "Feature", "properties": { "name": "Mount Blue High School", "amenity": "school", "building": null, "capacity": null, "emergency": null, "leisure": null }, "geometry": { "type": "Point", "coordinates": [ 77.7469761, 12.9412113 ] } },
{ "type": "Feature", "properties": { "name": "BCR Public school", "amenity": "school", "building": null, "capacity": null, "emergency": null, "leisure": null }, "geometry": { "type": "Point", "coordinates": [ 77.6352146, 12.8814976 ] } },
{ "type": "Feature", "properties": { "name": "Community Learning Center", "amenity": "school", "building": null, "capacity": null, "emergency": null, "leisure": null }, "geometry": { "type": "Point", "coordinates": [ 77.5939578, 12.910312 ] } },
{ "type": "Feature", "properties": { "name": "Orchids The International School", "amenity": "school", "building": null, "capacity": null, "emergency": null, "leisure": null }, "geometry": { "type": "Point", "coordinates": [ 77.5796688, 12.8803607 ] } },
{ "type": "Feature", "properties": { "name": "SG International Public School", "amenity": "school", "building": null, "capacity": null, "emergency": null, "leisure": null }, "geometry": { "type": "Point", "coordinates": [ 77.5394468, 13.0110387 ] } },
{ "type": "Feature", "properties": { "name": "New Learning Ladders International School", "amenity": "school", "building": null, "capacity": null, "emergency": null, "leisure": null }, "geometry": { "type": "Point", "coordinates": [ 77.6613705, 13.0111617 ] } },
{ "type": "Feature", "properties": { "name": "AIT Information Science", "amenity": "college", "building": null, "capacity": null, "emergency": null, "leisure": null }, "geometry": { "type": "Point", "coordinates": [ 77.5064206, 12.9637093 ] } },
{ "type": "Feature", "properties": { "name": "AIT Medical Electronics", "amenity": "college", "building": null, "capacity": null, "emergency": null, "leisure": null }, "geometry": { "type": "Point", "coordinates": [ 77.505565, 12.963542 ] } },
{ "type": "Feature", "properties": { "name": "AIT Mechanical Engineering", "amenity": "college", "building": null, "capacity": null, "emergency": null, "leisure": null }, "geometry": { "type": "Point", "coordinates": [ 77.5065815, 12.9640334 ] } },
{ "type": "Feature", "properties": { "name": "AIT Civil Engineering", "amenity": "college", "building": null, "capacity": null, "emergency": null, "leisure": null }, "geometry": { "type": "Point", "coordinates": [ 77.5068685, 12.9647601 ] } },
{ "type": "Feature", "properties": { "name": "Sri Vidya Mandir", "amenity": "school", "building": null, "capacity": null, "emergency": null, "leisure": null }, "geometry": { "type": "Point", "coordinates": [ 77.5665532, 13.0051433 ] } },
{ "type": "Feature", "properties": { "name": "Sri Channakeshava English School", "amenity": "school", "building": null, "capacity": null, "emergency": null, "leisure": null }, "geometry": { "type": "Point", "coordinates": [ 77.6534148, 12.8703911 ] } },
{ "type": "Feature", "properties": { "name": "Global/Art", "amenity": "school", "building": null, "capacity": null, "emergency": null, "leisure": null }, "geometry": { "type": "Point", "coordinates": [ 77.7132267, 12.9651695 ] } },
{ "type": "Feature", "properties": { "name": "School Of Athens", "amenity": "school", "building": null, "capacity": null, "emergency": null, "leisure": null }, "geometry": { "type": "Point", "coordinates": [ 77.7134399, 12.9652449 ] } },
{ "type": "Feature", "properties": { "name": "Meraki School Of Art", "amenity": "school", "building": null, "capacity": null, "emergency": null, "leisure": null }, "geometry": { "type": "Point", "coordinates": [ 77.7158509, 12.9669964 ] } },
{ "type": "Feature", "properties": { "name": "Kidzee", "amenity": "school", "building": null, "capacity": null, "emergency": null, "leisure": null }, "geometry": { "type": "Point", "coordinates": [ 77.6104487, 12.9185982 ] } },
{ "type": "Feature", "properties": { "name": "Gopalpur Primary School", "amenity": "school", "building": null, "capacity": null, "emergency": null, "leisure": null }, "geometry": { "type": "Point", "coordinates": [ 77.7395417, 13.0020286 ] } },
{ "type": "Feature", "properties": { "name": "The Earth School", "amenity": "school", "building": null, "capacity": null, "emergency": null, "leisure": null }, "geometry": { "type": "Point", "coordinates": [ 77.6241589, 13.0072959 ] } },
{ "type": "Feature", "properties": { "name": "Little Angels Public School", "amenity": "school", "building": null, "capacity": null, "emergency": null, "leisure": null }, "geometry": { "type": "Point", "coordinates": [ 77.6090759, 13.0362236 ] } },
{ "type": "Feature", "properties": { "name": "Institute of Agri-Business Management", "amenity": "college", "building": null, "capacity": null, "emergency": null, "leisure": null }, "geometry": { "type": "Point", "coordinates": [ 77.579739, 13.077387 ] } },
{ "type": "Feature", "properties": { "name": "Institute of Agri-Business Management", "amenity": "college", "building": null, "capacity": null, "emergency": null, "leisure": null }, "geometry": { "type": "Point", "coordinates": [ 77.57973, 13.0773825 ] } },
{ "type": "Feature", "properties": { "name": "Seshadripuram Commerce College", "amenity": "college", "building": null, "capacity": null, "emergency": null, "leisure": null }, "geometry": { "type": "Point", "coordinates": [ 77.5570151, 12.9754949 ] } },
{ "type": "Feature", "properties": { "name": "Bellandur Government School", "amenity": "school", "building": null, "capacity": null, "emergency": null, "leisure": null }, "geometry": { "type": "Point", "coordinates": [ 77.6760591, 12.9306649 ] } },
{ "type": "Feature", "properties": { "name": "Knowledgeum Academy", "amenity": "school", "building": null, "capacity": null, "emergency": null, "leisure": null }, "geometry": { "type": "Point", "coordinates": [ 77.5763801, 12.9232168 ] } },
{ "type": "Feature", "properties": { "name": "GCC-Gopalan College of Commerce", "amenity": "college", "building": null, "capacity": null, "emergency": null, "leisure": null }, "geometry": { "type": "Point", "coordinates": [ 77.7166571, 12.9865202 ] } },
{ "type": "Feature", "properties": { "name": "GCEM-Gopalan College of Engineering and Management", "amenity": "college", "building": null, "capacity": null, "emergency": null, "leisure": null }, "geometry": { "type": "Point", "coordinates": [ 77.7171122, 12.9864718 ] } },
{ "type": "Feature", "properties": { "name": "AMB Public English High School", "amenity": "school", "building": null, "capacity": null, "emergency": null, "leisure": null }, "geometry": { "type": "Point", "coordinates": [ 77.6048845, 13.0359136 ] } },
{ "type": "Feature", "properties": { "name": "Maple Bear Canadian Pre-School", "amenity": "school", "building": null, "capacity": null, "emergency": null, "leisure": null }, "geometry": { "type": "Point", "coordinates": [ 77.6011643, 12.861704 ] } },
{ "type": "Feature", "properties": { "name": "Jain college (CGS)", "amenity": "college", "building": null, "capacity": null, "emergency": null, "leisure": null }, "geometry": { "type": "Point", "coordinates": [ 77.5769836, 12.9496369 ] } },
{ "type": "Feature", "properties": { "name": "Yenepoya College", "amenity": "college", "building": null, "capacity": null, "emergency": null, "leisure": null }, "geometry": { "type": "Point", "coordinates": [ 77.6402789, 13.0849778 ] } },
{ "type": "Feature", "properties": { "name": "R V College", "amenity": "college", "building": null, "capacity": null, "emergency": null, "leisure": null }, "geometry": { "type": "Point", "coordinates": [ 77.5620847, 12.8940033 ] } },
{ "type": "Feature", "properties": { "name": "Center For Children With Autism And Other Developmental Disabilities", "amenity": "school", "building": null, "capacity": null, "emergency": null, "leisure": null }, "geometry": { "type": "Point", "coordinates": [ 77.6996855, 12.9708573 ] } },
{ "type": "Feature", "properties": { "name": "Mesa School of Business", "amenity": "college", "building": null, "capacity": null, "emergency": null, "leisure": null }, "geometry": { "type": "Point", "coordinates": [ 77.5971792, 12.8872525 ] } },
{ "type": "Feature", "properties": { "name": "Allen B5", "amenity": "school", "building": null, "capacity": null, "emergency": null, "leisure": null }, "geometry": { "type": "Point", "coordinates": [ 77.580888, 12.9356344 ] } },
{ "type": "Feature", "properties": { "name": "RJS Polytechnic", "amenity": "college", "building": "yes", "capacity": null, "emergency": null, "leisure": null }, "geometry": { "type": "Polygon", "coordinates": [ [ [ 77.6241819, 12.9292816 ], [ 77.6239735, 12.9287201 ], [ 77.6235395, 12.9288731 ], [ 77.6237479, 12.9294346 ], [ 77.6241819, 12.9292816 ] ], [ [ 77.6237382, 12.928981 ], [ 77.6239171, 12.928918 ], [ 77.6240283, 12.9292177 ], [ 77.6238494, 12.9292807 ], [ 77.6237382, 12.928981 ] ] ] } },
{ "type": "Feature", "properties": { "name": null, "amenity": "school", "building": "school", "capacity": null, "emergency": null, "leisure": null }, "geometry": { "type": "Polygon", "coordinates": [ [ [ 77.7245985, 12.9644302 ], [ 77.7246001, 12.9644705 ], [ 77.7245641, 12.9644718 ], [ 77.7245713, 12.9646664 ], [ 77.7246325, 12.9646643 ], [ 77.7246338, 12.9647017 ], [ 77.7248242, 12.9646952 ], [ 77.7248229, 12.9646582 ], [ 77.7248737, 12.9646565 ], [ 77.7248667, 12.9644536 ], [ 77.7248098, 12.9644555 ], [ 77.7248087, 12.9644229 ], [ 77.7247265, 12.9644255 ], [ 77.7247248, 12.9643764 ], [ 77.724857, 12.9643722 ], [ 77.7248559, 12.9643374 ], [ 77.7249288, 12.9643351 ], [ 77.7249334, 12.9644714 ], [ 77.7250013, 12.9644692 ], [ 77.7249976, 12.9643589 ], [ 77.7250749, 12.9643564 ], [ 77.7250729, 12.9642952 ], [ 77.7251671, 12.9642921 ], [ 77.7251572, 12.9639996 ], [ 77.7251556, 12.9639651 ], [ 77.724592, 12.9639902 ], [ 77.7245942, 12.9640369 ], [ 77.7244972, 12.9640412 ], [ 77.7244942, 12.9639761 ], [ 77.7243245, 12.9639835 ], [ 77.724327, 12.9640359 ], [ 77.7242726, 12.9640383 ], [ 77.724277, 12.9641357 ], [ 77.7243525, 12.9641325 ], [ 77.7243539, 12.9641649 ], [ 77.7245395, 12.9641572 ], [ 77.7245424, 12.9642222 ], [ 77.7245899, 12.9642202 ], [ 77.7245918, 12.9642654 ], [ 77.7246451, 12.9642634 ], [ 77.7246517, 12.9644282 ], [ 77.7245985, 12.9644302 ] ], [ [ 77.7247213, 12.9642217 ], [ 77.7247642, 12.9642191 ], [ 77.7247635, 12.9641804 ], [ 77.7248152, 12.9641772 ], [ 77.7248152, 12.9641119 ], [ 77.7249573, 12.9641067 ], [ 77.725019, 12.9641485 ], [ 77.725019, 12.9642243 ], [ 77.7249547, 12.9642295 ], [ 77.7249278, 12.9642635 ], [ 77.7247257, 12.9642666 ], [ 77.7247213, 12.9642217 ] ] ] } },
{ "type": "Feature", "properties": { "name": "Vydehi Medical College Building", "amenity": "college", "building": "yes", "capacity": null, "emergency": null, "leisure": null }, "geometry": { "type": "Polygon", "coordinates": [ [ [ 77.7309162, 12.97486 ], [ 77.7309095, 12.9747834 ], [ 77.7307444, 12.974797 ], [ 77.7307516, 12.9748803 ], [ 77.7301849, 12.9749267 ], [ 77.7302071, 12.9751838 ], [ 77.7303185, 12.9751747 ], [ 77.7303436, 12.9754647 ], [ 77.7303457, 12.9754892 ], [ 77.7303757, 12.9758371 ], [ 77.7308068, 12.9758017 ], [ 77.7308146, 12.975891 ], [ 77.7310453, 12.9758721 ], [ 77.7310383, 12.9757909 ], [ 77.7311211, 12.9757842 ], [ 77.7310784, 12.9752893 ], [ 77.7313202, 12.9752695 ], [ 77.7312823, 12.97483 ], [ 77.7309162, 12.97486 ] ], [ [ 77.731015, 12.9750766 ], [ 77.7310041, 12.974955 ], [ 77.7311228, 12.9749449 ], [ 77.7311336, 12.9750666 ], [ 77.731015, 12.9750766 ] ], [ [ 77.7306911, 12.9754081 ], [ 77.7306747, 12.9752248 ], [ 77.7308566, 12.9752094 ], [ 77.730873, 12.9753927 ], [ 77.7306911, 12.9754081 ] ] ] } },
{ "type": "Feature", "properties": { "name": "Government Veterinary College", "amenity": "college", "building": "yes", "capacity": null, "emergency": null, "leisure": null }, "geometry": { "type": "Polygon", "coordinates": [ [ [ 77.5850903, 13.0288449 ], [ 77.5844923, 13.0290698 ], [ 77.5846396, 13.0294419 ], [ 77.5845285, 13.0294837 ], [ 77.5845756, 13.0296023 ], [ 77.5846851, 13.0295611 ], [ 77.5848443, 13.0299629 ], [ 77.5854439, 13.0297373 ], [ 77.5850903, 13.0288449 ] ], [ [ 77.5846673, 13.0292327 ], [ 77.5846272, 13.0291315 ], [ 77.5850299, 13.02898 ], [ 77.58507, 13.0290812 ], [ 77.5846673, 13.0292327 ] ], [ [ 77.5852088, 13.0294332 ], [ 77.5848096, 13.0295852 ], [ 77.5847252, 13.0293747 ], [ 77.5851245, 13.0292228 ], [ 77.5852088, 13.0294332 ] ], [ [ 77.5852484, 13.0295706 ], [ 77.5852909, 13.0296803 ], [ 77.5849021, 13.0298234 ], [ 77.5848596, 13.0297137 ], [ 77.5852484, 13.0295706 ] ] ] } },
{ "type": "Feature", "properties": { "name": null, "amenity": "college", "building": "yes", "capacity": null, "emergency": null, "leisure": null }, "geometry": { "type": "Polygon", "coordinates": [ [ [ 77.576401, 12.9639203 ], [ 77.5760851, 12.9632335 ], [ 77.5755699, 12.9634618 ], [ 77.5759132, 12.9641466 ], [ 77.576401, 12.9639203 ] ], [ [ 77.5758097, 12.9635512 ], [ 77.5757805, 12.9634916 ], [ 77.5760414, 12.96337 ], [ 77.5760707, 12.9634296 ], [ 77.5758097, 12.9635512 ] ], [ [ 77.5762428, 12.9638661 ], [ 77.5761628, 12.9639011 ], [ 77.5760351, 12.9636237 ], [ 77.5761151, 12.9635887 ], [ 77.5762428, 12.9638661 ] ], [ [ 77.5760423, 12.9639651 ], [ 77.5759585, 12.964002 ], [ 77.5758278, 12.9637203 ], [ 77.5759136, 12.9636825 ], [ 77.5760229, 12.963918 ], [ 77.5760893, 12.9638887 ], [ 77.5761107, 12.963935 ], [ 77.5760423, 12.9639651 ] ] ] } },
{ "type": "Feature", "properties": { "name": "Corporation School", "amenity": "school", "building": "school", "capacity": null, "emergency": null, "leisure": null }, "geometry": { "type": "Polygon", "coordinates": [ [ [ 77.5799833, 12.9789318 ], [ 77.5799597, 12.9786337 ], [ 77.5797137, 12.9786522 ], [ 77.5797373, 12.9789504 ], [ 77.5799833, 12.9789318 ] ], [ [ 77.5797749, 12.978717 ], [ 77.5798936, 12.9787078 ], [ 77.5799065, 12.9788666 ], [ 77.5797879, 12.9788758 ], [ 77.5797749, 12.978717 ] ] ] } },
{ "type": "Feature", "properties": { "name": "Vydehi School of Excellence", "amenity": "school", "building": "yes", "capacity": null, "emergency": null, "leisure": null }, "geometry": { "type": "Polygon", "coordinates": [ [ [ 77.7314252, 12.9745787 ], [ 77.7314013, 12.9742777 ], [ 77.7305354, 12.9743432 ], [ 77.7305594, 12.9746442 ], [ 77.7314252, 12.9745787 ] ], [ [ 77.7311422, 12.974478 ], [ 77.731138, 12.9743996 ], [ 77.7312895, 12.9743919 ], [ 77.7312937, 12.9744703 ], [ 77.7311422, 12.974478 ] ], [ [ 77.7306734, 12.9745159 ], [ 77.7306706, 12.9744369 ], [ 77.7307927, 12.9744329 ], [ 77.7307954, 12.9745118 ], [ 77.7306734, 12.9745159 ] ] ] } },
{ "type": "Feature", "properties": { "name": "Ambedkar Memorial Higher and Primary School", "amenity": "school", "building": "yes", "capacity": null, "emergency": null, "leisure": null }, "geometry": { "type": "Polygon", "coordinates": [ [ [ 77.5478246, 13.0007781 ], [ 77.5479653, 13.0004914 ], [ 77.5478044, 13.0004165 ], [ 77.5478277, 13.000369 ], [ 77.5477016, 13.0003103 ], [ 77.5475377, 13.0006444 ], [ 77.5478246, 13.0007781 ] ], [ [ 77.547731, 13.0004874 ], [ 77.5478588, 13.0005494 ], [ 77.5477989, 13.0006666 ], [ 77.5476711, 13.0006046 ], [ 77.547731, 13.0004874 ] ] ] } },
{ "type": "Feature", "properties": { "name": "National Public School", "amenity": "school", "building": "yes", "capacity": null, "emergency": null, "leisure": null }, "geometry": { "type": "Polygon", "coordinates": [ [ [ 77.5492396, 13.0395754 ], [ 77.549241, 13.0395818 ], [ 77.5492993, 13.0395697 ], [ 77.5492965, 13.0395571 ], [ 77.5493765, 13.0395405 ], [ 77.5493445, 13.0393938 ], [ 77.5491354, 13.0394371 ], [ 77.5491688, 13.0395901 ], [ 77.5492396, 13.0395754 ] ], [ [ 77.5492216, 13.0395078 ], [ 77.5492832, 13.0394977 ], [ 77.5492907, 13.0395406 ], [ 77.5492291, 13.0395507 ], [ 77.5492216, 13.0395078 ] ] ] } },
{ "type": "Feature", "properties": { "name": "Vijaya PU College, RV Road (Vijaya Main)", "amenity": "college", "building": "school", "capacity": null, "emergency": null, "leisure": null }, "geometry": { "type": "Polygon", "coordinates": [ [ [ 77.5814864, 12.9408706 ], [ 77.5814976, 12.9400636 ], [ 77.5813241, 12.9400621 ], [ 77.5813266, 12.9401105 ], [ 77.5805273, 12.9401053 ], [ 77.5805327, 12.9403196 ], [ 77.581324, 12.9403274 ], [ 77.581324, 12.9403876 ], [ 77.5808412, 12.9403797 ], [ 77.5808412, 12.9404059 ], [ 77.5805944, 12.9404033 ], [ 77.5806012, 12.9407125 ], [ 77.5806051, 12.9408477 ], [ 77.5814864, 12.9408706 ] ], [ [ 77.580707, 12.9405332 ], [ 77.5809752, 12.9405378 ], [ 77.5809719, 12.9407229 ], [ 77.5807036, 12.9407183 ], [ 77.580707, 12.9405332 ] ] ] } },
{ "type": "Feature", "properties": { "name": "National Dairy Research Institute Adugodi", "amenity": "college", "building": null, "capacity": null, "emergency": null, "leisure": null }, "geometry": { "type": "MultiPolygon", "coordinates": [ [ [ [ 77.6114811, 12.9489711 ], [ 77.6117458, 12.9492919 ], [ 77.6169856, 12.9492884 ], [ 77.6170259, 12.9491943 ], [ 77.6163963, 12.9483994 ], [ 77.6163036, 12.9477448 ], [ 77.6160654, 12.9469036 ], [ 77.6161323, 12.9462393 ], [ 77.6165133, 12.9451751 ], [ 77.616788, 12.9449437 ], [ 77.6165651, 12.9443325 ], [ 77.6164481, 12.9442023 ], [ 77.6161667, 12.9439191 ], [ 77.6158239, 12.9437625 ], [ 77.6158436, 12.9429396 ], [ 77.6147614, 12.9429798 ], [ 77.6141784, 12.9426887 ], [ 77.6133198, 12.9429607 ], [ 77.6131982, 12.9430931 ], [ 77.6120463, 12.9434488 ], [ 77.6116385, 12.9434906 ], [ 77.6108515, 12.9437416 ], [ 77.6105581, 12.9439229 ], [ 77.610737, 12.944913 ], [ 77.6094206, 12.9450037 ], [ 77.6087337, 12.9449688 ], [ 77.6084404, 12.9448852 ], [ 77.6080602, 12.9448987 ], [ 77.6079395, 12.9451039 ], [ 77.6074138, 12.9452254 ], [ 77.607222, 12.9458862 ], [ 77.6076303, 12.9457244 ], [ 77.6075808, 12.9463439 ], [ 77.6075675, 12.9465098 ], [ 77.6070685, 12.9466246 ], [ 77.6070803, 12.9467162 ], [ 77.6071215, 12.9470363 ], [ 77.6068993, 12.9470546 ], [ 77.6067611, 12.9475397 ], [ 77.6103616, 12.9468625 ], [ 77.6105037, 12.9473748 ], [ 77.6106432, 12.9473513 ], [ 77.6108843, 12.9483664 ], [ 77.611016, 12.9489084 ], [ 77.6114811, 12.9489711 ] ] ], [ [ [ 77.6060006, 12.9485006 ], [ 77.6061423, 12.948468 ], [ 77.6066002, 12.9468112 ], [ 77.6067233, 12.9463659 ], [ 77.6051098, 12.9466634 ], [ 77.6052733, 12.9477896 ], [ 77.6060006, 12.9485006 ] ] ] ] } },
{ "type": "Feature", "properties": { "name": "St. Peter's Pontifical Seminary", "amenity": "college", "building": null, "capacity": null, "emergency": null, "leisure": null }, "geometry": { "type": "MultiPolygon", "coordinates": [ [ [ [ 77.5600199, 13.0109877 ], [ 77.5612311, 13.0113307 ], [ 77.5616048, 13.0114286 ], [ 77.5619119, 13.0109207 ], [ 77.562285, 13.0103027 ], [ 77.5620824, 13.0101961 ], [ 77.5621398, 13.0100956 ], [ 77.5606415, 13.0094696 ], [ 77.5602713, 13.0102889 ], [ 77.5597039, 13.0100913 ], [ 77.5594839, 13.0108276 ], [ 77.5600199, 13.0109877 ] ] ], [ [ [ 77.5592108, 13.0115049 ], [ 77.559051, 13.0118641 ], [ 77.5586499, 13.0125964 ], [ 77.5592595, 13.0129444 ], [ 77.5597075, 13.0131848 ], [ 77.5604243, 13.01354 ], [ 77.5615475, 13.0115543 ], [ 77.5607192, 13.0113064 ], [ 77.5594425, 13.0109374 ], [ 77.5592108, 13.0115049 ] ] ] ] } },
{ "type": "Feature", "properties": { "name": "St. John's Medical College", "amenity": "college", "building": null, "capacity": null, "emergency": null, "leisure": null }, "geometry": { "type": "MultiPolygon", "coordinates": [ [ [ [ 77.6185355, 12.9260141 ], [ 77.6172847, 12.9263075 ], [ 77.6170774, 12.9265981 ], [ 77.6165247, 12.9274528 ], [ 77.616052, 12.9283551 ], [ 77.6154938, 12.9292823 ], [ 77.6154178, 12.9294085 ], [ 77.6154848, 12.9294924 ], [ 77.6181167, 12.9285093 ], [ 77.6207506, 12.9274626 ], [ 77.6199801, 12.9256752 ], [ 77.6185355, 12.9260141 ] ] ], [ [ [ 77.6120261, 12.9274042 ], [ 77.6119953, 12.9271489 ], [ 77.6119907, 12.9271246 ], [ 77.6119854, 12.927096 ], [ 77.6119376, 12.9268395 ], [ 77.6119323, 12.926811 ], [ 77.611885, 12.9265574 ], [ 77.6118839, 12.9265513 ], [ 77.6117663, 12.926004 ], [ 77.6112802, 12.9260082 ], [ 77.6112933, 12.9266019 ], [ 77.6115774, 12.9269529 ], [ 77.6115684, 12.9270869 ], [ 77.6114538, 12.9271012 ], [ 77.611542, 12.9281608 ], [ 77.6115451, 12.9281974 ], [ 77.6116075, 12.9281951 ], [ 77.6116244, 12.9285311 ], [ 77.6115045, 12.929084 ], [ 77.6115354, 12.9292787 ], [ 77.6115899, 12.9296221 ], [ 77.611779, 12.9308135 ], [ 77.6123329, 12.9304719 ], [ 77.6138936, 12.9295093 ], [ 77.614855, 12.9294332 ], [ 77.6150354, 12.9292731 ], [ 77.6150677, 12.9290972 ], [ 77.6153047, 12.9286878 ], [ 77.6155148, 12.9284935 ], [ 77.6159241, 12.9278001 ], [ 77.6158756, 12.9274644 ], [ 77.6152411, 12.9276316 ], [ 77.6150564, 12.9275972 ], [ 77.613743, 12.9276733 ], [ 77.6137204, 12.9275495 ], [ 77.6132186, 12.9275595 ], [ 77.6120449, 12.9275594 ], [ 77.6120292, 12.9274292 ], [ 77.6120261, 12.9274042 ] ] ], [ [ [ 77.6168376, 12.9307637 ], [ 77.6168619, 12.9308725 ], [ 77.6170431, 12.9316997 ], [ 77.6175319, 12.9336835 ], [ 77.6181525, 12.9334821 ], [ 77.6188546, 12.9331677 ], [ 77.6196568, 12.9328705 ], [ 77.6201114, 12.932849 ], [ 77.6225908, 12.9329776 ], [ 77.6229735, 12.9329975 ], [ 77.6224738, 12.9317508 ], [ 77.6208878, 12.9277942 ], [ 77.6190157, 12.9285223 ], [ 77.6177276, 12.9290062 ], [ 77.6175844, 12.9290627 ], [ 77.6153844, 12.9298587 ], [ 77.6154376, 12.9301031 ], [ 77.6156946, 12.9301721 ], [ 77.6157816, 12.9305906 ], [ 77.6167486, 12.9303656 ], [ 77.6168376, 12.9307637 ] ] ] ] } },
{ "type": "Feature", "properties": { "name": "Mount Carmel College", "amenity": "college", "building": null, "capacity": null, "emergency": null, "leisure": null }, "geometry": { "type": "MultiPolygon", "coordinates": [ [ [ [ 77.5888519, 12.9928445 ], [ 77.5889461, 12.9930741 ], [ 77.5891726, 12.9930363 ], [ 77.5891497, 12.9928622 ], [ 77.5891266, 12.9926865 ], [ 77.5888261, 12.9927509 ], [ 77.5888519, 12.9928445 ] ] ], [ [ [ 77.5877404, 12.9941694 ], [ 77.5885325, 12.9939531 ], [ 77.5887373, 12.9938861 ], [ 77.5889544, 12.9938139 ], [ 77.5888638, 12.9935718 ], [ 77.5888577, 12.9935498 ], [ 77.5888454, 12.9935049 ], [ 77.588619, 12.9926798 ], [ 77.588616, 12.9926689 ], [ 77.5886084, 12.9926411 ], [ 77.5885871, 12.9925629 ], [ 77.5885619, 12.9924704 ], [ 77.5883092, 12.9924974 ], [ 77.5879424, 12.9925365 ], [ 77.5878954, 12.9920881 ], [ 77.5871953, 12.9921535 ], [ 77.5872194, 12.9925633 ], [ 77.5874626, 12.9925754 ], [ 77.5875706, 12.9929651 ], [ 77.5868868, 12.9930847 ], [ 77.5869049, 12.993487 ], [ 77.5869123, 12.9937262 ], [ 77.5867016, 12.9937486 ], [ 77.5867086, 12.993918 ], [ 77.5866907, 12.9944349 ], [ 77.5877404, 12.9941694 ] ] ] ] } },
{ "type": "Feature", "properties": { "name": "Orchids The International School - Horamavu", "amenity": "school", "building": null, "capacity": null, "emergency": null, "leisure": null }, "geometry": { "type": "MultiPolygon", "coordinates": [ [ [ [ 77.6610862, 13.038292 ], [ 77.661109, 13.0385351 ], [ 77.6612391, 13.0385324 ], [ 77.6612069, 13.0377472 ], [ 77.6604062, 13.0377864 ], [ 77.6604652, 13.0382411 ], [ 77.6610862, 13.038292 ] ] ], [ [ [ 77.6608885, 13.0389458 ], [ 77.6609084, 13.0390295 ], [ 77.6609022, 13.0393813 ], [ 77.6608971, 13.0400284 ], [ 77.6613007, 13.0396534 ], [ 77.6612324, 13.0386683 ], [ 77.6608756, 13.0386566 ], [ 77.6608885, 13.0389458 ] ] ] ] } },
{ "type": "Feature", "properties": { "name": "GEAR Innovative International School", "amenity": "school", "building": null, "capacity": null, "emergency": null, "leisure": null }, "geometry": { "type": "MultiPolygon", "coordinates": [ [ [ [ 77.697327, 12.9159847 ], [ 77.696717, 12.9161429 ], [ 77.6972532, 12.9186476 ], [ 77.6979284, 12.9178941 ], [ 77.697327, 12.9159847 ] ] ], [ [ [ 77.6972283, 12.9188981 ], [ 77.6969894, 12.9191731 ], [ 77.6970407, 12.9193008 ], [ 77.6982922, 12.9187664 ], [ 77.6979671, 12.9180574 ], [ 77.6972283, 12.9188981 ] ] ] ] } },
{ "type": "Feature", "properties": { "name": "Methodist Mission High School", "amenity": "school", "building": null, "capacity": null, "emergency": null, "leisure": null }, "geometry": { "type": "MultiPolygon", "coordinates": [ [ [ [ 77.6097849, 12.9846846 ], [ 77.6097672, 12.9845828 ], [ 77.6096582, 12.9846008 ], [ 77.6096472, 12.9845372 ], [ 77.6095481, 12.9845536 ], [ 77.6095588, 12.9846154 ], [ 77.6094758, 12.984629 ], [ 77.6094938, 12.9847326 ], [ 77.6097849, 12.9846846 ] ] ], [ [ [ 77.6094778, 12.9850302 ], [ 77.6095807, 12.9850207 ], [ 77.6097142, 12.984989 ], [ 77.6096823, 12.9847597 ], [ 77.6094295, 12.9848015 ], [ 77.6094778, 12.9850302 ] ] ] ] } },
{ "type": "Feature", "properties": { "name": "Government School", "amenity": "school", "building": null, "capacity": null, "emergency": null, "leisure": null }, "geometry": { "type": "Polygon", "coordinates": [ [ [ 77.7116928, 12.9702665 ], [ 77.7117271, 12.9701656 ], [ 77.7114746, 12.9700946 ], [ 77.7114454, 12.9701881 ], [ 77.7116928, 12.9702665 ] ], [ [ 77.7114845, 12.9701086 ], [ 77.7116154, 12.9701441 ], [ 77.7115954, 12.9702141 ], [ 77.7114645, 12.9701786 ], [ 77.7114845, 12.9701086 ] ] ] } },
{ "type": "Feature", "properties": { "name": "Kendriya Vidyalaya IISc", "amenity": "school", "building": "school", "capacity": null, "emergency": null, "leisure": null }, "geometry": { "type": "Polygon", "coordinates": [ [ [ 77.5594737, 13.0183834 ], [ 77.5594653, 13.0183967 ], [ 77.5595261, 13.0184297 ], [ 77.5595373, 13.0184146 ], [ 77.5597287, 13.0185095 ], [ 77.5597642, 13.0184469 ], [ 77.5597362, 13.0184328 ], [ 77.5597618, 13.0183846 ], [ 77.5597927, 13.0183978 ], [ 77.5597857, 13.0184085 ], [ 77.5598554, 13.0184714 ], [ 77.5598278, 13.018531 ], [ 77.5598541, 13.0185427 ], [ 77.5598416, 13.0185709 ], [ 77.5598887, 13.0185963 ], [ 77.55991, 13.018575 ], [ 77.5599391, 13.0185884 ], [ 77.5599612, 13.0185526 ], [ 77.560127, 13.0186432 ], [ 77.5601972, 13.018548 ], [ 77.5602557, 13.0185795 ], [ 77.5603544, 13.0184288 ], [ 77.560367, 13.0184352 ], [ 77.5603924, 13.0183919 ], [ 77.5603744, 13.0183815 ], [ 77.5603962, 13.0183468 ], [ 77.5603331, 13.018313 ], [ 77.5603244, 13.0183255 ], [ 77.5603021, 13.0183129 ], [ 77.5603363, 13.0182593 ], [ 77.5600339, 13.0180919 ], [ 77.5600206, 13.0181079 ], [ 77.5599618, 13.0180742 ], [ 77.5597225, 13.018096 ], [ 77.5596355, 13.0180485 ], [ 77.559648, 13.018031 ], [ 77.5596134, 13.0180106 ], [ 77.5596282, 13.0179876 ], [ 77.559584, 13.0179659 ], [ 77.5595639, 13.0180043 ], [ 77.5595778, 13.0180131 ], [ 77.559527, 13.0180984 ], [ 77.5594978, 13.0180822 ], [ 77.5595127, 13.0180533 ], [ 77.5594764, 13.018036 ], [ 77.559444, 13.0180912 ], [ 77.5594261, 13.0180826 ], [ 77.5594141, 13.0181048 ], [ 77.5595284, 13.0181634 ], [ 77.5594819, 13.0182707 ], [ 77.5594736, 13.0182686 ], [ 77.5594565, 13.0183026 ], [ 77.5594444, 13.0182982 ], [ 77.5594123, 13.0183517 ], [ 77.5594737, 13.0183834 ] ], [ [ 77.5599746, 13.0184672 ], [ 77.5598481, 13.0183973 ], [ 77.5598183, 13.0183741 ], [ 77.5599143, 13.0181663 ], [ 77.56005, 13.0181994 ], [ 77.5602352, 13.0183847 ], [ 77.5602066, 13.0184434 ], [ 77.5601743, 13.0184258 ], [ 77.5601257, 13.0185089 ], [ 77.5599746, 13.0184672 ] ] ] } },
{ "type": "Feature", "properties": { "name": "Maaruti Dental College Campus", "amenity": "college", "building": null, "capacity": null, "emergency": null, "leisure": null }, "geometry": { "type": "Polygon", "coordinates": [ [ [ 77.6004477, 12.8653679 ], [ 77.6014031, 12.8652356 ], [ 77.6014773, 12.8655512 ], [ 77.6017724, 12.8654805 ], [ 77.6019868, 12.8654291 ], [ 77.6020113, 12.8655899 ], [ 77.6022719, 12.8655899 ], [ 77.6021766, 12.8658105 ], [ 77.6019727, 12.8660822 ], [ 77.6019341, 12.8661642 ], [ 77.601244, 12.8662511 ], [ 77.6006627, 12.8663026 ], [ 77.6005015, 12.8656641 ], [ 77.6004477, 12.8653679 ] ] ] } },
{ "type": "Feature", "properties": { "name": "Baldwin Girls' High School", "amenity": "school", "building": null, "capacity": null, "emergency": null, "leisure": null }, "geometry": { "type": "Polygon", "coordinates": [ [ [ 77.6008935, 12.9652894 ], [ 77.6008488, 12.9647831 ], [ 77.6004625, 12.964649 ], [ 77.599944, 12.9648331 ], [ 77.5998455, 12.9645424 ], [ 77.5997094, 12.964141 ], [ 77.5996602, 12.9639959 ], [ 77.600018, 12.9639237 ], [ 77.5998554, 12.9634852 ], [ 77.60017, 12.9632055 ], [ 77.6003138, 12.9632911 ], [ 77.6009792, 12.9636988 ], [ 77.600833, 12.9639119 ], [ 77.6008328, 12.9642746 ], [ 77.6009549, 12.9642754 ], [ 77.600947, 12.9645627 ], [ 77.601001, 12.9653054 ], [ 77.6008935, 12.9652894 ] ] ] } },
{ "type": "Feature", "properties": { "name": "Kidzee Play School", "amenity": "school", "building": null, "capacity": null, "emergency": null, "leisure": null }, "geometry": { "type": "Polygon", "coordinates": [ [ [ 77.6643867, 12.9120305 ], [ 77.6642603, 12.911902 ], [ 77.6644345, 12.9117318 ], [ 77.6645521, 12.9118506 ], [ 77.6643867, 12.9120305 ] ] ] } },
{ "type": "Feature", "properties": { "name": "CKN English Medium School", "amenity": "school", "building": null, "capacity": null, "emergency": null, "leisure": null }, "geometry": { "type": "Polygon", "coordinates": [ [ [ 77.6534098, 12.8703071 ], [ 77.6532434, 12.8705291 ], [ 77.6536886, 12.8708486 ], [ 77.6537258, 12.8718358 ], [ 77.654025, 12.8718058 ], [ 77.6540226, 12.871281 ], [ 77.6540177, 12.8705981 ], [ 77.6536967, 12.8703527 ], [ 77.6536337, 12.8704429 ], [ 77.6534098, 12.8703071 ] ] ] } },
{ "type": "Feature", "properties": { "name": "Gnan Shrishti School of Excellence", "amenity": "school", "building": null, "capacity": null, "emergency": null, "leisure": null }, "geometry": { "type": "Polygon", "coordinates": [ [ [ 77.6458423, 12.912161 ], [ 77.6457312, 12.9121673 ], [ 77.6447577, 12.9122433 ], [ 77.6447542, 12.9125516 ], [ 77.6458653, 12.9125241 ], [ 77.6458423, 12.912161 ] ] ] } },
{ "type": "Feature", "properties": { "name": "Government PU College,Domlur", "amenity": "school", "building": null, "capacity": null, "emergency": null, "leisure": null }, "geometry": { "type": "Polygon", "coordinates": [ [ [ 77.6405899, 12.9589919 ], [ 77.6407182, 12.9599223 ], [ 77.6399184, 12.9600271 ], [ 77.63979, 12.9590967 ], [ 77.6405899, 12.9589919 ] ] ] } },
{ "type": "Feature", "properties": { "name": "Vasavi Education Trust", "amenity": "college", "building": null, "capacity": null, "emergency": null, "leisure": null }, "geometry": { "type": "Polygon", "coordinates": [ [ [ 77.5919781, 12.9096599 ], [ 77.5919781, 12.9084132 ], [ 77.5919727, 12.9074931 ], [ 77.5931625, 12.9074763 ], [ 77.5931719, 12.9084037 ], [ 77.5931797, 12.9091747 ], [ 77.5928364, 12.9093336 ], [ 77.5926046, 12.9094507 ], [ 77.5924158, 12.9096432 ], [ 77.5919781, 12.9096599 ] ] ] } },
{ "type": "Feature", "properties": { "name": "Jyoti Nivas Women's College", "amenity": "college", "building": null, "capacity": null, "emergency": null, "leisure": null }, "geometry": { "type": "Polygon", "coordinates": [ [ [ 77.6166179, 12.933985 ], [ 77.6175319, 12.9336835 ], [ 77.6170431, 12.9316997 ], [ 77.6155276, 12.9320243 ], [ 77.6158502, 12.9336195 ], [ 77.6166179, 12.933985 ] ] ] } },
{ "type": "Feature", "properties": { "name": "Bethany High School", "amenity": "school", "building": null, "capacity": null, "emergency": null, "leisure": null }, "geometry": { "type": "Polygon", "coordinates": [ [ [ 77.6204303, 12.9404576 ], [ 77.6206691, 12.9407859 ], [ 77.621124, 12.9411707 ], [ 77.6214759, 12.940811 ], [ 77.6207791, 12.9400997 ], [ 77.6204303, 12.9404576 ] ] ] } },
{ "type": "Feature", "properties": { "name": "ME & WA College", "amenity": "college", "building": null, "capacity": null, "emergency": null, "leisure": null }, "geometry": { "type": "Polygon", "coordinates": [ [ [ 77.5957789, 12.921527 ], [ 77.5968552, 12.9215155 ], [ 77.5968373, 12.9205778 ], [ 77.5957559, 12.9205859 ], [ 77.5957757, 12.9211351 ], [ 77.5957789, 12.921527 ] ] ] } },
{ "type": "Feature", "properties": { "name": "Bangalore International School", "amenity": "school", "building": null, "capacity": null, "emergency": null, "leisure": null }, "geometry": { "type": "Polygon", "coordinates": [ [ [ 77.6462298, 13.046996 ], [ 77.6465128, 13.0474361 ], [ 77.6467639, 13.0479014 ], [ 77.6472837, 13.0476521 ], [ 77.6468526, 13.0469094 ], [ 77.646649, 13.0467607 ], [ 77.6465877, 13.0467473 ], [ 77.6462298, 13.046996 ] ] ] } },
{ "type": "Feature", "properties": { "name": "Sadupadesa College", "amenity": "college", "building": null, "capacity": null, "emergency": null, "leisure": null }, "geometry": { "type": "Polygon", "coordinates": [ [ [ 77.6413229, 13.0388667 ], [ 77.6401093, 13.038247 ], [ 77.6397009, 13.038284 ], [ 77.6392552, 13.0382862 ], [ 77.6392664, 13.0391661 ], [ 77.6399999, 13.0391787 ], [ 77.6401502, 13.039555 ], [ 77.6403873, 13.0395248 ], [ 77.6409819, 13.039449 ], [ 77.6410075, 13.0394461 ], [ 77.6410433, 13.0394415 ], [ 77.6413346, 13.0394045 ], [ 77.6413247, 13.0389509 ], [ 77.6413237, 13.0389045 ], [ 77.6413229, 13.0388667 ] ] ] } },
{ "type": "Feature", "properties": { "name": "Asanath College", "amenity": "college", "building": null, "capacity": null, "emergency": null, "leisure": null }, "geometry": { "type": "Polygon", "coordinates": [ [ [ 77.6389319, 13.0362482 ], [ 77.6387681, 13.0358507 ], [ 77.6383456, 13.0358931 ], [ 77.6384636, 13.0364784 ], [ 77.6385201, 13.0369604 ], [ 77.6389613, 13.0369025 ], [ 77.6394048, 13.0368933 ], [ 77.6392575, 13.0363161 ], [ 77.6389319, 13.0362482 ] ] ] } },
{ "type": "Feature", "properties": { "name": "Indian Plywood Industries Research and Training Institute", "amenity": "college", "building": null, "capacity": null, "emergency": null, "leisure": null }, "geometry": { "type": "Polygon", "coordinates": [ [ [ 77.5342748, 13.0344746 ], [ 77.5338948, 13.0333238 ], [ 77.5338506, 13.033182 ], [ 77.5329464, 13.0336742 ], [ 77.5328035, 13.033752 ], [ 77.5326492, 13.033492 ], [ 77.5310175, 13.0345302 ], [ 77.5310566, 13.0346488 ], [ 77.5312965, 13.0353762 ], [ 77.5315992, 13.0352843 ], [ 77.532146, 13.0351182 ], [ 77.5342748, 13.0344746 ] ] ] } },
{ "type": "Feature", "properties": { "name": "National Institute of Design - NID R&D Campus", "amenity": "college", "building": null, "capacity": null, "emergency": null, "leisure": null }, "geometry": { "type": "Polygon", "coordinates": [ [ [ 77.534471, 13.0344588 ], [ 77.534476, 13.034473 ], [ 77.5347277, 13.0351976 ], [ 77.5347338, 13.0352149 ], [ 77.5347633, 13.0353033 ], [ 77.5355324, 13.0348838 ], [ 77.5352193, 13.0342593 ], [ 77.534471, 13.0344588 ] ] ] } },
{ "type": "Feature", "properties": { "name": "Carmel School", "amenity": "school", "building": null, "capacity": null, "emergency": null, "leisure": null }, "geometry": { "type": "Polygon", "coordinates": [ [ [ 77.6430097, 13.0466576 ], [ 77.6428257, 13.0462384 ], [ 77.6424395, 13.0468448 ], [ 77.6430097, 13.0466576 ] ] ] } },
{ "type": "Feature", "properties": { "name": "Shri Vidya Niketan School and College", "amenity": "college", "building": null, "capacity": null, "emergency": null, "leisure": null }, "geometry": { "type": "Polygon", "coordinates": [ [ [ 77.6703034, 13.0634689 ], [ 77.6687147, 13.0637662 ], [ 77.6680804, 13.0638022 ], [ 77.6681111, 13.0641747 ], [ 77.6684985, 13.0641365 ], [ 77.6685407, 13.064479 ], [ 77.6705202, 13.0642073 ], [ 77.6703034, 13.0634689 ] ] ] } },
{ "type": "Feature", "properties": { "name": "South Asia Institute of Advanced Christian Studies", "amenity": "college", "building": null, "capacity": null, "emergency": null, "leisure": null }, "geometry": { "type": "Polygon", "coordinates": [ [ [ 77.6546969, 13.0616773 ], [ 77.6544678, 13.0611762 ], [ 77.6541647, 13.0609175 ], [ 77.6539421, 13.060327 ], [ 77.6536953, 13.0601676 ], [ 77.653285, 13.060003 ], [ 77.6538687, 13.0624503 ], [ 77.6526627, 13.0626942 ], [ 77.6527675, 13.0631927 ], [ 77.652778, 13.0632429 ], [ 77.6539367, 13.063026 ], [ 77.6540765, 13.0636175 ], [ 77.6547278, 13.0634281 ], [ 77.6545595, 13.0628068 ], [ 77.6550508, 13.0626529 ], [ 77.6546969, 13.0616773 ] ] ] } },
{ "type": "Feature", "properties": { "name": "Kendriya Vidyalaya Hebbal", "amenity": "school", "building": null, "capacity": null, "emergency": null, "leisure": null }, "geometry": { "type": "Polygon", "coordinates": [ [ [ 77.5754416, 13.0169228 ], [ 77.5749939, 13.0169279 ], [ 77.574868, 13.0169293 ], [ 77.5744381, 13.0169342 ], [ 77.5745329, 13.0148776 ], [ 77.5757616, 13.0149052 ], [ 77.5767719, 13.014928 ], [ 77.5768175, 13.0166868 ], [ 77.5762868, 13.0166882 ], [ 77.5762854, 13.0161998 ], [ 77.5754396, 13.016202 ], [ 77.575441, 13.0166942 ], [ 77.5754416, 13.0169228 ] ] ] } },
{ "type": "Feature", "properties": { "name": "Kendriya Vidhyalaya, MEG Centre", "amenity": "school", "building": null, "capacity": null, "emergency": null, "leisure": null }, "geometry": { "type": "Polygon", "coordinates": [ [ [ 77.6171145, 12.9885959 ], [ 77.6169215, 12.9887391 ], [ 77.6140081, 12.9904233 ], [ 77.6138661, 12.9903933 ], [ 77.613199, 12.9890255 ], [ 77.6127519, 12.9875563 ], [ 77.6130976, 12.9872829 ], [ 77.6124282, 12.9860701 ], [ 77.6145896, 12.9849269 ], [ 77.6171145, 12.9885959 ] ] ] } },
{ "type": "Feature", "properties": { "name": "Delhi Public School", "amenity": "school", "building": null, "capacity": null, "emergency": null, "leisure": null }, "geometry": { "type": "Polygon", "coordinates": [ [ [ 77.5635897, 12.8940956 ], [ 77.5631179, 12.8928473 ], [ 77.5641327, 12.8926086 ], [ 77.5642249, 12.8928562 ], [ 77.5639043, 12.8929432 ], [ 77.5640196, 12.8933787 ], [ 77.5640579, 12.8935974 ], [ 77.563948, 12.893653 ], [ 77.5640818, 12.8940319 ], [ 77.5635897, 12.8940956 ] ] ] } },
{ "type": "Feature", "properties": { "name": "Alpine Public School", "amenity": "school", "building": null, "capacity": null, "emergency": null, "leisure": null }, "geometry": { "type": "Polygon", "coordinates": [ [ [ 77.562109, 12.8938225 ], [ 77.5631404, 12.8934021 ], [ 77.5634325, 12.8941029 ], [ 77.5624664, 12.8942343 ], [ 77.5622192, 12.8941248 ], [ 77.562109, 12.8938225 ] ] ] } },
{ "type": "Feature", "properties": { "name": "Saint John's Academy of Management Studies", "amenity": "college", "building": null, "capacity": null, "emergency": null, "leisure": null }, "geometry": { "type": "Polygon", "coordinates": [ [ [ 77.6695787, 13.03117 ], [ 77.6695169, 13.0312418 ], [ 77.6696258, 13.0313308 ], [ 77.6696876, 13.0312589 ], [ 77.6695787, 13.03117 ] ] ] } },
{ "type": "Feature", "properties": { "name": "Kendriya Vidyalaya - ASC", "amenity": "school", "building": null, "capacity": null, "emergency": null, "leisure": null }, "geometry": { "type": "Polygon", "coordinates": [ [ [ 77.6137615, 12.9666166 ], [ 77.6129291, 12.9668111 ], [ 77.6130003, 12.967074 ], [ 77.6129038, 12.9670994 ], [ 77.6125382, 12.9671927 ], [ 77.612467, 12.9669298 ], [ 77.6118863, 12.9670596 ], [ 77.6115235, 12.9671425 ], [ 77.6114827, 12.9671844 ], [ 77.6114479, 12.9672929 ], [ 77.6114551, 12.9673442 ], [ 77.6118414, 12.9678697 ], [ 77.6119917, 12.9679952 ], [ 77.6125712, 12.9681974 ], [ 77.6139411, 12.9683151 ], [ 77.6140054, 12.9681789 ], [ 77.6137666, 12.9667714 ], [ 77.6137615, 12.9666166 ] ] ] } },
{ "type": "Feature", "properties": { "name": "Royale Concorde International School", "amenity": "school", "building": null, "capacity": null, "emergency": null, "leisure": null }, "geometry": { "type": "Polygon", "coordinates": [ [ [ 77.6427797, 13.0249482 ], [ 77.6420958, 13.0252422 ], [ 77.6421082, 13.0253818 ], [ 77.6422021, 13.025374 ], [ 77.6422273, 13.0257791 ], [ 77.6429459, 13.0257376 ], [ 77.6427797, 13.0249482 ] ] ] } },
{ "type": "Feature", "properties": { "name": "Royale Concorde High School", "amenity": "school", "building": null, "capacity": null, "emergency": null, "leisure": null }, "geometry": { "type": "Polygon", "coordinates": [ [ [ 77.6407753, 13.0279195 ], [ 77.6407515, 13.0277743 ], [ 77.6405176, 13.0278107 ], [ 77.6405414, 13.0279558 ], [ 77.6407753, 13.0279195 ] ] ] } },
{ "type": "Feature", "properties": { "name": "Bangalore City College", "amenity": "college", "building": null, "capacity": null, "emergency": null, "leisure": null }, "geometry": { "type": "Polygon", "coordinates": [ [ [ 77.6399173, 13.0279202 ], [ 77.6392569, 13.0280645 ], [ 77.6393028, 13.0284554 ], [ 77.6397071, 13.0284329 ], [ 77.6397758, 13.0289916 ], [ 77.6401442, 13.0290136 ], [ 77.6399173, 13.0279202 ] ] ] } },
{ "type": "Feature", "properties": { "name": "Indo Asian Academy of Management Studies", "amenity": "college", "building": "yes", "capacity": null, "emergency": null, "leisure": null }, "geometry": { "type": "Polygon", "coordinates": [ [ [ 77.6400538, 13.0267532 ], [ 77.6403395, 13.0267353 ], [ 77.6403319, 13.0266205 ], [ 77.6400462, 13.0266384 ], [ 77.6400538, 13.0267532 ] ] ] } },
{ "type": "Feature", "properties": { "name": "Maharani Lakhsmi Ammani", "amenity": "college", "building": null, "capacity": null, "emergency": null, "leisure": null }, "geometry": { "type": "Polygon", "coordinates": [ [ [ 77.5681582, 13.0114841 ], [ 77.568642, 13.0111966 ], [ 77.5690255, 13.0109687 ], [ 77.5690208, 13.0111738 ], [ 77.5690098, 13.0116531 ], [ 77.5687573, 13.011781 ], [ 77.5686131, 13.0117103 ], [ 77.5681582, 13.0114841 ] ] ] } },
{ "type": "Feature", "properties": { "name": "Old Physics Building", "amenity": "college", "building": null, "capacity": null, "emergency": null, "leisure": null }, "geometry": { "type": "Polygon", "coordinates": [ [ [ 77.5660384, 13.0167344 ], [ 77.5658507, 13.0167472 ], [ 77.5653195, 13.0167835 ], [ 77.5653614, 13.0173672 ], [ 77.5661425, 13.0173139 ], [ 77.5661257, 13.0170799 ], [ 77.5661112, 13.0168779 ], [ 77.566049, 13.0168822 ], [ 77.5660384, 13.0167344 ] ] ] } },
{ "type": "Feature", "properties": { "name": "L.M. English School", "amenity": "school", "building": null, "capacity": null, "emergency": null, "leisure": null }, "geometry": { "type": "Polygon", "coordinates": [ [ [ 77.6328278, 13.0265292 ], [ 77.6323414, 13.0266849 ], [ 77.6323814, 13.0268162 ], [ 77.6326049, 13.0267416 ], [ 77.6328794, 13.0266499 ], [ 77.6328278, 13.0265292 ] ] ] } },
{ "type": "Feature", "properties": { "name": "Saint Charles High School", "amenity": "school", "building": null, "capacity": null, "emergency": null, "leisure": null }, "geometry": { "type": "Polygon", "coordinates": [ [ [ 77.6363744, 13.0172538 ], [ 77.6367483, 13.0186773 ], [ 77.6369215, 13.0186519 ], [ 77.6375897, 13.0185538 ], [ 77.6372737, 13.0174209 ], [ 77.6370409, 13.0174762 ], [ 77.636836, 13.0171984 ], [ 77.6363744, 13.0172538 ] ] ] } },
{ "type": "Feature", "properties": { "name": "Sri Jayachamarajendra Government Polytechnic", "amenity": "college", "building": null, "capacity": null, "emergency": null, "leisure": null }, "geometry": { "type": "Polygon", "coordinates": [ [ [ 77.5875092, 12.9776381 ], [ 77.5876272, 12.9776721 ], [ 77.5868304, 12.9782745 ], [ 77.5862409, 12.9786496 ], [ 77.5864181, 12.978958 ], [ 77.5870921, 12.9786548 ], [ 77.5873775, 12.9790934 ], [ 77.5873831, 12.9793833 ], [ 77.5865917, 12.9796632 ], [ 77.586522, 12.9794773 ], [ 77.5862582, 12.9788921 ], [ 77.5852803, 12.9792493 ], [ 77.5851618, 12.9790056 ], [ 77.5850654, 12.9788362 ], [ 77.5848122, 12.9783776 ], [ 77.5846746, 12.9780915 ], [ 77.5846648, 12.9780125 ], [ 77.5847016, 12.9779109 ], [ 77.5854621, 12.9773558 ], [ 77.585664, 12.9772486 ], [ 77.5859613, 12.9770447 ], [ 77.5861012, 12.976914 ], [ 77.5862631, 12.9767985 ], [ 77.5864068, 12.9770017 ], [ 77.5869486, 12.976607 ], [ 77.5873921, 12.976771 ], [ 77.5870746, 12.9774865 ], [ 77.5875092, 12.9776381 ] ] ] } },
{ "type": "Feature", "properties": { "name": null, "amenity": "college", "building": null, "capacity": null, "emergency": null, "leisure": null }, "geometry": { "type": "Polygon", "coordinates": [ [ [ 77.5739855, 12.9532354 ], [ 77.5740853, 12.9532267 ], [ 77.5747919, 12.9531653 ], [ 77.5748077, 12.9534272 ], [ 77.574915, 12.953422 ], [ 77.5749311, 12.9535422 ], [ 77.5750867, 12.9535344 ], [ 77.5750867, 12.9533305 ], [ 77.5752744, 12.9533122 ], [ 77.5752932, 12.9534351 ], [ 77.5752315, 12.9534586 ], [ 77.5751439, 12.9567901 ], [ 77.574014, 12.957073 ], [ 77.5738744, 12.9569941 ], [ 77.5738889, 12.9533347 ], [ 77.5739855, 12.9532354 ] ] ] } },
{ "type": "Feature", "properties": { "name": "Fort High School", "amenity": "school", "building": null, "capacity": null, "emergency": null, "leisure": null }, "geometry": { "type": "Polygon", "coordinates": [ [ [ 77.5733202, 12.9592109 ], [ 77.574138, 12.9589679 ], [ 77.5736598, 12.9576086 ], [ 77.5735248, 12.9575928 ], [ 77.5734178, 12.9575372 ], [ 77.5733299, 12.9573936 ], [ 77.5728594, 12.9573848 ], [ 77.5730125, 12.9579913 ], [ 77.5733202, 12.9592109 ] ] ] } },
{ "type": "Feature", "properties": { "name": "National College and School", "amenity": "school", "building": null, "capacity": null, "emergency": null, "leisure": null }, "geometry": { "type": "Polygon", "coordinates": [ [ [ 77.5723518, 12.9492485 ], [ 77.5723615, 12.9483949 ], [ 77.5732656, 12.9484041 ], [ 77.5736012, 12.9486714 ], [ 77.5736046, 12.9492546 ], [ 77.5723518, 12.9492485 ] ] ] } },
{ "type": "Feature", "properties": { "name": "United Mission PUC and Degree College", "amenity": "college", "building": null, "capacity": null, "emergency": null, "leisure": null }, "geometry": { "type": "Polygon", "coordinates": [ [ [ 77.5865794, 12.9640127 ], [ 77.5872527, 12.9634264 ], [ 77.5873074, 12.963486 ], [ 77.5874111, 12.9635991 ], [ 77.5880883, 12.9643453 ], [ 77.5876661, 12.9646957 ], [ 77.5873856, 12.9648899 ], [ 77.5865794, 12.9640127 ] ] ] } },
{ "type": "Feature", "properties": { "name": "Mitralaya Girls College", "amenity": "school", "building": null, "capacity": null, "emergency": null, "leisure": null }, "geometry": { "type": "Polygon", "coordinates": [ [ [ 77.588233, 12.9644319 ], [ 77.5891414, 12.9636023 ], [ 77.589558, 12.9649183 ], [ 77.589239, 12.965015 ], [ 77.5892837, 12.9651312 ], [ 77.5893292, 12.9653495 ], [ 77.5889749, 12.9654367 ], [ 77.5888068, 12.9650843 ], [ 77.588233, 12.9644319 ] ] ] } },
{ "type": "Feature", "properties": { "name": "Cathedral High School & College", "amenity": "school", "building": null, "capacity": null, "emergency": null, "leisure": null }, "geometry": { "type": "Polygon", "coordinates": [ [ [ 77.6078009, 12.9663632 ], [ 77.6086231, 12.9665341 ], [ 77.6087501, 12.9665513 ], [ 77.6098364, 12.9650735 ], [ 77.6094121, 12.964982 ], [ 77.6086204, 12.9648201 ], [ 77.6081007, 12.9647171 ], [ 77.6079785, 12.965397 ], [ 77.6078009, 12.9663632 ] ] ] } },
{ "type": "Feature", "properties": { "name": null, "amenity": "school", "building": null, "capacity": null, "emergency": null, "leisure": null }, "geometry": { "type": "Polygon", "coordinates": [ [ [ 77.6055312, 12.968171 ], [ 77.6054967, 12.9682881 ], [ 77.6051098, 12.9681031 ], [ 77.6050226, 12.9686586 ], [ 77.6049037, 12.9686151 ], [ 77.6044276, 12.968441 ], [ 77.6043797, 12.9684235 ], [ 77.6045264, 12.9674927 ], [ 77.6045027, 12.9674884 ], [ 77.6039492, 12.9673874 ], [ 77.603984, 12.9672295 ], [ 77.6040208, 12.9670628 ], [ 77.6035298, 12.9669415 ], [ 77.6034603, 12.967134 ], [ 77.6033932, 12.9673199 ], [ 77.6033583, 12.9673989 ], [ 77.6031324, 12.9679104 ], [ 77.6031207, 12.9679368 ], [ 77.603152, 12.9679463 ], [ 77.6035757, 12.968075 ], [ 77.6035869, 12.9680784 ], [ 77.6035313, 12.9683854 ], [ 77.6034428, 12.9683541 ], [ 77.6033583, 12.9685645 ], [ 77.6031953, 12.9688179 ], [ 77.6038747, 12.9691617 ], [ 77.6037218, 12.9694296 ], [ 77.6037258, 12.9695629 ], [ 77.6034711, 12.9700495 ], [ 77.6036848, 12.9702399 ], [ 77.6037558, 12.970287 ], [ 77.6041353, 12.9704719 ], [ 77.6043372, 12.9705644 ], [ 77.6046704, 12.9707323 ], [ 77.6047265, 12.970731 ], [ 77.6047948, 12.9706884 ], [ 77.6048288, 12.9706467 ], [ 77.6048808, 12.9705516 ], [ 77.6049392, 12.9704386 ], [ 77.6049892, 12.9703302 ], [ 77.6051594, 12.9699674 ], [ 77.6052993, 12.9696847 ], [ 77.6053888, 12.9694492 ], [ 77.6059502, 12.9683578 ], [ 77.6055312, 12.968171 ] ] ] } },
{ "type": "Feature", "properties": { "name": "Bishop Cotton Boys School", "amenity": "school", "building": null, "capacity": null, "emergency": null, "leisure": null }, "geometry": { "type": "Polygon", "coordinates": [ [ [ 77.5999986, 12.9679397 ], [ 77.5989782, 12.9670942 ], [ 77.5988383, 12.9672379 ], [ 77.5982874, 12.9667553 ], [ 77.5981902, 12.9683242 ], [ 77.5982053, 12.9685345 ], [ 77.5982093, 12.9685846 ], [ 77.5982978, 12.9695926 ], [ 77.5985972, 12.9695392 ], [ 77.5986372, 12.9700841 ], [ 77.5991234, 12.9700359 ], [ 77.5992361, 12.9700247 ], [ 77.5996518, 12.9699835 ], [ 77.5995945, 12.9691872 ], [ 77.5995755, 12.9689236 ], [ 77.6002821, 12.9686809 ], [ 77.60006, 12.9681199 ], [ 77.6000281, 12.9680264 ], [ 77.5999986, 12.9679397 ] ] ] } },
{ "type": "Feature", "properties": { "name": "St. Joseph's Indian High School", "amenity": "school", "building": null, "capacity": null, "emergency": null, "leisure": null }, "geometry": { "type": "Polygon", "coordinates": [ [ [ 77.5947891, 12.9685229 ], [ 77.5952952, 12.9686018 ], [ 77.5955478, 12.9695588 ], [ 77.5956517, 12.9699602 ], [ 77.5959077, 12.9709511 ], [ 77.595981, 12.9712348 ], [ 77.5950181, 12.9716523 ], [ 77.5946687, 12.9717834 ], [ 77.5944834, 12.9710274 ], [ 77.5944089, 12.9710102 ], [ 77.5942778, 12.97098 ], [ 77.5943443, 12.9707112 ], [ 77.5945731, 12.9695649 ], [ 77.5946859, 12.9689995 ], [ 77.5947891, 12.9685229 ] ] ] } },
{ "type": "Feature", "properties": { "name": "Kendriya Vidyalaya Malleswaram", "amenity": "school", "building": null, "capacity": null, "emergency": null, "leisure": null }, "geometry": { "type": "Polygon", "coordinates": [ [ [ 77.5686183, 13.008728 ], [ 77.5690492, 13.0089896 ], [ 77.5690508, 13.0098403 ], [ 77.5689428, 13.0098339 ], [ 77.5683178, 13.0097968 ], [ 77.5679511, 13.009775 ], [ 77.5686183, 13.008728 ] ] ] } },
{ "type": "Feature", "properties": { "name": "Raman Research Institute", "amenity": "college", "building": null, "capacity": null, "emergency": null, "leisure": null }, "geometry": { "type": "Polygon", "coordinates": [ [ [ 77.5813791, 13.0115266 ], [ 77.5814509, 13.0128465 ], [ 77.581458, 13.0130488 ], [ 77.5825074, 13.0130121 ], [ 77.5825835, 13.0144941 ], [ 77.5823144, 13.0145053 ], [ 77.5811495, 13.0145672 ], [ 77.5804263, 13.0146 ], [ 77.579792, 13.0146224 ], [ 77.5796355, 13.0115965 ], [ 77.5813791, 13.0115266 ] ] ] } },
{ "type": "Feature", "properties": { "name": "Poorna Pragna School", "amenity": "school", "building": null, "capacity": null, "emergency": null, "leisure": null }, "geometry": { "type": "Polygon", "coordinates": [ [ [ 77.5813305, 13.0068115 ], [ 77.5807156, 13.0071501 ], [ 77.5803615, 13.0065551 ], [ 77.5809828, 13.0062131 ], [ 77.5813305, 13.0068115 ] ] ] } },
{ "type": "Feature", "properties": { "name": "National Public School Sadashivanagar", "amenity": "school", "building": null, "capacity": null, "emergency": null, "leisure": null }, "geometry": { "type": "Polygon", "coordinates": [ [ [ 77.5749135, 13.0129781 ], [ 77.575903, 13.0132917 ], [ 77.5758511, 13.0140712 ], [ 77.5748434, 13.0140417 ], [ 77.574881, 13.0134725 ], [ 77.5749135, 13.0129781 ] ] ] } },
{ "type": "Feature", "properties": { "name": "National Tuberculosis Institute", "amenity": "college", "building": null, "capacity": null, "emergency": "no", "leisure": null }, "geometry": { "type": "Polygon", "coordinates": [ [ [ 77.5824597, 12.9993701 ], [ 77.5835564, 12.999445 ], [ 77.5837143, 12.9995012 ], [ 77.5838004, 12.9995787 ], [ 77.5839129, 13.0001762 ], [ 77.5839584, 13.0024243 ], [ 77.5829329, 13.0024323 ], [ 77.5819995, 13.0024397 ], [ 77.581984, 13.0011008 ], [ 77.5819753, 13.0003493 ], [ 77.5824597, 12.9993701 ] ] ] } },
{ "type": "Feature", "properties": { "name": "Sophia High School", "amenity": "school", "building": null, "capacity": null, "emergency": null, "leisure": null }, "geometry": { "type": "Polygon", "coordinates": [ [ [ 77.5853586, 12.9873001 ], [ 77.5852778, 12.9864443 ], [ 77.5854902, 12.9864149 ], [ 77.5866495, 12.9862546 ], [ 77.5872171, 12.9862429 ], [ 77.5877511, 12.9862319 ], [ 77.5881948, 12.9860249 ], [ 77.5885054, 12.9858844 ], [ 77.5885185, 12.9859189 ], [ 77.5885402, 12.9859756 ], [ 77.5875641, 12.9866806 ], [ 77.5871028, 12.9869662 ], [ 77.5866098, 12.9871849 ], [ 77.5853586, 12.9873001 ] ] ] } },
{ "type": "Feature", "properties": { "name": "Central Manufacturing Technology Institute", "amenity": "college", "building": null, "capacity": null, "emergency": null, "leisure": null }, "geometry": { "type": "Polygon", "coordinates": [ [ [ 77.5352193, 13.0342593 ], [ 77.5355324, 13.0348838 ], [ 77.5347633, 13.0353033 ], [ 77.5350008, 13.0360548 ], [ 77.5351089, 13.0364139 ], [ 77.5351481, 13.0365398 ], [ 77.5377612, 13.0345771 ], [ 77.5406562, 13.0324526 ], [ 77.5406349, 13.0323394 ], [ 77.540604, 13.0323538 ], [ 77.5405688, 13.0323428 ], [ 77.5405642, 13.0322874 ], [ 77.5404672, 13.0322488 ], [ 77.5392583, 13.0317647 ], [ 77.5392106, 13.0331063 ], [ 77.5379844, 13.0334879 ], [ 77.537184, 13.0307372 ], [ 77.5367829, 13.0309542 ], [ 77.5359614, 13.0315257 ], [ 77.5348735, 13.0321808 ], [ 77.534317, 13.0325576 ], [ 77.5339565, 13.0329662 ], [ 77.534471, 13.0344588 ], [ 77.5352193, 13.0342593 ] ] ] } },
{ "type": "Feature", "properties": { "name": "Mahila Seva Samaja School", "amenity": "school", "building": null, "capacity": null, "emergency": null, "leisure": null }, "geometry": { "type": "Polygon", "coordinates": [ [ [ 77.5723143, 12.9519979 ], [ 77.5723677, 12.952 ], [ 77.5734039, 12.9520403 ], [ 77.573392, 12.9523995 ], [ 77.5733803, 12.9527532 ], [ 77.5733686, 12.9531068 ], [ 77.5723053, 12.9531386 ], [ 77.5723143, 12.9519979 ] ] ] } },
{ "type": "Feature", "properties": { "name": "Theosophical Society", "amenity": "college", "building": null, "capacity": null, "emergency": null, "leisure": null }, "geometry": { "type": "Polygon", "coordinates": [ [ [ 77.573416, 12.9561746 ], [ 77.5723353, 12.9561895 ], [ 77.5723339, 12.9556501 ], [ 77.5728631, 12.9556468 ], [ 77.5734184, 12.9556433 ], [ 77.573416, 12.9561746 ] ] ] } },
{ "type": "Feature", "properties": { "name": "Karnataka Public School", "amenity": "school", "building": null, "capacity": null, "emergency": null, "leisure": null }, "geometry": { "type": "Polygon", "coordinates": [ [ [ 77.5748108, 12.9426463 ], [ 77.5748119, 12.943607 ], [ 77.5740984, 12.9436157 ], [ 77.573998, 12.9435623 ], [ 77.5739618, 12.9434755 ], [ 77.5739642, 12.9426579 ], [ 77.5748108, 12.9426463 ] ] ] } },
{ "type": "Feature", "properties": { "name": "Rani Sarla Devi School", "amenity": "school", "building": null, "capacity": null, "emergency": null, "leisure": null }, "geometry": { "type": "Polygon", "coordinates": [ [ [ 77.585243, 12.9392969 ], [ 77.5852185, 12.9380995 ], [ 77.5853714, 12.9381524 ], [ 77.5861707, 12.9388556 ], [ 77.5865816, 12.9393006 ], [ 77.585243, 12.9392969 ] ] ] } },
{ "type": "Feature", "properties": { "name": "National College Jayanagar", "amenity": "college", "building": null, "capacity": null, "emergency": null, "leisure": null }, "geometry": { "type": "Polygon", "coordinates": [ [ [ 77.5780464, 12.925957 ], [ 77.5780345, 12.9250785 ], [ 77.5796285, 12.9250579 ], [ 77.5796404, 12.9259365 ], [ 77.5789235, 12.9259457 ], [ 77.5780464, 12.925957 ] ] ] } },
{ "type": "Feature", "properties": { "name": "National College", "amenity": "college", "building": null, "capacity": null, "emergency": null, "leisure": null }, "geometry": { "type": "Polygon", "coordinates": [ [ [ 77.5797188, 12.924446 ], [ 77.5780135, 12.9244506 ], [ 77.5780151, 12.9250206 ], [ 77.5797204, 12.925016 ], [ 77.5797188, 12.924446 ] ] ] } },
{ "type": "Feature", "properties": { "name": "Carmel Convent PU College", "amenity": "college", "building": null, "capacity": null, "emergency": null, "leisure": null }, "geometry": { "type": "Polygon", "coordinates": [ [ [ 77.5989571, 12.9264266 ], [ 77.5989595, 12.9266249 ], [ 77.5989602, 12.9266828 ], [ 77.5989722, 12.9275774 ], [ 77.5993228, 12.9275602 ], [ 77.60038, 12.9275145 ], [ 77.6003088, 12.9261162 ], [ 77.5999486, 12.9261914 ], [ 77.599613, 12.926271 ], [ 77.5989571, 12.9264266 ] ] ] } },
{ "type": "Feature", "properties": { "name": "BES Educational Institutions", "amenity": "college", "building": null, "capacity": null, "emergency": null, "leisure": null }, "geometry": { "type": "Polygon", "coordinates": [ [ [ 77.5881975, 12.9277222 ], [ 77.5887483, 12.9276944 ], [ 77.5889956, 12.927622 ], [ 77.5895411, 12.9270581 ], [ 77.5895514, 12.9262904 ], [ 77.5881972, 12.9263138 ], [ 77.5882084, 12.9268354 ], [ 77.5881975, 12.9277222 ] ] ] } },
{ "type": "Feature", "properties": { "name": "RV Institute of Management", "amenity": "college", "building": null, "capacity": null, "emergency": null, "leisure": null }, "geometry": { "type": "Polygon", "coordinates": [ [ [ 77.5923902, 12.9231282 ], [ 77.5923563, 12.921919 ], [ 77.5930804, 12.9219037 ], [ 77.5930807, 12.9219556 ], [ 77.5930817, 12.9221438 ], [ 77.5930819, 12.9221989 ], [ 77.5930826, 12.922212 ], [ 77.5930839, 12.9223874 ], [ 77.5930831, 12.9224268 ], [ 77.5930853, 12.9228348 ], [ 77.5930863, 12.9230282 ], [ 77.5930865, 12.9230644 ], [ 77.5930859, 12.9231258 ], [ 77.5923902, 12.9231282 ] ] ] } },
{ "type": "Feature", "properties": { "name": "Seshadripuram High School", "amenity": "school", "building": null, "capacity": null, "emergency": null, "leisure": null }, "geometry": { "type": "Polygon", "coordinates": [ [ [ 77.583521, 13.1005039 ], [ 77.5833088, 13.1010665 ], [ 77.5840864, 13.1013006 ], [ 77.5844147, 13.1007778 ], [ 77.5839234, 13.1006272 ], [ 77.583521, 13.1005039 ] ] ] } },
{ "type": "Feature", "properties": { "name": "Mallya Aditi International School", "amenity": "school", "building": null, "capacity": null, "emergency": null, "leisure": null }, "geometry": { "type": "Polygon", "coordinates": [ [ [ 77.5830882, 13.1013095 ], [ 77.5839738, 13.1015816 ], [ 77.5839377, 13.101947 ], [ 77.5839324, 13.1022541 ], [ 77.5839904, 13.1025549 ], [ 77.5841161, 13.1028912 ], [ 77.5834045, 13.1035727 ], [ 77.5831587, 13.1031003 ], [ 77.5831066, 13.1028718 ], [ 77.5829836, 13.102469 ], [ 77.5829621, 13.1021033 ], [ 77.5829664, 13.1020009 ], [ 77.5830882, 13.1013095 ] ] ] } },
{ "type": "Feature", "properties": { "name": "Kendriya Vidyalaya", "amenity": "school", "building": null, "capacity": null, "emergency": null, "leisure": null }, "geometry": { "type": "Polygon", "coordinates": [ [ [ 77.5377759, 13.0561901 ], [ 77.535305, 13.0565462 ], [ 77.5353833, 13.0549756 ], [ 77.5376042, 13.0546015 ], [ 77.5377759, 13.0561901 ] ] ] } },
{ "type": "Feature", "properties": { "name": "Spastics Society of Karnataka", "amenity": "school", "building": null, "capacity": null, "emergency": null, "leisure": null }, "geometry": { "type": "Polygon", "coordinates": [ [ [ 77.6429641, 12.980351 ], [ 77.6429249, 12.9803519 ], [ 77.641446, 12.9803685 ], [ 77.6414222, 12.9813762 ], [ 77.6415233, 12.9813586 ], [ 77.6418851, 12.9813062 ], [ 77.6426291, 12.9812466 ], [ 77.6426688, 12.9811794 ], [ 77.6438519, 12.9809027 ], [ 77.6438739, 12.9806855 ], [ 77.6429641, 12.980351 ] ] ] } },
{ "type": "Feature", "properties": { "name": "Institute of Aerospace Medicine - IAM", "amenity": "college", "building": null, "capacity": null, "emergency": null, "leisure": null }, "geometry": { "type": "Polygon", "coordinates": [ [ [ 77.6636774, 12.9587154 ], [ 77.6646576, 12.958489 ], [ 77.6649059, 12.9584304 ], [ 77.6645847, 12.9555846 ], [ 77.6635413, 12.9556837 ], [ 77.6631796, 12.9567999 ], [ 77.6632522, 12.957219 ], [ 77.6636774, 12.9587154 ] ] ] } },
{ "type": "Feature", "properties": { "name": "St. Claret College", "amenity": "college", "building": null, "capacity": null, "emergency": null, "leisure": null }, "geometry": { "type": "Polygon", "coordinates": [ [ [ 77.5434095, 13.0439224 ], [ 77.5440798, 13.0446022 ], [ 77.5443751, 13.0453233 ], [ 77.545048, 13.0450574 ], [ 77.5462961, 13.0445643 ], [ 77.5460792, 13.0443752 ], [ 77.5459325, 13.0441724 ], [ 77.5457743, 13.0438877 ], [ 77.5455062, 13.0432747 ], [ 77.5450577, 13.0423016 ], [ 77.5434095, 13.0439224 ] ] ] } },
{ "type": "Feature", "properties": { "name": "HMT School", "amenity": "school", "building": null, "capacity": null, "emergency": null, "leisure": null }, "geometry": { "type": "Polygon", "coordinates": [ [ [ 77.5384556, 13.0432724 ], [ 77.5377299, 13.0434744 ], [ 77.5372559, 13.0443257 ], [ 77.5384926, 13.0449605 ], [ 77.5388258, 13.0444123 ], [ 77.5388, 13.0443101 ], [ 77.5387807, 13.0442066 ], [ 77.538768, 13.0441021 ], [ 77.538762, 13.043997 ], [ 77.5387627, 13.0438918 ], [ 77.5387694, 13.0437936 ], [ 77.5387819, 13.0436959 ], [ 77.5388002, 13.0435991 ], [ 77.5388646, 13.0434267 ], [ 77.5388405, 13.0433143 ], [ 77.5387658, 13.043184 ], [ 77.5384556, 13.0432724 ] ] ] } },
{ "type": "Feature", "properties": { "name": "Government College", "amenity": "college", "building": null, "capacity": null, "emergency": null, "leisure": null }, "geometry": { "type": "Polygon", "coordinates": [ [ [ 77.5493055, 13.0456595 ], [ 77.5502534, 13.045484 ], [ 77.5502344, 13.0461258 ], [ 77.5494973, 13.0462895 ], [ 77.5493055, 13.0456595 ] ] ] } },
{ "type": "Feature", "properties": { "name": "National Academy of Customs Excise and Narcotics", "amenity": "college", "building": null, "capacity": null, "emergency": null, "leisure": null }, "geometry": { "type": "Polygon", "coordinates": [ [ [ 77.5377299, 13.0434744 ], [ 77.5376633, 13.0425539 ], [ 77.538105, 13.0424277 ], [ 77.5388398, 13.0422371 ], [ 77.5390917, 13.0430912 ], [ 77.5387658, 13.043184 ], [ 77.5384556, 13.0432724 ], [ 77.5377299, 13.0434744 ] ] ] } },
{ "type": "Feature", "properties": { "name": "Daffodils English School", "amenity": "school", "building": null, "capacity": null, "emergency": null, "leisure": null }, "geometry": { "type": "Polygon", "coordinates": [ [ [ 77.5799645, 13.0346346 ], [ 77.5798971, 13.035011 ], [ 77.5789734, 13.0349136 ], [ 77.5788138, 13.0348967 ], [ 77.5782714, 13.0348395 ], [ 77.5783507, 13.034441 ], [ 77.5785746, 13.0344679 ], [ 77.5791101, 13.0345321 ], [ 77.5799645, 13.0346346 ] ] ] } },
{ "type": "Feature", "properties": { "name": "BEL PU Composite College and First Grade College", "amenity": "college", "building": null, "capacity": null, "emergency": null, "leisure": null }, "geometry": { "type": "Polygon", "coordinates": [ [ [ 77.5559823, 13.0507733 ], [ 77.5559898, 13.0498778 ], [ 77.5544278, 13.0497831 ], [ 77.5545324, 13.0507441 ], [ 77.5559823, 13.0507733 ] ] ] } },
{ "type": "Feature", "properties": { "name": "BEL High School", "amenity": "school", "building": null, "capacity": null, "emergency": null, "leisure": null }, "geometry": { "type": "Polygon", "coordinates": [ [ [ 77.5560098, 13.0496612 ], [ 77.5560848, 13.0485702 ], [ 77.5547118, 13.0484362 ], [ 77.5540392, 13.0495356 ], [ 77.5560098, 13.0496612 ] ] ] } },
{ "type": "Feature", "properties": { "name": "Central Research Laboratory", "amenity": "college", "building": null, "capacity": null, "emergency": null, "leisure": null }, "geometry": { "type": "Polygon", "coordinates": [ [ [ 77.5548569, 13.0553005 ], [ 77.5534615, 13.0543134 ], [ 77.5513412, 13.0569822 ], [ 77.5513983, 13.0577804 ], [ 77.5527773, 13.0579461 ], [ 77.5547515, 13.0554291 ], [ 77.5548569, 13.0553005 ] ] ] } },
{ "type": "Feature", "properties": { "name": "Southern Asia Bible College", "amenity": "college", "building": null, "capacity": null, "emergency": null, "leisure": null }, "geometry": { "type": "Polygon", "coordinates": [ [ [ 77.6514367, 13.070566 ], [ 77.6508986, 13.0705635 ], [ 77.650475, 13.0705503 ], [ 77.6499471, 13.0705857 ], [ 77.6493569, 13.0708214 ], [ 77.6498455, 13.0725301 ], [ 77.6504526, 13.0725267 ], [ 77.6513475, 13.0725217 ], [ 77.6514367, 13.070566 ] ] ] } },
{ "type": "Feature", "properties": { "name": "Vagdevi Vilas School", "amenity": "school", "building": null, "capacity": null, "emergency": null, "leisure": null }, "geometry": { "type": "Polygon", "coordinates": [ [ [ 77.7097841, 12.9457691 ], [ 77.7102057, 12.9456631 ], [ 77.7107895, 12.9455609 ], [ 77.7109485, 12.9455251 ], [ 77.7106619, 12.9444221 ], [ 77.7109337, 12.9442997 ], [ 77.7106861, 12.943383 ], [ 77.7107111, 12.9431144 ], [ 77.7102039, 12.9429863 ], [ 77.7097144, 12.9432061 ], [ 77.7092282, 12.9433517 ], [ 77.7095946, 12.9445692 ], [ 77.7094705, 12.9446041 ], [ 77.7097841, 12.9457691 ] ] ] } },
{ "type": "Feature", "properties": { "name": "Government Ladies College", "amenity": "college", "building": null, "capacity": null, "emergency": null, "leisure": null }, "geometry": { "type": "Polygon", "coordinates": [ [ [ 77.5674428, 13.0036598 ], [ 77.5674461, 13.0030618 ], [ 77.567449, 13.0025467 ], [ 77.5681854, 13.0025505 ], [ 77.5681792, 13.0036637 ], [ 77.5674428, 13.0036598 ] ] ] } },
{ "type": "Feature", "properties": { "name": "Government Girls High School", "amenity": "school", "building": null, "capacity": null, "emergency": null, "leisure": null }, "geometry": { "type": "Polygon", "coordinates": [ [ [ 77.5739829, 12.992204 ], [ 77.5742324, 12.9916813 ], [ 77.5747768, 12.9922772 ], [ 77.574294, 12.9926013 ], [ 77.5739829, 12.992204 ] ] ] } },
{ "type": "Feature", "properties": { "name": "Karnataka Chitrakala Parishath", "amenity": "college", "building": null, "capacity": null, "emergency": null, "leisure": null }, "geometry": { "type": "Polygon", "coordinates": [ [ [ 77.5808096, 12.9884539 ], [ 77.580627, 12.9885821 ], [ 77.5804067, 12.9887369 ], [ 77.5802726, 12.9890283 ], [ 77.58002, 12.9897794 ], [ 77.5805917, 12.9898657 ], [ 77.5814721, 12.9895333 ], [ 77.581112, 12.988975 ], [ 77.5808096, 12.9884539 ] ] ] } },
{ "type": "Feature", "properties": { "name": "Sheshadripuram College", "amenity": "college", "building": null, "capacity": null, "emergency": null, "leisure": null }, "geometry": { "type": "Polygon", "coordinates": [ [ [ 77.575941, 12.9893218 ], [ 77.5757987, 12.9887118 ], [ 77.5761394, 12.9886192 ], [ 77.5765208, 12.9885155 ], [ 77.5767007, 12.9890862 ], [ 77.575941, 12.9893218 ] ] ] } },
{ "type": "Feature", "properties": { "name": null, "amenity": "school", "building": null, "capacity": null, "emergency": null, "leisure": null }, "geometry": { "type": "Polygon", "coordinates": [ [ [ 77.5956458, 13.0189402 ], [ 77.595371, 13.0181073 ], [ 77.5957068, 13.0179585 ], [ 77.595945, 13.018845 ], [ 77.5956458, 13.0189402 ] ] ] } },
{ "type": "Feature", "properties": { "name": "Cluny Convent", "amenity": "school", "building": null, "capacity": null, "emergency": null, "leisure": null }, "geometry": { "type": "Polygon", "coordinates": [ [ [ 77.5401877, 13.0555965 ], [ 77.5401823, 13.0546077 ], [ 77.5409038, 13.054744 ], [ 77.5408899, 13.0557336 ], [ 77.5401877, 13.0555965 ] ] ] } },
{ "type": "Feature", "properties": { "name": "Ministry of Fisheries Training", "amenity": "college", "building": null, "capacity": null, "emergency": null, "leisure": null }, "geometry": { "type": "Polygon", "coordinates": [ [ [ 77.5330569, 13.0455164 ], [ 77.5331036, 13.0457177 ], [ 77.533132, 13.0458404 ], [ 77.5337329, 13.0457463 ], [ 77.5336685, 13.0454223 ], [ 77.5330569, 13.0455164 ] ] ] } },
{ "type": "Feature", "properties": { "name": "National Institute of Creative Communication - NICC", "amenity": "college", "building": null, "capacity": null, "emergency": null, "leisure": null }, "geometry": { "type": "Polygon", "coordinates": [ [ [ 77.6440851, 13.0373337 ], [ 77.6436363, 13.0373214 ], [ 77.6436428, 13.0370953 ], [ 77.6440916, 13.0371076 ], [ 77.6440851, 13.0373337 ] ] ] } },
{ "type": "Feature", "properties": { "name": null, "amenity": "school", "building": null, "capacity": null, "emergency": null, "leisure": null }, "geometry": { "type": "Polygon", "coordinates": [ [ [ 77.5582767, 13.0291816 ], [ 77.558619, 13.0290705 ], [ 77.5591787, 13.0303886 ], [ 77.5588092, 13.0309339 ], [ 77.5582767, 13.0291816 ] ] ] } },
{ "type": "Feature", "properties": { "name": "Foremen Training Institute - FTI", "amenity": "college", "building": null, "capacity": null, "emergency": null, "leisure": null }, "geometry": { "type": "Polygon", "coordinates": [ [ [ 77.5339241, 13.02501 ], [ 77.5310639, 13.0265319 ], [ 77.5308311, 13.0260112 ], [ 77.5300549, 13.0242754 ], [ 77.5286437, 13.0211195 ], [ 77.5294149, 13.0209975 ], [ 77.5311398, 13.0217678 ], [ 77.5317031, 13.0220226 ], [ 77.5322869, 13.0222266 ], [ 77.5324072, 13.0223414 ], [ 77.5324675, 13.0224107 ], [ 77.5325056, 13.0224927 ], [ 77.5331247, 13.023614 ], [ 77.5339241, 13.02501 ] ] ] } },
{ "type": "Feature", "properties": { "name": "Stella Maris Convent", "amenity": "school", "building": null, "capacity": null, "emergency": null, "leisure": null }, "geometry": { "type": "Polygon", "coordinates": [ [ [ 77.5768735, 13.0070636 ], [ 77.5768604, 13.0062956 ], [ 77.5785373, 13.0062182 ], [ 77.5785526, 13.0064244 ], [ 77.5784946, 13.006519 ], [ 77.5778462, 13.0068477 ], [ 77.5768735, 13.0070636 ] ] ] } },
{ "type": "Feature", "properties": { "name": "Government First Grade College", "amenity": "college", "building": null, "capacity": null, "emergency": null, "leisure": null }, "geometry": { "type": "Polygon", "coordinates": [ [ [ 77.5704009, 13.0093612 ], [ 77.5692169, 13.0094053 ], [ 77.5692339, 13.0087139 ], [ 77.5703727, 13.0086316 ], [ 77.5704009, 13.0093612 ] ] ] } },
{ "type": "Feature", "properties": { "name": "Mariam Nilaya High School", "amenity": "school", "building": null, "capacity": null, "emergency": null, "leisure": null }, "geometry": { "type": "Polygon", "coordinates": [ [ [ 77.650428, 13.0127677 ], [ 77.6508187, 13.0125729 ], [ 77.6506871, 13.0122029 ], [ 77.6507263, 13.0121589 ], [ 77.6510949, 13.0119386 ], [ 77.6508276, 13.0106544 ], [ 77.6510159, 13.0105064 ], [ 77.6507912, 13.0102875 ], [ 77.6498809, 13.0105732 ], [ 77.6499309, 13.0108186 ], [ 77.6500386, 13.011348 ], [ 77.6501273, 13.0118013 ], [ 77.6501488, 13.0118895 ], [ 77.6503222, 13.0124514 ], [ 77.650428, 13.0127677 ] ] ] } },
{ "type": "Feature", "properties": { "name": "Frank Anthony Public School", "amenity": "school", "building": null, "capacity": null, "emergency": null, "leisure": null }, "geometry": { "type": "Polygon", "coordinates": [ [ [ 77.6281639, 12.9707119 ], [ 77.6286264, 12.9709858 ], [ 77.629017, 12.9712172 ], [ 77.6290346, 12.9712276 ], [ 77.6291842, 12.9713162 ], [ 77.6292497, 12.9713515 ], [ 77.6295286, 12.971502 ], [ 77.6293181, 12.9716238 ], [ 77.6287282, 12.9719652 ], [ 77.6286093, 12.9718974 ], [ 77.628486, 12.971827 ], [ 77.6283036, 12.971723 ], [ 77.6277386, 12.9713754 ], [ 77.6281639, 12.9707119 ] ] ] } },
{ "type": "Feature", "properties": { "name": null, "amenity": "school", "building": null, "capacity": null, "emergency": null, "leisure": null }, "geometry": { "type": "Polygon", "coordinates": [ [ [ 77.6527288, 13.027716 ], [ 77.652816, 13.0276925 ], [ 77.6530811, 13.0276397 ], [ 77.6529269, 13.0269017 ], [ 77.6523851, 13.0269994 ], [ 77.6524912, 13.0274391 ], [ 77.6526763, 13.0274038 ], [ 77.6527288, 13.027716 ] ] ] } },
{ "type": "Feature", "properties": { "name": "St Vincent Palloti School", "amenity": "school", "building": null, "capacity": null, "emergency": null, "leisure": null }, "geometry": { "type": "Polygon", "coordinates": [ [ [ 77.65102, 13.0319376 ], [ 77.6516718, 13.0317965 ], [ 77.6516947, 13.0319558 ], [ 77.6519119, 13.0341196 ], [ 77.6517025, 13.0343449 ], [ 77.6516414, 13.0337705 ], [ 77.6512676, 13.0338448 ], [ 77.6510506, 13.0321502 ], [ 77.6510328, 13.0320115 ], [ 77.65102, 13.0319376 ] ] ] } },
{ "type": "Feature", "properties": { "name": "VES School", "amenity": "school", "building": null, "capacity": null, "emergency": null, "leisure": null }, "geometry": { "type": "Polygon", "coordinates": [ [ [ 77.574597, 13.0066307 ], [ 77.573926, 13.0066401 ], [ 77.5739331, 13.007121 ], [ 77.5746025, 13.0071102 ], [ 77.574597, 13.0066307 ] ] ] } },
{ "type": "Feature", "properties": { "name": "MES KK Public School", "amenity": "school", "building": null, "capacity": null, "emergency": null, "leisure": null }, "geometry": { "type": "Polygon", "coordinates": [ [ [ 77.552694, 13.0735171 ], [ 77.5536803, 13.0731338 ], [ 77.5534899, 13.0726939 ], [ 77.5525051, 13.0731091 ], [ 77.552694, 13.0735171 ] ] ] } },
{ "type": "Feature", "properties": { "name": "University Visvesvaraya College of Engineering", "amenity": "college", "building": null, "capacity": null, "emergency": null, "leisure": null }, "geometry": { "type": "Polygon", "coordinates": [ [ [ 77.5864319, 12.9740307 ], [ 77.5858247, 12.9739894 ], [ 77.58547, 12.9737767 ], [ 77.5852689, 12.9741245 ], [ 77.5852645, 12.9742893 ], [ 77.5852588, 12.9745054 ], [ 77.5853702, 12.9749847 ], [ 77.5860484, 12.9752676 ], [ 77.5866518, 12.9755388 ], [ 77.5866755, 12.9755495 ], [ 77.5868818, 12.9756187 ], [ 77.5869441, 12.9755683 ], [ 77.5868642, 12.9753699 ], [ 77.5864318, 12.9742056 ], [ 77.5864319, 12.9740307 ] ] ] } },
{ "type": "Feature", "properties": { "name": "St. Joseph's School", "amenity": "school", "building": null, "capacity": null, "emergency": null, "leisure": null }, "geometry": { "type": "Polygon", "coordinates": [ [ [ 77.5704474, 12.9632468 ], [ 77.5705353, 12.9622884 ], [ 77.5702253, 12.9622657 ], [ 77.5692496, 12.9623283 ], [ 77.5696401, 12.9634218 ], [ 77.5698175, 12.9633728 ], [ 77.5697672, 12.9631426 ], [ 77.5704474, 12.9632468 ] ] ] } },
{ "type": "Feature", "properties": { "name": "St. Theresa's Girl's High School", "amenity": "school", "building": null, "capacity": null, "emergency": null, "leisure": null }, "geometry": { "type": "Polygon", "coordinates": [ [ [ 77.5692083, 12.9627848 ], [ 77.5690093, 12.9629075 ], [ 77.5686412, 12.9629232 ], [ 77.5686036, 12.9629761 ], [ 77.5683019, 12.962991 ], [ 77.5682653, 12.9627712 ], [ 77.5677402, 12.9625539 ], [ 77.567811, 12.9620573 ], [ 77.5677902, 12.9620502 ], [ 77.5677558, 12.9619417 ], [ 77.5676849, 12.9618744 ], [ 77.5675066, 12.9619018 ], [ 77.5675045, 12.961872 ], [ 77.5673536, 12.9618876 ], [ 77.5673129, 12.9615927 ], [ 77.5672605, 12.9615999 ], [ 77.5672177, 12.9611523 ], [ 77.5672937, 12.9611419 ], [ 77.5680514, 12.9610591 ], [ 77.5685943, 12.9610105 ], [ 77.5692083, 12.9627848 ] ] ] } },
{ "type": "Feature", "properties": { "name": "Kendriya Vidyalaya", "amenity": "school", "building": null, "capacity": null, "emergency": null, "leisure": null }, "geometry": { "type": "Polygon", "coordinates": [ [ [ 77.5672861, 12.9815783 ], [ 77.5671737, 12.9806563 ], [ 77.5678376, 12.9805967 ], [ 77.5681309, 12.9815242 ], [ 77.5672861, 12.9815783 ] ] ] } },
{ "type": "Feature", "properties": { "name": "Bapuji College", "amenity": "college", "building": null, "capacity": null, "emergency": null, "leisure": null }, "geometry": { "type": "Polygon", "coordinates": [ [ [ 77.5629302, 12.9770522 ], [ 77.5628948, 12.9763847 ], [ 77.5628988, 12.9757747 ], [ 77.5635962, 12.9758735 ], [ 77.5643452, 12.975952 ], [ 77.5643459, 12.9763829 ], [ 77.5638916, 12.9766759 ], [ 77.5629302, 12.9770522 ] ] ] } },
{ "type": "Feature", "properties": { "name": null, "amenity": "school", "building": null, "capacity": null, "emergency": null, "leisure": null }, "geometry": { "type": "Polygon", "coordinates": [ [ [ 77.5428662, 12.9727176 ], [ 77.5427559, 12.9724111 ], [ 77.5439138, 12.9720156 ], [ 77.5440241, 12.9723221 ], [ 77.5428662, 12.9727176 ] ] ] } },
{ "type": "Feature", "properties": { "name": "Government School", "amenity": "school", "building": null, "capacity": null, "emergency": null, "leisure": null }, "geometry": { "type": "Polygon", "coordinates": [ [ [ 77.5445819, 12.9698153 ], [ 77.5444356, 12.9693857 ], [ 77.5437004, 12.9696853 ], [ 77.5438111, 12.9700594 ], [ 77.5445819, 12.9698153 ] ] ] } },
{ "type": "Feature", "properties": { "name": "Government Degree College", "amenity": "college", "building": null, "capacity": null, "emergency": null, "leisure": null }, "geometry": { "type": "Polygon", "coordinates": [ [ [ 77.5390897, 12.9664873 ], [ 77.5392186, 12.9672788 ], [ 77.5399204, 12.967104 ], [ 77.5396942, 12.9662339 ], [ 77.5390897, 12.9664873 ] ] ] } },
{ "type": "Feature", "properties": { "name": null, "amenity": "school", "building": null, "capacity": null, "emergency": null, "leisure": null }, "geometry": { "type": "Polygon", "coordinates": [ [ [ 77.5411786, 12.9650472 ], [ 77.5412054, 12.9656594 ], [ 77.5411561, 12.9661486 ], [ 77.5421907, 12.9657651 ], [ 77.5419265, 12.9648938 ], [ 77.5411786, 12.9650472 ] ] ] } },
{ "type": "Feature", "properties": { "name": null, "amenity": "school", "building": null, "capacity": null, "emergency": null, "leisure": null }, "geometry": { "type": "Polygon", "coordinates": [ [ [ 77.5415778, 12.9648555 ], [ 77.5416459, 12.9642694 ], [ 77.5419827, 12.9642691 ], [ 77.5419377, 12.9648171 ], [ 77.5415778, 12.9648555 ] ] ] } },
{ "type": "Feature", "properties": { "name": "Prameelabhai BBMP High School", "amenity": "school", "building": null, "capacity": null, "emergency": null, "leisure": null }, "geometry": { "type": "Polygon", "coordinates": [ [ [ 77.5480445, 12.9732632 ], [ 77.5483126, 12.9733179 ], [ 77.5484012, 12.9732836 ], [ 77.5486068, 12.973593 ], [ 77.5481885, 12.9738583 ], [ 77.5479881, 12.9734696 ], [ 77.5480445, 12.9732632 ] ] ] } },
{ "type": "Feature", "properties": { "name": "Government First Grade College", "amenity": "college", "building": null, "capacity": null, "emergency": null, "leisure": null }, "geometry": { "type": "Polygon", "coordinates": [ [ [ 77.5895811, 13.0382485 ], [ 77.5895652, 13.0379641 ], [ 77.5896925, 13.0379445 ], [ 77.5896871, 13.0378792 ], [ 77.5897086, 13.0378772 ], [ 77.5897039, 13.0378485 ], [ 77.5898474, 13.0378347 ], [ 77.5900163, 13.0377877 ], [ 77.590123, 13.0377858 ], [ 77.5901201, 13.0378484 ], [ 77.5907557, 13.0378446 ], [ 77.591047, 13.0378782 ], [ 77.5910701, 13.0382182 ], [ 77.5895811, 13.0382485 ] ] ] } },
{ "type": "Feature", "properties": { "name": "Cluny Convent", "amenity": "school", "building": null, "capacity": null, "emergency": null, "leisure": null }, "geometry": { "type": "Polygon", "coordinates": [ [ [ 77.5613437, 13.0049322 ], [ 77.5613952, 13.0048176 ], [ 77.5616211, 13.0043777 ], [ 77.5616692, 13.0042841 ], [ 77.5617975, 13.004285 ], [ 77.5623927, 13.0042893 ], [ 77.5623639, 13.0049469 ], [ 77.5616375, 13.0049364 ], [ 77.5613437, 13.0049322 ] ] ] } },
{ "type": "Feature", "properties": { "name": "Vivekananda School", "amenity": "school", "building": null, "capacity": null, "emergency": null, "leisure": null }, "geometry": { "type": "Polygon", "coordinates": [ [ [ 77.5875609, 12.9292099 ], [ 77.587406, 12.9286577 ], [ 77.5875027, 12.9284292 ], [ 77.5876633, 12.9284327 ], [ 77.5876272, 12.9287584 ], [ 77.5879222, 12.9287297 ], [ 77.5879273, 12.9291157 ], [ 77.5875609, 12.9292099 ] ] ] } },
{ "type": "Feature", "properties": { "name": "Vijaya College", "amenity": "college", "building": null, "capacity": null, "emergency": null, "leisure": null }, "geometry": { "type": "Polygon", "coordinates": [ [ [ 77.5863212, 12.928535 ], [ 77.586234, 12.9284122 ], [ 77.5863696, 12.9280913 ], [ 77.5864242, 12.9278421 ], [ 77.5864416, 12.9276957 ], [ 77.5864324, 12.9275126 ], [ 77.5867731, 12.927507 ], [ 77.586978, 12.9275055 ], [ 77.5874487, 12.9275023 ], [ 77.5877723, 12.9274949 ], [ 77.587779, 12.9277846 ], [ 77.5875326, 12.9279567 ], [ 77.5874123, 12.9281505 ], [ 77.587262, 12.928526 ], [ 77.5863212, 12.928535 ] ] ] } },
{ "type": "Feature", "properties": { "name": "R. V. College of Engineering", "amenity": "college", "building": null, "capacity": null, "emergency": null, "leisure": null }, "geometry": { "type": "Polygon", "coordinates": [ [ [ 77.4989598, 12.9212306 ], [ 77.4990074, 12.9212294 ], [ 77.4992912, 12.9212467 ], [ 77.4994791, 12.9213196 ], [ 77.5000075, 12.9216998 ], [ 77.5002107, 12.9218825 ], [ 77.5003964, 12.9220117 ], [ 77.5005758, 12.9220659 ], [ 77.5007408, 12.9220095 ], [ 77.502226, 12.9212825 ], [ 77.5024645, 12.9207299 ], [ 77.5025555, 12.9206817 ], [ 77.502687, 12.9207418 ], [ 77.5029148, 12.920909 ], [ 77.5031188, 12.9212385 ], [ 77.50321, 12.9214791 ], [ 77.5034058, 12.9219967 ], [ 77.5036043, 12.9227417 ], [ 77.503666, 12.9231339 ], [ 77.5036955, 12.9234868 ], [ 77.5037384, 12.9237541 ], [ 77.5035439, 12.9238737 ], [ 77.5034947, 12.9239583 ], [ 77.5028108, 12.9233043 ], [ 77.5017614, 12.9242361 ], [ 77.5004328, 12.9253417 ], [ 77.4999801, 12.9257184 ], [ 77.4993209, 12.9251163 ], [ 77.4988407, 12.9246776 ], [ 77.4988813, 12.9246384 ], [ 77.4978112, 12.9236185 ], [ 77.4975365, 12.9233562 ], [ 77.49815, 12.9223457 ], [ 77.4983512, 12.9220607 ], [ 77.4986024, 12.9217156 ], [ 77.4989598, 12.9212306 ] ] ] } },
{ "type": "Feature", "properties": { "name": "Visthar", "amenity": "college", "building": null, "capacity": null, "emergency": null, "leisure": null }, "geometry": { "type": "Polygon", "coordinates": [ [ [ 77.6577824, 13.0729686 ], [ 77.6575808, 13.073097 ], [ 77.6574605, 13.0731029 ], [ 77.65647, 13.0730887 ], [ 77.656467, 13.0728076 ], [ 77.6564573, 13.0724154 ], [ 77.6564583, 13.0714504 ], [ 77.6574325, 13.0714866 ], [ 77.6584641, 13.0715249 ], [ 77.6580755, 13.072484 ], [ 77.6579043, 13.0728013 ], [ 77.6577824, 13.0729686 ] ] ] } },
{ "type": "Feature", "properties": { "name": "The Energy Resource Institute", "amenity": "college", "building": null, "capacity": null, "emergency": null, "leisure": null }, "geometry": { "type": "Polygon", "coordinates": [ [ [ 77.6382959, 12.9635823 ], [ 77.6380875, 12.9632414 ], [ 77.637547, 12.9638289 ], [ 77.6376736, 12.9640822 ], [ 77.6382959, 12.9635823 ] ] ] } },
{ "type": "Feature", "properties": { "name": "Government Kannada Higher Primary School", "amenity": "school", "building": null, "capacity": null, "emergency": null, "leisure": null }, "geometry": { "type": "Polygon", "coordinates": [ [ [ 77.6283204, 12.9795652 ], [ 77.628255, 12.9800522 ], [ 77.6287722, 12.979919 ], [ 77.6288954, 12.9794079 ], [ 77.6283204, 12.9795652 ] ] ] } },
{ "type": "Feature", "properties": { "name": "Sri Bhagavan Mahaveer Jain College", "amenity": "college", "building": null, "capacity": null, "emergency": null, "leisure": null }, "geometry": { "type": "Polygon", "coordinates": [ [ [ 77.6334457, 12.9769083 ], [ 77.6334403, 12.9767817 ], [ 77.6335107, 12.9766236 ], [ 77.6337974, 12.9764391 ], [ 77.635038, 12.9761711 ], [ 77.6351391, 12.9770035 ], [ 77.6334457, 12.9769083 ] ] ] } },
{ "type": "Feature", "properties": { "name": "Jyothi College", "amenity": "college", "building": null, "capacity": null, "emergency": null, "leisure": null }, "geometry": { "type": "Polygon", "coordinates": [ [ [ 77.5851423, 13.0991494 ], [ 77.585185, 13.0992648 ], [ 77.5851, 13.0992908 ], [ 77.5853468, 13.0998563 ], [ 77.585693, 13.0997577 ], [ 77.585512, 13.0990289 ], [ 77.5851423, 13.0991494 ] ] ] } },
{ "type": "Feature", "properties": { "name": "Seshadripuram First Grade College", "amenity": "college", "building": null, "capacity": null, "emergency": null, "leisure": null }, "geometry": { "type": "Polygon", "coordinates": [ [ [ 77.5882065, 13.1005169 ], [ 77.5876645, 13.1000782 ], [ 77.587237, 13.0999072 ], [ 77.5875195, 13.0991118 ], [ 77.5880255, 13.0993598 ], [ 77.5886035, 13.0997585 ], [ 77.588851, 13.0999935 ], [ 77.5882065, 13.1005169 ] ] ] } },
{ "type": "Feature", "properties": { "name": "Kendriya Vidyalaya - RWF", "amenity": "school", "building": null, "capacity": null, "emergency": null, "leisure": null }, "geometry": { "type": "Polygon", "coordinates": [ [ [ 77.5808052, 13.1021075 ], [ 77.5794218, 13.1021387 ], [ 77.5795745, 13.1033861 ], [ 77.5809267, 13.1030994 ], [ 77.5808052, 13.1021075 ] ] ] } },
{ "type": "Feature", "properties": { "name": "National Insittute of Public Cooperation and Child Development", "amenity": "college", "building": null, "capacity": null, "emergency": null, "leisure": null }, "geometry": { "type": "Polygon", "coordinates": [ [ [ 77.5840784, 13.1015956 ], [ 77.5849579, 13.1018348 ], [ 77.5849547, 13.1021169 ], [ 77.5850067, 13.1024775 ], [ 77.5852213, 13.1028937 ], [ 77.5845693, 13.1034227 ], [ 77.5844351, 13.1032239 ], [ 77.5842208, 13.1028317 ], [ 77.5840909, 13.1024838 ], [ 77.5840454, 13.1021295 ], [ 77.5840649, 13.1018322 ], [ 77.5840784, 13.1015956 ] ] ] } },
{ "type": "Feature", "properties": { "name": "Poornaprajna High School", "amenity": "school", "building": null, "capacity": null, "emergency": null, "leisure": null }, "geometry": { "type": "Polygon", "coordinates": [ [ [ 77.591702, 13.0953662 ], [ 77.5917323, 13.0955088 ], [ 77.591961, 13.0965855 ], [ 77.5920508, 13.097008 ], [ 77.5916434, 13.0973511 ], [ 77.5914612, 13.0970484 ], [ 77.5911745, 13.0972717 ], [ 77.5910045, 13.0974042 ], [ 77.5905967, 13.0970028 ], [ 77.5902323, 13.096644 ], [ 77.5908491, 13.0961077 ], [ 77.5916044, 13.0954442 ], [ 77.591702, 13.0953662 ] ] ] } },
{ "type": "Feature", "properties": { "name": "MEC School", "amenity": "school", "building": null, "capacity": null, "emergency": null, "leisure": null }, "geometry": { "type": "Polygon", "coordinates": [ [ [ 77.5908491, 13.0961077 ], [ 77.5888456, 13.0960455 ], [ 77.5886463, 13.0964661 ], [ 77.5897922, 13.0970241 ], [ 77.5902323, 13.096644 ], [ 77.5908491, 13.0961077 ] ] ] } },
{ "type": "Feature", "properties": { "name": "Government Model Primary and High School", "amenity": "school", "building": null, "capacity": null, "emergency": null, "leisure": null }, "geometry": { "type": "Polygon", "coordinates": [ [ [ 77.5798725, 13.0959648 ], [ 77.579353, 13.0964799 ], [ 77.5789922, 13.0961347 ], [ 77.5790766, 13.096051 ], [ 77.5791894, 13.096159 ], [ 77.5795372, 13.0958141 ], [ 77.5794244, 13.0957061 ], [ 77.5795117, 13.0956196 ], [ 77.5798725, 13.0959648 ] ] ] } },
{ "type": "Feature", "properties": { "name": "Central Institute of Medicinal and Aromatic Plants", "amenity": "college", "building": null, "capacity": null, "emergency": null, "leisure": null }, "geometry": { "type": "Polygon", "coordinates": [ [ [ 77.5932399, 13.0849669 ], [ 77.5930184, 13.0849935 ], [ 77.5925661, 13.0837064 ], [ 77.592429, 13.0834116 ], [ 77.5916733, 13.0836738 ], [ 77.5915506, 13.083549 ], [ 77.5913886, 13.0833711 ], [ 77.5913213, 13.0833955 ], [ 77.5911865, 13.0832274 ], [ 77.5910899, 13.0831203 ], [ 77.5910336, 13.0829583 ], [ 77.5911945, 13.0825873 ], [ 77.591193, 13.0823995 ], [ 77.5911504, 13.0822393 ], [ 77.5911986, 13.0817857 ], [ 77.590816, 13.080766 ], [ 77.5906822, 13.0807937 ], [ 77.5907607, 13.0810873 ], [ 77.5899331, 13.0813124 ], [ 77.5899084, 13.0813641 ], [ 77.5881296, 13.0818734 ], [ 77.5883134, 13.0825523 ], [ 77.5886591, 13.0825351 ], [ 77.5888968, 13.0844534 ], [ 77.589391, 13.0843883 ], [ 77.5895319, 13.0843642 ], [ 77.5901452, 13.084367 ], [ 77.5904837, 13.0844292 ], [ 77.5906889, 13.0845468 ], [ 77.5908332, 13.0850254 ], [ 77.5909799, 13.0851946 ], [ 77.5909353, 13.0855593 ], [ 77.5910169, 13.086049 ], [ 77.5915224, 13.0859559 ], [ 77.5925366, 13.085769 ], [ 77.5926567, 13.0857469 ], [ 77.5926124, 13.0863599 ], [ 77.5935874, 13.0862303 ], [ 77.5934899, 13.0849957 ], [ 77.5934677, 13.0849444 ], [ 77.5932399, 13.0849669 ] ] ] } },
{ "type": "Feature", "properties": { "name": "Vibgyor High School", "amenity": "school", "building": null, "capacity": null, "emergency": null, "leisure": null }, "geometry": { "type": "Polygon", "coordinates": [ [ [ 77.7181133, 12.9491613 ], [ 77.7192739, 12.9492372 ], [ 77.719216, 12.9490495 ], [ 77.7192903, 12.948982 ], [ 77.7193123, 12.9486479 ], [ 77.7193167, 12.948112 ], [ 77.7181235, 12.9480773 ], [ 77.7181133, 12.9491613 ] ] ] } },
{ "type": "Feature", "properties": { "name": "Diya Academy of Learning", "amenity": "school", "building": null, "capacity": null, "emergency": null, "leisure": null }, "geometry": { "type": "Polygon", "coordinates": [ [ [ 77.7183266, 13.0045097 ], [ 77.7183214, 13.0044653 ], [ 77.718293, 13.00422 ], [ 77.7181787, 13.003798 ], [ 77.7178397, 13.0028087 ], [ 77.7183134, 13.002732 ], [ 77.7185454, 13.0027718 ], [ 77.718719, 13.0028693 ], [ 77.7189052, 13.0030036 ], [ 77.7189879, 13.0031087 ], [ 77.7189917, 13.0032029 ], [ 77.7189854, 13.0035707 ], [ 77.7190549, 13.0038857 ], [ 77.7190193, 13.0040175 ], [ 77.7189793, 13.0042683 ], [ 77.7188723, 13.0045341 ], [ 77.7183266, 13.0045097 ] ] ] } },
{ "type": "Feature", "properties": { "name": "JSS Academy of Technical Education", "amenity": "college", "building": null, "capacity": null, "emergency": null, "leisure": null }, "geometry": { "type": "Polygon", "coordinates": [ [ [ 77.5042253, 12.903571 ], [ 77.5054544, 12.9031488 ], [ 77.5057986, 12.9044291 ], [ 77.5071891, 12.903636 ], [ 77.5066727, 12.902679 ], [ 77.5065091, 12.9023923 ], [ 77.5061316, 12.9017691 ], [ 77.5059884, 12.9015328 ], [ 77.5058502, 12.9013047 ], [ 77.5046799, 12.9016177 ], [ 77.5043864, 12.9006595 ], [ 77.5035556, 12.9008809 ], [ 77.5039072, 12.9024776 ], [ 77.5029659, 12.9028858 ], [ 77.5031998, 12.9041298 ], [ 77.5032726, 12.9044639 ], [ 77.5043768, 12.9041771 ], [ 77.5042253, 12.903571 ] ] ] } },
{ "type": "Feature", "properties": { "name": "Dr. Ambedkar Institute of Technology", "amenity": "college", "building": null, "capacity": null, "emergency": null, "leisure": null }, "geometry": { "type": "Polygon", "coordinates": [ [ [ 77.5062785, 12.9628271 ], [ 77.5063614, 12.9628033 ], [ 77.5067449, 12.9637195 ], [ 77.506791, 12.9638249 ], [ 77.5069487, 12.9637584 ], [ 77.5069691, 12.9638068 ], [ 77.5072876, 12.9645635 ], [ 77.5078853, 12.9643384 ], [ 77.5080281, 12.9644477 ], [ 77.5082687, 12.964632 ], [ 77.5082606, 12.9652097 ], [ 77.5083933, 12.9652699 ], [ 77.5082901, 12.9653549 ], [ 77.5080202, 12.9655772 ], [ 77.5075651, 12.9657246 ], [ 77.5078025, 12.9663384 ], [ 77.5058779, 12.9667014 ], [ 77.5056589, 12.9663714 ], [ 77.5054831, 12.9664054 ], [ 77.5051222, 12.9664753 ], [ 77.5050003, 12.9658631 ], [ 77.504944, 12.9648428 ], [ 77.5049499, 12.9645317 ], [ 77.5050767, 12.9645097 ], [ 77.5050742, 12.964303 ], [ 77.5052073, 12.9635264 ], [ 77.505223, 12.963435 ], [ 77.5050721, 12.9626241 ], [ 77.5050581, 12.962549 ], [ 77.5050471, 12.962491 ], [ 77.505702, 12.9629595 ], [ 77.5062785, 12.9628271 ] ] ] } },
{ "type": "Feature", "properties": { "name": "Indian Institute of Plantation Management", "amenity": "college", "building": null, "capacity": null, "emergency": null, "leisure": null }, "geometry": { "type": "Polygon", "coordinates": [ [ [ 77.5060113, 12.9619915 ], [ 77.5063614, 12.9628033 ], [ 77.5062785, 12.9628271 ], [ 77.505702, 12.9629595 ], [ 77.5050471, 12.962491 ], [ 77.5049958, 12.9622206 ], [ 77.5049851, 12.9620308 ], [ 77.5048754, 12.9619146 ], [ 77.504755, 12.9614286 ], [ 77.5045418, 12.9606637 ], [ 77.5045437, 12.9605936 ], [ 77.5049337, 12.9604442 ], [ 77.505453, 12.9605014 ], [ 77.5055952, 12.9609186 ], [ 77.5057335, 12.9612861 ], [ 77.5059096, 12.9617542 ], [ 77.5060113, 12.9619915 ] ] ] } },
{ "type": "Feature", "properties": { "name": "Malleshwaram Ladies Association", "amenity": "college", "building": null, "capacity": null, "emergency": null, "leisure": null }, "geometry": { "type": "Polygon", "coordinates": [ [ [ 77.5700195, 13.0053849 ], [ 77.570445, 13.005366 ], [ 77.5704426, 13.004572 ], [ 77.570013, 13.0045752 ], [ 77.5700195, 13.0053849 ] ] ] } },
{ "type": "Feature", "properties": { "name": "MES College of Arts and Science", "amenity": "college", "building": null, "capacity": null, "emergency": null, "leisure": null }, "geometry": { "type": "Polygon", "coordinates": [ [ [ 77.5632536, 13.0056433 ], [ 77.5632535, 13.0051671 ], [ 77.5637672, 13.0051573 ], [ 77.5637644, 13.0056425 ], [ 77.5632536, 13.0056433 ] ] ] } },
{ "type": "Feature", "properties": { "name": "MES Kishore Kendra", "amenity": "school", "building": null, "capacity": null, "emergency": null, "leisure": null }, "geometry": { "type": "Polygon", "coordinates": [ [ [ 77.5638376, 13.0049877 ], [ 77.563851, 13.0045165 ], [ 77.5645399, 13.0045183 ], [ 77.5645386, 13.0049918 ], [ 77.5638376, 13.0049877 ] ] ] } },
{ "type": "Feature", "properties": { "name": "KS Institute of Technology", "amenity": "college", "building": null, "capacity": null, "emergency": null, "leisure": null }, "geometry": { "type": "Polygon", "coordinates": [ [ [ 77.5440871, 12.8797858 ], [ 77.5438424, 12.8791886 ], [ 77.5451863, 12.8787191 ], [ 77.5454157, 12.8792984 ], [ 77.5440871, 12.8797858 ] ] ] } },
{ "type": "Feature", "properties": { "name": "Canadian International School", "amenity": "school", "building": null, "capacity": null, "emergency": null, "leisure": null }, "geometry": { "type": "Polygon", "coordinates": [ [ [ 77.5929377, 13.1204096 ], [ 77.5926534, 13.1189258 ], [ 77.5951218, 13.1184548 ], [ 77.5954697, 13.1183825 ], [ 77.5954886, 13.1184736 ], [ 77.5955505, 13.1187721 ], [ 77.595797, 13.1199603 ], [ 77.5929377, 13.1204096 ] ] ] } },
{ "type": "Feature", "properties": { "name": "City Engineering College", "amenity": "college", "building": null, "capacity": null, "emergency": null, "leisure": null }, "geometry": { "type": "Polygon", "coordinates": [ [ [ 77.5508578, 12.8875511 ], [ 77.550422, 12.8875748 ], [ 77.5505649, 12.8884551 ], [ 77.5501753, 12.8885422 ], [ 77.5502097, 12.8886561 ], [ 77.5504167, 12.8893423 ], [ 77.550931, 12.8899376 ], [ 77.5510512, 12.8898815 ], [ 77.5507181, 12.8888185 ], [ 77.5510871, 12.8887056 ], [ 77.5508578, 12.8875511 ] ] ] } },
{ "type": "Feature", "properties": { "name": "Gurukul School", "amenity": "school", "building": null, "capacity": null, "emergency": null, "leisure": null }, "geometry": { "type": "Polygon", "coordinates": [ [ [ 77.5674891, 12.8688163 ], [ 77.5668883, 12.8678752 ], [ 77.5672101, 12.8675928 ], [ 77.5679072, 12.8685789 ], [ 77.5674891, 12.8688163 ] ] ] } },
{ "type": "Feature", "properties": { "name": "Ryan International School", "amenity": "school", "building": null, "capacity": null, "emergency": null, "leisure": null }, "geometry": { "type": "Polygon", "coordinates": [ [ [ 77.7233322, 12.9642097 ], [ 77.723313, 12.9644775 ], [ 77.7232872, 12.9653715 ], [ 77.7233888, 12.9653721 ], [ 77.7246942, 12.9654048 ], [ 77.7246873, 12.9650264 ], [ 77.7249281, 12.9645529 ], [ 77.7250931, 12.9644281 ], [ 77.7252936, 12.9643475 ], [ 77.7252377, 12.9638992 ], [ 77.7241355, 12.963932 ], [ 77.7240871, 12.9639329 ], [ 77.7240531, 12.9641898 ], [ 77.7240492, 12.964229 ], [ 77.7240474, 12.9642492 ], [ 77.7235459, 12.9642239 ], [ 77.7233322, 12.9642097 ] ] ] } },
{ "type": "Feature", "properties": { "name": "Gopalan National School", "amenity": "school", "building": null, "capacity": null, "emergency": null, "leisure": null }, "geometry": { "type": "Polygon", "coordinates": [ [ [ 77.7077567, 12.9861177 ], [ 77.7060581, 12.986212 ], [ 77.7060201, 12.9866429 ], [ 77.707622, 12.9865246 ], [ 77.7077567, 12.9861177 ] ] ] } },
{ "type": "Feature", "properties": { "name": "The Deen's Academy", "amenity": "school", "building": null, "capacity": null, "emergency": null, "leisure": null }, "geometry": { "type": "Polygon", "coordinates": [ [ [ 77.7422222, 12.975825 ], [ 77.7413933, 12.9760632 ], [ 77.7416149, 12.9766695 ], [ 77.7417922, 12.9771372 ], [ 77.741861, 12.9773315 ], [ 77.7426526, 12.9771174 ], [ 77.7422222, 12.975825 ] ] ] } },
{ "type": "Feature", "properties": { "name": "CMR Institute of Technology", "amenity": "college", "building": null, "capacity": null, "emergency": null, "leisure": null }, "geometry": { "type": "Polygon", "coordinates": [ [ [ 77.7107761, 12.9669945 ], [ 77.7109621, 12.9664298 ], [ 77.7110498, 12.9661913 ], [ 77.7112895, 12.9655679 ], [ 77.7116401, 12.9656766 ], [ 77.7118039, 12.9657221 ], [ 77.7123874, 12.9659271 ], [ 77.7124518, 12.9659467 ], [ 77.7125261, 12.9659719 ], [ 77.7126112, 12.9660154 ], [ 77.71227, 12.9668788 ], [ 77.7139512, 12.96743 ], [ 77.7139388, 12.9674502 ], [ 77.7139194, 12.967489 ], [ 77.7138822, 12.9675635 ], [ 77.7123355, 12.9672901 ], [ 77.7107761, 12.9669945 ] ] ] } },
{ "type": "Feature", "properties": { "name": "Vishweshwaraiah College", "amenity": "college", "building": null, "capacity": null, "emergency": null, "leisure": null }, "geometry": { "type": "Polygon", "coordinates": [ [ [ 77.6575283, 12.9568306 ], [ 77.6579683, 12.9567496 ], [ 77.6583329, 12.9566584 ], [ 77.6589027, 12.9565814 ], [ 77.6589763, 12.9573501 ], [ 77.6589091, 12.9573612 ], [ 77.6589489, 12.9578132 ], [ 77.6590901, 12.9589558 ], [ 77.6578224, 12.9590414 ], [ 77.6577202, 12.9579249 ], [ 77.6575283, 12.9568306 ] ] ] } },
{ "type": "Feature", "properties": { "name": "Government School", "amenity": "school", "building": null, "capacity": null, "emergency": null, "leisure": null }, "geometry": { "type": "Polygon", "coordinates": [ [ [ 77.7371413, 12.9569415 ], [ 77.7372781, 12.9561684 ], [ 77.737766, 12.9562502 ], [ 77.7387638, 12.9562711 ], [ 77.738696, 12.9569351 ], [ 77.7371413, 12.9569415 ] ] ] } },
{ "type": "Feature", "properties": { "name": "HAL Management Academy", "amenity": "college", "building": null, "capacity": null, "emergency": null, "leisure": null }, "geometry": { "type": "Polygon", "coordinates": [ [ [ 77.6918991, 12.9638069 ], [ 77.6929103, 12.966072 ], [ 77.6930571, 12.9665954 ], [ 77.6931211, 12.9667544 ], [ 77.6933555, 12.9676449 ], [ 77.6935014, 12.9678836 ], [ 77.6946471, 12.9676921 ], [ 77.6946206, 12.9665401 ], [ 77.6945546, 12.9636658 ], [ 77.6935259, 12.964048 ], [ 77.6932711, 12.9640102 ], [ 77.6928745, 12.9639515 ], [ 77.6918991, 12.9638069 ] ] ] } },
{ "type": "Feature", "properties": { "name": "National Public School Indiranagar", "amenity": "school", "building": null, "capacity": null, "emergency": null, "leisure": null }, "geometry": { "type": "Polygon", "coordinates": [ [ [ 77.6471052, 12.9688739 ], [ 77.6467054, 12.9688504 ], [ 77.6466779, 12.9688488 ], [ 77.646673, 12.9690587 ], [ 77.6465211, 12.9690545 ], [ 77.6461753, 12.9690467 ], [ 77.6461741, 12.9691016 ], [ 77.646169, 12.9693424 ], [ 77.6466365, 12.9693272 ], [ 77.6466329, 12.9695103 ], [ 77.6464403, 12.9695039 ], [ 77.6464313, 12.9697154 ], [ 77.6466647, 12.9697246 ], [ 77.6467496, 12.9697253 ], [ 77.6470702, 12.9697329 ], [ 77.6471052, 12.9688739 ] ] ] } },
{ "type": "Feature", "properties": { "name": "St. Thomas School", "amenity": "school", "building": null, "capacity": null, "emergency": null, "leisure": null }, "geometry": { "type": "Polygon", "coordinates": [ [ [ 77.7477041, 12.9710227 ], [ 77.7471515, 12.9707666 ], [ 77.7473634, 12.9704869 ], [ 77.7474546, 12.9703981 ], [ 77.7475659, 12.9703215 ], [ 77.7479736, 12.9707555 ], [ 77.7478194, 12.9709051 ], [ 77.7477041, 12.9710227 ] ] ] } },
{ "type": "Feature", "properties": { "name": "Varthur Government High School", "amenity": "school", "building": null, "capacity": null, "emergency": null, "leisure": null }, "geometry": { "type": "Polygon", "coordinates": [ [ [ 77.7468957, 12.9436269 ], [ 77.7468844, 12.9433974 ], [ 77.7468811, 12.9433408 ], [ 77.7468691, 12.9428882 ], [ 77.7468821, 12.9425066 ], [ 77.7469502, 12.9424557 ], [ 77.7469691, 12.9418065 ], [ 77.746216, 12.9418748 ], [ 77.7462357, 12.9427159 ], [ 77.7462931, 12.9436367 ], [ 77.7468957, 12.9436269 ] ] ] } },
{ "type": "Feature", "properties": { "name": "KK English High School", "amenity": "school", "building": null, "capacity": null, "emergency": null, "leisure": null }, "geometry": { "type": "Polygon", "coordinates": [ [ [ 77.7413431, 12.9333462 ], [ 77.7410588, 12.9322692 ], [ 77.741207, 12.9322395 ], [ 77.7418822, 12.9321045 ], [ 77.7421471, 12.932591 ], [ 77.7423881, 12.9330338 ], [ 77.7419944, 12.9331515 ], [ 77.7413431, 12.9333462 ] ] ] } },
{ "type": "Feature", "properties": { "name": "Krupanidhi Institutions", "amenity": "college", "building": null, "capacity": null, "emergency": null, "leisure": null }, "geometry": { "type": "Polygon", "coordinates": [ [ [ 77.7227565, 12.9135523 ], [ 77.7244446, 12.9131688 ], [ 77.7246411, 12.9131242 ], [ 77.7249821, 12.9149811 ], [ 77.7238305, 12.9153127 ], [ 77.7238409, 12.91554 ], [ 77.7233535, 12.9154862 ], [ 77.7227565, 12.9135523 ] ] ] } },
{ "type": "Feature", "properties": { "name": "Sri Sathya Sai Institute of Higher Learning", "amenity": "college", "building": null, "capacity": null, "emergency": null, "leisure": null }, "geometry": { "type": "Polygon", "coordinates": [ [ [ 77.7586929, 12.9993859 ], [ 77.7597957, 12.9993896 ], [ 77.7606563, 12.9994353 ], [ 77.7608081, 12.9997228 ], [ 77.7608333, 12.9999476 ], [ 77.7608386, 13.0002141 ], [ 77.7608617, 13.0004284 ], [ 77.7609261, 13.0005434 ], [ 77.7610817, 13.00058 ], [ 77.7612678, 13.00058 ], [ 77.7614931, 13.0006271 ], [ 77.7616288, 13.0007107 ], [ 77.7617254, 13.000878 ], [ 77.7618112, 13.0011184 ], [ 77.7616825, 13.0013954 ], [ 77.7616379, 13.0016124 ], [ 77.7615789, 13.0018397 ], [ 77.761484, 13.0020592 ], [ 77.7614196, 13.002216 ], [ 77.7613697, 13.0023572 ], [ 77.7613054, 13.0024878 ], [ 77.761205, 13.0025349 ], [ 77.7610157, 13.0025349 ], [ 77.7591949, 13.002834 ], [ 77.7590432, 13.0028589 ], [ 77.7581392, 13.0032373 ], [ 77.7579593, 13.0025799 ], [ 77.7573815, 13.0028041 ], [ 77.7581033, 12.9994312 ], [ 77.7581183, 12.999296 ], [ 77.7586929, 12.9993859 ] ] ] } },
{ "type": "Feature", "properties": { "name": "PTA School", "amenity": "school", "building": null, "capacity": null, "emergency": null, "leisure": null }, "geometry": { "type": "Polygon", "coordinates": [ [ [ 77.5861581, 12.9446653 ], [ 77.5861529, 12.9438479 ], [ 77.5870076, 12.9438428 ], [ 77.5870128, 12.9446601 ], [ 77.5861581, 12.9446653 ] ] ] } },
{ "type": "Feature", "properties": { "name": "NMKRV College", "amenity": "college", "building": null, "capacity": null, "emergency": null, "leisure": null }, "geometry": { "type": "Polygon", "coordinates": [ [ [ 77.5821729, 12.9317355 ], [ 77.5806473, 12.9317262 ], [ 77.5806394, 12.9329589 ], [ 77.582165, 12.9329683 ], [ 77.5821729, 12.9317355 ] ] ] } },
{ "type": "Feature", "properties": { "name": "Bishop Cotton's Women's Christian College", "amenity": "college", "building": null, "capacity": null, "emergency": null, "leisure": null }, "geometry": { "type": "Polygon", "coordinates": [ [ [ 77.5871787, 12.9634064 ], [ 77.5862886, 12.9623634 ], [ 77.5862888, 12.9620138 ], [ 77.5863618, 12.9620071 ], [ 77.5867482, 12.9619747 ], [ 77.587107, 12.9623528 ], [ 77.5876351, 12.9622208 ], [ 77.5876811, 12.9629852 ], [ 77.5871787, 12.9634064 ] ] ] } },
{ "type": "Feature", "properties": { "name": "Sri Aurobindo Memorial School", "amenity": "school", "building": null, "capacity": null, "emergency": null, "leisure": null }, "geometry": { "type": "Polygon", "coordinates": [ [ [ 77.5672061, 12.9254697 ], [ 77.5672939, 12.9258408 ], [ 77.567993, 12.9256837 ], [ 77.5681161, 12.9261011 ], [ 77.5681741, 12.9263584 ], [ 77.5687229, 12.9261914 ], [ 77.5687404, 12.9261605 ], [ 77.5687364, 12.9261181 ], [ 77.5685238, 12.9252064 ], [ 77.5672061, 12.9254697 ] ] ] } },
{ "type": "Feature", "properties": { "name": "Sambhram Institute of Technology", "amenity": "college", "building": null, "capacity": null, "emergency": null, "leisure": null }, "geometry": { "type": "Polygon", "coordinates": [ [ [ 77.5452367, 13.0892515 ], [ 77.5456356, 13.0891268 ], [ 77.5465169, 13.0885335 ], [ 77.5463476, 13.0898295 ], [ 77.5462936, 13.0902929 ], [ 77.5461909, 13.0907607 ], [ 77.5455892, 13.0909016 ], [ 77.5454934, 13.090468 ], [ 77.5453673, 13.0904925 ], [ 77.5452512, 13.0899475 ], [ 77.5453805, 13.0899235 ], [ 77.5452367, 13.0892515 ] ] ] } },
{ "type": "Feature", "properties": { "name": "BEL CBSE Vidyalaya", "amenity": "school", "building": null, "capacity": null, "emergency": null, "leisure": null }, "geometry": { "type": "Polygon", "coordinates": [ [ [ 77.5544213, 13.0442551 ], [ 77.5542817, 13.0444921 ], [ 77.5547216, 13.0447403 ], [ 77.5547779, 13.0446463 ], [ 77.5546948, 13.0445914 ], [ 77.5547673, 13.0444563 ], [ 77.5544213, 13.0442551 ] ] ] } },
{ "type": "Feature", "properties": { "name": "ತಾಯಿ ತೆರೇಸಾ ಶಾಲೆ", "amenity": "school", "building": null, "capacity": null, "emergency": null, "leisure": null }, "geometry": { "type": "Polygon", "coordinates": [ [ [ 77.5513835, 13.0431921 ], [ 77.5513663, 13.0435757 ], [ 77.5507653, 13.043716 ], [ 77.5507869, 13.0431811 ], [ 77.5513835, 13.0431921 ] ] ] } },
{ "type": "Feature", "properties": { "name": "Vasavi Vidya Nikethan School", "amenity": "school", "building": null, "capacity": null, "emergency": null, "leisure": null }, "geometry": { "type": "Polygon", "coordinates": [ [ [ 77.5753141, 12.9489469 ], [ 77.5760542, 12.9489513 ], [ 77.5760491, 12.9484273 ], [ 77.5755968, 12.9484146 ], [ 77.5753158, 12.9484411 ], [ 77.5753141, 12.9489469 ] ] ] } },
{ "type": "Feature", "properties": { "name": "Jnanodaya School", "amenity": "school", "building": null, "capacity": null, "emergency": null, "leisure": null }, "geometry": { "type": "Polygon", "coordinates": [ [ [ 77.5675543, 12.9550491 ], [ 77.5682141, 12.9550832 ], [ 77.5682845, 12.9541167 ], [ 77.5676198, 12.9540781 ], [ 77.5675543, 12.9550491 ] ] ] } },
{ "type": "Feature", "properties": { "name": "Soundarya School", "amenity": "school", "building": null, "capacity": null, "emergency": null, "leisure": null }, "geometry": { "type": "Polygon", "coordinates": [ [ [ 77.5046762, 13.0493931 ], [ 77.5046036, 13.0491202 ], [ 77.5060923, 13.0487465 ], [ 77.5062653, 13.0494886 ], [ 77.5054247, 13.0496493 ], [ 77.5053638, 13.0492758 ], [ 77.5046762, 13.0493931 ] ] ] } },
{ "type": "Feature", "properties": { "name": "Kendriya Vidyalaya CRPF", "amenity": "school", "building": null, "capacity": null, "emergency": null, "leisure": null }, "geometry": { "type": "Polygon", "coordinates": [ [ [ 77.5742052, 13.1171649 ], [ 77.5771614, 13.1186748 ], [ 77.5767562, 13.1197695 ], [ 77.5741947, 13.118466 ], [ 77.5742052, 13.1171649 ] ] ] } },
{ "type": "Feature", "properties": { "name": "Government School", "amenity": "college", "building": null, "capacity": null, "emergency": null, "leisure": null }, "geometry": { "type": "Polygon", "coordinates": [ [ [ 77.5927462, 13.0969263 ], [ 77.5928779, 13.0971383 ], [ 77.5929306, 13.0972231 ], [ 77.5930852, 13.0974721 ], [ 77.5931405, 13.0974486 ], [ 77.5934697, 13.0979932 ], [ 77.5941827, 13.0977162 ], [ 77.5937304, 13.0965471 ], [ 77.5934409, 13.0962717 ], [ 77.5927462, 13.0969263 ] ] ] } },
{ "type": "Feature", "properties": { "name": "Government PU College", "amenity": "college", "building": null, "capacity": null, "emergency": null, "leisure": null }, "geometry": { "type": "Polygon", "coordinates": [ [ [ 77.5937304, 13.0965471 ], [ 77.5941827, 13.0977162 ], [ 77.5947404, 13.0975045 ], [ 77.5951722, 13.0965014 ], [ 77.5947377, 13.0959499 ], [ 77.5941651, 13.0963291 ], [ 77.5941242, 13.0962807 ], [ 77.5937304, 13.0965471 ] ] ] } },
{ "type": "Feature", "properties": { "name": "Kendriya Vidyalaya, Yelahanka AFS", "amenity": "school", "building": null, "capacity": null, "emergency": null, "leisure": null }, "geometry": { "type": "Polygon", "coordinates": [ [ [ 77.6157369, 13.1286384 ], [ 77.6163873, 13.1284428 ], [ 77.616713, 13.1290714 ], [ 77.6177835, 13.1286794 ], [ 77.6180169, 13.1309336 ], [ 77.6167026, 13.1309493 ], [ 77.6157369, 13.1286384 ] ] ] } },
{ "type": "Feature", "properties": { "name": "Sri Kumarans College", "amenity": "college", "building": null, "capacity": null, "emergency": null, "leisure": null }, "geometry": { "type": "Polygon", "coordinates": [ [ [ 77.5572283, 12.9124043 ], [ 77.5572429, 12.9126423 ], [ 77.5575798, 12.9125756 ], [ 77.5576921, 12.9125423 ], [ 77.5576531, 12.9123615 ], [ 77.5572283, 12.9124043 ] ] ] } },
{ "type": "Feature", "properties": { "name": "Silicon City Public School", "amenity": "school", "building": null, "capacity": null, "emergency": null, "leisure": null }, "geometry": { "type": "Polygon", "coordinates": [ [ [ 77.5691092, 12.8807034 ], [ 77.5692573, 12.8814372 ], [ 77.5688925, 12.8813457 ], [ 77.5687959, 12.8812463 ], [ 77.5685406, 12.8808263 ], [ 77.5691092, 12.8807034 ] ] ] } },
{ "type": "Feature", "properties": { "name": "Loyola Industrial Training Centre", "amenity": "college", "building": null, "capacity": null, "emergency": null, "leisure": null }, "geometry": { "type": "Polygon", "coordinates": [ [ [ 77.5923403, 12.8697387 ], [ 77.5926703, 12.8696315 ], [ 77.592512, 12.8691687 ], [ 77.5923977, 12.8692059 ], [ 77.5925077, 12.8695274 ], [ 77.5922921, 12.8695975 ], [ 77.5923403, 12.8697387 ] ] ] } },
{ "type": "Feature", "properties": { "name": "St. John's High School", "amenity": "school", "building": null, "capacity": null, "emergency": null, "leisure": null }, "geometry": { "type": "Polygon", "coordinates": [ [ [ 77.6132941, 12.991485 ], [ 77.6131256, 12.9911381 ], [ 77.6131363, 12.9911084 ], [ 77.6136379, 12.9908478 ], [ 77.6137704, 12.991083 ], [ 77.6141707, 12.9917881 ], [ 77.6123087, 12.9928757 ], [ 77.6118615, 12.9921235 ], [ 77.612247, 12.9919291 ], [ 77.6120234, 12.991526 ], [ 77.6123112, 12.9914678 ], [ 77.6124477, 12.9914257 ], [ 77.6126126, 12.991355 ], [ 77.612797, 12.9917386 ], [ 77.6126924, 12.9917948 ], [ 77.6128775, 12.9921424 ], [ 77.6134825, 12.9918166 ], [ 77.6132941, 12.991485 ] ] ] } },
{ "type": "Feature", "properties": { "name": "Sandeepani English High School", "amenity": "school", "building": null, "capacity": null, "emergency": null, "leisure": null }, "geometry": { "type": "Polygon", "coordinates": [ [ [ 77.5758957, 13.0321821 ], [ 77.5758581, 13.031642 ], [ 77.5761009, 13.0316379 ], [ 77.5761183, 13.0321325 ], [ 77.5758957, 13.0321821 ] ] ] } },
{ "type": "Feature", "properties": { "name": "Chaitanya Nursing College", "amenity": "college", "building": null, "capacity": null, "emergency": null, "leisure": null }, "geometry": { "type": "Polygon", "coordinates": [ [ [ 77.5860222, 13.0991754 ], [ 77.5862721, 13.0991728 ], [ 77.586274, 13.0997203 ], [ 77.5860287, 13.0997296 ], [ 77.5860222, 13.0991754 ] ] ] } },
{ "type": "Feature", "properties": { "name": "Shanthiniketan School", "amenity": "school", "building": null, "capacity": null, "emergency": null, "leisure": null }, "geometry": { "type": "Polygon", "coordinates": [ [ [ 77.575454, 13.0488943 ], [ 77.5758281, 13.0488251 ], [ 77.5758885, 13.0484553 ], [ 77.5753574, 13.048437 ], [ 77.5753802, 13.0487114 ], [ 77.5754328, 13.04871 ], [ 77.575454, 13.0488943 ] ] ] } },
{ "type": "Feature", "properties": { "name": "St. Germain's High School", "amenity": "school", "building": null, "capacity": null, "emergency": null, "leisure": null }, "geometry": { "type": "Polygon", "coordinates": [ [ [ 77.6113097, 12.9935244 ], [ 77.6104588, 12.9941261 ], [ 77.6104353, 12.994049 ], [ 77.610205, 12.9941079 ], [ 77.6100317, 12.9935903 ], [ 77.6097978, 12.9928253 ], [ 77.6097851, 12.9927836 ], [ 77.6098298, 12.9927507 ], [ 77.6104832, 12.9922692 ], [ 77.6113097, 12.9935244 ] ] ] } },
{ "type": "Feature", "properties": { "name": "Ghousia Polytechnic", "amenity": "college", "building": null, "capacity": null, "emergency": null, "leisure": null }, "geometry": { "type": "Polygon", "coordinates": [ [ [ 77.6074303, 12.9357256 ], [ 77.6073133, 12.934882 ], [ 77.6072556, 12.934885 ], [ 77.6070384, 12.9349083 ], [ 77.6065663, 12.9349527 ], [ 77.6065546, 12.9358742 ], [ 77.6070146, 12.9358196 ], [ 77.6070966, 12.9360977 ], [ 77.6073616, 12.93599 ], [ 77.6074607, 12.9359553 ], [ 77.6074303, 12.9357256 ] ] ] } },
{ "type": "Feature", "properties": { "name": "East West Public School", "amenity": "school", "building": null, "capacity": null, "emergency": null, "leisure": null }, "geometry": { "type": "Polygon", "coordinates": [ [ [ 77.5451101, 13.0079857 ], [ 77.5450984, 13.0078777 ], [ 77.5452873, 13.007846 ], [ 77.5453071, 13.0079516 ], [ 77.5451101, 13.0079857 ] ] ] } },
{ "type": "Feature", "properties": { "name": "Vivekananda Degree College", "amenity": "college", "building": null, "capacity": null, "emergency": null, "leisure": null }, "geometry": { "type": "Polygon", "coordinates": [ [ [ 77.554589, 13.009322 ], [ 77.5545729, 13.008811 ], [ 77.5555036, 13.0092179 ], [ 77.5554947, 13.0094293 ], [ 77.554589, 13.009322 ] ] ] } },
{ "type": "Feature", "properties": { "name": "Vidhya Bharathi College", "amenity": "college", "building": null, "capacity": null, "emergency": null, "leisure": null }, "geometry": { "type": "Polygon", "coordinates": [ [ [ 77.6343085, 12.9168584 ], [ 77.6348834, 12.9169375 ], [ 77.6349186, 12.9165248 ], [ 77.6345272, 12.9165529 ], [ 77.6342664, 12.916613 ], [ 77.6340714, 12.9166254 ], [ 77.634125, 12.9167496 ], [ 77.6343085, 12.9168584 ] ] ] } },
{ "type": "Feature", "properties": { "name": "St. Francis College", "amenity": "college", "building": null, "capacity": null, "emergency": null, "leisure": null }, "geometry": { "type": "Polygon", "coordinates": [ [ [ 77.6298237, 12.9265376 ], [ 77.6299149, 12.9270056 ], [ 77.6299283, 12.927071 ], [ 77.6294595, 12.9271467 ], [ 77.6289087, 12.9272337 ], [ 77.6287863, 12.9260544 ], [ 77.6295635, 12.9259364 ], [ 77.6294752, 12.9253915 ], [ 77.6300947, 12.9252685 ], [ 77.6303511, 12.9261299 ], [ 77.630462, 12.9262749 ], [ 77.6305162, 12.9264383 ], [ 77.6298237, 12.9265376 ] ] ] } },
{ "type": "Feature", "properties": { "name": "Krupanidhi College", "amenity": "college", "building": null, "capacity": null, "emergency": null, "leisure": null }, "geometry": { "type": "Polygon", "coordinates": [ [ [ 77.629535, 12.9240089 ], [ 77.6288871, 12.9240506 ], [ 77.628831, 12.9237941 ], [ 77.62988, 12.9235836 ], [ 77.629535, 12.9240089 ] ] ] } },
{ "type": "Feature", "properties": { "name": "City College, Bangalore", "amenity": "college", "building": null, "capacity": null, "emergency": null, "leisure": null }, "geometry": { "type": "Polygon", "coordinates": [ [ [ 77.5780464, 12.925957 ], [ 77.5789235, 12.9259457 ], [ 77.5789285, 12.9263092 ], [ 77.5780513, 12.9263205 ], [ 77.5780464, 12.925957 ] ] ] } },
{ "type": "Feature", "properties": { "name": "Bangalore International Academy", "amenity": "college", "building": null, "capacity": null, "emergency": null, "leisure": null }, "geometry": { "type": "Polygon", "coordinates": [ [ [ 77.5774895, 12.9271858 ], [ 77.5774782, 12.9266424 ], [ 77.5779941, 12.9266324 ], [ 77.5780054, 12.9271849 ], [ 77.5774895, 12.9271858 ] ] ] } },
{ "type": "Feature", "properties": { "name": "Vemana Institute of Technology", "amenity": "college", "building": "yes", "capacity": null, "emergency": null, "leisure": null }, "geometry": { "type": "Polygon", "coordinates": [ [ [ 77.6223136, 12.9294375 ], [ 77.6225069, 12.9299274 ], [ 77.6226013, 12.9298901 ], [ 77.622593, 12.9298644 ], [ 77.6228423, 12.929769 ], [ 77.6228032, 12.9296752 ], [ 77.6225606, 12.9297716 ], [ 77.622517, 12.929681 ], [ 77.6225433, 12.9296662 ], [ 77.6225168, 12.9296082 ], [ 77.6224808, 12.9296238 ], [ 77.6224427, 12.9295102 ], [ 77.6226043, 12.9294533 ], [ 77.6227108, 12.9297103 ], [ 77.622808, 12.9296718 ], [ 77.6227165, 12.9294082 ], [ 77.6226972, 12.9294112 ], [ 77.6226587, 12.9293179 ], [ 77.6224098, 12.9294166 ], [ 77.6223987, 12.9293966 ], [ 77.6223136, 12.9294375 ] ] ] } },
{ "type": "Feature", "properties": { "name": "RJS Institute of Management Studies", "amenity": "college", "building": "yes", "capacity": null, "emergency": null, "leisure": null }, "geometry": { "type": "Polygon", "coordinates": [ [ [ 77.6229168, 12.9297873 ], [ 77.6232897, 12.9296514 ], [ 77.6230922, 12.9291369 ], [ 77.6227194, 12.9292727 ], [ 77.6229168, 12.9297873 ] ] ] } },
{ "type": "Feature", "properties": { "name": "Lowry Memorial College", "amenity": "college", "building": null, "capacity": null, "emergency": null, "leisure": null }, "geometry": { "type": "Polygon", "coordinates": [ [ [ 77.6774222, 12.9997212 ], [ 77.6783003, 12.9997574 ], [ 77.6784035, 12.9998519 ], [ 77.6804082, 12.9999199 ], [ 77.6805887, 12.9999287 ], [ 77.6807538, 12.9999185 ], [ 77.6809353, 12.9998949 ], [ 77.6812317, 12.9997497 ], [ 77.6813032, 12.9996281 ], [ 77.6815701, 12.9992022 ], [ 77.6818175, 12.9987731 ], [ 77.6820273, 12.9984273 ], [ 77.6822925, 12.9980045 ], [ 77.6823275, 12.9979436 ], [ 77.6825631, 12.9975678 ], [ 77.6824822, 12.9974335 ], [ 77.6824071, 12.9972584 ], [ 77.6823854, 12.9971774 ], [ 77.6823491, 12.9970712 ], [ 77.6823138, 12.9969506 ], [ 77.6822927, 12.9968483 ], [ 77.6822927, 12.9966832 ], [ 77.6822685, 12.9964206 ], [ 77.6822686, 12.9963161 ], [ 77.6822801, 12.9961975 ], [ 77.6822828, 12.9960914 ], [ 77.6822821, 12.9959377 ], [ 77.6817077, 12.9958693 ], [ 77.6810754, 12.9957745 ], [ 77.6809229, 12.9957862 ], [ 77.6806797, 12.9956439 ], [ 77.6806435, 12.9955615 ], [ 77.6802432, 12.9955491 ], [ 77.6799448, 12.9955628 ], [ 77.6799139, 12.9955677 ], [ 77.6796695, 12.9956271 ], [ 77.6793782, 12.9956975 ], [ 77.6793289, 12.9957203 ], [ 77.6793059, 12.9957751 ], [ 77.679208, 12.9958624 ], [ 77.6795222, 12.9967325 ], [ 77.6792107, 12.9968449 ], [ 77.6790111, 12.9970548 ], [ 77.6791661, 12.9973445 ], [ 77.6793171, 12.9976659 ], [ 77.6794639, 12.9980122 ], [ 77.6796004, 12.9983374 ], [ 77.6792594, 12.9984888 ], [ 77.6785133, 12.9987939 ], [ 77.6782053, 12.998021 ], [ 77.6781204, 12.9978242 ], [ 77.6776104, 12.9979878 ], [ 77.6775926, 12.9979427 ], [ 77.6773988, 12.9980771 ], [ 77.677419, 12.9982871 ], [ 77.6771859, 12.9983803 ], [ 77.6772315, 12.9986533 ], [ 77.6767745, 12.9987145 ], [ 77.6767453, 12.9996588 ], [ 77.6774222, 12.9997212 ] ] ] } },
{ "type": "Feature", "properties": { "name": "Montfort College", "amenity": "college", "building": null, "capacity": null, "emergency": null, "leisure": null }, "geometry": { "type": "Polygon", "coordinates": [ [ [ 77.6457993, 12.9853477 ], [ 77.6459691, 12.9848025 ], [ 77.6472735, 12.9851128 ], [ 77.6468066, 12.9862969 ], [ 77.646649, 12.9862327 ], [ 77.6463432, 12.9861081 ], [ 77.6464118, 12.9855457 ], [ 77.6457993, 12.9853477 ] ] ] } },
{ "type": "Feature", "properties": { "name": "Fusco's School", "amenity": "school", "building": null, "capacity": null, "emergency": null, "leisure": null }, "geometry": { "type": "Polygon", "coordinates": [ [ [ 77.6472735, 12.9851128 ], [ 77.6468066, 12.9862969 ], [ 77.6470638, 12.9864055 ], [ 77.6474154, 12.9865505 ], [ 77.6474641, 12.9865694 ], [ 77.6476544, 12.9860452 ], [ 77.6479499, 12.986149 ], [ 77.6480558, 12.9857104 ], [ 77.6483059, 12.985201 ], [ 77.6481492, 12.9849222 ], [ 77.6475177, 12.9849465 ], [ 77.6472735, 12.9851128 ] ] ] } },
{ "type": "Feature", "properties": { "name": "Cottolengo Special School", "amenity": "school", "building": null, "capacity": null, "emergency": null, "leisure": null }, "geometry": { "type": "Polygon", "coordinates": [ [ [ 77.7478742, 12.9743266 ], [ 77.7478703, 12.9738468 ], [ 77.7478796, 12.9735943 ], [ 77.7481842, 12.9735428 ], [ 77.7483427, 12.9735122 ], [ 77.7483129, 12.973161 ], [ 77.7485312, 12.9731559 ], [ 77.7485941, 12.9738896 ], [ 77.7486263, 12.9742465 ], [ 77.7478742, 12.9743266 ] ] ] } },
{ "type": "Feature", "properties": { "name": "Abhayadhama Human Development Center", "amenity": "school", "building": null, "capacity": null, "emergency": null, "leisure": null }, "geometry": { "type": "Polygon", "coordinates": [ [ [ 77.7488934, 12.9782125 ], [ 77.7484595, 12.9771045 ], [ 77.7478686, 12.9772721 ], [ 77.7477756, 12.9774138 ], [ 77.7477189, 12.9775056 ], [ 77.7473373, 12.9781236 ], [ 77.7474066, 12.9784018 ], [ 77.7479866, 12.977964 ], [ 77.7481956, 12.9786512 ], [ 77.7486349, 12.9785649 ], [ 77.7488934, 12.9782125 ] ] ] } },
{ "type": "Feature", "properties": { "name": "Dr Ambedkar College", "amenity": "college", "building": null, "capacity": null, "emergency": null, "leisure": null }, "geometry": { "type": "Polygon", "coordinates": [ [ [ 77.6373247, 12.9722022 ], [ 77.6380632, 12.9724472 ], [ 77.6385675, 12.9724733 ], [ 77.6385987, 12.9716127 ], [ 77.6373865, 12.9715408 ], [ 77.6373247, 12.9722022 ] ] ] } },
{ "type": "Feature", "properties": { "name": "Baldwin Boys High School", "amenity": "school", "building": null, "capacity": null, "emergency": null, "leisure": null }, "geometry": { "type": "Polygon", "coordinates": [ [ [ 77.6059004, 12.9636566 ], [ 77.6062681, 12.9635814 ], [ 77.6066299, 12.9635272 ], [ 77.6066704, 12.9626124 ], [ 77.6066097, 12.9621321 ], [ 77.6065852, 12.9619269 ], [ 77.6065565, 12.9616906 ], [ 77.6061176, 12.9617926 ], [ 77.6060687, 12.9615928 ], [ 77.6062295, 12.9615554 ], [ 77.6061849, 12.9613733 ], [ 77.6059586, 12.9614453 ], [ 77.6058838, 12.9614691 ], [ 77.6056446, 12.9615336 ], [ 77.6054423, 12.9615871 ], [ 77.6055884, 12.9620311 ], [ 77.6058661, 12.9627228 ], [ 77.6058776, 12.9627729 ], [ 77.6058555, 12.9629879 ], [ 77.6058991, 12.9634158 ], [ 77.6059004, 12.9636566 ] ] ] } },
{ "type": "Feature", "properties": { "name": "Government Pharmacy College", "amenity": "college", "building": null, "capacity": null, "emergency": null, "leisure": null }, "geometry": { "type": "Polygon", "coordinates": [ [ [ 77.5908999, 12.9616722 ], [ 77.5904372, 12.9617795 ], [ 77.5901248, 12.9612684 ], [ 77.589916, 12.9608663 ], [ 77.5906459, 12.9606563 ], [ 77.5908999, 12.9616722 ] ] ] } },
{ "type": "Feature", "properties": { "name": "Sadhguru Sainath International School and College", "amenity": "college", "building": null, "capacity": null, "emergency": null, "leisure": null }, "geometry": { "type": "Polygon", "coordinates": [ [ [ 77.6622891, 12.8897187 ], [ 77.6633277, 12.88944 ], [ 77.663183, 12.8889423 ], [ 77.6630921, 12.8886293 ], [ 77.662842, 12.888199 ], [ 77.6625251, 12.8879512 ], [ 77.6618685, 12.888185 ], [ 77.6622891, 12.8897187 ] ] ] } },
{ "type": "Feature", "properties": { "name": "Sisa Indo-Swiss Academy", "amenity": "school", "building": null, "capacity": null, "emergency": null, "leisure": null }, "geometry": { "type": "Polygon", "coordinates": [ [ [ 77.7501684, 12.9702929 ], [ 77.7507, 12.9702521 ], [ 77.7507377, 12.9705848 ], [ 77.750223, 12.9707096 ], [ 77.7501684, 12.9702929 ] ] ] } },
{ "type": "Feature", "properties": { "name": "St. Joseph's Boys High School", "amenity": "school", "building": null, "capacity": null, "emergency": null, "leisure": null }, "geometry": { "type": "Polygon", "coordinates": [ [ [ 77.603981, 12.9714482 ], [ 77.6040047, 12.9717552 ], [ 77.6043654, 12.9717091 ], [ 77.6042929, 12.9719145 ], [ 77.6041537, 12.9722086 ], [ 77.6041347, 12.9722487 ], [ 77.6040327, 12.9723411 ], [ 77.6038164, 12.9724613 ], [ 77.6037065, 12.9725223 ], [ 77.6036278, 12.972566 ], [ 77.6036073, 12.9725774 ], [ 77.6034898, 12.9726427 ], [ 77.6032931, 12.972752 ], [ 77.6032486, 12.9727767 ], [ 77.6030346, 12.9715392 ], [ 77.6029083, 12.9708093 ], [ 77.6031925, 12.9708567 ], [ 77.6032871, 12.9706569 ], [ 77.6036896, 12.9707365 ], [ 77.6037663, 12.9714618 ], [ 77.603981, 12.9714482 ] ] ] } },
{ "type": "Feature", "properties": { "name": "St. Joseph's College of Business Administration", "amenity": "college", "building": null, "capacity": null, "emergency": null, "leisure": null }, "geometry": { "type": "Polygon", "coordinates": [ [ [ 77.6026298, 12.9708499 ], [ 77.6026261, 12.9704791 ], [ 77.6028311, 12.9698601 ], [ 77.603036, 12.9699769 ], [ 77.6028568, 12.9707033 ], [ 77.6028137, 12.9708192 ], [ 77.6026298, 12.9708499 ] ] ] } },
{ "type": "Feature", "properties": { "name": "St. Joseph's Pre-University College", "amenity": "college", "building": null, "capacity": null, "emergency": null, "leisure": null }, "geometry": { "type": "Polygon", "coordinates": [ [ [ 77.603981, 12.9714482 ], [ 77.6037663, 12.9714618 ], [ 77.6036896, 12.9707365 ], [ 77.6037542, 12.970504 ], [ 77.6040253, 12.9706239 ], [ 77.6043716, 12.9708085 ], [ 77.6045726, 12.9708886 ], [ 77.604604, 12.970915 ], [ 77.6046334, 12.9709437 ], [ 77.6046658, 12.9709809 ], [ 77.6045641, 12.9712506 ], [ 77.6044266, 12.9715473 ], [ 77.6044182, 12.9715696 ], [ 77.6043722, 12.9716911 ], [ 77.6043654, 12.9717091 ], [ 77.6040047, 12.9717552 ], [ 77.603981, 12.9714482 ] ] ] } },
{ "type": "Feature", "properties": { "name": "NCERT", "amenity": "college", "building": null, "capacity": null, "emergency": null, "leisure": null }, "geometry": { "type": "Polygon", "coordinates": [ [ [ 77.5445397, 12.9293303 ], [ 77.5438506, 12.9286955 ], [ 77.5437778, 12.9287425 ], [ 77.5431326, 12.9291592 ], [ 77.543273, 12.9298229 ], [ 77.5434174, 12.9303585 ], [ 77.5445397, 12.9293303 ] ] ] } },
{ "type": "Feature", "properties": { "name": "Little Flower School", "amenity": "school", "building": null, "capacity": null, "emergency": null, "leisure": null }, "geometry": { "type": "Polygon", "coordinates": [ [ [ 77.5413238, 12.9316919 ], [ 77.5414995, 12.9316177 ], [ 77.5416031, 12.9318507 ], [ 77.5414273, 12.9319249 ], [ 77.5413238, 12.9316919 ] ] ] } },
{ "type": "Feature", "properties": { "name": "Lourde's Boys High School", "amenity": "school", "building": null, "capacity": null, "emergency": null, "leisure": null }, "geometry": { "type": "Polygon", "coordinates": [ [ [ 77.6281639, 12.9707119 ], [ 77.6286264, 12.9709858 ], [ 77.629017, 12.9712172 ], [ 77.6290346, 12.9712276 ], [ 77.6291842, 12.9713162 ], [ 77.6298703, 12.9704821 ], [ 77.6288073, 12.9696241 ], [ 77.6281639, 12.9707119 ] ] ] } },
{ "type": "Feature", "properties": { "name": "National Institute of Unani Medicine", "amenity": "college", "building": null, "capacity": null, "emergency": null, "leisure": null }, "geometry": { "type": "Polygon", "coordinates": [ [ [ 77.5145543, 12.9879757 ], [ 77.5150442, 12.9894732 ], [ 77.5152426, 12.9900796 ], [ 77.5155607, 12.9909504 ], [ 77.5156734, 12.9919017 ], [ 77.515755, 12.9929338 ], [ 77.5156665, 12.9929501 ], [ 77.5152802, 12.9938594 ], [ 77.5142655, 12.9939428 ], [ 77.5135973, 12.9939978 ], [ 77.5132025, 12.9937783 ], [ 77.5124886, 12.9920384 ], [ 77.5123793, 12.9916342 ], [ 77.5122681, 12.9912342 ], [ 77.5117128, 12.9889108 ], [ 77.5116129, 12.988486 ], [ 77.512009, 12.988341 ], [ 77.5131597, 12.9880443 ], [ 77.5132176, 12.9880344 ], [ 77.5135258, 12.9879816 ], [ 77.5136361, 12.987981 ], [ 77.5145543, 12.9879757 ] ] ] } },
{ "type": "Feature", "properties": { "name": "K L E Society's S. Nijalingappa College", "amenity": "college", "building": null, "capacity": null, "emergency": null, "leisure": null }, "geometry": { "type": "Polygon", "coordinates": [ [ [ 77.5542796, 12.995085 ], [ 77.5527998, 12.9951765 ], [ 77.5528333, 12.9967485 ], [ 77.5534355, 12.9961978 ], [ 77.5536688, 12.9959893 ], [ 77.5542796, 12.995085 ] ] ] } },
{ "type": "Feature", "properties": { "name": "Seshadripuram Law College", "amenity": "college", "building": "yes", "capacity": null, "emergency": null, "leisure": null }, "geometry": { "type": "Polygon", "coordinates": [ [ [ 77.5752963, 12.9912383 ], [ 77.5752366, 12.9910527 ], [ 77.5749776, 12.9911236 ], [ 77.575027, 12.9913073 ], [ 77.5752963, 12.9912383 ] ] ] } },
{ "type": "Feature", "properties": { "name": "The Brigade School", "amenity": "school", "building": null, "capacity": null, "emergency": null, "leisure": null }, "geometry": { "type": "Polygon", "coordinates": [ [ [ 77.558088, 13.0123982 ], [ 77.5571149, 13.0123614 ], [ 77.5573528, 13.0117307 ], [ 77.558375, 13.0122125 ], [ 77.5582391, 13.0124446 ], [ 77.558088, 13.0123982 ] ] ] } },
{ "type": "Feature", "properties": { "name": "Vokkaligara Sangha Dental College", "amenity": "college", "building": "yes", "capacity": null, "emergency": null, "leisure": null }, "geometry": { "type": "Polygon", "coordinates": [ [ [ 77.5745288, 12.9545405 ], [ 77.5745307, 12.9542198 ], [ 77.5752407, 12.9542313 ], [ 77.575235, 12.9545549 ], [ 77.5745288, 12.9545405 ] ] ] } },
{ "type": "Feature", "properties": { "name": "Siddapura Government Primary School", "amenity": "school", "building": null, "capacity": null, "emergency": null, "leisure": null }, "geometry": { "type": "Polygon", "coordinates": [ [ [ 77.7312514, 12.9560899 ], [ 77.7312573, 12.9556272 ], [ 77.7312594, 12.9554652 ], [ 77.7319246, 12.9554972 ], [ 77.7319174, 12.9557848 ], [ 77.7319152, 12.9561441 ], [ 77.7312514, 12.9560899 ] ] ] } },
{ "type": "Feature", "properties": { "name": "Navaprajna Public School", "amenity": "school", "building": null, "capacity": null, "emergency": null, "leisure": null }, "geometry": { "type": "Polygon", "coordinates": [ [ [ 77.7119517, 12.9562219 ], [ 77.7117894, 12.957062 ], [ 77.7110005, 12.9568259 ], [ 77.7109686, 12.9568163 ], [ 77.7112234, 12.9562467 ], [ 77.7119517, 12.9562219 ] ] ] } },
{ "type": "Feature", "properties": { "name": "Lady Vailankanni School", "amenity": "school", "building": null, "capacity": null, "emergency": null, "leisure": null }, "geometry": { "type": "Polygon", "coordinates": [ [ [ 77.7457353, 12.9356442 ], [ 77.7456334, 12.9351986 ], [ 77.7456368, 12.9350036 ], [ 77.7456394, 12.9348954 ], [ 77.7456554, 12.9348967 ], [ 77.7461302, 12.9349357 ], [ 77.7462718, 12.9355157 ], [ 77.7457353, 12.9356442 ] ] ] } },
{ "type": "Feature", "properties": { "name": "St. Joseph's Convent High School", "amenity": "school", "building": null, "capacity": null, "emergency": null, "leisure": null }, "geometry": { "type": "Polygon", "coordinates": [ [ [ 77.750769, 12.9763482 ], [ 77.7510059, 12.9775963 ], [ 77.7508235, 12.9775754 ], [ 77.749874, 12.9774238 ], [ 77.7494448, 12.9774813 ], [ 77.7493, 12.9768906 ], [ 77.7484595, 12.9771045 ], [ 77.7480978, 12.9758875 ], [ 77.7488172, 12.9758451 ], [ 77.7494635, 12.9758321 ], [ 77.7495543, 12.9758263 ], [ 77.7502038, 12.9757851 ], [ 77.7506584, 12.9757485 ], [ 77.750769, 12.9763482 ] ] ] } },
{ "type": "Feature", "properties": { "name": "St. Peter's School", "amenity": "school", "building": null, "capacity": null, "emergency": null, "leisure": null }, "geometry": { "type": "Polygon", "coordinates": [ [ [ 77.6842461, 13.0000808 ], [ 77.6842648, 12.9996627 ], [ 77.6843587, 12.9996548 ], [ 77.6843346, 13.0000834 ], [ 77.6842461, 13.0000808 ] ] ] } },
{ "type": "Feature", "properties": { "name": "St. Anthony Composite P. U. College", "amenity": "college", "building": null, "capacity": null, "emergency": null, "leisure": null }, "geometry": { "type": "Polygon", "coordinates": [ [ [ 77.6999332, 13.0214971 ], [ 77.7002928, 13.0214014 ], [ 77.7007411, 13.0214481 ], [ 77.7007843, 13.0209429 ], [ 77.7007866, 13.0209155 ], [ 77.7001441, 13.0207404 ], [ 77.7001465, 13.0202943 ], [ 77.6999236, 13.0202829 ], [ 77.6997804, 13.0202756 ], [ 77.6996767, 13.0198152 ], [ 77.6992341, 13.0199022 ], [ 77.699255, 13.0205379 ], [ 77.6992932, 13.0205361 ], [ 77.6993316, 13.0213311 ], [ 77.6999325, 13.0213737 ], [ 77.6999332, 13.0214971 ] ] ] } },
{ "type": "Feature", "properties": { "name": "Government Public School", "amenity": "school", "building": null, "capacity": null, "emergency": null, "leisure": null }, "geometry": { "type": "Polygon", "coordinates": [ [ [ 77.578127, 12.9080646 ], [ 77.5786325, 12.9080464 ], [ 77.578643, 12.9083634 ], [ 77.578651, 12.9084863 ], [ 77.5782059, 12.908531 ], [ 77.578127, 12.9080646 ] ] ] } },
{ "type": "Feature", "properties": { "name": "United Theological College", "amenity": "college", "building": null, "capacity": null, "emergency": null, "leisure": null }, "geometry": { "type": "Polygon", "coordinates": [ [ [ 77.5986307, 12.9972301 ], [ 77.5994665, 12.996899 ], [ 77.5994904, 12.9968869 ], [ 77.6000515, 12.9966017 ], [ 77.6001523, 12.9965511 ], [ 77.5999163, 12.9956534 ], [ 77.5994426, 12.9955096 ], [ 77.5980838, 12.995097 ], [ 77.5981441, 12.9954086 ], [ 77.5978205, 12.9953906 ], [ 77.5978397, 12.9955256 ], [ 77.5977015, 12.9955165 ], [ 77.5974918, 12.9956263 ], [ 77.5976119, 12.995823 ], [ 77.5986307, 12.9972301 ] ] ] } },
{ "type": "Feature", "properties": { "name": "Kairalee Nikethan Education Trust - Indiranagar Campus", "amenity": "school", "building": null, "capacity": null, "emergency": null, "leisure": null }, "geometry": { "type": "Polygon", "coordinates": [ [ [ 77.6388394, 12.9792821 ], [ 77.6392204, 12.9792899 ], [ 77.6391962, 12.9799234 ], [ 77.6388158, 12.9799211 ], [ 77.6388394, 12.9792821 ] ] ] } },
{ "type": "Feature", "properties": { "name": "M S Ramaiah Institute of Technology", "amenity": "college", "building": null, "capacity": null, "emergency": null, "leisure": null }, "geometry": { "type": "Polygon", "coordinates": [ [ [ 77.5657685, 13.0306384 ], [ 77.5651289, 13.0307053 ], [ 77.5651686, 13.0307365 ], [ 77.5651746, 13.0307909 ], [ 77.5651295, 13.0308453 ], [ 77.5650548, 13.0308531 ], [ 77.5649976, 13.0308082 ], [ 77.5650294, 13.031097 ], [ 77.5648631, 13.0311144 ], [ 77.5648697, 13.0311744 ], [ 77.5651014, 13.0311502 ], [ 77.5651616, 13.0316959 ], [ 77.5646785, 13.0317465 ], [ 77.5646564, 13.0315461 ], [ 77.564549, 13.0315573 ], [ 77.5645105, 13.0312082 ], [ 77.5648266, 13.0311751 ], [ 77.5648197, 13.0311128 ], [ 77.5645021, 13.0311461 ], [ 77.5644018, 13.0302364 ], [ 77.5648632, 13.0301881 ], [ 77.5649023, 13.0305423 ], [ 77.5649689, 13.0305354 ], [ 77.5649313, 13.0301945 ], [ 77.5659489, 13.030088 ], [ 77.5660482, 13.0309883 ], [ 77.5658099, 13.0310133 ], [ 77.5657685, 13.0306384 ] ] ] } },
{ "type": "Feature", "properties": { "name": "MEI Polytechnic College", "amenity": "college", "building": null, "capacity": null, "emergency": null, "leisure": null }, "geometry": { "type": "Polygon", "coordinates": [ [ [ 77.5571133, 12.9825566 ], [ 77.5568265, 12.9825801 ], [ 77.5568478, 12.9829932 ], [ 77.5560263, 12.9830507 ], [ 77.556081, 12.9843088 ], [ 77.5561415, 12.9843082 ], [ 77.5561415, 12.9849295 ], [ 77.5564066, 12.9849108 ], [ 77.557313, 12.9840163 ], [ 77.5571709, 12.9838142 ], [ 77.5571133, 12.9825566 ] ] ] } },
{ "type": "Feature", "properties": { "name": null, "amenity": "school", "building": null, "capacity": null, "emergency": null, "leisure": null }, "geometry": { "type": "Polygon", "coordinates": [ [ [ 77.5617021, 12.9751464 ], [ 77.5616543, 12.9742955 ], [ 77.5626486, 12.9742424 ], [ 77.5626965, 12.9750933 ], [ 77.5622823, 12.9751154 ], [ 77.5617021, 12.9751464 ] ] ] } },
{ "type": "Feature", "properties": { "name": null, "amenity": "school", "building": null, "capacity": null, "emergency": null, "leisure": null }, "geometry": { "type": "Polygon", "coordinates": [ [ [ 77.5561415, 12.9849295 ], [ 77.5558496, 12.9849295 ], [ 77.5558343, 12.9843082 ], [ 77.556081, 12.9843088 ], [ 77.5561415, 12.9843082 ], [ 77.5561415, 12.9849295 ] ] ] } },
{ "type": "Feature", "properties": { "name": "Bangalore Institute of Management Studies", "amenity": "college", "building": null, "capacity": null, "emergency": null, "leisure": null }, "geometry": { "type": "Polygon", "coordinates": [ [ [ 77.4990557, 12.9259387 ], [ 77.4994706, 12.9262208 ], [ 77.4997042, 12.9258347 ], [ 77.4993257, 12.9254718 ], [ 77.4990557, 12.9259387 ] ] ] } },
{ "type": "Feature", "properties": { "name": "NTTF Technical Training Institute", "amenity": "college", "building": null, "capacity": null, "emergency": null, "leisure": null }, "geometry": { "type": "Polygon", "coordinates": [ [ [ 77.5078478, 13.0259432 ], [ 77.5094893, 13.0257759 ], [ 77.5092211, 13.0241139 ], [ 77.5075688, 13.0242707 ], [ 77.5078478, 13.0259432 ] ] ] } },
{ "type": "Feature", "properties": { "name": "Holy Cross School & College", "amenity": "school", "building": null, "capacity": null, "emergency": null, "leisure": null }, "geometry": { "type": "Polygon", "coordinates": [ [ [ 77.7474066, 12.9784018 ], [ 77.7478462, 12.9801526 ], [ 77.748616, 12.9799955 ], [ 77.7483813, 12.9791528 ], [ 77.7485891, 12.9789633 ], [ 77.7486349, 12.9785649 ], [ 77.7481956, 12.9786512 ], [ 77.7479866, 12.977964 ], [ 77.7474066, 12.9784018 ] ] ] } },
{ "type": "Feature", "properties": { "name": "M S Ramaiah Institute of Management Sciences", "amenity": "college", "building": "yes", "capacity": null, "emergency": null, "leisure": null }, "geometry": { "type": "Polygon", "coordinates": [ [ [ 77.5697803, 13.0293278 ], [ 77.569765, 13.0292431 ], [ 77.569722, 13.0292505 ], [ 77.569679, 13.0290146 ], [ 77.5698803, 13.0289798 ], [ 77.5698871, 13.029017 ], [ 77.5699563, 13.029005 ], [ 77.5699869, 13.0291731 ], [ 77.5699182, 13.029185 ], [ 77.5699316, 13.0293066 ], [ 77.5697803, 13.0293278 ] ] ] } },
{ "type": "Feature", "properties": { "name": "Government Homeopathy College & Hospital", "amenity": "college", "building": null, "capacity": null, "emergency": null, "leisure": null }, "geometry": { "type": "Polygon", "coordinates": [ [ [ 77.5371508, 12.983405 ], [ 77.5373103, 12.9833833 ], [ 77.5376851, 12.9833268 ], [ 77.5380188, 12.9833012 ], [ 77.5380529, 12.9832427 ], [ 77.5382039, 12.9829836 ], [ 77.5381846, 12.9826857 ], [ 77.5377156, 12.9827283 ], [ 77.5373976, 12.982749 ], [ 77.5371508, 12.983405 ] ] ] } },
{ "type": "Feature", "properties": { "name": "CMR National Public School", "amenity": "school", "building": null, "capacity": null, "emergency": null, "leisure": null }, "geometry": { "type": "Polygon", "coordinates": [ [ [ 77.6325105, 13.0230887 ], [ 77.632972, 13.0229857 ], [ 77.6337533, 13.0228113 ], [ 77.6337434, 13.0225714 ], [ 77.6324366, 13.0225891 ], [ 77.6325105, 13.0230887 ] ] ] } },
{ "type": "Feature", "properties": { "name": "Government High School and PU College", "amenity": "school", "building": null, "capacity": null, "emergency": null, "leisure": null }, "geometry": { "type": "Polygon", "coordinates": [ [ [ 77.5321056, 12.9553737 ], [ 77.5326154, 12.9552946 ], [ 77.5325615, 12.954796 ], [ 77.5320361, 12.9548633 ], [ 77.5321056, 12.9553737 ] ] ] } },
{ "type": "Feature", "properties": { "name": "Ayurvedic Medical College", "amenity": "college", "building": null, "capacity": null, "emergency": null, "leisure": null }, "geometry": { "type": "Polygon", "coordinates": [ [ [ 77.5431883, 12.9654581 ], [ 77.543883, 12.9652228 ], [ 77.5436983, 12.9647961 ], [ 77.5429366, 12.9647752 ], [ 77.5431883, 12.9654581 ] ] ] } },
{ "type": "Feature", "properties": { "name": "East West Group of Institutions", "amenity": "college", "building": null, "capacity": null, "emergency": null, "leisure": null }, "geometry": { "type": "Polygon", "coordinates": [ [ [ 77.4825762, 12.9790811 ], [ 77.4824899, 12.9785633 ], [ 77.4822941, 12.9772251 ], [ 77.4820876, 12.9759052 ], [ 77.4819723, 12.9751525 ], [ 77.4823451, 12.9751106 ], [ 77.4824148, 12.9754583 ], [ 77.4828172, 12.9754557 ], [ 77.4828302, 12.9754843 ], [ 77.4836979, 12.9753522 ], [ 77.4842592, 12.9778868 ], [ 77.4838981, 12.9779648 ], [ 77.4840729, 12.978825 ], [ 77.4825762, 12.9790811 ] ] ] } },
{ "type": "Feature", "properties": { "name": "BMS College of Engineering", "amenity": "college", "building": null, "capacity": null, "emergency": null, "leisure": null }, "geometry": { "type": "Polygon", "coordinates": [ [ [ 77.5650335, 12.9404567 ], [ 77.5661249, 12.9403039 ], [ 77.5666408, 12.9408843 ], [ 77.5670315, 12.9421671 ], [ 77.5668608, 12.9421967 ], [ 77.5668987, 12.9425368 ], [ 77.5658697, 12.9427273 ], [ 77.5657722, 12.9427438 ], [ 77.5656811, 12.9425923 ], [ 77.565317, 12.9426551 ], [ 77.5650287, 12.9409509 ], [ 77.5647783, 12.9405109 ], [ 77.5650335, 12.9404567 ] ] ] } },
{ "type": "Feature", "properties": { "name": null, "amenity": "college", "building": null, "capacity": null, "emergency": null, "leisure": null }, "geometry": { "type": "Polygon", "coordinates": [ [ [ 77.557631, 12.9379077 ], [ 77.5577007, 12.9380802 ], [ 77.559015, 12.9381533 ], [ 77.5590346, 12.9376581 ], [ 77.5588229, 12.9376518 ], [ 77.558726, 12.937671 ], [ 77.5585037, 12.9377152 ], [ 77.5584028, 12.9374645 ], [ 77.557631, 12.9379077 ] ] ] } },
{ "type": "Feature", "properties": { "name": "Outreach School", "amenity": "school", "building": null, "capacity": null, "emergency": null, "leisure": null }, "geometry": { "type": "Polygon", "coordinates": [ [ [ 77.5937103, 12.9542261 ], [ 77.5942953, 12.953643 ], [ 77.5939667, 12.9532581 ], [ 77.5936046, 12.9535728 ], [ 77.5933263, 12.9538146 ], [ 77.5937103, 12.9542261 ] ] ] } },
{ "type": "Feature", "properties": { "name": null, "amenity": "school", "building": null, "capacity": null, "emergency": null, "leisure": null }, "geometry": { "type": "Polygon", "coordinates": [ [ [ 77.5951125, 12.9531283 ], [ 77.5954235, 12.9534766 ], [ 77.5946121, 12.9541058 ], [ 77.5943303, 12.9537863 ], [ 77.5951125, 12.9531283 ] ] ] } },
{ "type": "Feature", "properties": { "name": "Sajjan Rao School", "amenity": "school", "building": null, "capacity": null, "emergency": null, "leisure": null }, "geometry": { "type": "Polygon", "coordinates": [ [ [ 77.5752318, 12.9524275 ], [ 77.5745202, 12.9524275 ], [ 77.5745138, 12.9518832 ], [ 77.5752158, 12.9518801 ], [ 77.5752318, 12.9524275 ] ] ] } },
{ "type": "Feature", "properties": { "name": "GHS Adugodi", "amenity": "school", "building": null, "capacity": null, "emergency": null, "leisure": null }, "geometry": { "type": "Polygon", "coordinates": [ [ [ 77.6062086, 12.944058 ], [ 77.6071409, 12.9441026 ], [ 77.6073424, 12.9441216 ], [ 77.6073879, 12.9441882 ], [ 77.6072462, 12.9448342 ], [ 77.6064227, 12.9449663 ], [ 77.6062086, 12.944058 ] ] ] } },
{ "type": "Feature", "properties": { "name": "Clarence High School", "amenity": "school", "building": null, "capacity": null, "emergency": null, "leisure": null }, "geometry": { "type": "Polygon", "coordinates": [ [ [ 77.6165067, 13.0032623 ], [ 77.6162651, 13.0033497 ], [ 77.616138, 13.0030425 ], [ 77.6154251, 13.0033146 ], [ 77.615096, 13.0024659 ], [ 77.6161588, 13.0024324 ], [ 77.6165067, 13.0032623 ] ] ] } },
{ "type": "Feature", "properties": { "name": "St. Xavier's Boys School", "amenity": "school", "building": null, "capacity": null, "emergency": null, "leisure": null }, "geometry": { "type": "Polygon", "coordinates": [ [ [ 77.6002076, 12.9864851 ], [ 77.6003771, 12.9867728 ], [ 77.6006855, 12.9872027 ], [ 77.6010321, 12.9875981 ], [ 77.6012113, 12.9875423 ], [ 77.601296, 12.9874544 ], [ 77.6012614, 12.9871278 ], [ 77.6011013, 12.9870478 ], [ 77.6008511, 12.9862852 ], [ 77.6002076, 12.9864851 ] ] ] } },
{ "type": "Feature", "properties": { "name": null, "amenity": "school", "building": null, "capacity": null, "emergency": null, "leisure": null }, "geometry": { "type": "Polygon", "coordinates": [ [ [ 77.6143845, 13.006206 ], [ 77.6146044, 13.0067481 ], [ 77.6153779, 13.0063236 ], [ 77.6153528, 13.0062675 ], [ 77.6151849, 13.0058925 ], [ 77.6143845, 13.006206 ] ] ] } },
{ "type": "Feature", "properties": { "name": "Siddhartha PU College", "amenity": "college", "building": null, "capacity": null, "emergency": null, "leisure": null }, "geometry": { "type": "Polygon", "coordinates": [ [ [ 77.6216175, 13.0104366 ], [ 77.6213542, 13.0102584 ], [ 77.6209219, 13.0103305 ], [ 77.6209108, 13.0106431 ], [ 77.6208821, 13.0114555 ], [ 77.622095, 13.0112266 ], [ 77.6216175, 13.0104366 ] ] ] } },
{ "type": "Feature", "properties": { "name": "Sarvodaya School", "amenity": "school", "building": null, "capacity": null, "emergency": null, "leisure": null }, "geometry": { "type": "Polygon", "coordinates": [ [ [ 77.5308054, 12.9742751 ], [ 77.5313988, 12.9741743 ], [ 77.5313335, 12.9738844 ], [ 77.5307673, 12.9739966 ], [ 77.5308054, 12.9742751 ] ] ] } },
{ "type": "Feature", "properties": { "name": "Government School Munekolala", "amenity": "school", "building": null, "capacity": null, "emergency": null, "leisure": null }, "geometry": { "type": "Polygon", "coordinates": [ [ [ 77.7064346, 12.9523093 ], [ 77.7070238, 12.9523412 ], [ 77.7070941, 12.9518539 ], [ 77.7071441, 12.9514833 ], [ 77.7066919, 12.9514071 ], [ 77.7064346, 12.9523093 ] ] ] } },
{ "type": "Feature", "properties": { "name": null, "amenity": "school", "building": null, "capacity": null, "emergency": null, "leisure": null }, "geometry": { "type": "Polygon", "coordinates": [ [ [ 77.640522, 13.0100106 ], [ 77.6400119, 13.0099874 ], [ 77.6400183, 13.0099175 ], [ 77.6399258, 13.0099086 ], [ 77.6400046, 13.0095146 ], [ 77.6405285, 13.0095196 ], [ 77.640522, 13.0100106 ] ] ] } },
{ "type": "Feature", "properties": { "name": "Jyothi High School", "amenity": "school", "building": null, "capacity": null, "emergency": null, "leisure": null }, "geometry": { "type": "Polygon", "coordinates": [ [ [ 77.6315281, 13.015273 ], [ 77.6326641, 13.015169 ], [ 77.6326824, 13.0158454 ], [ 77.6302257, 13.0164692 ], [ 77.6301778, 13.0161677 ], [ 77.6294655, 13.0162977 ], [ 77.6294084, 13.016107 ], [ 77.6303867, 13.0155788 ], [ 77.6304152, 13.0156701 ], [ 77.6313569, 13.0156741 ], [ 77.6315281, 13.015273 ] ] ] } },
{ "type": "Feature", "properties": { "name": "Dr. Ambedkar Medical College", "amenity": "college", "building": null, "capacity": null, "emergency": null, "leisure": null }, "geometry": { "type": "Polygon", "coordinates": [ [ [ 77.6170911, 13.0236572 ], [ 77.6167786, 13.023549 ], [ 77.6165253, 13.0234167 ], [ 77.6158695, 13.0233802 ], [ 77.6157247, 13.0230561 ], [ 77.6155195, 13.022817 ], [ 77.6153103, 13.0227569 ], [ 77.6151694, 13.0227556 ], [ 77.6147, 13.0227138 ], [ 77.614684, 13.0226419 ], [ 77.6146947, 13.0225583 ], [ 77.6147966, 13.0224629 ], [ 77.61481, 13.0223898 ], [ 77.6147872, 13.0222944 ], [ 77.6147, 13.0220866 ], [ 77.6146719, 13.0220239 ], [ 77.6144667, 13.0217926 ], [ 77.6143259, 13.0217769 ], [ 77.6139517, 13.0217952 ], [ 77.6136741, 13.0218135 ], [ 77.6136017, 13.0217822 ], [ 77.6135159, 13.0216685 ], [ 77.6134609, 13.0215391 ], [ 77.613418, 13.0215274 ], [ 77.6127969, 13.0215601 ], [ 77.6127432, 13.0224591 ], [ 77.6126118, 13.0235399 ], [ 77.612994, 13.0234652 ], [ 77.6136069, 13.0247848 ], [ 77.6140736, 13.0256995 ], [ 77.6144491, 13.026401 ], [ 77.6148407, 13.0266872 ], [ 77.6149158, 13.0266298 ], [ 77.6148796, 13.0260673 ], [ 77.6147985, 13.025706 ], [ 77.6145188, 13.0248528 ], [ 77.614433, 13.0245496 ], [ 77.6144598, 13.0243615 ], [ 77.6148943, 13.0241106 ], [ 77.6151572, 13.0240688 ], [ 77.6158546, 13.0240584 ], [ 77.6159326, 13.0240564 ], [ 77.6160143, 13.0240542 ], [ 77.616308, 13.0240465 ], [ 77.616481, 13.0240515 ], [ 77.6167679, 13.0240599 ], [ 77.6168551, 13.0240649 ], [ 77.6170911, 13.0236572 ] ] ] } },
{ "type": "Feature", "properties": { "name": "Nightingales English High School", "amenity": "school", "building": "school", "capacity": null, "emergency": null, "leisure": null }, "geometry": { "type": "Polygon", "coordinates": [ [ [ 77.6132907, 12.8934288 ], [ 77.613228, 12.8934353 ], [ 77.6131645, 12.8930705 ], [ 77.6136528, 12.8929765 ], [ 77.613713, 12.8932371 ], [ 77.6137815, 12.8935334 ], [ 77.6134946, 12.8935701 ], [ 77.6134588, 12.8935065 ], [ 77.6134364, 12.8934768 ], [ 77.6134141, 12.8934543 ], [ 77.6133843, 12.8934412 ], [ 77.6133529, 12.8934343 ], [ 77.613322, 12.89343 ], [ 77.6132907, 12.8934288 ] ] ] } },
{ "type": "Feature", "properties": { "name": "M V Jayaram College of Engineering", "amenity": "college", "building": null, "capacity": null, "emergency": null, "leisure": null }, "geometry": { "type": "Polygon", "coordinates": [ [ [ 77.7616654, 12.9845505 ], [ 77.7616969, 12.9851655 ], [ 77.7618238, 12.986115 ], [ 77.7618839, 12.9865651 ], [ 77.7626893, 12.9863887 ], [ 77.7628878, 12.9863521 ], [ 77.7629621, 12.9865338 ], [ 77.763048, 12.986884 ], [ 77.7639553, 12.9866292 ], [ 77.763537, 12.9856203 ], [ 77.7631722, 12.985704 ], [ 77.7627765, 12.9846084 ], [ 77.7627323, 12.984486 ], [ 77.7626109, 12.9840747 ], [ 77.7625981, 12.9840312 ], [ 77.7625713, 12.9838169 ], [ 77.7626142, 12.9836758 ], [ 77.7625684, 12.9834458 ], [ 77.7624694, 12.9829492 ], [ 77.7620724, 12.9830799 ], [ 77.7619008, 12.9831008 ], [ 77.7615655, 12.983042 ], [ 77.7615932, 12.983469 ], [ 77.7616654, 12.9845505 ] ] ] } },
{ "type": "Feature", "properties": { "name": "St. Anne's First Grade College for Women", "amenity": "college", "building": null, "capacity": null, "emergency": null, "leisure": null }, "geometry": { "type": "Polygon", "coordinates": [ [ [ 77.5900782, 12.9890027 ], [ 77.5898055, 12.9884472 ], [ 77.590317, 12.9881624 ], [ 77.5910726, 12.9877434 ], [ 77.5913715, 12.9881057 ], [ 77.5912558, 12.9882202 ], [ 77.5909504, 12.9885226 ], [ 77.5907814, 12.9884037 ], [ 77.5906072, 12.9887552 ], [ 77.5900782, 12.9890027 ] ] ] } },
{ "type": "Feature", "properties": { "name": "St. Mary's High School", "amenity": "school", "building": null, "capacity": null, "emergency": null, "leisure": null }, "geometry": { "type": "Polygon", "coordinates": [ [ [ 77.5906326, 12.9893485 ], [ 77.5912296, 12.9887363 ], [ 77.5914946, 12.988461 ], [ 77.5916011, 12.9883503 ], [ 77.5913715, 12.9881057 ], [ 77.5912558, 12.9882202 ], [ 77.5909504, 12.9885226 ], [ 77.5907814, 12.9884037 ], [ 77.5906072, 12.9887552 ], [ 77.5900782, 12.9890027 ], [ 77.5904933, 12.9894925 ], [ 77.5906326, 12.9893485 ] ] ] } },
{ "type": "Feature", "properties": { "name": "Chris Canadian Institutions", "amenity": "college", "building": "yes", "capacity": null, "emergency": null, "leisure": null }, "geometry": { "type": "Polygon", "coordinates": [ [ [ 77.6361007, 13.0271445 ], [ 77.6364101, 13.0270766 ], [ 77.636373, 13.0269161 ], [ 77.6360636, 13.026984 ], [ 77.6361007, 13.0271445 ] ] ] } },
{ "type": "Feature", "properties": { "name": "Darul Uloom Sabeelur Rashad Arabic College", "amenity": "college", "building": null, "capacity": null, "emergency": null, "leisure": null }, "geometry": { "type": "Polygon", "coordinates": [ [ [ 77.6209378, 13.0290392 ], [ 77.6213786, 13.0290571 ], [ 77.6221899, 13.0292332 ], [ 77.6221899, 13.0295564 ], [ 77.6222115, 13.029557 ], [ 77.6230321, 13.0295781 ], [ 77.6231662, 13.0300163 ], [ 77.6233844, 13.0304042 ], [ 77.623472, 13.0305599 ], [ 77.6235017, 13.0306154 ], [ 77.6238099, 13.0311922 ], [ 77.6228068, 13.0315999 ], [ 77.6218732, 13.0319554 ], [ 77.6218517, 13.0319056 ], [ 77.6213906, 13.030869 ], [ 77.6211103, 13.0302353 ], [ 77.6208933, 13.029742 ], [ 77.6208691, 13.0295891 ], [ 77.6211052, 13.0295839 ], [ 77.6211036, 13.029336 ], [ 77.6210231, 13.0293508 ], [ 77.6209378, 13.0290392 ] ] ] } },
{ "type": "Feature", "properties": { "name": "HKBK College of Engineering", "amenity": "college", "building": null, "capacity": null, "emergency": null, "leisure": null }, "geometry": { "type": "Polygon", "coordinates": [ [ [ 77.619363, 13.0345843 ], [ 77.6195913, 13.0345077 ], [ 77.6198734, 13.0350285 ], [ 77.6198013, 13.0350754 ], [ 77.6198133, 13.0350798 ], [ 77.6199593, 13.035014 ], [ 77.6200175, 13.0350965 ], [ 77.620334, 13.0353839 ], [ 77.6203661, 13.0354832 ], [ 77.6204681, 13.0365441 ], [ 77.6204989, 13.0370522 ], [ 77.6206241, 13.0370441 ], [ 77.6206314, 13.0371119 ], [ 77.6205013, 13.0371197 ], [ 77.6205324, 13.037605 ], [ 77.6198897, 13.0376046 ], [ 77.6198906, 13.0376909 ], [ 77.6197996, 13.037754 ], [ 77.6190798, 13.0378926 ], [ 77.6189305, 13.0373934 ], [ 77.6198431, 13.0372915 ], [ 77.6198325, 13.0370125 ], [ 77.6197283, 13.0370127 ], [ 77.6197214, 13.0367584 ], [ 77.6198204, 13.0367501 ], [ 77.6197653, 13.0355459 ], [ 77.6197224, 13.0352794 ], [ 77.6195872, 13.0350565 ], [ 77.619363, 13.0345843 ] ] ] } },
{ "type": "Feature", "properties": { "name": "ITI Vidya Mandir School", "amenity": "school", "building": null, "capacity": null, "emergency": null, "leisure": null }, "geometry": { "type": "Polygon", "coordinates": [ [ [ 77.6836847, 13.0074817 ], [ 77.6837897, 13.0075631 ], [ 77.6838246, 13.0076101 ], [ 77.6838621, 13.0077015 ], [ 77.6838433, 13.0078296 ], [ 77.6838058, 13.007929 ], [ 77.6849806, 13.0086031 ], [ 77.6856619, 13.0074665 ], [ 77.6842108, 13.0066093 ], [ 77.6839228, 13.0070868 ], [ 77.6836847, 13.0074817 ] ] ] } },
{ "type": "Feature", "properties": { "name": "Jnana Sweekar Public School", "amenity": "school", "building": null, "capacity": null, "emergency": null, "leisure": null }, "geometry": { "type": "Polygon", "coordinates": [ [ [ 77.5332508, 12.867156 ], [ 77.5331784, 12.8663088 ], [ 77.5330631, 12.8658721 ], [ 77.5330984, 12.8658695 ], [ 77.5333891, 12.8658477 ], [ 77.5338585, 12.8657682 ], [ 77.5347492, 12.8669311 ], [ 77.5332508, 12.867156 ] ] ] } },
{ "type": "Feature", "properties": { "name": "SJR School", "amenity": "school", "building": null, "capacity": null, "emergency": null, "leisure": null }, "geometry": { "type": "Polygon", "coordinates": [ [ [ 77.5587705, 12.9816739 ], [ 77.55876, 12.9810979 ], [ 77.5598913, 12.9815474 ], [ 77.5587705, 12.9816739 ] ] ] } },
{ "type": "Feature", "properties": { "name": "Venkat International School", "amenity": "school", "building": null, "capacity": null, "emergency": null, "leisure": null }, "geometry": { "type": "Polygon", "coordinates": [ [ [ 77.559161, 12.980602 ], [ 77.5593025, 12.9801173 ], [ 77.560399, 12.980374 ], [ 77.5602229, 12.9808833 ], [ 77.559161, 12.980602 ] ] ] } },
{ "type": "Feature", "properties": { "name": "Lady Wellington High School", "amenity": "school", "building": "yes", "capacity": null, "emergency": null, "leisure": null }, "geometry": { "type": "Polygon", "coordinates": [ [ [ 77.583916, 12.8836324 ], [ 77.5839628, 12.8834925 ], [ 77.5837306, 12.8834186 ], [ 77.583754, 12.8833487 ], [ 77.5840661, 12.8834481 ], [ 77.5839959, 12.8836578 ], [ 77.583916, 12.8836324 ] ] ] } },
{ "type": "Feature", "properties": { "name": "KLE School", "amenity": "school", "building": null, "capacity": null, "emergency": null, "leisure": null }, "geometry": { "type": "Polygon", "coordinates": [ [ [ 77.5109134, 12.9796037 ], [ 77.5105512, 12.978072 ], [ 77.5113291, 12.9779048 ], [ 77.5113284, 12.9779811 ], [ 77.5114592, 12.9783124 ], [ 77.5116268, 12.978702 ], [ 77.5117215, 12.9789591 ], [ 77.5118316, 12.9793619 ], [ 77.5109134, 12.9796037 ] ] ] } },
{ "type": "Feature", "properties": { "name": "Surana College", "amenity": "college", "building": "yes", "capacity": null, "emergency": null, "leisure": null }, "geometry": { "type": "Polygon", "coordinates": [ [ [ 77.5781019, 12.936137 ], [ 77.5781181, 12.9365885 ], [ 77.5783586, 12.9365804 ], [ 77.578347, 12.9362573 ], [ 77.5783226, 12.9362559 ], [ 77.5783132, 12.9361095 ], [ 77.5782649, 12.9360363 ], [ 77.5781019, 12.936137 ] ] ] } },
{ "type": "Feature", "properties": { "name": "Sri Maruthi Primary & High School", "amenity": "school", "building": "yes", "capacity": null, "emergency": null, "leisure": null }, "geometry": { "type": "Polygon", "coordinates": [ [ [ 77.5758371, 12.8818549 ], [ 77.5758606, 12.8815695 ], [ 77.5759341, 12.8815753 ], [ 77.5759107, 12.8818607 ], [ 77.5758371, 12.8818549 ] ] ] } },
{ "type": "Feature", "properties": { "name": "College of Agriculture", "amenity": "college", "building": "school", "capacity": null, "emergency": null, "leisure": null }, "geometry": { "type": "Polygon", "coordinates": [ [ [ 77.577505, 13.0775405 ], [ 77.5780951, 13.0771538 ], [ 77.5779825, 13.0770128 ], [ 77.5773924, 13.0774099 ], [ 77.577505, 13.0775405 ] ] ] } },
{ "type": "Feature", "properties": { "name": "New Kumarans School", "amenity": "school", "building": "yes", "capacity": null, "emergency": null, "leisure": null }, "geometry": { "type": "Polygon", "coordinates": [ [ [ 77.540135, 12.9087626 ], [ 77.5402895, 12.9089525 ], [ 77.5403787, 12.9088835 ], [ 77.5402243, 12.9086936 ], [ 77.540135, 12.9087626 ] ] ] } },
{ "type": "Feature", "properties": { "name": "Bangalore Higher Secondary School (BHSS)", "amenity": "school", "building": null, "capacity": null, "emergency": null, "leisure": null }, "geometry": { "type": "Polygon", "coordinates": [ [ [ 77.5801872, 12.9413514 ], [ 77.5812952, 12.9413685 ], [ 77.5815156, 12.9413719 ], [ 77.5815351, 12.940894 ], [ 77.5801946, 12.9408927 ], [ 77.5801872, 12.9413514 ] ] ] } },
{ "type": "Feature", "properties": { "name": null, "amenity": "school", "building": null, "capacity": null, "emergency": null, "leisure": null }, "geometry": { "type": "Polygon", "coordinates": [ [ [ 77.5816641, 12.8977345 ], [ 77.5817144, 12.8972951 ], [ 77.5820784, 12.8972484 ], [ 77.5821419, 12.8973343 ], [ 77.5824033, 12.8976879 ], [ 77.582281, 12.8976832 ], [ 77.5822131, 12.8976805 ], [ 77.5822043, 12.8977689 ], [ 77.5816641, 12.8977345 ] ] ] } },
{ "type": "Feature", "properties": { "name": "Maruthi School", "amenity": "school", "building": null, "capacity": null, "emergency": null, "leisure": null }, "geometry": { "type": "Polygon", "coordinates": [ [ [ 77.65278, 13.0287123 ], [ 77.6532296, 13.0286215 ], [ 77.6532587, 13.0286156 ], [ 77.6533708, 13.0289129 ], [ 77.6528524, 13.0289971 ], [ 77.65278, 13.0287123 ] ] ] } },
{ "type": "Feature", "properties": { "name": "Bishop Cotton Girls School", "amenity": "school", "building": null, "capacity": null, "emergency": null, "leisure": null }, "geometry": { "type": "Polygon", "coordinates": [ [ [ 77.6011467, 12.9687208 ], [ 77.6018299, 12.9691791 ], [ 77.6018694, 12.969129 ], [ 77.6024213, 12.9695658 ], [ 77.6028311, 12.9698601 ], [ 77.6026261, 12.9704791 ], [ 77.6026298, 12.9708499 ], [ 77.6017112, 12.9710093 ], [ 77.6016123, 12.9706589 ], [ 77.60153, 12.9703675 ], [ 77.6008563, 12.9705237 ], [ 77.6008244, 12.9703872 ], [ 77.6006689, 12.9697204 ], [ 77.6006509, 12.9696339 ], [ 77.60132, 12.9694695 ], [ 77.601238, 12.9691189 ], [ 77.6011869, 12.968901 ], [ 77.6011467, 12.9687208 ] ] ] } },
{ "type": "Feature", "properties": { "name": "KSRP Research and Training Center", "amenity": "college", "building": null, "capacity": null, "emergency": null, "leisure": null }, "geometry": { "type": "Polygon", "coordinates": [ [ [ 77.610463, 12.9717307 ], [ 77.6100047, 12.971825 ], [ 77.6099445, 12.9715354 ], [ 77.6103995, 12.9714388 ], [ 77.610359, 12.9712592 ], [ 77.6102106, 12.9706004 ], [ 77.6101648, 12.9705461 ], [ 77.6101256, 12.9705261 ], [ 77.6100295, 12.9705347 ], [ 77.6090434, 12.9708261 ], [ 77.6086869, 12.9709362 ], [ 77.6087723, 12.971212 ], [ 77.6087844, 12.9712566 ], [ 77.6086488, 12.9717025 ], [ 77.6085975, 12.9718711 ], [ 77.6089812, 12.9719336 ], [ 77.6091779, 12.9719649 ], [ 77.6092121, 12.97197 ], [ 77.6093519, 12.9719905 ], [ 77.6092966, 12.9724547 ], [ 77.6095548, 12.9725202 ], [ 77.6095857, 12.9722877 ], [ 77.6096224, 12.9722955 ], [ 77.6096607, 12.9723026 ], [ 77.6096287, 12.9725022 ], [ 77.6098879, 12.9725602 ], [ 77.6099232, 12.9723418 ], [ 77.6106215, 12.9724447 ], [ 77.6104733, 12.9717812 ], [ 77.610463, 12.9717307 ] ] ] } },
{ "type": "Feature", "properties": { "name": "Govt R C College", "amenity": "college", "building": null, "capacity": null, "emergency": null, "leisure": null }, "geometry": { "type": "Polygon", "coordinates": [ [ [ 77.587605, 12.9841422 ], [ 77.5860557, 12.9837504 ], [ 77.5860727, 12.9831374 ], [ 77.5871545, 12.9828778 ], [ 77.5877239, 12.9840322 ], [ 77.5877243, 12.9840554 ], [ 77.5877192, 12.9840782 ], [ 77.5877086, 12.9840991 ], [ 77.587689, 12.9841208 ], [ 77.5876636, 12.9841361 ], [ 77.5876348, 12.9841434 ], [ 77.587605, 12.9841422 ] ] ] } },
{ "type": "Feature", "properties": { "name": "Vivekananda centre", "amenity": "school", "building": null, "capacity": null, "emergency": null, "leisure": null }, "geometry": { "type": "Polygon", "coordinates": [ [ [ 77.5999632, 13.0272854 ], [ 77.600868, 13.0273737 ], [ 77.6007201, 13.0265632 ], [ 77.6005476, 13.0266082 ], [ 77.6002888, 13.0267313 ], [ 77.6001316, 13.0267973 ], [ 77.5999632, 13.0272854 ] ] ] } },
{ "type": "Feature", "properties": { "name": "St Anthony's Public School", "amenity": "school", "building": null, "capacity": null, "emergency": null, "leisure": null }, "geometry": { "type": "Polygon", "coordinates": [ [ [ 77.6998561, 13.0217587 ], [ 77.7001833, 13.0215653 ], [ 77.7003486, 13.0215478 ], [ 77.7013421, 13.0216489 ], [ 77.7012804, 13.0226733 ], [ 77.7001458, 13.0227765 ], [ 77.7001029, 13.0225113 ], [ 77.6998561, 13.0217587 ] ] ] } },
{ "type": "Feature", "properties": { "name": "Janak Vidhyalaya", "amenity": "school", "building": null, "capacity": null, "emergency": null, "leisure": null }, "geometry": { "type": "Polygon", "coordinates": [ [ [ 77.5947716, 12.883775 ], [ 77.5949164, 12.8841229 ], [ 77.5950387, 12.8841149 ], [ 77.5952136, 12.8839832 ], [ 77.5956911, 12.8838604 ], [ 77.5955954, 12.8835638 ], [ 77.5947716, 12.883775 ] ] ] } },
{ "type": "Feature", "properties": { "name": "St. Aloysius High School", "amenity": "school", "building": null, "capacity": null, "emergency": null, "leisure": null }, "geometry": { "type": "Polygon", "coordinates": [ [ [ 77.6188647, 12.9930306 ], [ 77.6190398, 12.9930347 ], [ 77.6197432, 12.9929701 ], [ 77.6205442, 12.9928966 ], [ 77.6205442, 12.9929575 ], [ 77.62011, 12.9932327 ], [ 77.6197774, 12.9940052 ], [ 77.6197117, 12.9948161 ], [ 77.6195005, 12.9946855 ], [ 77.6183759, 12.9940202 ], [ 77.6184503, 12.9938695 ], [ 77.6188647, 12.9930306 ] ] ] } },
{ "type": "Feature", "properties": { "name": "Maria Niketana School", "amenity": "school", "building": null, "capacity": null, "emergency": null, "leisure": null }, "geometry": { "type": "Polygon", "coordinates": [ [ [ 77.626021, 13.0031637 ], [ 77.6259607, 13.0030127 ], [ 77.6260336, 13.0027508 ], [ 77.6258395, 13.002198 ], [ 77.6272222, 13.0016783 ], [ 77.627293, 13.0018692 ], [ 77.6275061, 13.0017893 ], [ 77.6277356, 13.0020371 ], [ 77.6278574, 13.002458 ], [ 77.6273564, 13.0025825 ], [ 77.6268071, 13.0027732 ], [ 77.6266744, 13.0030025 ], [ 77.626021, 13.0031637 ] ] ] } },
{ "type": "Feature", "properties": { "name": "Sri Sarvagna School", "amenity": "school", "building": null, "capacity": null, "emergency": null, "leisure": null }, "geometry": { "type": "Polygon", "coordinates": [ [ [ 77.5395109, 12.9757512 ], [ 77.5396074, 12.9765443 ], [ 77.5391649, 12.9765955 ], [ 77.5390684, 12.9758023 ], [ 77.5395109, 12.9757512 ] ] ] } },
{ "type": "Feature", "properties": { "name": null, "amenity": "school", "building": null, "capacity": null, "emergency": null, "leisure": null }, "geometry": { "type": "Polygon", "coordinates": [ [ [ 77.6955897, 12.994389 ], [ 77.6954228, 12.9944223 ], [ 77.6950955, 12.9945056 ], [ 77.6951945, 12.9947102 ], [ 77.6953156, 12.9950488 ], [ 77.695702, 12.9949761 ], [ 77.6955897, 12.994389 ] ] ] } },
{ "type": "Feature", "properties": { "name": "Hamsalekha Music school", "amenity": "school", "building": "yes", "capacity": null, "emergency": null, "leisure": null }, "geometry": { "type": "Polygon", "coordinates": [ [ [ 77.5420993, 12.9999206 ], [ 77.5421107, 13.0000515 ], [ 77.5421964, 13.0000444 ], [ 77.542185, 12.9999135 ], [ 77.5420993, 12.9999206 ] ] ] } },
{ "type": "Feature", "properties": { "name": "Max Muller School", "amenity": "school", "building": null, "capacity": null, "emergency": null, "leisure": null }, "geometry": { "type": "Polygon", "coordinates": [ [ [ 77.5317058, 12.9936804 ], [ 77.5319096, 12.9943861 ], [ 77.532202, 12.9942528 ], [ 77.532033, 12.9936412 ], [ 77.5317058, 12.9936804 ] ] ] } },
{ "type": "Feature", "properties": { "name": null, "amenity": "school", "building": null, "capacity": null, "emergency": null, "leisure": null }, "geometry": { "type": "Polygon", "coordinates": [ [ [ 77.6044828, 12.9884728 ], [ 77.6044739, 12.9882679 ], [ 77.6042651, 12.9882765 ], [ 77.6039933, 12.9882895 ], [ 77.604001, 12.9879333 ], [ 77.6044291, 12.9879148 ], [ 77.6044365, 12.9880111 ], [ 77.6049679, 12.988012 ], [ 77.6049244, 12.9884478 ], [ 77.6044828, 12.9884728 ] ] ] } },
{ "type": "Feature", "properties": { "name": "Sri Sri Ravishankar Vidya Mandir", "amenity": "school", "building": null, "capacity": null, "emergency": null, "leisure": null }, "geometry": { "type": "Polygon", "coordinates": [ [ [ 77.5573499, 13.0815472 ], [ 77.5575966, 13.0817405 ], [ 77.5576985, 13.0817692 ], [ 77.557838, 13.0817666 ], [ 77.5587795, 13.0816779 ], [ 77.5586373, 13.0811683 ], [ 77.5573499, 13.0815472 ] ] ] } },
{ "type": "Feature", "properties": { "name": "Vidyaspoorthi School", "amenity": "school", "building": null, "capacity": null, "emergency": null, "leisure": null }, "geometry": { "type": "Polygon", "coordinates": [ [ [ 77.5694463, 13.0660163 ], [ 77.5696035, 13.0663211 ], [ 77.5701779, 13.0661147 ], [ 77.5704434, 13.0660193 ], [ 77.5707085, 13.0655832 ], [ 77.5706341, 13.065431 ], [ 77.5696514, 13.0659152 ], [ 77.5694463, 13.0660163 ] ] ] } },
{ "type": "Feature", "properties": { "name": "The Regency Public School", "amenity": "school", "building": null, "capacity": null, "emergency": null, "leisure": null }, "geometry": { "type": "Polygon", "coordinates": [ [ [ 77.5573294, 13.0853429 ], [ 77.5575847, 13.0862656 ], [ 77.5579743, 13.0862117 ], [ 77.5577125, 13.0851909 ], [ 77.5573294, 13.0853429 ] ] ] } },
{ "type": "Feature", "properties": { "name": "Deva Matha Central School", "amenity": "school", "building": null, "capacity": null, "emergency": null, "leisure": null }, "geometry": { "type": "Polygon", "coordinates": [ [ [ 77.5567434, 13.0840517 ], [ 77.5569827, 13.0844581 ], [ 77.5575366, 13.0842544 ], [ 77.5568969, 13.0834674 ], [ 77.5567434, 13.0840517 ] ] ] } },
{ "type": "Feature", "properties": { "name": "St. Peter's School", "amenity": "school", "building": null, "capacity": null, "emergency": null, "leisure": null }, "geometry": { "type": "Polygon", "coordinates": [ [ [ 77.6782472, 12.9146221 ], [ 77.6784139, 12.9145749 ], [ 77.6790234, 12.914447 ], [ 77.6795142, 12.9143342 ], [ 77.6796939, 12.914946 ], [ 77.6794411, 12.9149973 ], [ 77.6788239, 12.9151324 ], [ 77.6787054, 12.9151501 ], [ 77.6784701, 12.9151688 ], [ 77.6782472, 12.9146221 ] ] ] } },
{ "type": "Feature", "properties": { "name": "National Institute of Fashion Technology", "amenity": "college", "building": null, "capacity": null, "emergency": null, "leisure": null }, "geometry": { "type": "Polygon", "coordinates": [ [ [ 77.6519784, 12.9114421 ], [ 77.653455, 12.9114657 ], [ 77.653503, 12.9124031 ], [ 77.6535082, 12.9125049 ], [ 77.6521083, 12.9124791 ], [ 77.6519543, 12.9124691 ], [ 77.6519784, 12.9114421 ] ] ] } },
{ "type": "Feature", "properties": { "name": "Carmel Garden Public School", "amenity": "school", "building": null, "capacity": null, "emergency": null, "leisure": null }, "geometry": { "type": "Polygon", "coordinates": [ [ [ 77.6322341, 12.917328 ], [ 77.6321756, 12.9171231 ], [ 77.6321518, 12.9170399 ], [ 77.6322698, 12.9170096 ], [ 77.632197, 12.9167716 ], [ 77.6317496, 12.9168189 ], [ 77.6319005, 12.9174212 ], [ 77.6322341, 12.917328 ] ] ] } },
{ "type": "Feature", "properties": { "name": "AECS Magnolia Maruthi Public School, Arakere", "amenity": "school", "building": null, "capacity": null, "emergency": null, "leisure": null }, "geometry": { "type": "Polygon", "coordinates": [ [ [ 77.5966904, 12.8852152 ], [ 77.5965435, 12.8844411 ], [ 77.5973315, 12.8842023 ], [ 77.5973998, 12.8842 ], [ 77.5975006, 12.8849765 ], [ 77.5966904, 12.8852152 ] ] ] } },
{ "type": "Feature", "properties": { "name": "Silicon City High School", "amenity": "school", "building": null, "capacity": null, "emergency": null, "leisure": null }, "geometry": { "type": "Polygon", "coordinates": [ [ [ 77.6202832, 12.8984854 ], [ 77.6204157, 12.8984303 ], [ 77.6204495, 12.8985299 ], [ 77.6203057, 12.8985427 ], [ 77.6202832, 12.8984854 ] ] ] } },
{ "type": "Feature", "properties": { "name": "CMR College", "amenity": "college", "building": null, "capacity": null, "emergency": null, "leisure": null }, "geometry": { "type": "Polygon", "coordinates": [ [ [ 77.6510036, 13.0057743 ], [ 77.6505148, 13.0058573 ], [ 77.6504109, 13.0058749 ], [ 77.650144, 13.0059194 ], [ 77.6502218, 13.006544 ], [ 77.6513269, 13.0063375 ], [ 77.6511618, 13.0060522 ], [ 77.6511205, 13.0059797 ], [ 77.6510036, 13.0057743 ] ] ] } },
{ "type": "Feature", "properties": { "name": "Sri Chaithanya PU college Banasawadi", "amenity": "school", "building": null, "capacity": null, "emergency": null, "leisure": null }, "geometry": { "type": "Polygon", "coordinates": [ [ [ 77.6547467, 13.0074717 ], [ 77.6555245, 13.0071215 ], [ 77.6555506, 13.0071888 ], [ 77.6556915, 13.0074945 ], [ 77.655027, 13.0077971 ], [ 77.6547467, 13.0074717 ] ] ] } },
{ "type": "Feature", "properties": { "name": "Government High School & Junior College,Belatur Colony", "amenity": "college", "building": null, "capacity": null, "emergency": null, "leisure": null }, "geometry": { "type": "Polygon", "coordinates": [ [ [ 77.7535057, 12.9975485 ], [ 77.7523363, 12.9977758 ], [ 77.7527807, 12.9992381 ], [ 77.7528351, 12.9994172 ], [ 77.7539026, 12.9989128 ], [ 77.7535057, 12.9975485 ] ] ] } },
{ "type": "Feature", "properties": { "name": "Sunshine School", "amenity": "school", "building": null, "capacity": null, "emergency": null, "leisure": null }, "geometry": { "type": "Polygon", "coordinates": [ [ [ 77.6682764, 13.0317168 ], [ 77.6689457, 13.0316113 ], [ 77.6688507, 13.0311422 ], [ 77.6681924, 13.0310174 ], [ 77.6682764, 13.0317168 ] ] ] } },
{ "type": "Feature", "properties": { "name": "Kalkere Government High School", "amenity": "school", "building": null, "capacity": null, "emergency": null, "leisure": null }, "geometry": { "type": "Polygon", "coordinates": [ [ [ 77.6733044, 13.0332107 ], [ 77.6732659, 13.0327826 ], [ 77.6738817, 13.0327368 ], [ 77.6738772, 13.0331915 ], [ 77.6733044, 13.0332107 ] ] ] } },
{ "type": "Feature", "properties": { "name": "Government Technical Industrial Institute", "amenity": "college", "building": null, "capacity": null, "emergency": null, "leisure": null }, "geometry": { "type": "Polygon", "coordinates": [ [ [ 77.6009347, 12.9341879 ], [ 77.5988815, 12.9345698 ], [ 77.5990886, 12.9355169 ], [ 77.5992302, 12.9361642 ], [ 77.5995082, 12.9366861 ], [ 77.5996754, 12.9373526 ], [ 77.5997181, 12.9373353 ], [ 77.599766, 12.937316 ], [ 77.5999664, 12.9372422 ], [ 77.6003522, 12.9371453 ], [ 77.6006121, 12.9371016 ], [ 77.6011721, 12.9370284 ], [ 77.6013277, 12.9369239 ], [ 77.6013861, 12.9368235 ], [ 77.6013974, 12.9366677 ], [ 77.6012606, 12.9360128 ], [ 77.6011955, 12.9350818 ], [ 77.6010836, 12.9348574 ], [ 77.6009955, 12.9345666 ], [ 77.6009347, 12.9341879 ] ] ] } },
{ "type": "Feature", "properties": { "name": "Fire Service Campus", "amenity": "college", "building": null, "capacity": null, "emergency": null, "leisure": null }, "geometry": { "type": "Polygon", "coordinates": [ [ [ 77.5968001, 12.9350783 ], [ 77.5982068, 12.9347346 ], [ 77.5988815, 12.9345698 ], [ 77.6009347, 12.9341879 ], [ 77.6009285, 12.9341558 ], [ 77.6009134, 12.9340787 ], [ 77.6007548, 12.933353 ], [ 77.6006074, 12.9326746 ], [ 77.6005865, 12.9325807 ], [ 77.6005398, 12.9322239 ], [ 77.6005125, 12.931902 ], [ 77.6004763, 12.9315138 ], [ 77.6004756, 12.9311871 ], [ 77.6003756, 12.9312181 ], [ 77.5994641, 12.9319774 ], [ 77.5994439, 12.9322991 ], [ 77.5992722, 12.9324357 ], [ 77.5979401, 12.9326302 ], [ 77.5974678, 12.9326674 ], [ 77.5971459, 12.9326369 ], [ 77.5970784, 12.9325781 ], [ 77.5964695, 12.9327431 ], [ 77.5963086, 12.9324356 ], [ 77.5954804, 12.9324798 ], [ 77.5952257, 12.9326272 ], [ 77.5959112, 12.9329566 ], [ 77.5963763, 12.9338235 ], [ 77.5968001, 12.9350783 ] ] ] } },
{ "type": "Feature", "properties": { "name": "ITI Bhavan", "amenity": "college", "building": null, "capacity": null, "emergency": null, "leisure": null }, "geometry": { "type": "Polygon", "coordinates": [ [ [ 77.6911495, 13.0077287 ], [ 77.6915235, 13.007812 ], [ 77.6916531, 13.0073731 ], [ 77.6918138, 13.0067118 ], [ 77.6908962, 13.0065398 ], [ 77.6903735, 13.0075402 ], [ 77.6909693, 13.0076886 ], [ 77.6910102, 13.0076585 ], [ 77.6911202, 13.0076781 ], [ 77.6911495, 13.0077287 ] ] ] } },
{ "type": "Feature", "properties": { "name": "SJES College", "amenity": "college", "building": null, "capacity": null, "emergency": null, "leisure": null }, "geometry": { "type": "Polygon", "coordinates": [ [ [ 77.7158325, 13.0244885 ], [ 77.7157771, 13.0252205 ], [ 77.715649, 13.0252107 ], [ 77.7156517, 13.0252676 ], [ 77.7155015, 13.0252832 ], [ 77.7155276, 13.0255691 ], [ 77.7153299, 13.0255897 ], [ 77.7152037, 13.025597 ], [ 77.7150817, 13.025604 ], [ 77.7144745, 13.0255735 ], [ 77.7144951, 13.0247408 ], [ 77.7147965, 13.0247432 ], [ 77.7150106, 13.0244731 ], [ 77.715067, 13.024494 ], [ 77.7151989, 13.0243362 ], [ 77.7152844, 13.0243568 ], [ 77.7158325, 13.0244885 ] ] ] } },
{ "type": "Feature", "properties": { "name": "National Public School HSR", "amenity": "school", "building": null, "capacity": null, "emergency": null, "leisure": null }, "geometry": { "type": "Polygon", "coordinates": [ [ [ 77.6427019, 12.9167934 ], [ 77.6433595, 12.9167647 ], [ 77.6433298, 12.9162258 ], [ 77.6426789, 12.9163093 ], [ 77.6427019, 12.9167934 ] ] ] } },
{ "type": "Feature", "properties": { "name": "Oxford Management College", "amenity": "college", "building": null, "capacity": null, "emergency": null, "leisure": null }, "geometry": { "type": "Polygon", "coordinates": [ [ [ 77.642442, 12.9163319 ], [ 77.6426789, 12.9163093 ], [ 77.6433298, 12.9162258 ], [ 77.6433126, 12.9155041 ], [ 77.6424056, 12.9156365 ], [ 77.642442, 12.9163319 ] ] ] } },
{ "type": "Feature", "properties": { "name": "Shakuntala Devi International Institute of Management Sciences and PreUniversity", "amenity": "college", "building": null, "capacity": null, "emergency": null, "leisure": null }, "geometry": { "type": "Polygon", "coordinates": [ [ [ 77.6424611, 12.9168011 ], [ 77.6427019, 12.9167934 ], [ 77.6426789, 12.9163093 ], [ 77.642442, 12.9163319 ], [ 77.6424611, 12.9168011 ] ] ] } },
{ "type": "Feature", "properties": { "name": "Vagdevi Vilas School", "amenity": "school", "building": null, "capacity": null, "emergency": null, "leisure": null }, "geometry": { "type": "Polygon", "coordinates": [ [ [ 77.7598772, 12.9324902 ], [ 77.7605086, 12.9323372 ], [ 77.7605804, 12.9323181 ], [ 77.7606691, 12.9322945 ], [ 77.7606194, 12.9321225 ], [ 77.7604373, 12.9314966 ], [ 77.7603725, 12.9312739 ], [ 77.760207, 12.9307051 ], [ 77.7601784, 12.9306068 ], [ 77.7600323, 12.9306417 ], [ 77.7597986, 12.9296695 ], [ 77.7591104, 12.9299076 ], [ 77.7592429, 12.9303418 ], [ 77.7594058, 12.9308755 ], [ 77.7596979, 12.9318329 ], [ 77.7598404, 12.932357 ], [ 77.7598772, 12.9324902 ] ] ] } },
{ "type": "Feature", "properties": { "name": "Regional Institute of Co-operative Management", "amenity": "college", "building": null, "capacity": null, "emergency": null, "leisure": null }, "geometry": { "type": "Polygon", "coordinates": [ [ [ 77.5590035, 12.9221542 ], [ 77.5587686, 12.9220757 ], [ 77.5582885, 12.9199982 ], [ 77.5582795, 12.9199596 ], [ 77.5582089, 12.9196537 ], [ 77.5586057, 12.9199903 ], [ 77.5591846, 12.9205227 ], [ 77.5594712, 12.9206973 ], [ 77.5596879, 12.9208234 ], [ 77.5600082, 12.9209103 ], [ 77.5601313, 12.9216826 ], [ 77.5593604, 12.9220801 ], [ 77.5590035, 12.9221542 ] ] ] } },
{ "type": "Feature", "properties": { "name": "National Public School Yeshwantpur", "amenity": "school", "building": null, "capacity": null, "emergency": null, "leisure": null }, "geometry": { "type": "Polygon", "coordinates": [ [ [ 77.5440659, 13.0309137 ], [ 77.5451328, 13.0302723 ], [ 77.5447372, 13.0297107 ], [ 77.5437187, 13.0304383 ], [ 77.5440659, 13.0309137 ] ] ] } },
{ "type": "Feature", "properties": { "name": "Government School", "amenity": "school", "building": null, "capacity": null, "emergency": null, "leisure": null }, "geometry": { "type": "Polygon", "coordinates": [ [ [ 77.5542229, 13.0207135 ], [ 77.5540337, 13.0204208 ], [ 77.5540869, 13.0203355 ], [ 77.5542014, 13.0200976 ], [ 77.5542738, 13.0199473 ], [ 77.5545947, 13.0205028 ], [ 77.5542229, 13.0207135 ] ] ] } },
{ "type": "Feature", "properties": { "name": "Chrysalis High", "amenity": "school", "building": null, "capacity": null, "emergency": null, "leisure": null }, "geometry": { "type": "Polygon", "coordinates": [ [ [ 77.7409049, 12.9303416 ], [ 77.7412895, 12.930191 ], [ 77.7410639, 12.9295912 ], [ 77.7409063, 12.929172 ], [ 77.7408859, 12.9291179 ], [ 77.7413905, 12.9289116 ], [ 77.7424255, 12.9287153 ], [ 77.7426058, 12.9287034 ], [ 77.7427112, 12.9291127 ], [ 77.7422109, 12.9291244 ], [ 77.7415338, 12.9292839 ], [ 77.7416023, 12.9293482 ], [ 77.7419242, 12.930054 ], [ 77.7416959, 12.9301165 ], [ 77.7417472, 12.9303782 ], [ 77.7414471, 12.9305155 ], [ 77.7411546, 12.9306494 ], [ 77.7411303, 12.9306605 ], [ 77.7409049, 12.9303416 ] ] ] } },
{ "type": "Feature", "properties": { "name": "Gunjuru Government School", "amenity": "school", "building": null, "capacity": null, "emergency": null, "leisure": null }, "geometry": { "type": "Polygon", "coordinates": [ [ [ 77.7359936, 12.9233849 ], [ 77.7359681, 12.9224921 ], [ 77.7359865, 12.9223864 ], [ 77.7363514, 12.9223725 ], [ 77.7364175, 12.9233579 ], [ 77.7359936, 12.9233849 ] ] ] } },
{ "type": "Feature", "properties": { "name": "Government School", "amenity": "school", "building": null, "capacity": null, "emergency": null, "leisure": null }, "geometry": { "type": "Polygon", "coordinates": [ [ [ 77.7583496, 12.9646634 ], [ 77.7581994, 12.9645746 ], [ 77.758075, 12.964481 ], [ 77.7580278, 12.9643759 ], [ 77.7580248, 12.9643102 ], [ 77.7580405, 12.9642537 ], [ 77.7582725, 12.9633735 ], [ 77.7594654, 12.9634088 ], [ 77.7594815, 12.9647053 ], [ 77.7588324, 12.964653 ], [ 77.7583496, 12.9646634 ] ] ] } },
{ "type": "Feature", "properties": { "name": "Government School Sorahunase", "amenity": "school", "building": null, "capacity": null, "emergency": null, "leisure": null }, "geometry": { "type": "Polygon", "coordinates": [ [ [ 77.7533453, 12.9445164 ], [ 77.7536815, 12.9446203 ], [ 77.7531462, 12.9456915 ], [ 77.7529852, 12.9456497 ], [ 77.7530298, 12.9454765 ], [ 77.7533453, 12.9445164 ] ] ] } },
{ "type": "Feature", "properties": { "name": "Chaitanya School", "amenity": "school", "building": null, "capacity": null, "emergency": null, "leisure": null }, "geometry": { "type": "Polygon", "coordinates": [ [ [ 77.7043359, 13.006705 ], [ 77.7051002, 13.0065426 ], [ 77.7050921, 13.0064871 ], [ 77.7053327, 13.0064393 ], [ 77.7052375, 13.0058565 ], [ 77.7051061, 13.0058199 ], [ 77.7049823, 13.0058375 ], [ 77.7046245, 13.0060039 ], [ 77.7041773, 13.0061663 ], [ 77.7042261, 13.0065466 ], [ 77.7043359, 13.006705 ] ] ] } },
{ "type": "Feature", "properties": { "name": "Amar Jyothi Public School & Pre-University College", "amenity": "school", "building": null, "capacity": null, "emergency": null, "leisure": null }, "geometry": { "type": "Polygon", "coordinates": [ [ [ 77.7012601, 13.0103637 ], [ 77.7012708, 13.0097996 ], [ 77.7019628, 13.0097574 ], [ 77.7020272, 13.0105414 ], [ 77.7012601, 13.0103637 ] ] ] } },
{ "type": "Feature", "properties": { "name": "Cambridge School", "amenity": "school", "building": null, "capacity": null, "emergency": null, "leisure": null }, "geometry": { "type": "Polygon", "coordinates": [ [ [ 77.7044641, 13.0110437 ], [ 77.7044517, 13.0107112 ], [ 77.7049146, 13.0107116 ], [ 77.7049099, 13.0109625 ], [ 77.7051274, 13.0109627 ], [ 77.705153, 13.0114251 ], [ 77.7049242, 13.0113277 ], [ 77.7044641, 13.0110437 ] ] ] } },
{ "type": "Feature", "properties": { "name": "ACS College of Engineering", "amenity": "college", "building": null, "capacity": null, "emergency": null, "leisure": null }, "geometry": { "type": "Polygon", "coordinates": [ [ [ 77.4657455, 12.8906097 ], [ 77.465881, 12.8904065 ], [ 77.4659485, 12.8904664 ], [ 77.4661364, 12.8902024 ], [ 77.4666137, 12.8906756 ], [ 77.4659835, 12.8915228 ], [ 77.4654632, 12.892264 ], [ 77.4653357, 12.8922699 ], [ 77.4653021, 12.8919308 ], [ 77.4650687, 12.8916691 ], [ 77.4649121, 12.8919125 ], [ 77.4641275, 12.8917502 ], [ 77.4643616, 12.8913498 ], [ 77.4650522, 12.8901756 ], [ 77.4657455, 12.8906097 ] ] ] } },
{ "type": "Feature", "properties": { "name": "Employees' State Insurance Corporation Medical College & Post Graduate Institute of Medical Science & Research", "amenity": "college", "building": null, "capacity": null, "emergency": null, "leisure": null }, "geometry": { "type": "Polygon", "coordinates": [ [ [ 77.5543788, 12.9914862 ], [ 77.5540356, 12.9914957 ], [ 77.5540454, 12.9918362 ], [ 77.5544183, 12.991826 ], [ 77.5544439, 12.9929753 ], [ 77.5526925, 12.993049 ], [ 77.5526998, 12.9918874 ], [ 77.5526234, 12.9900993 ], [ 77.5537173, 12.9900658 ], [ 77.5543105, 12.9900471 ], [ 77.5543788, 12.9914862 ] ] ] } },
{ "type": "Feature", "properties": { "name": "Vijaya College", "amenity": "college", "building": null, "capacity": null, "emergency": null, "leisure": null }, "geometry": { "type": "Polygon", "coordinates": [ [ [ 77.5801929, 12.9400491 ], [ 77.580193, 12.9400074 ], [ 77.5801931, 12.939936 ], [ 77.5803906, 12.9399362 ], [ 77.5803785, 12.9400842 ], [ 77.5815295, 12.9400629 ], [ 77.5815351, 12.940894 ], [ 77.5801946, 12.9408927 ], [ 77.580192, 12.9408927 ], [ 77.5801928, 12.9401153 ], [ 77.5801929, 12.9400491 ] ] ] } },
{ "type": "Feature", "properties": { "name": "Christ the King School", "amenity": "school", "building": null, "capacity": null, "emergency": null, "leisure": null }, "geometry": { "type": "Polygon", "coordinates": [ [ [ 77.6804768, 13.0164819 ], [ 77.6804748, 13.016358 ], [ 77.6808531, 13.0163404 ], [ 77.6808535, 13.0162677 ], [ 77.6810039, 13.0162592 ], [ 77.6810061, 13.0163291 ], [ 77.6814791, 13.0162939 ], [ 77.6814825, 13.0164108 ], [ 77.6804768, 13.0164819 ] ] ] } },
{ "type": "Feature", "properties": { "name": "Kowdenahalli Government School", "amenity": "school", "building": null, "capacity": null, "emergency": null, "leisure": null }, "geometry": { "type": "Polygon", "coordinates": [ [ [ 77.6813276, 13.0190846 ], [ 77.6813204, 13.0189583 ], [ 77.6816509, 13.0189519 ], [ 77.6816817, 13.0192243 ], [ 77.681481, 13.019244 ], [ 77.6814717, 13.01909 ], [ 77.6813276, 13.0190846 ] ] ] } },
{ "type": "Feature", "properties": { "name": "Fullinfaws College", "amenity": "college", "building": null, "capacity": null, "emergency": null, "leisure": null }, "geometry": { "type": "Polygon", "coordinates": [ [ [ 77.6162872, 12.8683303 ], [ 77.6162711, 12.8681592 ], [ 77.616369, 12.8681504 ], [ 77.6163649, 12.8681067 ], [ 77.6167555, 12.8680719 ], [ 77.6167588, 12.8681072 ], [ 77.6168594, 12.8680982 ], [ 77.6168746, 12.8682598 ], [ 77.6167684, 12.8682693 ], [ 77.6167605, 12.8681851 ], [ 77.6166345, 12.8681963 ], [ 77.6166413, 12.8682687 ], [ 77.6165214, 12.8682794 ], [ 77.616516, 12.8682219 ], [ 77.6163856, 12.8682336 ], [ 77.6163938, 12.8683208 ], [ 77.6162872, 12.8683303 ] ] ] } },
{ "type": "Feature", "properties": { "name": "RPA First Grade College", "amenity": "college", "building": "yes", "capacity": null, "emergency": null, "leisure": null }, "geometry": { "type": "Polygon", "coordinates": [ [ [ 77.5530919, 12.9812529 ], [ 77.5527573, 12.9812803 ], [ 77.552814, 12.9819382 ], [ 77.5531485, 12.9819109 ], [ 77.5530919, 12.9812529 ] ] ] } },
{ "type": "Feature", "properties": { "name": "Sarah Montessori", "amenity": "school", "building": "yes", "capacity": null, "emergency": null, "leisure": null }, "geometry": { "type": "Polygon", "coordinates": [ [ [ 77.7148836, 12.9533968 ], [ 77.7149905, 12.953407 ], [ 77.7150061, 12.9532518 ], [ 77.7148991, 12.9532417 ], [ 77.7148836, 12.9533968 ] ] ] } },
{ "type": "Feature", "properties": { "name": "Government Kannada High School", "amenity": "school", "building": null, "capacity": null, "emergency": null, "leisure": null }, "geometry": { "type": "Polygon", "coordinates": [ [ [ 77.5646576, 12.9905188 ], [ 77.5650728, 12.9905063 ], [ 77.5650672, 12.9903319 ], [ 77.5650636, 12.990217 ], [ 77.5646484, 12.9902295 ], [ 77.5646576, 12.9905188 ] ] ] } },
{ "type": "Feature", "properties": { "name": "Vidyashilp School", "amenity": "school", "building": null, "capacity": null, "emergency": null, "leisure": null }, "geometry": { "type": "Polygon", "coordinates": [ [ [ 77.593482, 13.0668962 ], [ 77.594289, 13.0668548 ], [ 77.5942899, 13.0669799 ], [ 77.5942208, 13.0669821 ], [ 77.5942222, 13.0670522 ], [ 77.5938418, 13.0671398 ], [ 77.5934774, 13.0671584 ], [ 77.593482, 13.0668962 ] ] ] } },
{ "type": "Feature", "properties": { "name": "The Brigade School", "amenity": "school", "building": null, "capacity": null, "emergency": null, "leisure": null }, "geometry": { "type": "Polygon", "coordinates": [ [ [ 77.7021742, 12.9993418 ], [ 77.7021179, 12.9987427 ], [ 77.7030085, 12.9986573 ], [ 77.7039474, 12.9985858 ], [ 77.7040631, 12.9991946 ], [ 77.7027731, 12.9992979 ], [ 77.7021742, 12.9993418 ] ] ] } },
{ "type": "Feature", "properties": { "name": "Lawerence School", "amenity": "school", "building": null, "capacity": null, "emergency": null, "leisure": null }, "geometry": { "type": "Polygon", "coordinates": [ [ [ 77.6347779, 12.9139881 ], [ 77.6347601, 12.9135194 ], [ 77.6351892, 12.9135039 ], [ 77.6351903, 12.9135347 ], [ 77.635207, 12.9139726 ], [ 77.6347779, 12.9139881 ] ] ] } },
{ "type": "Feature", "properties": { "name": "KIMS - Kempegowda Institute of Medical Sciences", "amenity": "college", "building": null, "capacity": null, "emergency": null, "leisure": null }, "geometry": { "type": "Polygon", "coordinates": [ [ [ 77.5619501, 12.9274482 ], [ 77.5636052, 12.9269733 ], [ 77.5634379, 12.9265245 ], [ 77.5633997, 12.9264221 ], [ 77.5632762, 12.9260907 ], [ 77.5613211, 12.9264746 ], [ 77.5619501, 12.9274482 ] ] ] } },
{ "type": "Feature", "properties": { "name": "BGS National Public School", "amenity": "school", "building": null, "capacity": null, "emergency": null, "leisure": null }, "geometry": { "type": "Polygon", "coordinates": [ [ [ 77.5988934, 12.877893 ], [ 77.5984954, 12.8782035 ], [ 77.5983198, 12.8782389 ], [ 77.5979845, 12.877499 ], [ 77.5982298, 12.8774271 ], [ 77.5979872, 12.8765707 ], [ 77.5982795, 12.8764609 ], [ 77.5984646, 12.876406 ], [ 77.5987731, 12.87644 ], [ 77.5995026, 12.8765341 ], [ 77.5993537, 12.8773382 ], [ 77.6000439, 12.8773291 ], [ 77.6000942, 12.8767789 ], [ 77.600825, 12.8768348 ], [ 77.6014177, 12.8768662 ], [ 77.6014124, 12.877078 ], [ 77.6013373, 12.8771224 ], [ 77.601297, 12.8772976 ], [ 77.6011508, 12.8772989 ], [ 77.6010234, 12.8775277 ], [ 77.6010074, 12.8778284 ], [ 77.6009564, 12.8781945 ], [ 77.6008384, 12.8783017 ], [ 77.6005246, 12.8785239 ], [ 77.6001678, 12.8786599 ], [ 77.5988934, 12.877893 ] ] ] } },
{ "type": "Feature", "properties": { "name": "Jindal Government School", "amenity": "school", "building": null, "capacity": null, "emergency": null, "leisure": null }, "geometry": { "type": "Polygon", "coordinates": [ [ [ 77.5283351, 13.0709394 ], [ 77.5281707, 13.0706945 ], [ 77.5287983, 13.0700675 ], [ 77.5296917, 13.0699227 ], [ 77.5297024, 13.070602 ], [ 77.5295554, 13.0707081 ], [ 77.5288096, 13.0708494 ], [ 77.5283351, 13.0709394 ] ] ] } },
{ "type": "Feature", "properties": { "name": "Iyer High School", "amenity": "school", "building": null, "capacity": null, "emergency": null, "leisure": null }, "geometry": { "type": "Polygon", "coordinates": [ [ [ 77.5572864, 13.0349486 ], [ 77.5567445, 13.0349393 ], [ 77.5567432, 13.0353262 ], [ 77.5573491, 13.035332 ], [ 77.5572864, 13.0349486 ] ] ] } },
{ "type": "Feature", "properties": { "name": "Ekya", "amenity": "school", "building": "yes", "capacity": null, "emergency": null, "leisure": null }, "geometry": { "type": "Polygon", "coordinates": [ [ [ 77.5517237, 12.884677 ], [ 77.551074, 12.8844629 ], [ 77.5510518, 12.884527 ], [ 77.5512344, 12.8845872 ], [ 77.5512265, 12.8846102 ], [ 77.5516326, 12.8847441 ], [ 77.5516009, 12.8848357 ], [ 77.5512666, 12.8847255 ], [ 77.5512389, 12.8848056 ], [ 77.551634, 12.8849358 ], [ 77.5517237, 12.884677 ] ] ] } },
{ "type": "Feature", "properties": { "name": "JSS School", "amenity": "school", "building": "yes", "capacity": null, "emergency": null, "leisure": null }, "geometry": { "type": "Polygon", "coordinates": [ [ [ 77.5101057, 12.9029942 ], [ 77.5100856, 12.9031095 ], [ 77.5106497, 12.9031893 ], [ 77.5106699, 12.9030677 ], [ 77.5101057, 12.9029942 ] ] ] } },
{ "type": "Feature", "properties": { "name": "JSS EHPS School", "amenity": "school", "building": null, "capacity": null, "emergency": null, "leisure": null }, "geometry": { "type": "Polygon", "coordinates": [ [ [ 77.6369566, 12.9155243 ], [ 77.6380293, 12.9154386 ], [ 77.6380327, 12.9149707 ], [ 77.6380363, 12.9144823 ], [ 77.6369353, 12.9145039 ], [ 77.6369463, 12.9150303 ], [ 77.6369566, 12.9155243 ] ] ] } },
{ "type": "Feature", "properties": { "name": "Basaweshwara School", "amenity": "school", "building": null, "capacity": null, "emergency": null, "leisure": null }, "geometry": { "type": "Polygon", "coordinates": [ [ [ 77.5528303, 12.9950144 ], [ 77.552792, 12.9936445 ], [ 77.5536665, 12.9936171 ], [ 77.5536927, 12.9944441 ], [ 77.5537397, 12.9944431 ], [ 77.5537648, 12.9949787 ], [ 77.5528303, 12.9950144 ] ] ] } },
{ "type": "Feature", "properties": { "name": "NCFE School", "amenity": "school", "building": null, "capacity": null, "emergency": null, "leisure": null }, "geometry": { "type": "Polygon", "coordinates": [ [ [ 77.6737038, 12.9797763 ], [ 77.6745046, 12.9795041 ], [ 77.6743566, 12.9791295 ], [ 77.6743922, 12.97911 ], [ 77.674358, 12.9790293 ], [ 77.6742963, 12.9788839 ], [ 77.6740589, 12.9783249 ], [ 77.6735859, 12.9784805 ], [ 77.6737681, 12.9788968 ], [ 77.6734707, 12.9790088 ], [ 77.6737038, 12.9797763 ] ] ] } },
{ "type": "Feature", "properties": { "name": "NPS Sarjapur", "amenity": "school", "building": null, "capacity": null, "emergency": null, "leisure": null }, "geometry": { "type": "Polygon", "coordinates": [ [ [ 77.7176499, 12.905934 ], [ 77.7176285, 12.9057536 ], [ 77.717202, 12.9057432 ], [ 77.7170909, 12.9051537 ], [ 77.71624, 12.9052852 ], [ 77.7160883, 12.9053086 ], [ 77.7154982, 12.9067466 ], [ 77.715053, 12.9068825 ], [ 77.7152515, 12.9077191 ], [ 77.7145326, 12.9078656 ], [ 77.714951, 12.9092407 ], [ 77.715627, 12.9094917 ], [ 77.7161506, 12.9092897 ], [ 77.7162893, 12.9092361 ], [ 77.7163403, 12.9092147 ], [ 77.7164122, 12.9091844 ], [ 77.7173416, 12.9087923 ], [ 77.7165818, 12.9078708 ], [ 77.7171773, 12.9075649 ], [ 77.7166653, 12.9068736 ], [ 77.7177335, 12.9064133 ], [ 77.7176499, 12.905934 ] ] ] } },
{ "type": "Feature", "properties": { "name": "Gopalan International School", "amenity": "college", "building": null, "capacity": null, "emergency": null, "leisure": null }, "geometry": { "type": "Polygon", "coordinates": [ [ [ 77.7177311, 12.9853625 ], [ 77.7176734, 12.9860892 ], [ 77.7168381, 12.986014 ], [ 77.7168517, 12.985265 ], [ 77.716769, 12.9851534 ], [ 77.7165236, 12.9850086 ], [ 77.7164605, 12.9849709 ], [ 77.7164217, 12.9849156 ], [ 77.7164753, 12.9844503 ], [ 77.7167362, 12.9845004 ], [ 77.7166725, 12.9848936 ], [ 77.7169036, 12.9848285 ], [ 77.7178393, 12.984542 ], [ 77.7178486, 12.98481 ], [ 77.7184481, 12.9847979 ], [ 77.7183797, 12.9852501 ], [ 77.7183596, 12.9854712 ], [ 77.7181239, 12.9854304 ], [ 77.7177311, 12.9853625 ] ] ] } },
{ "type": "Feature", "properties": { "name": "Shishya BEML Public School", "amenity": "school", "building": null, "capacity": null, "emergency": null, "leisure": null }, "geometry": { "type": "Polygon", "coordinates": [ [ [ 77.6695693, 12.973276 ], [ 77.6692012, 12.9735887 ], [ 77.6684861, 12.9727944 ], [ 77.6688582, 12.9724797 ], [ 77.6695693, 12.973276 ] ] ] } },
{ "type": "Feature", "properties": { "name": "Cambridge Public School, BBMP Agara", "amenity": "school", "building": null, "capacity": null, "emergency": null, "leisure": null }, "geometry": { "type": "Polygon", "coordinates": [ [ [ 77.6471374, 12.918719 ], [ 77.6476427, 12.9186425 ], [ 77.6476343, 12.9183127 ], [ 77.6471277, 12.9183725 ], [ 77.6471374, 12.918719 ] ] ] } },
{ "type": "Feature", "properties": { "name": "Freedom International School", "amenity": "school", "building": null, "capacity": null, "emergency": null, "leisure": null }, "geometry": { "type": "Polygon", "coordinates": [ [ [ 77.6419275, 12.9172428 ], [ 77.6418515, 12.915739 ], [ 77.6422916, 12.9156726 ], [ 77.642378, 12.9172198 ], [ 77.6419275, 12.9172428 ] ] ] } },
{ "type": "Feature", "properties": { "name": "Sri Chaitanya School", "amenity": "school", "building": null, "capacity": null, "emergency": null, "leisure": null }, "geometry": { "type": "Polygon", "coordinates": [ [ [ 77.6458765, 12.9045243 ], [ 77.6455941, 12.9045946 ], [ 77.6459237, 12.9055646 ], [ 77.6461732, 12.9054472 ], [ 77.6458765, 12.9045243 ] ] ] } },
{ "type": "Feature", "properties": { "name": "Seventh Day Adventist School", "amenity": "school", "building": null, "capacity": null, "emergency": null, "leisure": null }, "geometry": { "type": "Polygon", "coordinates": [ [ [ 77.6504144, 12.9594991 ], [ 77.6498249, 12.9595663 ], [ 77.6496071, 12.9586992 ], [ 77.6501052, 12.9585638 ], [ 77.6504144, 12.9594991 ] ] ] } },
{ "type": "Feature", "properties": { "name": "Sheila Kothavala Institute for the Deaf", "amenity": "school", "building": null, "capacity": null, "emergency": null, "leisure": null }, "geometry": { "type": "Polygon", "coordinates": [ [ [ 77.6479828, 12.9575211 ], [ 77.6481906, 12.9578852 ], [ 77.649134, 12.9575576 ], [ 77.6487091, 12.956992 ], [ 77.6482552, 12.9572048 ], [ 77.6479688, 12.9573447 ], [ 77.6479963, 12.9573955 ], [ 77.6479308, 12.9574242 ], [ 77.6479828, 12.9575211 ] ] ] } },
{ "type": "Feature", "properties": { "name": "Sophia School", "amenity": "school", "building": null, "capacity": null, "emergency": null, "leisure": null }, "geometry": { "type": "Polygon", "coordinates": [ [ [ 77.6535036, 12.9555336 ], [ 77.6534062, 12.9555531 ], [ 77.6534327, 12.9556787 ], [ 77.6535301, 12.9556592 ], [ 77.6535036, 12.9555336 ] ] ] } },
{ "type": "Feature", "properties": { "name": "Gangamma Hombegowda First Grade College", "amenity": "school", "building": null, "capacity": null, "emergency": null, "leisure": null }, "geometry": { "type": "Polygon", "coordinates": [ [ [ 77.5966209, 12.9474577 ], [ 77.5969395, 12.9478738 ], [ 77.5965067, 12.9483474 ], [ 77.596481, 12.9483225 ], [ 77.5961459, 12.9479976 ], [ 77.59612, 12.9479724 ], [ 77.5962975, 12.9477899 ], [ 77.5966209, 12.9474577 ] ] ] } },
{ "type": "Feature", "properties": { "name": "Mary Immaculate School", "amenity": "school", "building": null, "capacity": null, "emergency": null, "leisure": null }, "geometry": { "type": "Polygon", "coordinates": [ [ [ 77.5999649, 12.9446792 ], [ 77.5998017, 12.9447373 ], [ 77.5997119, 12.9445001 ], [ 77.5999194, 12.9444345 ], [ 77.599893, 12.9443326 ], [ 77.6000212, 12.9442996 ], [ 77.6000136, 12.9442713 ], [ 77.6004865, 12.9441426 ], [ 77.6009214, 12.9451598 ], [ 77.600977, 12.9453139 ], [ 77.6003077, 12.9455374 ], [ 77.5999649, 12.9446792 ] ] ] } },
{ "type": "Feature", "properties": { "name": "Government High School Agara", "amenity": "school", "building": null, "capacity": null, "emergency": null, "leisure": null }, "geometry": { "type": "Polygon", "coordinates": [ [ [ 77.6499357, 12.9230796 ], [ 77.6498426, 12.9227077 ], [ 77.6499337, 12.9226927 ], [ 77.6499245, 12.9225656 ], [ 77.6504359, 12.9225123 ], [ 77.6503624, 12.9235119 ], [ 77.6503037, 12.9239482 ], [ 77.6499054, 12.9238554 ], [ 77.6499647, 12.9234292 ], [ 77.6499357, 12.9230796 ] ] ] } },
{ "type": "Feature", "properties": { "name": "Government College of Nursing", "amenity": "college", "building": null, "capacity": null, "emergency": null, "leisure": null }, "geometry": { "type": "Polygon", "coordinates": [ [ [ 77.5754113, 12.9619103 ], [ 77.575163, 12.9620077 ], [ 77.5749512, 12.9620934 ], [ 77.5749084, 12.9621025 ], [ 77.5750835, 12.9625463 ], [ 77.5751766, 12.9627821 ], [ 77.5757156, 12.962522 ], [ 77.5754113, 12.9619103 ] ] ] } },
{ "type": "Feature", "properties": { "name": "Government Dental College and Research Institute", "amenity": "college", "building": null, "capacity": null, "emergency": null, "leisure": null }, "geometry": { "type": "Polygon", "coordinates": [ [ [ 77.5751871, 12.9645169 ], [ 77.5751602, 12.9641878 ], [ 77.5752005, 12.963171 ], [ 77.5752621, 12.9630639 ], [ 77.5755789, 12.9630748 ], [ 77.5757023, 12.9633467 ], [ 77.5763056, 12.9630659 ], [ 77.576633, 12.9638819 ], [ 77.5765291, 12.9639819 ], [ 77.5755089, 12.964496 ], [ 77.5751871, 12.9645169 ] ] ] } },
{ "type": "Feature", "properties": { "name": null, "amenity": "school", "building": null, "capacity": null, "emergency": null, "leisure": null }, "geometry": { "type": "Polygon", "coordinates": [ [ [ 77.656962, 13.0098681 ], [ 77.6568301, 13.0100077 ], [ 77.6568366, 13.0100363 ], [ 77.6568057, 13.0100458 ], [ 77.6568285, 13.0100998 ], [ 77.6568545, 13.0100839 ], [ 77.6568936, 13.0101981 ], [ 77.6569669, 13.0101537 ], [ 77.6570955, 13.0099665 ], [ 77.656962, 13.0098681 ] ] ] } },
{ "type": "Feature", "properties": { "name": "Sri Cauvery School", "amenity": "school", "building": null, "capacity": null, "emergency": null, "leisure": null }, "geometry": { "type": "Polygon", "coordinates": [ [ [ 77.63645, 12.9764945 ], [ 77.6364923, 12.976486 ], [ 77.6366853, 12.9764486 ], [ 77.6366969, 12.9764918 ], [ 77.6369448, 12.9764983 ], [ 77.6369701, 12.9760226 ], [ 77.636343, 12.9760078 ], [ 77.63645, 12.9764945 ] ] ] } },
{ "type": "Feature", "properties": { "name": "Ashraya's Children's Home", "amenity": "school", "building": null, "capacity": null, "emergency": null, "leisure": null }, "geometry": { "type": "Polygon", "coordinates": [ [ [ 77.6373169, 12.9807206 ], [ 77.6377306, 12.9806143 ], [ 77.6377703, 12.9806127 ], [ 77.6377751, 12.9803616 ], [ 77.6372598, 12.980499 ], [ 77.6373169, 12.9807206 ] ] ] } },
{ "type": "Feature", "properties": { "name": "Vidyanikethan Public School", "amenity": "school", "building": null, "capacity": null, "emergency": null, "leisure": null }, "geometry": { "type": "Polygon", "coordinates": [ [ [ 77.4863345, 12.9518318 ], [ 77.4864046, 12.9522578 ], [ 77.4865073, 12.9525257 ], [ 77.4867045, 12.9524682 ], [ 77.4872106, 12.9521116 ], [ 77.4874566, 12.9519373 ], [ 77.4875397, 12.9519729 ], [ 77.4876375, 12.9520146 ], [ 77.4877249, 12.9521869 ], [ 77.4878062, 12.9522701 ], [ 77.4878997, 12.95228 ], [ 77.4883754, 12.9521037 ], [ 77.4884933, 12.9520562 ], [ 77.4885624, 12.9520502 ], [ 77.488784, 12.9521473 ], [ 77.4889161, 12.9522305 ], [ 77.4887524, 12.9519288 ], [ 77.4885772, 12.9513003 ], [ 77.4883913, 12.9506083 ], [ 77.4879121, 12.9509077 ], [ 77.4863345, 12.9518318 ] ] ] } },
{ "type": "Feature", "properties": { "name": "Rhythms Institute of Fine Arts", "amenity": "school", "building": "yes", "capacity": null, "emergency": null, "leisure": null }, "geometry": { "type": "Polygon", "coordinates": [ [ [ 77.6403649, 12.9800616 ], [ 77.6403643, 12.9801315 ], [ 77.6402408, 12.9801304 ], [ 77.6402416, 12.9800479 ], [ 77.640365, 12.980049 ], [ 77.6403649, 12.9800616 ] ] ] } },
{ "type": "Feature", "properties": { "name": "Government School", "amenity": "school", "building": null, "capacity": null, "emergency": null, "leisure": null }, "geometry": { "type": "Polygon", "coordinates": [ [ [ 77.654744, 12.9677477 ], [ 77.654833, 12.9684031 ], [ 77.6557494, 12.9682836 ], [ 77.6556583, 12.9676181 ], [ 77.654744, 12.9677477 ] ] ] } },
{ "type": "Feature", "properties": { "name": "Senior Police Officers Research and Training Institute", "amenity": "college", "building": null, "capacity": null, "emergency": null, "leisure": null }, "geometry": { "type": "Polygon", "coordinates": [ [ [ 77.6122002, 12.9703907 ], [ 77.6121546, 12.9701323 ], [ 77.6121213, 12.9699435 ], [ 77.6120744, 12.9698597 ], [ 77.6110773, 12.9701112 ], [ 77.6112001, 12.9705819 ], [ 77.6120232, 12.97043 ], [ 77.6122002, 12.9703907 ] ] ] } },
{ "type": "Feature", "properties": { "name": "Adichunchanagiri Shikshana Trust", "amenity": "college", "building": null, "capacity": null, "emergency": null, "leisure": null }, "geometry": { "type": "Polygon", "coordinates": [ [ [ 77.4982559, 12.9065246 ], [ 77.4987816, 12.9061063 ], [ 77.4990069, 12.9069848 ], [ 77.4991679, 12.9069325 ], [ 77.4990928, 12.9066292 ], [ 77.4988138, 12.9055311 ], [ 77.4985456, 12.904716 ], [ 77.4984276, 12.9044336 ], [ 77.5000691, 12.9038479 ], [ 77.4994576, 12.9015577 ], [ 77.4990499, 12.9009929 ], [ 77.4975156, 12.8993301 ], [ 77.4975478, 12.8977091 ], [ 77.4980521, 12.8969875 ], [ 77.4981272, 12.8957429 ], [ 77.497492, 12.8955542 ], [ 77.4964106, 12.895607 ], [ 77.4962711, 12.8960044 ], [ 77.4961209, 12.8961613 ], [ 77.4958419, 12.8962659 ], [ 77.4956595, 12.8964959 ], [ 77.4953484, 12.8967496 ], [ 77.4946752, 12.8968617 ], [ 77.4944579, 12.8974895 ], [ 77.4952304, 12.8983052 ], [ 77.4954342, 12.8988804 ], [ 77.49549, 12.899115 ], [ 77.4956381, 12.899738 ], [ 77.4957422, 12.9002487 ], [ 77.4959707, 12.9013694 ], [ 77.4973332, 12.901223 ], [ 77.4973762, 12.901338 ], [ 77.4973096, 12.9015153 ], [ 77.4964084, 12.9038474 ], [ 77.4974191, 12.9042872 ], [ 77.4975516, 12.9054658 ], [ 77.4979534, 12.9059599 ], [ 77.4982559, 12.9065246 ] ] ] } },
{ "type": "Feature", "properties": { "name": "Resurrection School", "amenity": "school", "building": null, "capacity": null, "emergency": null, "leisure": null }, "geometry": { "type": "Polygon", "coordinates": [ [ [ 77.6446957, 12.9822852 ], [ 77.6447635, 12.9816503 ], [ 77.6443171, 12.9816795 ], [ 77.64431, 12.982237 ], [ 77.6446957, 12.9822852 ] ] ] } },
{ "type": "Feature", "properties": { "name": "Government High School", "amenity": "school", "building": null, "capacity": null, "emergency": null, "leisure": null }, "geometry": { "type": "Polygon", "coordinates": [ [ [ 77.6236419, 12.8830459 ], [ 77.6247288, 12.8829613 ], [ 77.6247003, 12.8826124 ], [ 77.6236133, 12.882697 ], [ 77.6236419, 12.8830459 ] ] ] } },
{ "type": "Feature", "properties": { "name": "BBMP Vidya Mandir School", "amenity": "school", "building": null, "capacity": null, "emergency": null, "leisure": null }, "geometry": { "type": "Polygon", "coordinates": [ [ [ 77.5722435, 13.0030532 ], [ 77.5722395, 13.0032664 ], [ 77.5727446, 13.003255 ], [ 77.5728156, 13.0032409 ], [ 77.5728391, 13.0032251 ], [ 77.5728583, 13.0032262 ], [ 77.5728577, 13.0030569 ], [ 77.5722435, 13.0030532 ] ] ] } },
{ "type": "Feature", "properties": { "name": "Gandhi Nagar High School", "amenity": "school", "building": null, "capacity": null, "emergency": null, "leisure": null }, "geometry": { "type": "Polygon", "coordinates": [ [ [ 77.5791234, 12.9911697 ], [ 77.5786918, 12.990499 ], [ 77.5784793, 12.9905579 ], [ 77.5787164, 12.9912955 ], [ 77.5791234, 12.9911697 ] ] ] } },
{ "type": "Feature", "properties": { "name": "Al Ameen Pre and Degree College", "amenity": "college", "building": null, "capacity": null, "emergency": null, "leisure": null }, "geometry": { "type": "Polygon", "coordinates": [ [ [ 77.5883128, 12.9524112 ], [ 77.5886637, 12.9533066 ], [ 77.587992, 12.9535298 ], [ 77.5878793, 12.9532354 ], [ 77.5876507, 12.9526501 ], [ 77.5876678, 12.9526439 ], [ 77.5883128, 12.9524112 ] ] ] } },
{ "type": "Feature", "properties": { "name": "Government Kannada Primary School", "amenity": "school", "building": null, "capacity": null, "emergency": null, "leisure": null }, "geometry": { "type": "Polygon", "coordinates": [ [ [ 77.6635223, 12.9903059 ], [ 77.6636357, 12.9903062 ], [ 77.6636361, 12.9901656 ], [ 77.6635227, 12.9901653 ], [ 77.6635223, 12.9903059 ] ] ] } },
{ "type": "Feature", "properties": { "name": "R V Teachers College", "amenity": "college", "building": null, "capacity": null, "emergency": null, "leisure": null }, "geometry": { "type": "Polygon", "coordinates": [ [ [ 77.5801378, 12.9432664 ], [ 77.580229, 12.943264 ], [ 77.580234, 12.9429684 ], [ 77.5813363, 12.9429588 ], [ 77.5813339, 12.9435645 ], [ 77.5812302, 12.9435645 ], [ 77.5808736, 12.9435644 ], [ 77.5801329, 12.9435645 ], [ 77.5801378, 12.9432664 ] ] ] } },
{ "type": "Feature", "properties": { "name": "Parikrama", "amenity": "school", "building": null, "capacity": null, "emergency": null, "leisure": null }, "geometry": { "type": "Polygon", "coordinates": [ [ [ 77.585349, 12.9424904 ], [ 77.5853469, 12.9423289 ], [ 77.5857299, 12.9423242 ], [ 77.585732, 12.9424856 ], [ 77.585349, 12.9424904 ] ] ] } },
{ "type": "Feature", "properties": { "name": "Kendriya Vidyalaya NAL", "amenity": "school", "building": null, "capacity": null, "emergency": null, "leisure": null }, "geometry": { "type": "Polygon", "coordinates": [ [ [ 77.6559696, 12.9648762 ], [ 77.6560639, 12.9653567 ], [ 77.6560446, 12.965553 ], [ 77.6559745, 12.9659337 ], [ 77.6560519, 12.9662784 ], [ 77.6560767, 12.9663889 ], [ 77.655209, 12.9664842 ], [ 77.6550949, 12.9660917 ], [ 77.6548092, 12.9650586 ], [ 77.6559696, 12.9648762 ] ] ] } },
{ "type": "Feature", "properties": { "name": "Poorna Prajna Education Centre", "amenity": "school", "building": null, "capacity": null, "emergency": null, "leisure": null }, "geometry": { "type": "Polygon", "coordinates": [ [ [ 77.6562295, 12.9721779 ], [ 77.656942, 12.9720964 ], [ 77.6570176, 12.9721432 ], [ 77.6562889, 12.9730706 ], [ 77.6562295, 12.9721779 ] ] ] } },
{ "type": "Feature", "properties": { "name": "Government High School", "amenity": "school", "building": "school", "capacity": "120", "emergency": null, "leisure": null }, "geometry": { "type": "Polygon", "coordinates": [ [ [ 77.6287695, 12.9448194 ], [ 77.628888, 12.9448146 ], [ 77.6288814, 12.9446579 ], [ 77.6287629, 12.9446627 ], [ 77.6287695, 12.9448194 ] ] ] } },
{ "type": "Feature", "properties": { "name": "St. John's High School", "amenity": "school", "building": "school", "capacity": null, "emergency": null, "leisure": null }, "geometry": { "type": "Polygon", "coordinates": [ [ [ 77.5075927, 12.969989 ], [ 77.507778, 12.9699364 ], [ 77.5077336, 12.9697877 ], [ 77.5075483, 12.9698403 ], [ 77.5075927, 12.969989 ] ] ] } },
{ "type": "Feature", "properties": { "name": "Lourdes High School", "amenity": "school", "building": null, "capacity": null, "emergency": null, "leisure": null }, "geometry": { "type": "Polygon", "coordinates": [ [ [ 77.5850159, 12.9663003 ], [ 77.5852255, 12.9662383 ], [ 77.585176, 12.9660796 ], [ 77.5849665, 12.9661416 ], [ 77.5849894, 12.9662152 ], [ 77.5850044, 12.9662633 ], [ 77.5850159, 12.9663003 ] ] ] } },
{ "type": "Feature", "properties": { "name": "St Charles High School", "amenity": "school", "building": "school", "capacity": null, "emergency": null, "leisure": null }, "geometry": { "type": "Polygon", "coordinates": [ [ [ 77.5422402, 12.9966821 ], [ 77.5424782, 12.996539 ], [ 77.5425004, 12.9965384 ], [ 77.5424991, 12.9964971 ], [ 77.5424795, 12.9964977 ], [ 77.5424789, 12.9964763 ], [ 77.5423547, 12.9964798 ], [ 77.5423559, 12.9965194 ], [ 77.5422354, 12.9965228 ], [ 77.5422402, 12.9966821 ] ] ] } },
{ "type": "Feature", "properties": { "name": "SSB International School", "amenity": "school", "building": null, "capacity": null, "emergency": null, "leisure": null }, "geometry": { "type": "Polygon", "coordinates": [ [ [ 77.6398324, 12.97366 ], [ 77.6398412, 12.973852 ], [ 77.6399129, 12.9738525 ], [ 77.6402317, 12.9738532 ], [ 77.6402327, 12.9734587 ], [ 77.6398317, 12.9734572 ], [ 77.6398324, 12.97366 ] ] ] } },
{ "type": "Feature", "properties": { "name": "Eurokids", "amenity": "school", "building": "school", "capacity": null, "emergency": null, "leisure": null }, "geometry": { "type": "Polygon", "coordinates": [ [ [ 77.7446231, 12.968467 ], [ 77.7447229, 12.968461 ], [ 77.7447147, 12.968333 ], [ 77.7446149, 12.968339 ], [ 77.7446231, 12.968467 ] ] ] } },
{ "type": "Feature", "properties": { "name": "Nirmala Rani High School", "amenity": "school", "building": "yes", "capacity": null, "emergency": null, "leisure": null }, "geometry": { "type": "Polygon", "coordinates": [ [ [ 77.5613482, 13.0090815 ], [ 77.5613543, 13.0093612 ], [ 77.561884, 13.0093503 ], [ 77.5619879, 13.0091005 ], [ 77.5618578, 13.0091031 ], [ 77.5618022, 13.0092429 ], [ 77.5614779, 13.0092569 ], [ 77.5614697, 13.0090763 ], [ 77.5613482, 13.0090815 ] ] ] } },
{ "type": "Feature", "properties": { "name": "Shri Shri Ravishankar Vidya Mandir", "amenity": "school", "building": null, "capacity": null, "emergency": null, "leisure": null }, "geometry": { "type": "Polygon", "coordinates": [ [ [ 77.683938, 12.9743589 ], [ 77.6843157, 12.9741688 ], [ 77.6841343, 12.9738248 ], [ 77.6837658, 12.9739938 ], [ 77.683938, 12.9743589 ] ] ] } },
{ "type": "Feature", "properties": { "name": "Sarkari Hiriya Prarthmik Shale", "amenity": "school", "building": null, "capacity": null, "emergency": null, "leisure": null }, "geometry": { "type": "Polygon", "coordinates": [ [ [ 77.6431257, 12.9817551 ], [ 77.6432399, 12.9817028 ], [ 77.6431637, 12.9814789 ], [ 77.6430294, 12.9815338 ], [ 77.6430734, 12.9816367 ], [ 77.6431257, 12.9817551 ] ] ] } },
{ "type": "Feature", "properties": { "name": "Vatican High School", "amenity": "school", "building": "yes", "capacity": null, "emergency": null, "leisure": null }, "geometry": { "type": "Polygon", "coordinates": [ [ [ 77.598624, 13.0268967 ], [ 77.5987435, 13.0269234 ], [ 77.5987813, 13.0267632 ], [ 77.5987987, 13.0267671 ], [ 77.598823, 13.0266638 ], [ 77.5986519, 13.0266255 ], [ 77.5986361, 13.0266923 ], [ 77.5985929, 13.0266826 ], [ 77.5985812, 13.0267322 ], [ 77.5986587, 13.0267496 ], [ 77.598624, 13.0268967 ] ] ] } },
{ "type": "Feature", "properties": { "name": "Loyola Primary School", "amenity": "school", "building": "yes", "capacity": null, "emergency": null, "leisure": null }, "geometry": { "type": "Polygon", "coordinates": [ [ [ 77.592598, 12.8704532 ], [ 77.5924849, 12.8706936 ], [ 77.5927285, 12.8708025 ], [ 77.592778, 12.8706974 ], [ 77.5928892, 12.8707471 ], [ 77.59295, 12.8706179 ], [ 77.5928532, 12.8705746 ], [ 77.5929046, 12.8704653 ], [ 77.5927641, 12.8704024 ], [ 77.5927155, 12.8705058 ], [ 77.592598, 12.8704532 ] ] ] } },
{ "type": "Feature", "properties": { "name": "Government Lower Primary School", "amenity": "school", "building": "yes", "capacity": null, "emergency": null, "leisure": null }, "geometry": { "type": "Polygon", "coordinates": [ [ [ 77.6235449, 12.8817244 ], [ 77.623718, 12.8816875 ], [ 77.6237009, 12.8816111 ], [ 77.6235916, 12.8816344 ], [ 77.6235621, 12.8815031 ], [ 77.6234983, 12.8815167 ], [ 77.623528, 12.8816494 ], [ 77.6235449, 12.8817244 ] ] ] } },
{ "type": "Feature", "properties": { "name": "Bangalore Management Academy", "amenity": "college", "building": null, "capacity": null, "emergency": null, "leisure": null }, "geometry": { "type": "Polygon", "coordinates": [ [ [ 77.6928127, 12.9765168 ], [ 77.6928302, 12.9767437 ], [ 77.6930018, 12.9767623 ], [ 77.6930492, 12.9769287 ], [ 77.6934586, 12.9768489 ], [ 77.6933287, 12.9762156 ], [ 77.6928127, 12.9765168 ] ] ] } },
{ "type": "Feature", "properties": { "name": "Government Girls High School", "amenity": "school", "building": null, "capacity": null, "emergency": null, "leisure": null }, "geometry": { "type": "Polygon", "coordinates": [ [ [ 77.566879, 13.0030588 ], [ 77.5672045, 13.0030605 ], [ 77.5674461, 13.0030618 ], [ 77.567449, 13.0025467 ], [ 77.5668818, 13.0025437 ], [ 77.566879, 13.0030588 ] ] ] } },
{ "type": "Feature", "properties": { "name": "Magadi Karanikara Vaidika Dharma Pathashala Trust", "amenity": "school", "building": "yes", "capacity": null, "emergency": null, "leisure": null }, "geometry": { "type": "Polygon", "coordinates": [ [ [ 77.5705804, 12.9480889 ], [ 77.5708378, 12.9480943 ], [ 77.5708454, 12.9477536 ], [ 77.570588, 12.9477482 ], [ 77.5705804, 12.9480889 ] ] ] } },
{ "type": "Feature", "properties": { "name": "Sree Saraswathi Vidya Mandira", "amenity": "school", "building": "school", "capacity": null, "emergency": null, "leisure": null }, "geometry": { "type": "Polygon", "coordinates": [ [ [ 77.5777478, 12.9507296 ], [ 77.5779168, 12.9507296 ], [ 77.5779168, 12.9505987 ], [ 77.5777478, 12.9505987 ], [ 77.5777478, 12.9507296 ] ] ] } },
{ "type": "Feature", "properties": { "name": "National Public School Jayanagar", "amenity": "school", "building": null, "capacity": null, "emergency": null, "leisure": null }, "geometry": { "type": "Polygon", "coordinates": [ [ [ 77.5876633, 12.9284327 ], [ 77.5876272, 12.9287584 ], [ 77.5879222, 12.9287297 ], [ 77.5879273, 12.9291157 ], [ 77.5884607, 12.9289801 ], [ 77.5882414, 12.9278971 ], [ 77.5880496, 12.9279114 ], [ 77.5879517, 12.9279284 ], [ 77.5878471, 12.927982 ], [ 77.5877546, 12.9280526 ], [ 77.5876781, 12.9281362 ], [ 77.5876111, 12.9282421 ], [ 77.5875027, 12.9284292 ], [ 77.5876633, 12.9284327 ] ] ] } },
{ "type": "Feature", "properties": { "name": "Chitrakoota School", "amenity": "school", "building": null, "capacity": null, "emergency": null, "leisure": null }, "geometry": { "type": "Polygon", "coordinates": [ [ [ 77.493528, 12.9344892 ], [ 77.4936272, 12.9347906 ], [ 77.4944212, 12.9345422 ], [ 77.4943526, 12.9343339 ], [ 77.4938015, 12.9345063 ], [ 77.4937709, 12.9344132 ], [ 77.493528, 12.9344892 ] ] ] } },
{ "type": "Feature", "properties": { "name": "Government School", "amenity": "school", "building": "yes", "capacity": null, "emergency": null, "leisure": null }, "geometry": { "type": "Polygon", "coordinates": [ [ [ 77.6614362, 12.9588364 ], [ 77.6615024, 12.9588333 ], [ 77.6614965, 12.9587148 ], [ 77.6614303, 12.958718 ], [ 77.6614362, 12.9588364 ] ] ] } },
{ "type": "Feature", "properties": { "name": "Martin Luther School", "amenity": "school", "building": "yes", "capacity": null, "emergency": null, "leisure": null }, "geometry": { "type": "Polygon", "coordinates": [ [ [ 77.5483341, 12.9400287 ], [ 77.5484027, 12.940274 ], [ 77.5485996, 12.9402217 ], [ 77.5486299, 12.9403299 ], [ 77.5487146, 12.9403074 ], [ 77.5486157, 12.9399539 ], [ 77.5483341, 12.9400287 ] ] ] } },
{ "type": "Feature", "properties": { "name": "Martin Luther School", "amenity": "school", "building": "yes", "capacity": null, "emergency": null, "leisure": null }, "geometry": { "type": "Polygon", "coordinates": [ [ [ 77.5487098, 12.9400304 ], [ 77.5489426, 12.9399627 ], [ 77.5489031, 12.9398335 ], [ 77.5486702, 12.9399012 ], [ 77.5487098, 12.9400304 ] ] ] } },
{ "type": "Feature", "properties": { "name": null, "amenity": "college", "building": null, "capacity": null, "emergency": null, "leisure": null }, "geometry": { "type": "Polygon", "coordinates": [ [ [ 77.5537226, 12.9412926 ], [ 77.553762, 12.9418351 ], [ 77.5549264, 12.9417549 ], [ 77.5548871, 12.9412125 ], [ 77.5537226, 12.9412926 ] ] ] } },
{ "type": "Feature", "properties": { "name": null, "amenity": "school", "building": null, "capacity": null, "emergency": null, "leisure": null }, "geometry": { "type": "Polygon", "coordinates": [ [ [ 77.5542521, 12.9412145 ], [ 77.5545517, 12.9412084 ], [ 77.5545453, 12.940913 ], [ 77.5542457, 12.9409192 ], [ 77.5542521, 12.9412145 ] ] ] } },
{ "type": "Feature", "properties": { "name": "Holy Saint High School", "amenity": "school", "building": "yes", "capacity": null, "emergency": null, "leisure": null }, "geometry": { "type": "Polygon", "coordinates": [ [ [ 77.5504091, 12.9355162 ], [ 77.550449, 12.9356034 ], [ 77.5507649, 12.9354662 ], [ 77.550725, 12.935379 ], [ 77.5504091, 12.9355162 ] ] ] } },
{ "type": "Feature", "properties": { "name": "JHS school", "amenity": "school", "building": "yes", "capacity": null, "emergency": null, "leisure": null }, "geometry": { "type": "Polygon", "coordinates": [ [ [ 77.5503081, 12.9374359 ], [ 77.5505338, 12.9372735 ], [ 77.5504702, 12.9371895 ], [ 77.5502445, 12.9373519 ], [ 77.5503081, 12.9374359 ] ] ] } },
{ "type": "Feature", "properties": { "name": "Vidyashankari English School", "amenity": "school", "building": "yes", "capacity": null, "emergency": null, "leisure": null }, "geometry": { "type": "Polygon", "coordinates": [ [ [ 77.5522685, 12.9380869 ], [ 77.5523832, 12.9380527 ], [ 77.5523581, 12.9379728 ], [ 77.5522434, 12.938007 ], [ 77.5522685, 12.9380869 ] ] ] } },
{ "type": "Feature", "properties": { "name": "VSS Public School", "amenity": "school", "building": "yes", "capacity": null, "emergency": null, "leisure": null }, "geometry": { "type": "Polygon", "coordinates": [ [ [ 77.5515062, 12.9381737 ], [ 77.5517362, 12.9381052 ], [ 77.5516882, 12.937952 ], [ 77.5514581, 12.9380206 ], [ 77.5515062, 12.9381737 ] ] ] } },
{ "type": "Feature", "properties": { "name": "Ragigudda Sri Prasanna Anjaneya Gurappanapalya", "amenity": "school", "building": "yes", "capacity": null, "emergency": null, "leisure": null }, "geometry": { "type": "Polygon", "coordinates": [ [ [ 77.5938689, 12.914857 ], [ 77.5942829, 12.9148398 ], [ 77.5942709, 12.9145665 ], [ 77.593857, 12.9145837 ], [ 77.5938689, 12.914857 ] ] ] } },
{ "type": "Feature", "properties": { "name": "Rural DIET, Rajajinagar", "amenity": "college", "building": "yes", "capacity": null, "emergency": null, "leisure": null }, "geometry": { "type": "Polygon", "coordinates": [ [ [ 77.5529547, 12.9936387 ], [ 77.5536665, 12.9936171 ], [ 77.5536516, 12.993117 ], [ 77.5529397, 12.9931358 ], [ 77.5529547, 12.9936387 ] ] ] } },
{ "type": "Feature", "properties": { "name": "Government High School", "amenity": "school", "building": "school", "capacity": "180", "emergency": null, "leisure": null }, "geometry": { "type": "Polygon", "coordinates": [ [ [ 77.5959664, 12.9184303 ], [ 77.5958695, 12.9184322 ], [ 77.5958712, 12.9185171 ], [ 77.5959904, 12.9185149 ], [ 77.5959925, 12.9186186 ], [ 77.5960799, 12.918617 ], [ 77.5960749, 12.9183685 ], [ 77.5959653, 12.9183706 ], [ 77.5959664, 12.9184303 ] ] ] } },
{ "type": "Feature", "properties": { "name": "Oxford College", "amenity": "college", "building": null, "capacity": null, "emergency": null, "leisure": null }, "geometry": { "type": "Polygon", "coordinates": [ [ [ 77.6300441, 12.9008691 ], [ 77.630096, 12.9013335 ], [ 77.6306548, 12.9020212 ], [ 77.6313796, 12.9024308 ], [ 77.6313883, 12.9023035 ], [ 77.6314303, 12.9020777 ], [ 77.6320666, 12.9010572 ], [ 77.6312572, 12.900746 ], [ 77.6306397, 12.9008328 ], [ 77.6305667, 12.9006005 ], [ 77.6305425, 12.9001991 ], [ 77.6304879, 12.8995892 ], [ 77.6298025, 12.8996089 ], [ 77.6298331, 12.8998613 ], [ 77.629921, 12.900587 ], [ 77.6299348, 12.9007007 ], [ 77.6300441, 12.9008691 ] ] ] } },
{ "type": "Feature", "properties": { "name": "Sri Saraswati Vidya Mandira School", "amenity": "school", "building": "yes", "capacity": null, "emergency": null, "leisure": null }, "geometry": { "type": "Polygon", "coordinates": [ [ [ 77.5558572, 12.9270729 ], [ 77.5560407, 12.9271354 ], [ 77.5560831, 12.9270171 ], [ 77.5558997, 12.9269546 ], [ 77.5558572, 12.9270729 ] ] ] } },
{ "type": "Feature", "properties": { "name": "Karnataka Judicial Academy", "amenity": "college", "building": null, "capacity": null, "emergency": null, "leisure": null }, "geometry": { "type": "Polygon", "coordinates": [ [ [ 77.5815251, 12.9854475 ], [ 77.5817092, 12.9856012 ], [ 77.5818988, 12.9859455 ], [ 77.5820884, 12.9858136 ], [ 77.5828022, 12.9856902 ], [ 77.5827861, 12.9850713 ], [ 77.5827827, 12.9849378 ], [ 77.5826196, 12.9849403 ], [ 77.5821129, 12.9849477 ], [ 77.5815251, 12.9854475 ] ] ] } },
{ "type": "Feature", "properties": { "name": "Florence School", "amenity": "school", "building": null, "capacity": null, "emergency": null, "leisure": null }, "geometry": { "type": "Polygon", "coordinates": [ [ [ 77.5926382, 13.0222832 ], [ 77.5931405, 13.0221271 ], [ 77.5930414, 13.0217705 ], [ 77.5926116, 13.0218823 ], [ 77.5926382, 13.0222832 ] ] ] } },
{ "type": "Feature", "properties": { "name": "VLS International School", "amenity": "school", "building": "school", "capacity": null, "emergency": null, "leisure": null }, "geometry": { "type": "Polygon", "coordinates": [ [ [ 77.5356049, 12.9915463 ], [ 77.5358101, 12.9915155 ], [ 77.5357337, 12.9911888 ], [ 77.5355205, 12.9912189 ], [ 77.5356049, 12.9915463 ] ] ] } },
{ "type": "Feature", "properties": { "name": "St Josephs College of Commerce", "amenity": "college", "building": null, "capacity": null, "emergency": null, "leisure": null }, "geometry": { "type": "Polygon", "coordinates": [ [ [ 77.6067343, 12.9700277 ], [ 77.6067859, 12.9702246 ], [ 77.6068367, 12.9704012 ], [ 77.6072216, 12.9702907 ], [ 77.6073052, 12.9704558 ], [ 77.6075091, 12.9703492 ], [ 77.6075555, 12.9703247 ], [ 77.6077621, 12.9702155 ], [ 77.6080104, 12.9700834 ], [ 77.6080726, 12.9700503 ], [ 77.6080642, 12.9695368 ], [ 77.607615, 12.9696296 ], [ 77.6073279, 12.9697289 ], [ 77.6071588, 12.9697874 ], [ 77.6067343, 12.9700277 ] ] ] } },
{ "type": "Feature", "properties": { "name": "Smt. Kamalabai Educational Institution", "amenity": "school", "building": null, "capacity": null, "emergency": null, "leisure": null }, "geometry": { "type": "Polygon", "coordinates": [ [ [ 77.5971629, 12.9885823 ], [ 77.5967654, 12.9880996 ], [ 77.5964852, 12.9878024 ], [ 77.5961328, 12.9874287 ], [ 77.5962754, 12.9872947 ], [ 77.5964918, 12.9870862 ], [ 77.5965582, 12.9870269 ], [ 77.5963313, 12.9867856 ], [ 77.596236, 12.9868708 ], [ 77.5961246, 12.9867523 ], [ 77.5963376, 12.9865395 ], [ 77.5965644, 12.9862978 ], [ 77.5968618, 12.9865838 ], [ 77.5971651, 12.9868806 ], [ 77.5972016, 12.9869188 ], [ 77.597221, 12.9869375 ], [ 77.5972978, 12.9870471 ], [ 77.5976082, 12.9874461 ], [ 77.5979378, 12.9872321 ], [ 77.5980918, 12.9875622 ], [ 77.5979178, 12.9877274 ], [ 77.5979888, 12.9878016 ], [ 77.5981516, 12.9879621 ], [ 77.5984505, 12.9883055 ], [ 77.5984794, 12.988399 ], [ 77.5976276, 12.9890384 ], [ 77.5971629, 12.9885823 ] ] ] } },
{ "type": "Feature", "properties": { "name": "Sri Chaitanya School", "amenity": "school", "building": null, "capacity": null, "emergency": null, "leisure": null }, "geometry": { "type": "Polygon", "coordinates": [ [ [ 77.7001753, 12.9563765 ], [ 77.7000445, 12.9557825 ], [ 77.7005492, 12.9556372 ], [ 77.70069, 12.9560672 ], [ 77.70052, 12.9561264 ], [ 77.7005487, 12.9562908 ], [ 77.7001753, 12.9563765 ] ] ] } },
{ "type": "Feature", "properties": { "name": "BEL Academy for Excellence", "amenity": "college", "building": null, "capacity": null, "emergency": null, "leisure": null }, "geometry": { "type": "Polygon", "coordinates": [ [ [ 77.5615193, 13.0435254 ], [ 77.5614475, 13.0434619 ], [ 77.5614427, 13.0433558 ], [ 77.5620787, 13.0422062 ], [ 77.5630383, 13.0438565 ], [ 77.5638359, 13.0452664 ], [ 77.5626827, 13.0444368 ], [ 77.5626363, 13.0443382 ], [ 77.5625729, 13.0442921 ], [ 77.5615193, 13.0435254 ] ] ] } },
{ "type": "Feature", "properties": { "name": "Government Ayurvedic Medical College", "amenity": "college", "building": null, "capacity": null, "emergency": null, "leisure": null }, "geometry": { "type": "Polygon", "coordinates": [ [ [ 77.5732626, 12.9788496 ], [ 77.5734339, 12.9786526 ], [ 77.5749337, 12.9789181 ], [ 77.5748691, 12.979189 ], [ 77.5741023, 12.9790686 ], [ 77.5740518, 12.9792711 ], [ 77.5742399, 12.9793121 ], [ 77.5741276, 12.9797446 ], [ 77.5737531, 12.9797184 ], [ 77.5736803, 12.9804126 ], [ 77.5727908, 12.9802016 ], [ 77.5725998, 12.9801085 ], [ 77.5725099, 12.9799717 ], [ 77.5725464, 12.979802 ], [ 77.5726166, 12.979698 ], [ 77.5732626, 12.9788496 ] ] ] } },
{ "type": "Feature", "properties": { "name": null, "amenity": "school", "building": null, "capacity": null, "emergency": null, "leisure": null }, "geometry": { "type": "Polygon", "coordinates": [ [ [ 77.6125837, 12.9929298 ], [ 77.6125837, 12.9929855 ], [ 77.6137048, 12.9945748 ], [ 77.6152524, 12.993516 ], [ 77.6144565, 12.9918632 ], [ 77.6143906, 12.9918375 ], [ 77.6125837, 12.9929298 ] ] ] } },
{ "type": "Feature", "properties": { "name": null, "amenity": "college", "building": null, "capacity": null, "emergency": null, "leisure": null }, "geometry": { "type": "Polygon", "coordinates": [ [ [ 77.5132877, 12.9315347 ], [ 77.5131322, 12.9307504 ], [ 77.5137759, 12.9307975 ], [ 77.5140066, 12.9312889 ], [ 77.5141058, 12.9315033 ], [ 77.5132877, 12.9315347 ] ] ] } },
{ "type": "Feature", "properties": { "name": null, "amenity": "school", "building": null, "capacity": null, "emergency": null, "leisure": null }, "geometry": { "type": "Polygon", "coordinates": [ [ [ 77.6572291, 12.9681096 ], [ 77.6567436, 12.9681882 ], [ 77.6568104, 12.9687058 ], [ 77.6573115, 12.9686338 ], [ 77.6572291, 12.9681096 ] ] ] } },
{ "type": "Feature", "properties": { "name": "New Horizon PU College", "amenity": "college", "building": null, "capacity": null, "emergency": null, "leisure": null }, "geometry": { "type": "Polygon", "coordinates": [ [ [ 77.6603437, 13.0057125 ], [ 77.6605206, 13.0057711 ], [ 77.6609502, 13.0058008 ], [ 77.6611342, 13.0057574 ], [ 77.661428, 13.0055941 ], [ 77.6606086, 13.005172 ], [ 77.6603437, 13.0057125 ] ] ] } },
{ "type": "Feature", "properties": { "name": "Vidya Shilp Academy", "amenity": "school", "building": null, "capacity": null, "emergency": null, "leisure": null }, "geometry": { "type": "Polygon", "coordinates": [ [ [ 77.5980483, 13.0883747 ], [ 77.5975481, 13.0883995 ], [ 77.5967542, 13.08844 ], [ 77.5961325, 13.0884733 ], [ 77.595881, 13.0878622 ], [ 77.5966483, 13.0876662 ], [ 77.5965327, 13.0868626 ], [ 77.5982895, 13.0866127 ], [ 77.5985062, 13.0882187 ], [ 77.5980355, 13.0883232 ], [ 77.5980483, 13.0883747 ] ] ] } },
{ "type": "Feature", "properties": { "name": null, "amenity": "school", "building": null, "capacity": null, "emergency": null, "leisure": null }, "geometry": { "type": "Polygon", "coordinates": [ [ [ 77.6418851, 12.9813062 ], [ 77.6419202, 12.9816144 ], [ 77.6426013, 12.9813275 ], [ 77.6426291, 12.9812466 ], [ 77.6418851, 12.9813062 ] ] ] } },
{ "type": "Feature", "properties": { "name": "Silicon City Public School", "amenity": "school", "building": null, "capacity": null, "emergency": null, "leisure": null }, "geometry": { "type": "Polygon", "coordinates": [ [ [ 77.6414222, 12.9813762 ], [ 77.6414252, 12.9818173 ], [ 77.6415214, 12.9817779 ], [ 77.6415233, 12.9813586 ], [ 77.6414222, 12.9813762 ] ] ] } },
{ "type": "Feature", "properties": { "name": "St Anne's Degree College", "amenity": "college", "building": null, "capacity": null, "emergency": null, "leisure": null }, "geometry": { "type": "Polygon", "coordinates": [ [ [ 77.6257694, 12.9733669 ], [ 77.6261712, 12.9736022 ], [ 77.6255258, 12.9746748 ], [ 77.6251432, 12.9744541 ], [ 77.6254071, 12.973996 ], [ 77.6257694, 12.9733669 ] ] ] } },
{ "type": "Feature", "properties": { "name": "Hasnath Group of Institutions", "amenity": "college", "building": null, "capacity": null, "emergency": null, "leisure": null }, "geometry": { "type": "Polygon", "coordinates": [ [ [ 77.6148214, 12.9793271 ], [ 77.6153125, 12.9805441 ], [ 77.6156322, 12.9804216 ], [ 77.6158121, 12.9803526 ], [ 77.616196, 12.9802055 ], [ 77.6167876, 12.9799788 ], [ 77.6165927, 12.9794959 ], [ 77.6164283, 12.9790886 ], [ 77.6157947, 12.9793314 ], [ 77.6156628, 12.9790047 ], [ 77.6148214, 12.9793271 ] ] ] } },
{ "type": "Feature", "properties": { "name": "RBANMS College", "amenity": "college", "building": null, "capacity": null, "emergency": null, "leisure": null }, "geometry": { "type": "Polygon", "coordinates": [ [ [ 77.6146132, 12.9809198 ], [ 77.6146226, 12.9810567 ], [ 77.6146352, 12.9812387 ], [ 77.6147109, 12.9821699 ], [ 77.6147966, 12.9821512 ], [ 77.6149875, 12.9821096 ], [ 77.6153721, 12.981759 ], [ 77.6154193, 12.981716 ], [ 77.6155311, 12.9816537 ], [ 77.6154466, 12.9810626 ], [ 77.6153598, 12.9809751 ], [ 77.615215, 12.9809582 ], [ 77.6147548, 12.9809215 ], [ 77.6146132, 12.9809198 ] ] ] } },
{ "type": "Feature", "properties": { "name": "National Centre for Excellence School", "amenity": "school", "building": null, "capacity": null, "emergency": null, "leisure": null }, "geometry": { "type": "Polygon", "coordinates": [ [ [ 77.6550178, 12.9697404 ], [ 77.6556837, 12.9696513 ], [ 77.6557204, 12.9699765 ], [ 77.6550583, 12.9701158 ], [ 77.6550178, 12.9697404 ] ] ] } },
{ "type": "Feature", "properties": { "name": "Soundarya Institute of Management", "amenity": "college", "building": null, "capacity": null, "emergency": null, "leisure": null }, "geometry": { "type": "Polygon", "coordinates": [ [ [ 77.4936182, 13.0716802 ], [ 77.4942217, 13.0716802 ], [ 77.4951714, 13.0717422 ], [ 77.4954502, 13.0716436 ], [ 77.4954716, 13.0704313 ], [ 77.495021, 13.0704261 ], [ 77.4949995, 13.0702328 ], [ 77.4936048, 13.0702746 ], [ 77.4936182, 13.0716802 ] ] ] } },
{ "type": "Feature", "properties": { "name": "PU Cauvery College", "amenity": "college", "building": null, "capacity": null, "emergency": null, "leisure": null }, "geometry": { "type": "Polygon", "coordinates": [ [ [ 77.6449174, 12.9646329 ], [ 77.6444063, 12.9647411 ], [ 77.6443204, 12.9643427 ], [ 77.6448251, 12.9642312 ], [ 77.6449174, 12.9646329 ] ] ] } },
{ "type": "Feature", "properties": { "name": "National Public School Chikkabanavara", "amenity": "school", "building": null, "capacity": null, "emergency": null, "leisure": null }, "geometry": { "type": "Polygon", "coordinates": [ [ [ 77.5101409, 13.0711528 ], [ 77.5099276, 13.0708625 ], [ 77.5097725, 13.0710444 ], [ 77.5093302, 13.0715458 ], [ 77.5096606, 13.0721501 ], [ 77.5106502, 13.0717768 ], [ 77.5105795, 13.0715577 ], [ 77.5104869, 13.0712246 ], [ 77.5102388, 13.071286 ], [ 77.5101409, 13.0711528 ] ] ] } },
{ "type": "Feature", "properties": { "name": "Silver Spring International School", "amenity": "school", "building": null, "capacity": null, "emergency": null, "leisure": null }, "geometry": { "type": "Polygon", "coordinates": [ [ [ 77.5103578, 13.072853 ], [ 77.5103495, 13.0728591 ], [ 77.5101154, 13.0729036 ], [ 77.5097588, 13.0730408 ], [ 77.5100045, 13.0734728 ], [ 77.5100449, 13.073479 ], [ 77.5103233, 13.0733929 ], [ 77.5105433, 13.0733345 ], [ 77.5103758, 13.0729373 ], [ 77.5103578, 13.072853 ] ] ] } },
{ "type": "Feature", "properties": { "name": "RR College of Pharmacy", "amenity": "college", "building": null, "capacity": null, "emergency": null, "leisure": null }, "geometry": { "type": "Polygon", "coordinates": [ [ [ 77.5103758, 13.0729373 ], [ 77.5107072, 13.0728591 ], [ 77.5109903, 13.0727478 ], [ 77.5111754, 13.0726764 ], [ 77.5112373, 13.0725516 ], [ 77.5112594, 13.072472 ], [ 77.5117343, 13.0722848 ], [ 77.5117078, 13.0725065 ], [ 77.5117144, 13.0726958 ], [ 77.5117321, 13.0731176 ], [ 77.5117542, 13.0737846 ], [ 77.511763, 13.0741504 ], [ 77.5115554, 13.0742451 ], [ 77.5110539, 13.0744431 ], [ 77.5106894, 13.0746044 ], [ 77.5104089, 13.0747293 ], [ 77.5102233, 13.0740923 ], [ 77.5100179, 13.073492 ], [ 77.5100449, 13.073479 ], [ 77.5103233, 13.0733929 ], [ 77.5105433, 13.0733345 ], [ 77.5103758, 13.0729373 ] ] ] } },
{ "type": "Feature", "properties": { "name": "Nalapad Academy", "amenity": "school", "building": null, "capacity": null, "emergency": null, "leisure": null }, "geometry": { "type": "Polygon", "coordinates": [ [ [ 77.6527844, 12.9444372 ], [ 77.6528615, 12.9447167 ], [ 77.6516517, 12.9450573 ], [ 77.6510922, 12.9457178 ], [ 77.6509762, 12.9452758 ], [ 77.6511665, 12.9452024 ], [ 77.6511572, 12.9451619 ], [ 77.6510991, 12.9449087 ], [ 77.6527844, 12.9444372 ] ] ] } },
{ "type": "Feature", "properties": { "name": null, "amenity": "school", "building": null, "capacity": null, "emergency": null, "leisure": null }, "geometry": { "type": "Polygon", "coordinates": [ [ [ 77.5703754, 12.9970141 ], [ 77.5709439, 12.9970144 ], [ 77.5709436, 12.9975815 ], [ 77.570375, 12.9975812 ], [ 77.570375, 12.9975474 ], [ 77.5703754, 12.9970141 ] ] ] } },
{ "type": "Feature", "properties": { "name": "Indian Institute of Psychology & Research", "amenity": "college", "building": null, "capacity": null, "emergency": null, "leisure": null }, "geometry": { "type": "Polygon", "coordinates": [ [ [ 77.6134072, 12.9299666 ], [ 77.6143025, 12.9305029 ], [ 77.6135952, 12.9315972 ], [ 77.6134751, 12.9317051 ], [ 77.6128654, 12.9302915 ], [ 77.6133705, 12.9299851 ], [ 77.6134072, 12.9299666 ] ] ] } },
{ "type": "Feature", "properties": { "name": "Vidya Bharathi School", "amenity": "school", "building": null, "capacity": null, "emergency": null, "leisure": null }, "geometry": { "type": "Polygon", "coordinates": [ [ [ 77.5465034, 13.0028216 ], [ 77.546598, 13.0026741 ], [ 77.546793, 13.0027927 ], [ 77.5468273, 13.0028135 ], [ 77.5467386, 13.0029633 ], [ 77.5465034, 13.0028216 ] ] ] } },
{ "type": "Feature", "properties": { "name": "Hoodi Primary School", "amenity": "school", "building": null, "capacity": null, "emergency": null, "leisure": null }, "geometry": { "type": "Polygon", "coordinates": [ [ [ 77.7184258, 12.9956191 ], [ 77.7185733, 12.9955694 ], [ 77.7187181, 12.995572 ], [ 77.7188093, 12.995572 ], [ 77.718771, 12.9951134 ], [ 77.7184414, 12.9951846 ], [ 77.7184258, 12.9956191 ] ] ] } },
{ "type": "Feature", "properties": { "name": "Indira Gandhi National Open University", "amenity": "college", "building": null, "capacity": null, "emergency": null, "leisure": null }, "geometry": { "type": "Polygon", "coordinates": [ [ [ 77.5981512, 12.9534048 ], [ 77.5978717, 12.9528963 ], [ 77.5970083, 12.9533476 ], [ 77.5972726, 12.9538521 ], [ 77.5981512, 12.9534048 ] ] ] } },
{ "type": "Feature", "properties": { "name": "Bangalore Public School", "amenity": "school", "building": null, "capacity": null, "emergency": null, "leisure": null }, "geometry": { "type": "Polygon", "coordinates": [ [ [ 77.645041, 12.9633339 ], [ 77.6450634, 12.9634244 ], [ 77.6453119, 12.9633656 ], [ 77.6452881, 12.9632751 ], [ 77.645041, 12.9633339 ] ] ] } },
{ "type": "Feature", "properties": { "name": "Rajarajeshwari Medical College and Hospital", "amenity": "college", "building": null, "capacity": null, "emergency": null, "leisure": null }, "geometry": { "type": "Polygon", "coordinates": [ [ [ 77.4630371, 12.8917331 ], [ 77.4637762, 12.8908142 ], [ 77.4643616, 12.8913498 ], [ 77.4641275, 12.8917502 ], [ 77.4649121, 12.8919125 ], [ 77.4650687, 12.8916691 ], [ 77.4653021, 12.8919308 ], [ 77.4653357, 12.8922699 ], [ 77.4653529, 12.8924068 ], [ 77.4645223, 12.8934704 ], [ 77.4616901, 12.8969992 ], [ 77.4611221, 12.8963981 ], [ 77.461069, 12.8963408 ], [ 77.4609941, 12.8962683 ], [ 77.459865, 12.8948099 ], [ 77.4600512, 12.8946597 ], [ 77.460478, 12.8952429 ], [ 77.4608698, 12.8950484 ], [ 77.4613337, 12.8948746 ], [ 77.4615701, 12.8947908 ], [ 77.4626161, 12.8944665 ], [ 77.462488, 12.8941265 ], [ 77.4635771, 12.8936002 ], [ 77.4632875, 12.8924725 ], [ 77.4631094, 12.8917952 ], [ 77.4630371, 12.8917331 ] ] ] } },
{ "type": "Feature", "properties": { "name": "National Hill View Public School", "amenity": "school", "building": null, "capacity": null, "emergency": null, "leisure": null }, "geometry": { "type": "Polygon", "coordinates": [ [ [ 77.5224757, 12.9225712 ], [ 77.5238083, 12.9222631 ], [ 77.5239661, 12.9229929 ], [ 77.5240521, 12.9235283 ], [ 77.5241378, 12.9240784 ], [ 77.5235951, 12.924098 ], [ 77.5233054, 12.9241505 ], [ 77.5233339, 12.9251469 ], [ 77.5233348, 12.9252126 ], [ 77.5231577, 12.9251911 ], [ 77.5226522, 12.9232492 ], [ 77.5224757, 12.9225712 ] ] ] } },
{ "type": "Feature", "properties": { "name": "IIHS, Bengaluru City Campus", "amenity": "college", "building": null, "capacity": null, "emergency": null, "leisure": null }, "geometry": { "type": "Polygon", "coordinates": [ [ [ 77.5809022, 13.0057677 ], [ 77.5810976, 13.0056611 ], [ 77.5810826, 13.005635 ], [ 77.5809155, 13.0053442 ], [ 77.5807188, 13.0054514 ], [ 77.5807582, 13.0055199 ], [ 77.5808927, 13.0057519 ], [ 77.5809022, 13.0057677 ] ] ] } },
{ "type": "Feature", "properties": { "name": "Government Higher Primary School", "amenity": "school", "building": null, "capacity": null, "emergency": null, "leisure": null }, "geometry": { "type": "Polygon", "coordinates": [ [ [ 77.6295753, 12.9450108 ], [ 77.6295256, 12.9446829 ], [ 77.6295213, 12.9445877 ], [ 77.6298682, 12.94459 ], [ 77.6297645, 12.9448284 ], [ 77.6296987, 12.9449918 ], [ 77.6295753, 12.9450108 ] ] ] } },
{ "type": "Feature", "properties": { "name": "VLS International School grounds", "amenity": "school", "building": null, "capacity": null, "emergency": null, "leisure": "pitch" }, "geometry": { "type": "Polygon", "coordinates": [ [ [ 77.5355059, 12.991158 ], [ 77.5354772, 12.9910435 ], [ 77.5356399, 12.9910048 ], [ 77.5356686, 12.9911194 ], [ 77.5355059, 12.991158 ] ] ] } },
{ "type": "Feature", "properties": { "name": "International Instittute of Hotel Management", "amenity": "college", "building": "yes", "capacity": null, "emergency": null, "leisure": null }, "geometry": { "type": "Polygon", "coordinates": [ [ [ 77.6460209, 12.9795526 ], [ 77.6461541, 12.9795612 ], [ 77.6461682, 12.9793534 ], [ 77.646035, 12.9793448 ], [ 77.6460209, 12.9795526 ] ] ] } },
{ "type": "Feature", "properties": { "name": "International Instittute of Hotel Management", "amenity": "college", "building": "yes", "capacity": null, "emergency": null, "leisure": null }, "geometry": { "type": "Polygon", "coordinates": [ [ [ 77.6461597, 12.9795879 ], [ 77.6462949, 12.9795998 ], [ 77.6463177, 12.9793528 ], [ 77.6461825, 12.9793409 ], [ 77.6461597, 12.9795879 ] ] ] } },
{ "type": "Feature", "properties": { "name": "Annaswamy Mudaliar High School", "amenity": "school", "building": null, "capacity": null, "emergency": null, "leisure": null }, "geometry": { "type": "Polygon", "coordinates": [ [ [ 77.6149777, 12.9981313 ], [ 77.6133013, 12.9992629 ], [ 77.6137144, 12.9997621 ], [ 77.6144922, 12.9996706 ], [ 77.6144814, 12.9995138 ], [ 77.6147027, 12.9994916 ], [ 77.6146653, 12.9992034 ], [ 77.615152, 12.9991401 ], [ 77.6151467, 12.9989911 ], [ 77.61549, 12.998816 ], [ 77.6149777, 12.9981313 ] ] ] } },
{ "type": "Feature", "properties": { "name": null, "amenity": "school", "building": null, "capacity": null, "emergency": null, "leisure": null }, "geometry": { "type": "Polygon", "coordinates": [ [ [ 77.5647672, 12.9482687 ], [ 77.5655218, 12.9482742 ], [ 77.5660308, 12.9482778 ], [ 77.5660325, 12.9480571 ], [ 77.5660377, 12.9473677 ], [ 77.5647741, 12.9473586 ], [ 77.5647672, 12.9482687 ] ] ] } },
{ "type": "Feature", "properties": { "name": "Government Sanskrit College", "amenity": "school", "building": null, "capacity": null, "emergency": null, "leisure": null }, "geometry": { "type": "Polygon", "coordinates": [ [ [ 77.5725466, 12.9594574 ], [ 77.5718908, 12.959383 ], [ 77.5720316, 12.9585896 ], [ 77.572619, 12.9586628 ], [ 77.5725466, 12.9594574 ] ] ] } },
{ "type": "Feature", "properties": { "name": "Sharada Stree Samaja School", "amenity": "school", "building": null, "capacity": null, "emergency": null, "leisure": null }, "geometry": { "type": "Polygon", "coordinates": [ [ [ 77.5701134, 12.9604409 ], [ 77.5694882, 12.9604188 ], [ 77.5695085, 12.9598731 ], [ 77.5701337, 12.9598951 ], [ 77.5701134, 12.9604409 ] ] ] } },
{ "type": "Feature", "properties": { "name": "SB Nursing College", "amenity": "college", "building": null, "capacity": null, "emergency": null, "leisure": null }, "geometry": { "type": "Polygon", "coordinates": [ [ [ 77.5730117, 13.1040313 ], [ 77.5725477, 13.1040705 ], [ 77.5725825, 13.1052748 ], [ 77.5727783, 13.1052696 ], [ 77.5727783, 13.1048829 ], [ 77.5729433, 13.1048751 ], [ 77.5730117, 13.1040313 ] ] ] } },
{ "type": "Feature", "properties": { "name": "Shrada Vidyanikethan", "amenity": "school", "building": null, "capacity": null, "emergency": null, "leisure": null }, "geometry": { "type": "Polygon", "coordinates": [ [ [ 77.5487666, 13.0851719 ], [ 77.5487271, 13.0855238 ], [ 77.5487378, 13.0856858 ], [ 77.5486949, 13.0858373 ], [ 77.5489672, 13.0861051 ], [ 77.5497258, 13.0861687 ], [ 77.5498237, 13.085367 ], [ 77.5494781, 13.0853122 ], [ 77.5487666, 13.0851719 ] ] ] } },
{ "type": "Feature", "properties": { "name": "National Public School, Vidyaranyapura", "amenity": "school", "building": null, "capacity": null, "emergency": null, "leisure": null }, "geometry": { "type": "Polygon", "coordinates": [ [ [ 77.5488129, 13.0843142 ], [ 77.548593, 13.0848471 ], [ 77.5485769, 13.0851345 ], [ 77.5487666, 13.0851719 ], [ 77.5494781, 13.0853122 ], [ 77.5493816, 13.0850457 ], [ 77.5491885, 13.0848341 ], [ 77.5491764, 13.084403 ], [ 77.5489846, 13.0843586 ], [ 77.5488129, 13.0843142 ] ] ] } },
{ "type": "Feature", "properties": { "name": "Global City International School", "amenity": "school", "building": null, "capacity": null, "emergency": null, "leisure": null }, "geometry": { "type": "Polygon", "coordinates": [ [ [ 77.6704665, 12.9770149 ], [ 77.6716669, 12.9764595 ], [ 77.6718528, 12.9768317 ], [ 77.6719384, 12.9770022 ], [ 77.6722037, 12.977518 ], [ 77.6718476, 12.977718 ], [ 77.6712154, 12.9780731 ], [ 77.6712682, 12.9781741 ], [ 77.670895, 12.9783921 ], [ 77.6705755, 12.9778507 ], [ 77.6707126, 12.9777801 ], [ 77.6705655, 12.9774079 ], [ 77.6705004, 12.977156 ], [ 77.6704665, 12.9770149 ] ] ] } },
{ "type": "Feature", "properties": { "name": "Presidency College", "amenity": "college", "building": null, "capacity": null, "emergency": null, "leisure": null }, "geometry": { "type": "Polygon", "coordinates": [ [ [ 77.598189, 13.0500605 ], [ 77.5982629, 13.0511813 ], [ 77.5978393, 13.0512257 ], [ 77.5977458, 13.0500743 ], [ 77.598189, 13.0500605 ] ] ] } },
{ "type": "Feature", "properties": { "name": null, "amenity": "school", "building": "yes", "capacity": null, "emergency": null, "leisure": null }, "geometry": { "type": "Polygon", "coordinates": [ [ [ 77.5851776, 13.0844788 ], [ 77.5851481, 13.0843462 ], [ 77.5849327, 13.0843917 ], [ 77.5849622, 13.0845243 ], [ 77.5851776, 13.0844788 ] ] ] } },
{ "type": "Feature", "properties": { "name": "Abbas Khan College", "amenity": "college", "building": null, "capacity": null, "emergency": null, "leisure": null }, "geometry": { "type": "Polygon", "coordinates": [ [ [ 77.5861426, 12.9662525 ], [ 77.5856609, 12.9663883 ], [ 77.5854445, 12.966463 ], [ 77.5853909, 12.9662996 ], [ 77.5853319, 12.9663114 ], [ 77.5852594, 12.9660082 ], [ 77.5855907, 12.9659455 ], [ 77.5861084, 12.9660605 ], [ 77.5861426, 12.9662525 ] ] ] } },
{ "type": "Feature", "properties": { "name": "National Public School Kengeri", "amenity": "school", "building": null, "capacity": null, "emergency": null, "leisure": null }, "geometry": { "type": "Polygon", "coordinates": [ [ [ 77.4889085, 12.9216908 ], [ 77.4885316, 12.9226738 ], [ 77.4885826, 12.9228385 ], [ 77.4888039, 12.9231529 ], [ 77.4893269, 12.9218477 ], [ 77.4889085, 12.9216908 ] ] ] } },
{ "type": "Feature", "properties": { "name": "Saibaba Womens School", "amenity": "school", "building": null, "capacity": null, "emergency": null, "leisure": null }, "geometry": { "type": "Polygon", "coordinates": [ [ [ 77.5554675, 12.9979078 ], [ 77.555623, 12.9969774 ], [ 77.5549638, 12.9968297 ], [ 77.5548693, 12.9977262 ], [ 77.5554675, 12.9979078 ] ] ] } },
{ "type": "Feature", "properties": { "name": "The Brigade School", "amenity": "school", "building": null, "capacity": null, "emergency": null, "leisure": null }, "geometry": { "type": "Polygon", "coordinates": [ [ [ 77.585067, 12.8920169 ], [ 77.585586, 12.891945 ], [ 77.5855646, 12.892617 ], [ 77.5850482, 12.8926732 ], [ 77.585067, 12.8920169 ] ] ] } },
{ "type": "Feature", "properties": { "name": "National Public School Kormangala", "amenity": "school", "building": null, "capacity": null, "emergency": null, "leisure": null }, "geometry": { "type": "Polygon", "coordinates": [ [ [ 77.6208939, 12.9500209 ], [ 77.6209569, 12.9499861 ], [ 77.6212507, 12.9498453 ], [ 77.6213619, 12.9497921 ], [ 77.6214379, 12.9497584 ], [ 77.621384, 12.9496266 ], [ 77.6213754, 12.9496003 ], [ 77.6213642, 12.949551 ], [ 77.6213719, 12.9495159 ], [ 77.6213828, 12.9495 ], [ 77.6215137, 12.9494157 ], [ 77.6215491, 12.9493929 ], [ 77.6216753, 12.9493429 ], [ 77.6217427, 12.9493161 ], [ 77.6218656, 12.9492674 ], [ 77.6220101, 12.949112 ], [ 77.6218553, 12.948965 ], [ 77.6215469, 12.9492827 ], [ 77.6210112, 12.9486431 ], [ 77.6209166, 12.9485302 ], [ 77.6208784, 12.9485856 ], [ 77.6206794, 12.9488744 ], [ 77.620557, 12.9490676 ], [ 77.6204777, 12.9492175 ], [ 77.6204818, 12.9492501 ], [ 77.6204916, 12.9492795 ], [ 77.6206625, 12.9495598 ], [ 77.6209815, 12.9493803 ], [ 77.6211522, 12.9496764 ], [ 77.6208001, 12.9498324 ], [ 77.6208163, 12.9498671 ], [ 77.6208939, 12.9500209 ] ] ] } },
{ "type": "Feature", "properties": { "name": "Dayanand Sagar Institutions", "amenity": "college", "building": null, "capacity": null, "emergency": null, "leisure": null }, "geometry": { "type": "Polygon", "coordinates": [ [ [ 77.5650953, 12.9087145 ], [ 77.5657738, 12.9094621 ], [ 77.5658464, 12.9094591 ], [ 77.5663374, 12.9094382 ], [ 77.5663572, 12.9094373 ], [ 77.566783, 12.909423 ], [ 77.5668414, 12.9094445 ], [ 77.5668796, 12.9094858 ], [ 77.5680531, 12.9094693 ], [ 77.5684353, 12.9091713 ], [ 77.5684827, 12.9091184 ], [ 77.568566, 12.9090256 ], [ 77.5683676, 12.9082452 ], [ 77.5682878, 12.9080392 ], [ 77.5679867, 12.9076269 ], [ 77.5679357, 12.9073079 ], [ 77.5667126, 12.9060987 ], [ 77.5659294, 12.9066686 ], [ 77.5654385, 12.9070778 ], [ 77.5651516, 12.9073994 ], [ 77.5650094, 12.9076059 ], [ 77.5649721, 12.9077057 ], [ 77.5649438, 12.9078083 ], [ 77.5649246, 12.9079129 ], [ 77.5649147, 12.9080187 ], [ 77.5649142, 12.9081249 ], [ 77.5649228, 12.9082282 ], [ 77.5649402, 12.9083304 ], [ 77.5649664, 12.9084309 ], [ 77.5650012, 12.9085288 ], [ 77.5650442, 12.9086236 ], [ 77.5650953, 12.9087145 ] ] ] } },
{ "type": "Feature", "properties": { "name": "National Public School, Rajajinagar", "amenity": "school", "building": null, "capacity": null, "emergency": null, "leisure": null }, "geometry": { "type": "Polygon", "coordinates": [ [ [ 77.5493204, 12.9848898 ], [ 77.5500725, 12.9847646 ], [ 77.5499979, 12.9839141 ], [ 77.5499938, 12.9838533 ], [ 77.5499933, 12.9838421 ], [ 77.5499902, 12.9837767 ], [ 77.5498381, 12.9837829 ], [ 77.549818, 12.9835516 ], [ 77.5497871, 12.9835529 ], [ 77.5497637, 12.9833994 ], [ 77.5495579, 12.983416 ], [ 77.5494467, 12.9834214 ], [ 77.5494963, 12.9838518 ], [ 77.549537, 12.9842177 ], [ 77.5495471, 12.9843252 ], [ 77.5492641, 12.984335 ], [ 77.5492883, 12.9847166 ], [ 77.5493204, 12.9848898 ] ] ] } },
{ "type": "Feature", "properties": { "name": "Indira Vidya Mandir School", "amenity": "school", "building": null, "capacity": null, "emergency": null, "leisure": null }, "geometry": { "type": "Polygon", "coordinates": [ [ [ 77.5556153, 12.894556 ], [ 77.5555415, 12.8942533 ], [ 77.5557631, 12.8941958 ], [ 77.5559312, 12.8941651 ], [ 77.5559747, 12.8943409 ], [ 77.5559992, 12.894319 ], [ 77.5560522, 12.8943857 ], [ 77.5559422, 12.8944543 ], [ 77.5556241, 12.8945801 ], [ 77.5556153, 12.894556 ] ] ] } },
{ "type": "Feature", "properties": { "name": null, "amenity": "school", "building": null, "capacity": null, "emergency": null, "leisure": null }, "geometry": { "type": "Polygon", "coordinates": [ [ [ 77.6778768, 12.9161828 ], [ 77.6777745, 12.9165932 ], [ 77.6777502, 12.9167025 ], [ 77.6771027, 12.916584 ], [ 77.6770558, 12.9165897 ], [ 77.6770123, 12.9162166 ], [ 77.6778768, 12.9161828 ] ] ] } },
{ "type": "Feature", "properties": { "name": "Sapthagiri Vidya Mandir", "amenity": "school", "building": null, "capacity": null, "emergency": null, "leisure": null }, "geometry": { "type": "Polygon", "coordinates": [ [ [ 77.705301, 12.9071798 ], [ 77.7044776, 12.9074543 ], [ 77.7042235, 12.9064955 ], [ 77.7050435, 12.9062255 ], [ 77.7050631, 12.9062979 ], [ 77.7052767, 12.9070898 ], [ 77.705301, 12.9071798 ] ] ] } },
{ "type": "Feature", "properties": { "name": "Government Primary School", "amenity": "school", "building": null, "capacity": null, "emergency": null, "leisure": null }, "geometry": { "type": "Polygon", "coordinates": [ [ [ 77.6810921, 12.947037 ], [ 77.6810975, 12.9473042 ], [ 77.6808252, 12.9473114 ], [ 77.6808273, 12.9471847 ], [ 77.6810049, 12.9470357 ], [ 77.6810921, 12.947037 ] ] ] } },
{ "type": "Feature", "properties": { "name": "Government Higher Primary School", "amenity": "school", "building": "yes", "capacity": null, "emergency": null, "leisure": null }, "geometry": { "type": "Polygon", "coordinates": [ [ [ 77.5699975, 13.0439901 ], [ 77.5700792, 13.0439686 ], [ 77.56998, 13.0436107 ], [ 77.5698984, 13.0436322 ], [ 77.5699975, 13.0439901 ] ] ] } },
{ "type": "Feature", "properties": { "name": "College of Nursing - ESIC", "amenity": "college", "building": null, "capacity": null, "emergency": null, "leisure": null }, "geometry": { "type": "Polygon", "coordinates": [ [ [ 77.635851, 12.9704579 ], [ 77.6354996, 12.9704422 ], [ 77.6352743, 12.9713178 ], [ 77.6358671, 12.9715531 ], [ 77.635851, 12.9704579 ] ] ] } },
{ "type": "Feature", "properties": { "name": "Kodihalli Public School", "amenity": "school", "building": null, "capacity": null, "emergency": null, "leisure": null }, "geometry": { "type": "Polygon", "coordinates": [ [ [ 77.6473553, 12.9644144 ], [ 77.6470175, 12.9645376 ], [ 77.6469396, 12.964566 ], [ 77.6468302, 12.9642895 ], [ 77.6468118, 12.9642424 ], [ 77.6469402, 12.9641889 ], [ 77.6469224, 12.9641403 ], [ 77.6472467, 12.9640511 ], [ 77.6473553, 12.9644144 ] ] ] } },
{ "type": "Feature", "properties": { "name": "Sishu Griha Senior School", "amenity": "school", "building": null, "capacity": null, "emergency": null, "leisure": null }, "geometry": { "type": "Polygon", "coordinates": [ [ [ 77.655404, 12.9732532 ], [ 77.6554361, 12.9736384 ], [ 77.6558653, 12.9736998 ], [ 77.6560834, 12.9733572 ], [ 77.655404, 12.9732532 ] ] ] } },
{ "type": "Feature", "properties": { "name": "Silicon City College", "amenity": "college", "building": null, "capacity": null, "emergency": null, "leisure": null }, "geometry": { "type": "Polygon", "coordinates": [ [ [ 77.7010615, 13.0116405 ], [ 77.7021613, 13.0115428 ], [ 77.7020941, 13.0106838 ], [ 77.7014171, 13.0107306 ], [ 77.7013206, 13.0107985 ], [ 77.7010615, 13.0116405 ] ] ] } },
{ "type": "Feature", "properties": { "name": "KLE Law College", "amenity": "college", "building": "college", "capacity": null, "emergency": null, "leisure": null }, "geometry": { "type": "Polygon", "coordinates": [ [ [ 77.4820127, 12.9688007 ], [ 77.4821309, 12.9687577 ], [ 77.4820732, 12.968593 ], [ 77.4821617, 12.9680376 ], [ 77.4817401, 12.9681092 ], [ 77.4820127, 12.9688007 ] ] ] } },
{ "type": "Feature", "properties": { "name": null, "amenity": "school", "building": null, "capacity": null, "emergency": null, "leisure": null }, "geometry": { "type": "Polygon", "coordinates": [ [ [ 77.6288693, 13.0566366 ], [ 77.6293182, 13.0564859 ], [ 77.6291531, 13.0558878 ], [ 77.6294084, 13.0558074 ], [ 77.6292846, 13.0554431 ], [ 77.6285263, 13.0556466 ], [ 77.6288693, 13.0566366 ] ] ] } },
{ "type": "Feature", "properties": { "name": null, "amenity": "school", "building": null, "capacity": null, "emergency": null, "leisure": null }, "geometry": { "type": "Polygon", "coordinates": [ [ [ 77.5574621, 12.9062303 ], [ 77.5576388, 12.9064228 ], [ 77.5580747, 12.9060915 ], [ 77.5578928, 12.905869 ], [ 77.5574621, 12.9062303 ] ] ] } },
{ "type": "Feature", "properties": { "name": "Chaintanya School", "amenity": "school", "building": null, "capacity": null, "emergency": null, "leisure": null }, "geometry": { "type": "Polygon", "coordinates": [ [ [ 77.7011145, 12.9476572 ], [ 77.7009654, 12.9471616 ], [ 77.7008584, 12.9467999 ], [ 77.7008548, 12.946795 ], [ 77.7008177, 12.9466635 ], [ 77.7012293, 12.9465534 ], [ 77.7017142, 12.9464191 ], [ 77.7017966, 12.9465225 ], [ 77.7018882, 12.9466173 ], [ 77.7020875, 12.9474676 ], [ 77.7011145, 12.9476572 ] ] ] } },
{ "type": "Feature", "properties": { "name": "Carmel School", "amenity": "school", "building": null, "capacity": null, "emergency": null, "leisure": null }, "geometry": { "type": "Polygon", "coordinates": [ [ [ 77.558875, 12.9196718 ], [ 77.5587872, 12.9190232 ], [ 77.5597171, 12.9189107 ], [ 77.5598001, 12.9195593 ], [ 77.558875, 12.9196718 ] ] ] } },
{ "type": "Feature", "properties": { "name": "Nitte Meenakshi Institute of Technology", "amenity": "college", "building": null, "capacity": null, "emergency": null, "leisure": null }, "geometry": { "type": "Polygon", "coordinates": [ [ [ 77.5900005, 13.13075 ], [ 77.5900377, 13.1306562 ], [ 77.5885116, 13.1306692 ], [ 77.5882454, 13.1282694 ], [ 77.5879356, 13.1267987 ], [ 77.5874488, 13.1268968 ], [ 77.5862774, 13.1272551 ], [ 77.5858655, 13.1273811 ], [ 77.585771, 13.12741 ], [ 77.5870638, 13.1319812 ], [ 77.5872395, 13.1301775 ], [ 77.5874715, 13.1301736 ], [ 77.5876097, 13.1295062 ], [ 77.5882803, 13.1294869 ], [ 77.5884168, 13.1311752 ], [ 77.5897776, 13.1313193 ], [ 77.5900005, 13.13075 ] ] ] } },
{ "type": "Feature", "properties": { "name": "St. Henriettas English Primary School", "amenity": "school", "building": null, "capacity": null, "emergency": null, "leisure": null }, "geometry": { "type": "Polygon", "coordinates": [ [ [ 77.6109463, 12.9662303 ], [ 77.6116447, 12.9657936 ], [ 77.6116799, 12.9657716 ], [ 77.6117241, 12.9658474 ], [ 77.6118546, 12.9659662 ], [ 77.6121218, 12.9661735 ], [ 77.6118667, 12.9663558 ], [ 77.6112883, 12.9667034 ], [ 77.6109463, 12.9662303 ] ] ] } },
{ "type": "Feature", "properties": { "name": null, "amenity": "school", "building": null, "capacity": null, "emergency": null, "leisure": null }, "geometry": { "type": "Polygon", "coordinates": [ [ [ 77.6165156, 12.9609399 ], [ 77.61723, 12.9611013 ], [ 77.6171603, 12.9616868 ], [ 77.6169994, 12.9617051 ], [ 77.6169623, 12.9617768 ], [ 77.6168981, 12.9617564 ], [ 77.6164964, 12.9616242 ], [ 77.6163816, 12.9615862 ], [ 77.6164877, 12.9610738 ], [ 77.6165156, 12.9609399 ] ] ] } },
{ "type": "Feature", "properties": { "name": "Vydehi Institute of Medical Science and Research Center", "amenity": "college", "building": null, "capacity": null, "emergency": null, "leisure": null }, "geometry": { "type": "Polygon", "coordinates": [ [ [ 77.7314066, 12.9741275 ], [ 77.7303594, 12.9743445 ], [ 77.7304909, 12.9746451 ], [ 77.7283644, 12.9747915 ], [ 77.7283756, 12.9749056 ], [ 77.7271348, 12.9749864 ], [ 77.7271382, 12.9750396 ], [ 77.7271649, 12.9754301 ], [ 77.7271899, 12.9754828 ], [ 77.7272191, 12.9755195 ], [ 77.7273248, 12.9756209 ], [ 77.727332, 12.9758567 ], [ 77.7273528, 12.9763802 ], [ 77.7283787, 12.9762905 ], [ 77.7288642, 12.9762577 ], [ 77.7288754, 12.9763901 ], [ 77.729736, 12.9763105 ], [ 77.7297719, 12.9767961 ], [ 77.7298128, 12.9774111 ], [ 77.7298935, 12.9783298 ], [ 77.7308043, 12.978365 ], [ 77.7317468, 12.9783978 ], [ 77.7320244, 12.978803 ], [ 77.7324683, 12.9795882 ], [ 77.7327296, 12.980011 ], [ 77.7331622, 12.979201 ], [ 77.7330925, 12.9792005 ], [ 77.7330491, 12.9783616 ], [ 77.7325292, 12.9784081 ], [ 77.7324479, 12.9779448 ], [ 77.7314182, 12.9780249 ], [ 77.7319576, 12.9773764 ], [ 77.7323416, 12.9771542 ], [ 77.7327773, 12.9763994 ], [ 77.7330586, 12.9762388 ], [ 77.7335227, 12.9760118 ], [ 77.7334688, 12.9753056 ], [ 77.733604, 12.9749337 ], [ 77.7336091, 12.9749198 ], [ 77.7332011, 12.9744744 ], [ 77.7322001, 12.9748518 ], [ 77.7320875, 12.9744186 ], [ 77.7329795, 12.9740806 ], [ 77.7330308, 12.9740437 ], [ 77.7330779, 12.9740018 ], [ 77.7331202, 12.9739553 ], [ 77.7331573, 12.9739047 ], [ 77.7331887, 12.9738506 ], [ 77.7332146, 12.9737922 ], [ 77.7332339, 12.9737315 ], [ 77.7332463, 12.9736691 ], [ 77.7332519, 12.9736057 ], [ 77.7332375, 12.9735372 ], [ 77.7327776, 12.9735921 ], [ 77.73274, 12.9734352 ], [ 77.7313399, 12.9737306 ], [ 77.7314066, 12.9741275 ] ] ] } },
{ "type": "Feature", "properties": { "name": "Orchard International School", "amenity": "school", "building": null, "capacity": null, "emergency": null, "leisure": null }, "geometry": { "type": "Polygon", "coordinates": [ [ [ 77.4989348, 12.9251324 ], [ 77.4992219, 12.9253957 ], [ 77.4989426, 12.9258939 ], [ 77.4979724, 12.9253158 ], [ 77.4980394, 12.9252064 ], [ 77.4981873, 12.9249558 ], [ 77.4982645, 12.9248533 ], [ 77.4984917, 12.9250602 ], [ 77.4984303, 12.9251207 ], [ 77.4988149, 12.9253544 ], [ 77.4989348, 12.9251324 ] ] ] } },
{ "type": "Feature", "properties": { "name": "Government School", "amenity": "school", "building": null, "capacity": null, "emergency": null, "leisure": null }, "geometry": { "type": "Polygon", "coordinates": [ [ [ 77.7479643, 12.939468 ], [ 77.7478829, 12.9394731 ], [ 77.7477209, 12.9394833 ], [ 77.7476393, 12.9394859 ], [ 77.747639, 12.939476 ], [ 77.7475495, 12.9394841 ], [ 77.7475215, 12.939272 ], [ 77.7475191, 12.9392323 ], [ 77.7475093, 12.9390685 ], [ 77.7475057, 12.9389989 ], [ 77.7475367, 12.9389973 ], [ 77.7477605, 12.9389861 ], [ 77.7479403, 12.9389799 ], [ 77.7479509, 12.9392293 ], [ 77.7479612, 12.9394324 ], [ 77.7479643, 12.939468 ] ] ] } },
{ "type": "Feature", "properties": { "name": "Christ School CBSE", "amenity": "school", "building": null, "capacity": null, "emergency": null, "leisure": null }, "geometry": { "type": "Polygon", "coordinates": [ [ [ 77.6035488, 12.9308328 ], [ 77.6036891, 12.9314991 ], [ 77.6037434, 12.9316408 ], [ 77.6045439, 12.9316257 ], [ 77.604516, 12.9308106 ], [ 77.6040273, 12.9308219 ], [ 77.6035488, 12.9308328 ] ] ] } },
{ "type": "Feature", "properties": { "name": "Nallurahalli Government School", "amenity": "school", "building": null, "capacity": null, "emergency": null, "leisure": null }, "geometry": { "type": "Polygon", "coordinates": [ [ [ 77.727416, 12.969729 ], [ 77.7272477, 12.9698709 ], [ 77.7271408, 12.9699611 ], [ 77.726688, 12.9702913 ], [ 77.7279094, 12.9702857 ], [ 77.7279496, 12.9700165 ], [ 77.728026, 12.9698505 ], [ 77.7280288, 12.9697342 ], [ 77.7279561, 12.9696253 ], [ 77.7276467, 12.9696686 ], [ 77.727416, 12.969729 ] ] ] } },
{ "type": "Feature", "properties": { "name": "Sudarshan Vidya Mandir", "amenity": "school", "building": null, "capacity": null, "emergency": null, "leisure": null }, "geometry": { "type": "Polygon", "coordinates": [ [ [ 77.5941543, 12.9249887 ], [ 77.5938821, 12.9249809 ], [ 77.5938942, 12.9252005 ], [ 77.5938888, 12.9254161 ], [ 77.5939005, 12.9257302 ], [ 77.594161, 12.9257351 ], [ 77.5941543, 12.9249887 ] ] ] } },
{ "type": "Feature", "properties": { "name": "Vimanapura East Extension Primary School", "amenity": "school", "building": null, "capacity": null, "emergency": null, "leisure": null }, "geometry": { "type": "Polygon", "coordinates": [ [ [ 77.6958936, 12.9603957 ], [ 77.6962003, 12.9604969 ], [ 77.6962877, 12.9606059 ], [ 77.6956037, 12.9616578 ], [ 77.6949484, 12.9613778 ], [ 77.6944649, 12.9611713 ], [ 77.6932709, 12.9609664 ], [ 77.6934474, 12.9599265 ], [ 77.6950664, 12.9602374 ], [ 77.6950665, 12.9600839 ], [ 77.6958811, 12.9603139 ], [ 77.6958936, 12.9603957 ] ] ] } },
{ "type": "Feature", "properties": { "name": "Presidency School", "amenity": "school", "building": null, "capacity": null, "emergency": null, "leisure": null }, "geometry": { "type": "Polygon", "coordinates": [ [ [ 77.6606086, 13.005172 ], [ 77.6607455, 13.0048944 ], [ 77.661692, 13.0054072 ], [ 77.661428, 13.0055941 ], [ 77.6613038, 13.0055248 ], [ 77.6606086, 13.005172 ] ] ] } },
{ "type": "Feature", "properties": { "name": "Devamata Central School", "amenity": "school", "building": null, "capacity": null, "emergency": null, "leisure": null }, "geometry": { "type": "Polygon", "coordinates": [ [ [ 77.6561818, 13.02681 ], [ 77.6563749, 13.0267656 ], [ 77.656053, 13.0257778 ], [ 77.6556104, 13.0259137 ], [ 77.6558813, 13.0268779 ], [ 77.6561818, 13.02681 ] ] ] } },
{ "type": "Feature", "properties": { "name": null, "amenity": "college", "building": null, "capacity": "30", "emergency": null, "leisure": null }, "geometry": { "type": "Polygon", "coordinates": [ [ [ 77.6417962, 13.05745 ], [ 77.641969, 13.0574878 ], [ 77.6419334, 13.0576469 ], [ 77.6418957, 13.0577992 ], [ 77.6420289, 13.0579888 ], [ 77.6421247, 13.0575781 ], [ 77.6422194, 13.0575834 ], [ 77.6422474, 13.057434 ], [ 77.641822, 13.0573348 ], [ 77.6417962, 13.05745 ] ] ] } },
{ "type": "Feature", "properties": { "name": "Royal College of Management Studies", "amenity": "college", "building": null, "capacity": null, "emergency": null, "leisure": null }, "geometry": { "type": "Polygon", "coordinates": [ [ [ 77.6339575, 13.0281134 ], [ 77.6339271, 13.0280466 ], [ 77.6339001, 13.0280293 ], [ 77.6338485, 13.0279017 ], [ 77.6338493, 13.0278417 ], [ 77.6338154, 13.0277662 ], [ 77.6336875, 13.0278207 ], [ 77.6337231, 13.0279001 ], [ 77.6337421, 13.027892 ], [ 77.6337674, 13.0279482 ], [ 77.6337481, 13.0279565 ], [ 77.6337933, 13.0280567 ], [ 77.6338095, 13.0280497 ], [ 77.6338314, 13.0280982 ], [ 77.6338128, 13.0281062 ], [ 77.6338393, 13.0281644 ], [ 77.6339575, 13.0281134 ] ] ] } },
{ "type": "Feature", "properties": { "name": "VVS Sardar Patel High School", "amenity": "school", "building": null, "capacity": null, "emergency": null, "leisure": null }, "geometry": { "type": "Polygon", "coordinates": [ [ [ 77.5522844, 13.0041699 ], [ 77.5528748, 13.0042312 ], [ 77.5527627, 13.0037763 ], [ 77.5523429, 13.0037068 ], [ 77.5522844, 13.0041699 ] ] ] } },
{ "type": "Feature", "properties": { "name": "Sacred Heart Girls High School", "amenity": "school", "building": null, "capacity": null, "emergency": null, "leisure": null }, "geometry": { "type": "Polygon", "coordinates": [ [ [ 77.6621214, 12.9658609 ], [ 77.6617663, 12.9654989 ], [ 77.6617663, 12.9653875 ], [ 77.6616805, 12.9652641 ], [ 77.6615458, 12.964922 ], [ 77.6619316, 12.9645613 ], [ 77.6622643, 12.9650573 ], [ 77.6625011, 12.9652999 ], [ 77.6621214, 12.9658609 ] ] ] } },
{ "type": "Feature", "properties": { "name": "HAL West Primary School", "amenity": "school", "building": null, "capacity": null, "emergency": null, "leisure": null }, "geometry": { "type": "Polygon", "coordinates": [ [ [ 77.6652296, 12.960905 ], [ 77.6651996, 12.9602274 ], [ 77.6641777, 12.9602742 ], [ 77.6642047, 12.9609546 ], [ 77.6652296, 12.960905 ] ] ] } },
{ "type": "Feature", "properties": { "name": "Sacred Heart Degree College", "amenity": "college", "building": null, "capacity": null, "emergency": null, "leisure": null }, "geometry": { "type": "Polygon", "coordinates": [ [ [ 77.6611866, 12.9642234 ], [ 77.6608816, 12.9647709 ], [ 77.6608702, 12.9649215 ], [ 77.6614778, 12.9648036 ], [ 77.6615458, 12.964922 ], [ 77.6619316, 12.9645613 ], [ 77.6618382, 12.9644525 ], [ 77.6614972, 12.9643647 ], [ 77.6611866, 12.9642234 ] ] ] } },
{ "type": "Feature", "properties": { "name": "Auro Mirra International School", "amenity": "school", "building": null, "capacity": null, "emergency": null, "leisure": null }, "geometry": { "type": "Polygon", "coordinates": [ [ [ 77.6165927, 12.9794959 ], [ 77.6164283, 12.9790886 ], [ 77.6162347, 12.9786088 ], [ 77.6169398, 12.9783386 ], [ 77.6172978, 12.9792256 ], [ 77.6165927, 12.9794959 ] ] ] } },
{ "type": "Feature", "properties": { "name": "Sri Chaitanya PU and CBSE college", "amenity": "school", "building": null, "capacity": null, "emergency": null, "leisure": null }, "geometry": { "type": "Polygon", "coordinates": [ [ [ 77.6963257, 12.9092976 ], [ 77.6959475, 12.909478 ], [ 77.6961728, 12.9099917 ], [ 77.696382, 12.9103904 ], [ 77.696425, 12.9104323 ], [ 77.6965376, 12.9102754 ], [ 77.6969775, 12.9098244 ], [ 77.696669, 12.9094571 ], [ 77.6964571, 12.9092296 ], [ 77.6963257, 12.9092976 ] ] ] } },
{ "type": "Feature", "properties": { "name": "National Public School, Banashankari", "amenity": "school", "building": null, "capacity": null, "emergency": null, "leisure": null }, "geometry": { "type": "Polygon", "coordinates": [ [ [ 77.5271779, 12.9002838 ], [ 77.5279252, 12.8998457 ], [ 77.5280014, 12.899801 ], [ 77.5283243, 12.899766 ], [ 77.5282448, 12.8990741 ], [ 77.527559, 12.8990855 ], [ 77.5272129, 12.8990913 ], [ 77.5271407, 12.897497 ], [ 77.5278847, 12.8973033 ], [ 77.5280446, 12.8972617 ], [ 77.5279239, 12.896731 ], [ 77.5265774, 12.8968617 ], [ 77.5268134, 12.8977454 ], [ 77.5269583, 12.8977114 ], [ 77.5271779, 12.9002838 ] ] ] } },
{ "type": "Feature", "properties": { "name": "Bethesda International School", "amenity": "school", "building": null, "capacity": null, "emergency": null, "leisure": null }, "geometry": { "type": "Polygon", "coordinates": [ [ [ 77.4852498, 12.9288378 ], [ 77.4859384, 12.9285814 ], [ 77.4861359, 12.9285194 ], [ 77.4858175, 12.9276757 ], [ 77.484941, 12.927959 ], [ 77.4852498, 12.9288378 ] ] ] } },
{ "type": "Feature", "properties": { "name": "BBMP College", "amenity": "school", "building": null, "capacity": null, "emergency": null, "leisure": null }, "geometry": { "type": "Polygon", "coordinates": [ [ [ 77.6300205, 12.9742881 ], [ 77.630544, 12.9740173 ], [ 77.63081, 12.9737959 ], [ 77.6306142, 12.973423 ], [ 77.6304903, 12.9734561 ], [ 77.6297652, 12.9738976 ], [ 77.6300205, 12.9742881 ] ] ] } },
{ "type": "Feature", "properties": { "name": "Sri Ramakrishna High School", "amenity": "school", "building": null, "capacity": null, "emergency": null, "leisure": null }, "geometry": { "type": "Polygon", "coordinates": [ [ [ 77.6307355, 12.9747652 ], [ 77.6305816, 12.9748306 ], [ 77.6304357, 12.9744888 ], [ 77.630592, 12.9744176 ], [ 77.6307355, 12.9747652 ] ] ] } },
{ "type": "Feature", "properties": { "name": "Brindavan Group of Institutions", "amenity": "college", "building": null, "capacity": null, "emergency": null, "leisure": null }, "geometry": { "type": "Polygon", "coordinates": [ [ [ 77.6203776, 13.1216629 ], [ 77.6206238, 13.1216699 ], [ 77.6203889, 13.1235382 ], [ 77.6203559, 13.1239093 ], [ 77.6203417, 13.1243073 ], [ 77.6210284, 13.124362 ], [ 77.621027, 13.1249677 ], [ 77.621026, 13.1253752 ], [ 77.6210573, 13.126254 ], [ 77.6202463, 13.1263678 ], [ 77.6202088, 13.126048 ], [ 77.6201627, 13.125552 ], [ 77.6200336, 13.1255676 ], [ 77.6199077, 13.1244547 ], [ 77.6200659, 13.1244483 ], [ 77.6200563, 13.1241758 ], [ 77.6201033, 13.123594 ], [ 77.6201442, 13.1234322 ], [ 77.6203776, 13.1216629 ] ] ] } },
{ "type": "Feature", "properties": { "name": "ALT training college", "amenity": "college", "building": "yes", "capacity": null, "emergency": null, "leisure": null }, "geometry": { "type": "Polygon", "coordinates": [ [ [ 77.6713681, 12.91745 ], [ 77.6715022, 12.9175781 ], [ 77.6715398, 12.9176304 ], [ 77.6716095, 12.9176017 ], [ 77.6715049, 12.9173664 ], [ 77.6713681, 12.91745 ] ] ] } },
{ "type": "Feature", "properties": { "name": "Royal High School", "amenity": "school", "building": null, "capacity": null, "emergency": null, "leisure": null }, "geometry": { "type": "Polygon", "coordinates": [ [ [ 77.5852413, 12.8998179 ], [ 77.58579, 12.8998535 ], [ 77.5857732, 12.9000723 ], [ 77.5855616, 12.900052 ], [ 77.58553, 12.9000308 ], [ 77.5854667, 12.900027 ], [ 77.585445, 12.9000328 ], [ 77.5852334, 12.900027 ], [ 77.5852413, 12.8998179 ] ] ] } },
{ "type": "Feature", "properties": { "name": "Chaitanya E-Techno Scool", "amenity": "school", "building": "school", "capacity": null, "emergency": null, "leisure": null }, "geometry": { "type": "Polygon", "coordinates": [ [ [ 77.6748579, 12.9766254 ], [ 77.6753985, 12.9765175 ], [ 77.6753665, 12.9763655 ], [ 77.674826, 12.9764733 ], [ 77.6748579, 12.9766254 ] ] ] } },
{ "type": "Feature", "properties": { "name": "SOS Children's Village", "amenity": "school", "building": null, "capacity": null, "emergency": null, "leisure": null }, "geometry": { "type": "Polygon", "coordinates": [ [ [ 77.5979456, 12.8735362 ], [ 77.598002, 12.8733977 ], [ 77.5979793, 12.8730648 ], [ 77.5988792, 12.8729388 ], [ 77.5988645, 12.8726158 ], [ 77.5988665, 12.8724631 ], [ 77.5986017, 12.8724537 ], [ 77.5985922, 12.872093 ], [ 77.5964676, 12.872083 ], [ 77.5962702, 12.8727974 ], [ 77.5979456, 12.8735362 ] ] ] } },
{ "type": "Feature", "properties": { "name": "Institute of Hotel Management", "amenity": "college", "building": null, "capacity": null, "emergency": null, "leisure": null }, "geometry": { "type": "Polygon", "coordinates": [ [ [ 77.5870921, 12.9786548 ], [ 77.5868304, 12.9782745 ], [ 77.5862409, 12.9786496 ], [ 77.5864181, 12.978958 ], [ 77.5870921, 12.9786548 ] ] ] } },
{ "type": "Feature", "properties": { "name": "Narayana School", "amenity": "school", "building": null, "capacity": null, "emergency": null, "leisure": null }, "geometry": { "type": "Polygon", "coordinates": [ [ [ 77.7417727, 12.9690382 ], [ 77.7415587, 12.9690265 ], [ 77.7415798, 12.9680257 ], [ 77.7415095, 12.9680202 ], [ 77.741541, 12.9679099 ], [ 77.7416309, 12.9679012 ], [ 77.7417159, 12.967905 ], [ 77.7417854, 12.9683403 ], [ 77.7417727, 12.9690382 ] ] ] } },
{ "type": "Feature", "properties": { "name": null, "amenity": "college", "building": null, "capacity": null, "emergency": null, "leisure": null }, "geometry": { "type": "Polygon", "coordinates": [ [ [ 77.5969395, 12.9478738 ], [ 77.597141, 12.9481486 ], [ 77.5967118, 12.9485564 ], [ 77.5965067, 12.9483474 ], [ 77.5969395, 12.9478738 ] ] ] } },
{ "type": "Feature", "properties": { "name": null, "amenity": "school", "building": null, "capacity": null, "emergency": null, "leisure": null }, "geometry": { "type": "Polygon", "coordinates": [ [ [ 77.6516732, 13.0481707 ], [ 77.652392, 13.0477213 ], [ 77.6525208, 13.0486515 ], [ 77.6527167, 13.049085 ], [ 77.6518112, 13.0493225 ], [ 77.6516732, 13.0481707 ] ] ] } },
{ "type": "Feature", "properties": { "name": "Narayana PU College", "amenity": "school", "building": null, "capacity": null, "emergency": null, "leisure": null }, "geometry": { "type": "Polygon", "coordinates": [ [ [ 77.5585882, 13.0703222 ], [ 77.5590388, 13.0702184 ], [ 77.5589356, 13.0698898 ], [ 77.5598703, 13.0696638 ], [ 77.5597524, 13.0693358 ], [ 77.5588202, 13.0695815 ], [ 77.5583227, 13.0697277 ], [ 77.5584587, 13.0700322 ], [ 77.5584791, 13.0700779 ], [ 77.5585882, 13.0703222 ] ] ] } },
{ "type": "Feature", "properties": { "name": "Government Higher Primary School", "amenity": "school", "building": null, "capacity": null, "emergency": null, "leisure": null }, "geometry": { "type": "Polygon", "coordinates": [ [ [ 77.5665128, 13.0741798 ], [ 77.5665999, 13.0746815 ], [ 77.5657882, 13.0749039 ], [ 77.565629, 13.0743836 ], [ 77.5659472, 13.0743598 ], [ 77.5660823, 13.0743497 ], [ 77.5663928, 13.0742272 ], [ 77.5665128, 13.0741798 ] ] ] } },
{ "type": "Feature", "properties": { "name": "Aradhana Academy", "amenity": "school", "building": null, "capacity": null, "emergency": null, "leisure": null }, "geometry": { "type": "Polygon", "coordinates": [ [ [ 77.5924192, 12.8841864 ], [ 77.5913442, 12.8845693 ], [ 77.5915454, 12.8853877 ], [ 77.5924829, 12.8851139 ], [ 77.5927549, 12.885037 ], [ 77.5924192, 12.8841864 ] ] ] } },
{ "type": "Feature", "properties": { "name": "Kristu Jyoti College", "amenity": "college", "building": null, "capacity": null, "emergency": null, "leisure": null }, "geometry": { "type": "Polygon", "coordinates": [ [ [ 77.7051187, 13.0224461 ], [ 77.7049849, 13.0212452 ], [ 77.7049524, 13.0209538 ], [ 77.7029139, 13.0211628 ], [ 77.7021468, 13.0211942 ], [ 77.702069, 13.0215196 ], [ 77.7013729, 13.0215496 ], [ 77.7013421, 13.0216489 ], [ 77.7012804, 13.0226733 ], [ 77.7016945, 13.0226603 ], [ 77.7032028, 13.0225012 ], [ 77.7032157, 13.022644 ], [ 77.7051187, 13.0224461 ] ] ] } },
{ "type": "Feature", "properties": { "name": "Bharathiya Vidhyaniketan High School", "amenity": "school", "building": null, "capacity": null, "emergency": null, "leisure": null }, "geometry": { "type": "Polygon", "coordinates": [ [ [ 77.7000332, 13.0073672 ], [ 77.7005509, 13.0072339 ], [ 77.7002934, 13.0062277 ], [ 77.6997569, 13.0064237 ], [ 77.7000332, 13.0073672 ] ] ] } },
{ "type": "Feature", "properties": { "name": null, "amenity": "school", "building": null, "capacity": null, "emergency": null, "leisure": null }, "geometry": { "type": "Polygon", "coordinates": [ [ [ 77.7036059, 13.0076076 ], [ 77.7023774, 13.0076416 ], [ 77.702341, 13.007318 ], [ 77.7023077, 13.0071476 ], [ 77.7035925, 13.0070196 ], [ 77.7036059, 13.0076076 ] ] ] } },
{ "type": "Feature", "properties": { "name": "Deeksha PU College", "amenity": "school", "building": null, "capacity": null, "emergency": null, "leisure": null }, "geometry": { "type": "Polygon", "coordinates": [ [ [ 77.5319613, 12.8615406 ], [ 77.5319023, 12.8614792 ], [ 77.5317266, 12.8613248 ], [ 77.5316589, 12.8613863 ], [ 77.5315657, 12.861489 ], [ 77.5315087, 12.8615648 ], [ 77.5315167, 12.8616119 ], [ 77.5315402, 12.8616589 ], [ 77.5312337, 12.861857 ], [ 77.5308429, 12.8620445 ], [ 77.530952, 12.862278 ], [ 77.5305699, 12.8624453 ], [ 77.5306329, 12.8625003 ], [ 77.5308099, 12.8626637 ], [ 77.530915, 12.8627256 ], [ 77.5315818, 12.8624208 ], [ 77.531561, 12.8622897 ], [ 77.5321618, 12.8622662 ], [ 77.5321524, 12.8620544 ], [ 77.5321363, 12.8618897 ], [ 77.5321081, 12.8617864 ], [ 77.5320585, 12.861674 ], [ 77.5319613, 12.8615406 ] ] ] } },
{ "type": "Feature", "properties": { "name": "St Vincent Pallotti College", "amenity": "college", "building": null, "capacity": null, "emergency": null, "leisure": null }, "geometry": { "type": "Polygon", "coordinates": [ [ [ 77.6427616, 13.0306 ], [ 77.6421892, 13.0304595 ], [ 77.6418933, 13.030438 ], [ 77.6412602, 13.0304071 ], [ 77.6409813, 13.0304329 ], [ 77.6405109, 13.0304147 ], [ 77.64035, 13.0294859 ], [ 77.6402764, 13.0290421 ], [ 77.6413161, 13.0290185 ], [ 77.6423523, 13.0288953 ], [ 77.6424837, 13.0298831 ], [ 77.6427177, 13.0302649 ], [ 77.642756, 13.0303482 ], [ 77.6427159, 13.0303313 ], [ 77.6426917, 13.0304338 ], [ 77.6427777, 13.0304573 ], [ 77.6427616, 13.0306 ] ] ] } },
{ "type": "Feature", "properties": { "name": "SJR Public School", "amenity": "school", "building": null, "capacity": null, "emergency": null, "leisure": null }, "geometry": { "type": "Polygon", "coordinates": [ [ [ 77.6272675, 13.0287829 ], [ 77.6283243, 13.0285347 ], [ 77.6281956, 13.0280016 ], [ 77.6271468, 13.0282316 ], [ 77.6272675, 13.0287829 ] ] ] } },
{ "type": "Feature", "properties": { "name": "APS Public School", "amenity": "school", "building": null, "capacity": null, "emergency": null, "leisure": null }, "geometry": { "type": "Polygon", "coordinates": [ [ [ 77.5673094, 12.939449 ], [ 77.5682214, 12.9394882 ], [ 77.5681865, 12.9405705 ], [ 77.5673121, 12.9405522 ], [ 77.5673094, 12.939449 ] ] ] } },
{ "type": "Feature", "properties": { "name": "Aavishkar Academy", "amenity": "college", "building": null, "capacity": null, "emergency": null, "leisure": null }, "geometry": { "type": "Polygon", "coordinates": [ [ [ 77.624411, 12.9808712 ], [ 77.6245183, 12.9813129 ], [ 77.6249716, 12.9812371 ], [ 77.6248589, 12.9807615 ], [ 77.624411, 12.9808712 ] ] ] } },
{ "type": "Feature", "properties": { "name": "Government Girls Tamil School", "amenity": "school", "building": null, "capacity": null, "emergency": null, "leisure": null }, "geometry": { "type": "Polygon", "coordinates": [ [ [ 77.626377, 12.9801629 ], [ 77.626031, 12.9802492 ], [ 77.6255375, 12.9803171 ], [ 77.6255724, 12.9807641 ], [ 77.6261705, 12.9807693 ], [ 77.6264414, 12.9807144 ], [ 77.6264575, 12.9805419 ], [ 77.626377, 12.9801629 ] ] ] } },
{ "type": "Feature", "properties": { "name": "Shree Dhanraj Phoolchand Hindi High School", "amenity": "school", "building": null, "capacity": null, "emergency": null, "leisure": null }, "geometry": { "type": "Polygon", "coordinates": [ [ [ 77.6121117, 12.9668654 ], [ 77.6118667, 12.9663558 ], [ 77.6121218, 12.9661735 ], [ 77.6125268, 12.9664693 ], [ 77.6128231, 12.9666791 ], [ 77.612286, 12.9668197 ], [ 77.6121117, 12.9668654 ] ] ] } },
{ "type": "Feature", "properties": { "name": "Bangalore Integrated Management Academy", "amenity": "college", "building": null, "capacity": null, "emergency": null, "leisure": null }, "geometry": { "type": "Polygon", "coordinates": [ [ [ 77.4955845, 12.9241966 ], [ 77.4973832, 12.9250412 ], [ 77.4975, 12.9248139 ], [ 77.4981311, 12.92445 ], [ 77.4979707, 12.9243086 ], [ 77.4975509, 12.924673 ], [ 77.4966933, 12.9242174 ], [ 77.4960177, 12.923841 ], [ 77.4955845, 12.9241966 ] ] ] } },
{ "type": "Feature", "properties": { "name": null, "amenity": "school", "building": null, "capacity": null, "emergency": null, "leisure": null }, "geometry": { "type": "Polygon", "coordinates": [ [ [ 77.5871041, 12.8921659 ], [ 77.5870022, 12.8927751 ], [ 77.5872731, 12.8928248 ], [ 77.5873348, 12.8928143 ], [ 77.5873831, 12.8927804 ], [ 77.5875843, 12.8922182 ], [ 77.5871041, 12.8921659 ] ] ] } },
{ "type": "Feature", "properties": { "name": "TIFR Centre for Applicable Mathematics", "amenity": "college", "building": null, "capacity": null, "emergency": null, "leisure": null }, "geometry": { "type": "Polygon", "coordinates": [ [ [ 77.5761782, 13.0940759 ], [ 77.5765655, 13.0940402 ], [ 77.5765162, 13.0935101 ], [ 77.5761132, 13.0935414 ], [ 77.5761782, 13.0940759 ] ] ] } },
{ "type": "Feature", "properties": { "name": "The Mutha School", "amenity": "school", "building": null, "capacity": null, "emergency": null, "leisure": null }, "geometry": { "type": "Polygon", "coordinates": [ [ [ 77.5589454, 12.8738653 ], [ 77.5596766, 12.8735429 ], [ 77.5600852, 12.8742204 ], [ 77.5596568, 12.874328 ], [ 77.559466, 12.8743114 ], [ 77.5593168, 12.8742966 ], [ 77.5589454, 12.8738653 ] ] ] } },
{ "type": "Feature", "properties": { "name": "St. Patrick's High School", "amenity": "school", "building": null, "capacity": null, "emergency": null, "leisure": null }, "geometry": { "type": "Polygon", "coordinates": [ [ [ 77.6066125, 12.9706628 ], [ 77.606444, 12.9702016 ], [ 77.6065678, 12.9701685 ], [ 77.6065443, 12.9700973 ], [ 77.6065348, 12.9700677 ], [ 77.6063637, 12.9701308 ], [ 77.6061368, 12.9702126 ], [ 77.6060463, 12.9702453 ], [ 77.6060229, 12.9707214 ], [ 77.6060822, 12.971336 ], [ 77.6064281, 12.9713129 ], [ 77.6063724, 12.9711229 ], [ 77.6062929, 12.9707491 ], [ 77.6066125, 12.9706628 ] ] ] } },
{ "type": "Feature", "properties": { "name": "Triveni School", "amenity": "school", "building": null, "capacity": null, "emergency": null, "leisure": null }, "geometry": { "type": "Polygon", "coordinates": [ [ [ 77.5068281, 13.0551652 ], [ 77.5074128, 13.0551913 ], [ 77.5074933, 13.054478 ], [ 77.5067155, 13.0545982 ], [ 77.5068281, 13.0551652 ] ] ] } },
{ "type": "Feature", "properties": { "name": "Government School", "amenity": "school", "building": null, "capacity": null, "emergency": null, "leisure": null }, "geometry": { "type": "Polygon", "coordinates": [ [ [ 77.6421665, 13.0625882 ], [ 77.642627, 13.0625981 ], [ 77.642644, 13.0628948 ], [ 77.6422464, 13.0629659 ], [ 77.6421665, 13.0625882 ] ] ] } },
{ "type": "Feature", "properties": { "name": "Rashtrotthana Vidya Kendra", "amenity": "school", "building": null, "capacity": null, "emergency": null, "leisure": null }, "geometry": { "type": "Polygon", "coordinates": [ [ [ 77.6337853, 13.0687415 ], [ 77.6337756, 13.0684001 ], [ 77.6337665, 13.0677095 ], [ 77.6350071, 13.0675109 ], [ 77.6353369, 13.069123 ], [ 77.6337853, 13.0687415 ] ] ] } },
{ "type": "Feature", "properties": { "name": "Sri Rama Vidyalaya", "amenity": "school", "building": null, "capacity": null, "emergency": null, "leisure": null }, "geometry": { "type": "Polygon", "coordinates": [ [ [ 77.6015156, 13.0743324 ], [ 77.6024927, 13.0740879 ], [ 77.6023463, 13.0735243 ], [ 77.6014486, 13.0737456 ], [ 77.6015156, 13.0743324 ] ] ] } },
{ "type": "Feature", "properties": { "name": "National Hill View Public School", "amenity": "school", "building": null, "capacity": null, "emergency": null, "leisure": null }, "geometry": { "type": "Polygon", "coordinates": [ [ [ 77.5282189, 12.9294761 ], [ 77.52905, 12.9295867 ], [ 77.5291014, 12.9295911 ], [ 77.5292677, 12.9296512 ], [ 77.529552, 12.9294708 ], [ 77.5300053, 12.9291728 ], [ 77.529965, 12.9290081 ], [ 77.529906, 12.9288748 ], [ 77.5298565, 12.9288264 ], [ 77.5297679, 12.9287166 ], [ 77.529387, 12.9285754 ], [ 77.5292545, 12.9281025 ], [ 77.5291631, 12.9279781 ], [ 77.5287554, 12.9279454 ], [ 77.5287473, 12.9278421 ], [ 77.5282592, 12.9277742 ], [ 77.5281948, 12.9283676 ], [ 77.5283624, 12.9283911 ], [ 77.5282189, 12.9294761 ] ] ] } },
{ "type": "Feature", "properties": { "name": "Assumption English High School", "amenity": "school", "building": null, "capacity": null, "emergency": null, "leisure": null }, "geometry": { "type": "Polygon", "coordinates": [ [ [ 77.5548291, 12.9923685 ], [ 77.5550155, 12.9923868 ], [ 77.5550021, 12.9925148 ], [ 77.5549646, 12.9925723 ], [ 77.5549565, 12.9926481 ], [ 77.5548224, 12.9926429 ], [ 77.5548238, 12.9925527 ], [ 77.5549015, 12.9925553 ], [ 77.5549109, 12.9924495 ], [ 77.5548264, 12.9924403 ], [ 77.5548291, 12.9923685 ] ] ] } },
{ "type": "Feature", "properties": { "name": "Global Academy of Technology", "amenity": "college", "building": null, "capacity": null, "emergency": null, "leisure": null }, "geometry": { "type": "Polygon", "coordinates": [ [ [ 77.5266598, 12.9251706 ], [ 77.5265921, 12.9251943 ], [ 77.5252309, 12.9256697 ], [ 77.5252578, 12.9259494 ], [ 77.5254428, 12.9260096 ], [ 77.5254045, 12.9263155 ], [ 77.5255729, 12.9263403 ], [ 77.5255401, 12.9264975 ], [ 77.5255314, 12.926539 ], [ 77.5254267, 12.9265141 ], [ 77.5253718, 12.926578 ], [ 77.52507, 12.9269298 ], [ 77.5248715, 12.9273402 ], [ 77.5247891, 12.9277293 ], [ 77.5248212, 12.9277382 ], [ 77.5249325, 12.927735 ], [ 77.52542, 12.9277964 ], [ 77.5254871, 12.92785 ], [ 77.5257891, 12.9278458 ], [ 77.5261483, 12.9285663 ], [ 77.5269126, 12.928697 ], [ 77.5268563, 12.9288722 ], [ 77.5268349, 12.9290734 ], [ 77.5268724, 12.9292173 ], [ 77.5271219, 12.9293166 ], [ 77.527079, 12.9293636 ], [ 77.527366, 12.9293427 ], [ 77.5273623, 12.9293039 ], [ 77.5273509, 12.9292666 ], [ 77.527332, 12.9292322 ], [ 77.5273065, 12.9292022 ], [ 77.5272754, 12.9291777 ], [ 77.5272399, 12.9291597 ], [ 77.5271997, 12.9291487 ], [ 77.5271579, 12.929146 ], [ 77.5271165, 12.9291519 ], [ 77.5270838, 12.9291353 ], [ 77.5270564, 12.9291113 ], [ 77.5270361, 12.9290813 ], [ 77.5270242, 12.9290475 ], [ 77.5270215, 12.9290119 ], [ 77.527028, 12.9289767 ], [ 77.5270461, 12.9289198 ], [ 77.5270694, 12.9288648 ], [ 77.5270978, 12.928812 ], [ 77.527138, 12.9287523 ], [ 77.5271847, 12.9286972 ], [ 77.5272372, 12.9286473 ], [ 77.5272607, 12.9286118 ], [ 77.5272786, 12.9285733 ], [ 77.5272907, 12.9285327 ], [ 77.5272966, 12.9284909 ], [ 77.5272962, 12.9284486 ], [ 77.527288, 12.9284003 ], [ 77.5272716, 12.928354 ], [ 77.5272475, 12.928311 ], [ 77.5274223, 12.9282526 ], [ 77.527594, 12.9279729 ], [ 77.5276557, 12.9271075 ], [ 77.527241, 12.9270031 ], [ 77.5271782, 12.9269873 ], [ 77.5273177, 12.9262213 ], [ 77.5269905, 12.9262004 ], [ 77.5266598, 12.9251706 ] ] ] } },
{ "type": "Feature", "properties": { "name": "Global Academy for Learning", "amenity": "school", "building": null, "capacity": null, "emergency": null, "leisure": null }, "geometry": { "type": "Polygon", "coordinates": [ [ [ 77.5050218, 12.9254436 ], [ 77.504983, 12.9256148 ], [ 77.5047174, 12.9259756 ], [ 77.5042293, 12.9259991 ], [ 77.5041354, 12.9252279 ], [ 77.5039034, 12.9248018 ], [ 77.5043446, 12.9245364 ], [ 77.5046423, 12.9248331 ], [ 77.5049079, 12.9251442 ], [ 77.5050218, 12.9254436 ] ] ] } },
{ "type": "Feature", "properties": { "name": "VVS School and College", "amenity": "school", "building": null, "capacity": null, "emergency": null, "leisure": null }, "geometry": { "type": "Polygon", "coordinates": [ [ [ 77.5504357, 13.0050203 ], [ 77.550496, 13.0049693 ], [ 77.5505698, 13.0045456 ], [ 77.5506013, 13.0041429 ], [ 77.5501232, 13.0040945 ], [ 77.5500876, 13.0041207 ], [ 77.5504357, 13.0050203 ] ] ] } },
{ "type": "Feature", "properties": { "name": "PVP School", "amenity": "school", "building": null, "capacity": null, "emergency": null, "leisure": null }, "geometry": { "type": "Polygon", "coordinates": [ [ [ 77.5498576, 13.0050857 ], [ 77.5504129, 13.0051601 ], [ 77.5500803, 13.0043121 ], [ 77.5499716, 13.0043003 ], [ 77.5498576, 13.0050857 ] ] ] } },
{ "type": "Feature", "properties": { "name": "Indian Institute of Spirituality", "amenity": "college", "building": null, "capacity": null, "emergency": null, "leisure": null }, "geometry": { "type": "Polygon", "coordinates": [ [ [ 77.5539959, 13.005674 ], [ 77.5532174, 13.0058204 ], [ 77.5531299, 13.005837 ], [ 77.5527906, 13.0052529 ], [ 77.5535361, 13.004859 ], [ 77.5536691, 13.0047909 ], [ 77.5537784, 13.0052117 ], [ 77.5538678, 13.0051853 ], [ 77.553916, 13.0053614 ], [ 77.5539959, 13.005674 ] ] ] } },
{ "type": "Feature", "properties": { "name": "St Michael's High School", "amenity": "school", "building": null, "capacity": null, "emergency": null, "leisure": null }, "geometry": { "type": "Polygon", "coordinates": [ [ [ 77.6457171, 13.051924 ], [ 77.6447515, 13.0520507 ], [ 77.6447357, 13.051937 ], [ 77.6446496, 13.0513178 ], [ 77.6451096, 13.0512499 ], [ 77.6451015, 13.0512107 ], [ 77.6455656, 13.0511532 ], [ 77.6457171, 13.051924 ] ] ] } },
{ "type": "Feature", "properties": { "name": "Indian Academy Group of Institutions", "amenity": "college", "building": null, "capacity": null, "emergency": null, "leisure": null }, "geometry": { "type": "Polygon", "coordinates": [ [ [ 77.6352562, 13.0305966 ], [ 77.6361578, 13.0302632 ], [ 77.6360348, 13.0298889 ], [ 77.6359127, 13.029927 ], [ 77.6350256, 13.0302524 ], [ 77.6352562, 13.0305966 ] ] ] } },
{ "type": "Feature", "properties": { "name": "St. Norbert School", "amenity": "school", "building": null, "capacity": null, "emergency": null, "leisure": null }, "geometry": { "type": "Polygon", "coordinates": [ [ [ 77.6432033, 13.0456638 ], [ 77.6435593, 13.045044 ], [ 77.6437376, 13.0453498 ], [ 77.6438758, 13.0456253 ], [ 77.6432904, 13.0459149 ], [ 77.6432033, 13.0456638 ] ] ] } },
{ "type": "Feature", "properties": { "name": "Blessed Care Nivas", "amenity": "school", "building": null, "capacity": null, "emergency": null, "leisure": null }, "geometry": { "type": "Polygon", "coordinates": [ [ [ 77.6438758, 13.0456253 ], [ 77.6432904, 13.0459149 ], [ 77.6435879, 13.0465038 ], [ 77.644125, 13.0462025 ], [ 77.6438758, 13.0456253 ] ] ] } },
{ "type": "Feature", "properties": { "name": "The Indian Public School", "amenity": "school", "building": null, "capacity": null, "emergency": null, "leisure": null }, "geometry": { "type": "Polygon", "coordinates": [ [ [ 77.6189688, 13.0394235 ], [ 77.6187609, 13.0387089 ], [ 77.6176465, 13.0388277 ], [ 77.617853, 13.0395908 ], [ 77.6184337, 13.0395398 ], [ 77.6189688, 13.0394235 ] ] ] } },
{ "type": "Feature", "properties": { "name": "BGS World School", "amenity": "school", "building": null, "capacity": null, "emergency": null, "leisure": null }, "geometry": { "type": "Polygon", "coordinates": [ [ [ 77.5443524, 13.0053666 ], [ 77.5453985, 13.0056292 ], [ 77.5457807, 13.004887 ], [ 77.5445308, 13.0043095 ], [ 77.5440962, 13.0046728 ], [ 77.5443524, 13.0053666 ] ] ] } },
{ "type": "Feature", "properties": { "name": null, "amenity": "school", "building": null, "capacity": null, "emergency": null, "leisure": null }, "geometry": { "type": "Polygon", "coordinates": [ [ [ 77.5683314, 13.0548557 ], [ 77.5686157, 13.0547851 ], [ 77.5690797, 13.0545787 ], [ 77.5683619, 13.0533151 ], [ 77.5677788, 13.0540875 ], [ 77.5679419, 13.0544194 ], [ 77.5683314, 13.0548557 ] ] ] } },
{ "type": "Feature", "properties": { "name": null, "amenity": "school", "building": null, "capacity": null, "emergency": null, "leisure": null }, "geometry": { "type": "Polygon", "coordinates": [ [ [ 77.667211, 13.0641339 ], [ 77.6669267, 13.0640868 ], [ 77.666645, 13.063964 ], [ 77.6664492, 13.0638203 ], [ 77.6658967, 13.0624826 ], [ 77.666409, 13.0622971 ], [ 77.667211, 13.0641339 ] ] ] } },
{ "type": "Feature", "properties": { "name": "Kendriya Vidyalaya", "amenity": "school", "building": null, "capacity": null, "emergency": null, "leisure": null }, "geometry": { "type": "Polygon", "coordinates": [ [ [ 77.5426814, 13.0648857 ], [ 77.5431261, 13.0633662 ], [ 77.5439802, 13.0636825 ], [ 77.5440413, 13.0646616 ], [ 77.5439206, 13.0648628 ], [ 77.5439286, 13.0649961 ], [ 77.5440547, 13.0651058 ], [ 77.5440578, 13.0654289 ], [ 77.5433379, 13.065422 ], [ 77.543315, 13.0650414 ], [ 77.5426814, 13.0648857 ] ] ] } },
{ "type": "Feature", "properties": { "name": null, "amenity": "school", "building": null, "capacity": null, "emergency": null, "leisure": null }, "geometry": { "type": "Polygon", "coordinates": [ [ [ 77.6136929, 13.0388186 ], [ 77.6130921, 13.0390577 ], [ 77.6127675, 13.0381078 ], [ 77.6129687, 13.0380425 ], [ 77.6130009, 13.0381653 ], [ 77.6131738, 13.0381026 ], [ 77.613261, 13.0384148 ], [ 77.6134753, 13.0383759 ], [ 77.6136567, 13.038343 ], [ 77.6136929, 13.0388186 ] ] ] } },
{ "type": "Feature", "properties": { "name": "Seventh Day Adventist School", "amenity": "school", "building": null, "capacity": null, "emergency": null, "leisure": null }, "geometry": { "type": "Polygon", "coordinates": [ [ [ 77.6117774, 12.9942412 ], [ 77.6121858, 12.9939836 ], [ 77.6125578, 12.9946033 ], [ 77.6121506, 12.994828 ], [ 77.6117774, 12.9942412 ] ] ] } },
{ "type": "Feature", "properties": { "name": "St. Charles Girls High School", "amenity": "school", "building": null, "capacity": null, "emergency": null, "leisure": null }, "geometry": { "type": "Polygon", "coordinates": [ [ [ 77.6214551, 13.0067644 ], [ 77.6214811, 13.0068003 ], [ 77.6215518, 13.006898 ], [ 77.6217505, 13.0071886 ], [ 77.6228388, 13.0066756 ], [ 77.6223777, 13.0056187 ], [ 77.6223651, 13.0055907 ], [ 77.6221403, 13.0050913 ], [ 77.6204923, 13.0054098 ], [ 77.6209548, 13.0060605 ], [ 77.6214551, 13.0067644 ] ] ] } },
{ "type": "Feature", "properties": { "name": "Sri Kumaran Children's Academy", "amenity": "school", "building": null, "capacity": null, "emergency": null, "leisure": null }, "geometry": { "type": "Polygon", "coordinates": [ [ [ 77.5594291, 12.8835324 ], [ 77.5599521, 12.8834226 ], [ 77.5600165, 12.8836997 ], [ 77.5601917, 12.8836735 ], [ 77.5603805, 12.8836452 ], [ 77.5608614, 12.883501 ], [ 77.5618752, 12.8834121 ], [ 77.5618377, 12.8832474 ], [ 77.5612316, 12.8829938 ], [ 77.5599897, 12.8831454 ], [ 77.5593728, 12.8833258 ], [ 77.5594291, 12.8835324 ] ] ] } },
{ "type": "Feature", "properties": { "name": "IIHS, Tharangavana", "amenity": "college", "building": null, "capacity": null, "emergency": null, "leisure": null }, "geometry": { "type": "Polygon", "coordinates": [ [ [ 77.5734757, 13.0132218 ], [ 77.5732419, 13.0131278 ], [ 77.5733519, 13.0128682 ], [ 77.573588, 13.0129564 ], [ 77.5734757, 13.0132218 ] ] ] } },
{ "type": "Feature", "properties": { "name": "SJR College of Law", "amenity": "college", "building": null, "capacity": null, "emergency": null, "leisure": null }, "geometry": { "type": "Polygon", "coordinates": [ [ [ 77.5752685, 12.9814522 ], [ 77.5763297, 12.9814319 ], [ 77.5763277, 12.981605 ], [ 77.5763103, 12.9818879 ], [ 77.5762224, 12.982229 ], [ 77.5758809, 12.9822373 ], [ 77.5758614, 12.9822355 ], [ 77.5754347, 12.9817102 ], [ 77.5752685, 12.9814522 ] ] ] } },
{ "type": "Feature", "properties": { "name": "St. Francis Composite PU College", "amenity": "college", "building": null, "capacity": null, "emergency": null, "leisure": null }, "geometry": { "type": "Polygon", "coordinates": [ [ [ 77.6298237, 12.9265376 ], [ 77.6299149, 12.9270056 ], [ 77.6299283, 12.927071 ], [ 77.6294595, 12.9271467 ], [ 77.6295448, 12.9276592 ], [ 77.6308331, 12.9274081 ], [ 77.6307892, 12.9272569 ], [ 77.6306657, 12.9268865 ], [ 77.6305162, 12.9264383 ], [ 77.6298237, 12.9265376 ] ] ] } },
{ "type": "Feature", "properties": { "name": "GTHPS Puduparacheri", "amenity": "school", "building": null, "capacity": null, "emergency": null, "leisure": null }, "geometry": { "type": "Polygon", "coordinates": [ [ [ 77.6009324, 12.9593704 ], [ 77.6008373, 12.9590009 ], [ 77.6012466, 12.9589009 ], [ 77.6013416, 12.9592704 ], [ 77.6009324, 12.9593704 ] ] ] } },
{ "type": "Feature", "properties": { "name": "GMPS AkkithimmanaHalli", "amenity": "school", "building": null, "capacity": null, "emergency": null, "leisure": null }, "geometry": { "type": "Polygon", "coordinates": [ [ [ 77.6013416, 12.9592704 ], [ 77.601452, 12.9596995 ], [ 77.6010428, 12.9597995 ], [ 77.6009324, 12.9593704 ], [ 77.6013416, 12.9592704 ] ] ] } },
{ "type": "Feature", "properties": { "name": "Karnataka State Labour Institute", "amenity": "college", "building": null, "capacity": null, "emergency": null, "leisure": null }, "geometry": { "type": "Polygon", "coordinates": [ [ [ 77.496011, 13.0542181 ], [ 77.4965219, 13.0541606 ], [ 77.4965152, 13.0538758 ], [ 77.4975586, 13.0536982 ], [ 77.4970168, 13.0523133 ], [ 77.4955576, 13.0527262 ], [ 77.495563, 13.052909 ], [ 77.4959681, 13.0538653 ], [ 77.496011, 13.0542181 ] ] ] } },
{ "type": "Feature", "properties": { "name": "Venkat International School", "amenity": "school", "building": null, "capacity": null, "emergency": null, "leisure": null }, "geometry": { "type": "Polygon", "coordinates": [ [ [ 77.5528659, 12.9825949 ], [ 77.5532768, 12.9825677 ], [ 77.5532323, 12.9819317 ], [ 77.5528215, 12.981959 ], [ 77.5528659, 12.9825949 ] ] ] } },
{ "type": "Feature", "properties": { "name": "Sri Kumaran Children's Home CBSE", "amenity": "school", "building": null, "capacity": null, "emergency": null, "leisure": null }, "geometry": { "type": "Polygon", "coordinates": [ [ [ 77.5432193, 12.846903 ], [ 77.5432205, 12.8469869 ], [ 77.5433466, 12.8479074 ], [ 77.543706, 12.8479074 ], [ 77.5437677, 12.8484748 ], [ 77.5436309, 12.8487913 ], [ 77.5420591, 12.8489377 ], [ 77.5420202, 12.848586 ], [ 77.5420001, 12.8478603 ], [ 77.5419251, 12.8469141 ], [ 77.5432193, 12.846903 ] ] ] } },
{ "type": "Feature", "properties": { "name": "Sri Kumaran Children's Home ICSE", "amenity": "school", "building": null, "capacity": null, "emergency": null, "leisure": null }, "geometry": { "type": "Polygon", "coordinates": [ [ [ 77.5419251, 12.8469141 ], [ 77.5417587, 12.8440894 ], [ 77.5418016, 12.8439978 ], [ 77.5418231, 12.8438619 ], [ 77.5419009, 12.8437599 ], [ 77.5426452, 12.843688 ], [ 77.5429255, 12.8448425 ], [ 77.5431722, 12.8448242 ], [ 77.5432044, 12.8458389 ], [ 77.5432193, 12.846903 ], [ 77.5419251, 12.8469141 ] ] ] } },
{ "type": "Feature", "properties": { "name": "The Cambridge International School", "amenity": "school", "building": null, "capacity": null, "emergency": null, "leisure": null }, "geometry": { "type": "Polygon", "coordinates": [ [ [ 77.6681015, 12.8906887 ], [ 77.6672029, 12.8914312 ], [ 77.666629, 12.8906207 ], [ 77.6673075, 12.8900763 ], [ 77.6681015, 12.8906887 ] ] ] } },
{ "type": "Feature", "properties": { "name": "Trio World Academy", "amenity": "school", "building": null, "capacity": null, "emergency": null, "leisure": null }, "geometry": { "type": "Polygon", "coordinates": [ [ [ 77.5825497, 13.058822 ], [ 77.5834858, 13.0587031 ], [ 77.5835221, 13.0589069 ], [ 77.5836508, 13.0596137 ], [ 77.5837795, 13.0596019 ], [ 77.5837957, 13.0599272 ], [ 77.5834287, 13.06002 ], [ 77.5831084, 13.0601017 ], [ 77.5828648, 13.0601539 ], [ 77.5827895, 13.0598434 ], [ 77.5828427, 13.0598273 ], [ 77.5827551, 13.059459 ], [ 77.582606, 13.0594896 ], [ 77.5825497, 13.058822 ] ] ] } },
{ "type": "Feature", "properties": { "name": "Sindhi High School", "amenity": "school", "building": null, "capacity": null, "emergency": null, "leisure": null }, "geometry": { "type": "Polygon", "coordinates": [ [ [ 77.5982629, 13.0511813 ], [ 77.598982, 13.051095 ], [ 77.5988706, 13.0500232 ], [ 77.598189, 13.0500605 ], [ 77.5982629, 13.0511813 ] ] ] } },
{ "type": "Feature", "properties": { "name": "Indian Institute of Ayurvedic Medicine & Research", "amenity": "college", "building": null, "capacity": null, "emergency": null, "leisure": null }, "geometry": { "type": "Polygon", "coordinates": [ [ [ 77.5917537, 13.0009473 ], [ 77.5912347, 13.0014922 ], [ 77.5914332, 13.0016777 ], [ 77.5911328, 13.0020175 ], [ 77.592085, 13.0028486 ], [ 77.5921091, 13.003136 ], [ 77.5925061, 13.0034862 ], [ 77.5930881, 13.0032301 ], [ 77.5926698, 13.0022739 ], [ 77.5923839, 13.0016203 ], [ 77.5923184, 13.0014896 ], [ 77.5917537, 13.0009473 ] ] ] } },
{ "type": "Feature", "properties": { "name": "Sri Aurobindo Vidya Mandir", "amenity": "school", "building": null, "capacity": null, "emergency": null, "leisure": null }, "geometry": { "type": "Polygon", "coordinates": [ [ [ 77.5453365, 12.9988792 ], [ 77.5454543, 12.9983899 ], [ 77.5458615, 12.9984165 ], [ 77.545832, 12.9989078 ], [ 77.5453365, 12.9988792 ] ] ] } },
{ "type": "Feature", "properties": { "name": "Rashtriya Military School", "amenity": "school", "building": null, "capacity": null, "emergency": null, "leisure": null }, "geometry": { "type": "Polygon", "coordinates": [ [ [ 77.606881, 12.9634648 ], [ 77.6068741, 12.9626992 ], [ 77.6067491, 12.9614845 ], [ 77.6103198, 12.9613021 ], [ 77.6105279, 12.9612915 ], [ 77.6105386, 12.9603191 ], [ 77.6122865, 12.9602097 ], [ 77.612413, 12.9616146 ], [ 77.6110171, 12.9634552 ], [ 77.6107961, 12.9637466 ], [ 77.6106808, 12.9637485 ], [ 77.6106759, 12.9638652 ], [ 77.61043, 12.9641864 ], [ 77.6098452, 12.9649758 ], [ 77.6071772, 12.9644059 ], [ 77.6071656, 12.9634204 ], [ 77.606881, 12.9634648 ] ] ] } },
{ "type": "Feature", "properties": { "name": "Stracey Memorial High School", "amenity": "school", "building": null, "capacity": null, "emergency": null, "leisure": null }, "geometry": { "type": "Polygon", "coordinates": [ [ [ 77.6016191, 12.9747586 ], [ 77.6016483, 12.9749679 ], [ 77.6016625, 12.9751079 ], [ 77.6016658, 12.9751406 ], [ 77.6022935, 12.9751391 ], [ 77.6022982, 12.9747904 ], [ 77.601989, 12.9747599 ], [ 77.6016191, 12.9747586 ] ] ] } },
{ "type": "Feature", "properties": { "name": "NCBS Bangalore", "amenity": "college", "building": null, "capacity": null, "emergency": null, "leisure": null }, "geometry": { "type": "Polygon", "coordinates": [ [ [ 77.5811416, 13.0699971 ], [ 77.5818132, 13.0716892 ], [ 77.5818366, 13.0717483 ], [ 77.5808178, 13.0721255 ], [ 77.5805778, 13.0722144 ], [ 77.5784838, 13.0729883 ], [ 77.5787711, 13.0715532 ], [ 77.5787972, 13.0715071 ], [ 77.5787425, 13.0714783 ], [ 77.5787346, 13.0714234 ], [ 77.578805, 13.071002 ], [ 77.5788406, 13.0709487 ], [ 77.5789005, 13.0709064 ], [ 77.5789674, 13.0708751 ], [ 77.5789665, 13.0705518 ], [ 77.5799902, 13.0703878 ], [ 77.5811416, 13.0699971 ] ] ] } },
{ "type": "Feature", "properties": { "name": "Brighton School", "amenity": "school", "building": "yes", "capacity": null, "emergency": null, "leisure": null }, "geometry": { "type": "Polygon", "coordinates": [ [ [ 77.6641915, 13.067139 ], [ 77.6642301, 13.0669437 ], [ 77.6645669, 13.06701 ], [ 77.6645616, 13.0670322 ], [ 77.6642844, 13.0669962 ], [ 77.6642432, 13.0671369 ], [ 77.6649631, 13.0672722 ], [ 77.6649684, 13.0668344 ], [ 77.6650834, 13.0668189 ], [ 77.6650887, 13.0666517 ], [ 77.664864, 13.0667051 ], [ 77.6643663, 13.0667118 ], [ 77.6642234, 13.0666707 ], [ 77.6641663, 13.0671413 ], [ 77.6641915, 13.067139 ] ] ] } },
{ "type": "Feature", "properties": { "name": "United International", "amenity": "school", "building": null, "capacity": null, "emergency": null, "leisure": null }, "geometry": { "type": "Polygon", "coordinates": [ [ [ 77.6547495, 13.0839275 ], [ 77.6555917, 13.0837969 ], [ 77.6555514, 13.0832927 ], [ 77.6554904, 13.0824736 ], [ 77.6555501, 13.0824658 ], [ 77.6555085, 13.082023 ], [ 77.6547946, 13.0819729 ], [ 77.6547199, 13.0819676 ], [ 77.6547211, 13.0821389 ], [ 77.6547235, 13.0824671 ], [ 77.6547339, 13.0827379 ], [ 77.6547248, 13.0826434 ], [ 77.6547338, 13.0833537 ], [ 77.6547367, 13.0835787 ], [ 77.6547495, 13.0839275 ] ] ] } },
{ "type": "Feature", "properties": { "name": "KNS Institute of Technology", "amenity": "college", "building": null, "capacity": null, "emergency": null, "leisure": null }, "geometry": { "type": "Polygon", "coordinates": [ [ [ 77.6353973, 13.0878438 ], [ 77.6354575, 13.0878316 ], [ 77.6366311, 13.087593 ], [ 77.6372641, 13.0872821 ], [ 77.6380839, 13.0870334 ], [ 77.6382029, 13.0869973 ], [ 77.6389593, 13.0873683 ], [ 77.6387479, 13.0883095 ], [ 77.6386777, 13.0886223 ], [ 77.6386857, 13.0889724 ], [ 77.6372212, 13.0891605 ], [ 77.6369315, 13.089231 ], [ 77.6357084, 13.0896673 ], [ 77.6353973, 13.0878438 ] ] ] } },
{ "type": "Feature", "properties": { "name": "NPS Marathahalli", "amenity": "school", "building": null, "capacity": null, "emergency": null, "leisure": null }, "geometry": { "type": "Polygon", "coordinates": [ [ [ 77.7360256, 12.9372895 ], [ 77.7360499, 12.9369342 ], [ 77.7354198, 12.9369241 ], [ 77.735006, 12.9369384 ], [ 77.7351387, 12.9362041 ], [ 77.7341006, 12.9363483 ], [ 77.7335109, 12.9363088 ], [ 77.7340269, 12.9371331 ], [ 77.734005, 12.9376381 ], [ 77.7339965, 12.9378346 ], [ 77.7341857, 12.9382265 ], [ 77.7344155, 12.9381935 ], [ 77.7346396, 12.9382282 ], [ 77.7346578, 12.9381446 ], [ 77.7348482, 12.9381351 ], [ 77.7358165, 12.9380871 ], [ 77.7356663, 12.9373473 ], [ 77.7360256, 12.9372895 ] ] ] } },
{ "type": "Feature", "properties": { "name": "SJR College for Women", "amenity": "college", "building": null, "capacity": null, "emergency": null, "leisure": null }, "geometry": { "type": "Polygon", "coordinates": [ [ [ 77.5610189, 12.9823524 ], [ 77.5612463, 12.9823937 ], [ 77.5612178, 12.9825779 ], [ 77.5615495, 12.9825203 ], [ 77.5615957, 12.9820391 ], [ 77.5615038, 12.981984 ], [ 77.561281, 12.9819599 ], [ 77.5611466, 12.9817669 ], [ 77.5609848, 12.9817834 ], [ 77.5610189, 12.9823524 ] ] ] } },
{ "type": "Feature", "properties": { "name": "VVS Girls College", "amenity": "college", "building": null, "capacity": null, "emergency": null, "leisure": null }, "geometry": { "type": "Polygon", "coordinates": [ [ [ 77.542334, 12.9874223 ], [ 77.5430394, 12.9871819 ], [ 77.5429483, 12.986833 ], [ 77.5422737, 12.9870617 ], [ 77.542334, 12.9874223 ] ] ] } },
{ "type": "Feature", "properties": { "name": "Sri Vani Education Centre", "amenity": "school", "building": null, "capacity": null, "emergency": null, "leisure": null }, "geometry": { "type": "Polygon", "coordinates": [ [ [ 77.5416179, 12.9883148 ], [ 77.5412719, 12.9883593 ], [ 77.5412129, 12.9879411 ], [ 77.5415482, 12.9877817 ], [ 77.5416179, 12.9883148 ] ] ] } },
{ "type": "Feature", "properties": { "name": "National Academy for Learning", "amenity": "school", "building": null, "capacity": null, "emergency": null, "leisure": null }, "geometry": { "type": "Polygon", "coordinates": [ [ [ 77.5416179, 12.9883148 ], [ 77.5423649, 12.9882077 ], [ 77.542349, 12.9881081 ], [ 77.5422429, 12.9874419 ], [ 77.5415482, 12.9877817 ], [ 77.5416179, 12.9883148 ] ] ] } },
{ "type": "Feature", "properties": { "name": null, "amenity": "school", "building": null, "capacity": null, "emergency": null, "leisure": null }, "geometry": { "type": "Polygon", "coordinates": [ [ [ 77.6248716, 13.0011237 ], [ 77.6252484, 13.000997 ], [ 77.6253879, 13.0013315 ], [ 77.6250124, 13.0014753 ], [ 77.6248716, 13.0011237 ] ] ] } },
{ "type": "Feature", "properties": { "name": "GSAP-Gopalan College Of Architecture", "amenity": "college", "building": null, "capacity": null, "emergency": null, "leisure": null }, "geometry": { "type": "Polygon", "coordinates": [ [ [ 77.7168381, 12.986014 ], [ 77.7162417, 12.9859835 ], [ 77.7161935, 12.9861324 ], [ 77.7163679, 12.9866108 ], [ 77.7166725, 12.9868648 ], [ 77.7176533, 12.9865114 ], [ 77.7176734, 12.9860892 ], [ 77.7168381, 12.986014 ] ] ] } },
{ "type": "Feature", "properties": { "name": "St. Anthony's PU College", "amenity": "college", "building": null, "capacity": null, "emergency": null, "leisure": null }, "geometry": { "type": "Polygon", "coordinates": [ [ [ 77.498119, 12.9264254 ], [ 77.4983245, 12.9271792 ], [ 77.4986543, 12.9271089 ], [ 77.498696, 12.9268933 ], [ 77.498781, 12.9265664 ], [ 77.4981858, 12.9262708 ], [ 77.498119, 12.9264254 ] ] ] } },
{ "type": "Feature", "properties": { "name": "Goodwill Girls’ High School & Composite Pre-university College", "amenity": "school", "building": null, "capacity": null, "emergency": null, "leisure": null }, "geometry": { "type": "Polygon", "coordinates": [ [ [ 77.6096904, 12.9962358 ], [ 77.6091138, 12.9965724 ], [ 77.6085003, 12.9956131 ], [ 77.6093996, 12.9949968 ], [ 77.6097343, 12.9954993 ], [ 77.609383, 12.9957309 ], [ 77.6096904, 12.9962358 ] ] ] } },
{ "type": "Feature", "properties": { "name": "GTHPS Austintown", "amenity": "school", "building": null, "capacity": null, "emergency": null, "leisure": null }, "geometry": { "type": "Polygon", "coordinates": [ [ [ 77.615738, 12.9614261 ], [ 77.6157381, 12.9609792 ], [ 77.6163402, 12.960889 ], [ 77.6163201, 12.9612196 ], [ 77.6162893, 12.9614078 ], [ 77.615738, 12.9614261 ] ] ] } },
{ "type": "Feature", "properties": { "name": "Mahanagar Palike HPS Austin Town", "amenity": "school", "building": null, "capacity": null, "emergency": null, "leisure": null }, "geometry": { "type": "Polygon", "coordinates": [ [ [ 77.6185254, 12.9597459 ], [ 77.618611, 12.9591283 ], [ 77.6186406, 12.9589152 ], [ 77.6195383, 12.9590182 ], [ 77.6194999, 12.9592239 ], [ 77.6194489, 12.9596369 ], [ 77.6189554, 12.9595768 ], [ 77.6189339, 12.9597911 ], [ 77.6185254, 12.9597459 ] ] ] } },
{ "type": "Feature", "properties": { "name": null, "amenity": "school", "building": null, "capacity": null, "emergency": null, "leisure": null }, "geometry": { "type": "Polygon", "coordinates": [ [ [ 77.6652954, 12.9040868 ], [ 77.665835, 12.9040621 ], [ 77.6659155, 12.9036856 ], [ 77.6658913, 12.9034895 ], [ 77.6656151, 12.9033771 ], [ 77.6652025, 12.9033492 ], [ 77.6652458, 12.903714 ], [ 77.6652746, 12.9038994 ], [ 77.6652954, 12.9040868 ] ] ] } },
{ "type": "Feature", "properties": { "name": "Impact College of Engineering and Applied Sciences", "amenity": "college", "building": null, "capacity": null, "emergency": null, "leisure": null }, "geometry": { "type": "Polygon", "coordinates": [ [ [ 77.5805758, 13.0546314 ], [ 77.5817251, 13.0542949 ], [ 77.5813763, 13.0529483 ], [ 77.5804469, 13.0531259 ], [ 77.5806829, 13.0538105 ], [ 77.5803361, 13.0539501 ], [ 77.5805758, 13.0546314 ] ] ] } },
{ "type": "Feature", "properties": { "name": null, "amenity": "school", "building": null, "capacity": null, "emergency": null, "leisure": null }, "geometry": { "type": "Polygon", "coordinates": [ [ [ 77.6112789, 12.899105 ], [ 77.611582, 12.8998684 ], [ 77.6116383, 12.9009456 ], [ 77.6112333, 12.9009221 ], [ 77.6110085, 12.8991031 ], [ 77.6112789, 12.899105 ] ] ] } },
{ "type": "Feature", "properties": { "name": "St. Jude's English High School", "amenity": "school", "building": null, "capacity": null, "emergency": null, "leisure": null }, "geometry": { "type": "Polygon", "coordinates": [ [ [ 77.638757, 13.0004139 ], [ 77.6387891, 13.0013228 ], [ 77.6390129, 13.0013275 ], [ 77.639204, 13.0013608 ], [ 77.6393616, 13.0011603 ], [ 77.6395635, 13.0008421 ], [ 77.6394556, 13.0007848 ], [ 77.6390894, 13.0005904 ], [ 77.638757, 13.0004139 ] ] ] } },
{ "type": "Feature", "properties": { "name": "Amatra Academy", "amenity": "school", "building": null, "capacity": null, "emergency": null, "leisure": null }, "geometry": { "type": "Polygon", "coordinates": [ [ [ 77.6735899, 12.8946546 ], [ 77.6736383, 12.8944424 ], [ 77.6721382, 12.8943465 ], [ 77.6721194, 12.8945007 ], [ 77.6718968, 12.8944589 ], [ 77.6718519, 12.8950205 ], [ 77.6717205, 12.8953053 ], [ 77.6719754, 12.8960504 ], [ 77.6720695, 12.8976229 ], [ 77.6720799, 12.8977969 ], [ 77.6722509, 12.8977772 ], [ 77.6728953, 12.8977028 ], [ 77.6731273, 12.8966841 ], [ 77.6735899, 12.8946546 ] ] ] } },
{ "type": "Feature", "properties": { "name": "Government School", "amenity": "school", "building": null, "capacity": null, "emergency": null, "leisure": null }, "geometry": { "type": "Polygon", "coordinates": [ [ [ 77.6776546, 12.9137636 ], [ 77.6778916, 12.9137452 ], [ 77.6778675, 12.9134884 ], [ 77.6776409, 12.9135041 ], [ 77.6776546, 12.9137636 ] ] ] } },
{ "type": "Feature", "properties": { "name": null, "amenity": "college", "building": null, "capacity": null, "emergency": null, "leisure": null }, "geometry": { "type": "Polygon", "coordinates": [ [ [ 77.6218714, 13.000906 ], [ 77.6216819, 13.0003864 ], [ 77.6222118, 13.0002224 ], [ 77.6223622, 13.0007022 ], [ 77.6222782, 13.0007364 ], [ 77.6223106, 13.0008476 ], [ 77.6218714, 13.000906 ] ] ] } },
{ "type": "Feature", "properties": { "name": "ICAR - Indian Veterinary Research Institute, Hebbal", "amenity": "college", "building": null, "capacity": null, "emergency": null, "leisure": null }, "geometry": { "type": "Polygon", "coordinates": [ [ [ 77.5815474, 13.0260479 ], [ 77.5813114, 13.0253523 ], [ 77.5827549, 13.0248619 ], [ 77.5826926, 13.0246742 ], [ 77.5841599, 13.0232988 ], [ 77.5843911, 13.0233145 ], [ 77.5846772, 13.024356 ], [ 77.5848123, 13.0248506 ], [ 77.5848217, 13.0248798 ], [ 77.5836446, 13.0252757 ], [ 77.5837917, 13.0256786 ], [ 77.5836015, 13.0257445 ], [ 77.5836677, 13.0259259 ], [ 77.5835309, 13.0259733 ], [ 77.5835961, 13.0261519 ], [ 77.5831948, 13.0262909 ], [ 77.582887, 13.0263998 ], [ 77.5828743, 13.0263265 ], [ 77.5825632, 13.026452 ], [ 77.5823251, 13.0258292 ], [ 77.5815474, 13.0260479 ] ] ] } },
{ "type": "Feature", "properties": { "name": "Nagarjuna Vidytaniketan", "amenity": "school", "building": null, "capacity": null, "emergency": null, "leisure": null }, "geometry": { "type": "Polygon", "coordinates": [ [ [ 77.5647024, 13.1236251 ], [ 77.5661836, 13.1232839 ], [ 77.5657906, 13.121832 ], [ 77.5639677, 13.1222804 ], [ 77.5642086, 13.1228271 ], [ 77.5643483, 13.1228989 ], [ 77.5646272, 13.1235833 ], [ 77.5647024, 13.1236251 ] ] ] } },
{ "type": "Feature", "properties": { "name": null, "amenity": "college", "building": null, "capacity": null, "emergency": null, "leisure": null }, "geometry": { "type": "Polygon", "coordinates": [ [ [ 77.6221955, 12.9301479 ], [ 77.6242769, 12.9292695 ], [ 77.6242549, 12.9292056 ], [ 77.6240596, 12.9286369 ], [ 77.6233591, 12.9289384 ], [ 77.621946, 12.9295466 ], [ 77.6220708, 12.9298473 ], [ 77.6221955, 12.9301479 ] ] ] } },
{ "type": "Feature", "properties": { "name": "S Cadambi Vidya Kendra English Secondary School", "amenity": "school", "building": null, "capacity": null, "emergency": null, "leisure": null }, "geometry": { "type": "Polygon", "coordinates": [ [ [ 77.5392065, 12.9933857 ], [ 77.5395781, 12.9933342 ], [ 77.5397155, 12.9937386 ], [ 77.5393668, 12.9938726 ], [ 77.5392065, 12.9933857 ] ] ] } },
{ "type": "Feature", "properties": { "name": "Baldwin Methodist College", "amenity": "college", "building": null, "capacity": null, "emergency": null, "leisure": null }, "geometry": { "type": "Polygon", "coordinates": [ [ [ 77.6064905, 12.9613022 ], [ 77.6061849, 12.9613733 ], [ 77.6062295, 12.9615554 ], [ 77.6060687, 12.9615928 ], [ 77.6061176, 12.9617926 ], [ 77.6065565, 12.9616906 ], [ 77.6065233, 12.9614921 ], [ 77.6064905, 12.9613022 ] ] ] } },
{ "type": "Feature", "properties": { "name": "Mariyappa First Grade College", "amenity": "college", "building": null, "capacity": null, "emergency": null, "leisure": null }, "geometry": { "type": "Polygon", "coordinates": [ [ [ 77.5584099, 12.9986095 ], [ 77.5585842, 12.9985756 ], [ 77.5585259, 12.9981025 ], [ 77.5583361, 12.9981776 ], [ 77.5584099, 12.9986095 ] ] ] } },
{ "type": "Feature", "properties": { "name": "St. Joseph's Institute of Management", "amenity": "college", "building": null, "capacity": null, "emergency": null, "leisure": null }, "geometry": { "type": "Polygon", "coordinates": [ [ [ 77.613471, 12.9728081 ], [ 77.6133105, 12.972059 ], [ 77.6130792, 12.9721056 ], [ 77.612868, 12.9721674 ], [ 77.6126494, 12.9722314 ], [ 77.6128028, 12.9729487 ], [ 77.613471, 12.9728081 ] ] ] } },
{ "type": "Feature", "properties": { "name": null, "amenity": "school", "building": null, "capacity": null, "emergency": null, "leisure": null }, "geometry": { "type": "Polygon", "coordinates": [ [ [ 77.5939974, 13.0127376 ], [ 77.5947109, 13.0124292 ], [ 77.5947699, 13.0124841 ], [ 77.595588, 13.0123691 ], [ 77.5954646, 13.011951 ], [ 77.5941986, 13.0119536 ], [ 77.5937507, 13.0126069 ], [ 77.5939974, 13.0127376 ] ] ] } },
{ "type": "Feature", "properties": { "name": "New Horizon Public School", "amenity": "school", "building": null, "capacity": null, "emergency": null, "leisure": null }, "geometry": { "type": "Polygon", "coordinates": [ [ [ 77.6415711, 12.9679254 ], [ 77.6421062, 12.9679389 ], [ 77.642432, 12.9679474 ], [ 77.6424356, 12.9678366 ], [ 77.6424395, 12.9675439 ], [ 77.6415819, 12.9675221 ], [ 77.6415711, 12.9679254 ] ] ] } },
{ "type": "Feature", "properties": { "name": "Nagasena Vidyalaya", "amenity": "school", "building": null, "capacity": null, "emergency": null, "leisure": null }, "geometry": { "type": "Polygon", "coordinates": [ [ [ 77.5763089, 13.0141108 ], [ 77.575946, 13.0141149 ], [ 77.5759408, 13.0136805 ], [ 77.5763037, 13.0136764 ], [ 77.5763089, 13.0141108 ] ] ] } },
{ "type": "Feature", "properties": { "name": "National Power Training Institute", "amenity": "college", "building": null, "capacity": null, "emergency": null, "leisure": null }, "geometry": { "type": "Polygon", "coordinates": [ [ [ 77.5701955, 12.9157524 ], [ 77.5702813, 12.9147472 ], [ 77.5700587, 12.9146164 ], [ 77.5697261, 12.9135419 ], [ 77.5696108, 12.9133851 ], [ 77.5694365, 12.9125315 ], [ 77.5692331, 12.9125942 ], [ 77.5690032, 12.9126649 ], [ 77.5689116, 12.9127029 ], [ 77.5685968, 12.9128335 ], [ 77.5686224, 12.9131433 ], [ 77.5684098, 12.9131818 ], [ 77.568326, 12.9134138 ], [ 77.568332, 12.9137067 ], [ 77.5678896, 12.9138302 ], [ 77.567583, 12.9139158 ], [ 77.5687337, 12.9149485 ], [ 77.5691843, 12.9152753 ], [ 77.5700238, 12.9155315 ], [ 77.5701955, 12.9157524 ] ] ] } },
{ "type": "Feature", "properties": { "name": "JSS Composite PU College", "amenity": "school", "building": null, "capacity": null, "emergency": null, "leisure": null }, "geometry": { "type": "Polygon", "coordinates": [ [ [ 77.5760371, 12.9230823 ], [ 77.5756841, 12.9227563 ], [ 77.5750415, 12.9221058 ], [ 77.5750066, 12.9219463 ], [ 77.5760029, 12.9219385 ], [ 77.5760371, 12.9230823 ] ] ] } },
{ "type": "Feature", "properties": { "name": "BBMP PU College", "amenity": "college", "building": null, "capacity": null, "emergency": null, "leisure": null }, "geometry": { "type": "Polygon", "coordinates": [ [ [ 77.6016606, 12.9837487 ], [ 77.6013142, 12.9838726 ], [ 77.6012128, 12.9836034 ], [ 77.6015591, 12.9834795 ], [ 77.6016606, 12.9837487 ] ] ] } },
{ "type": "Feature", "properties": { "name": "Government First Grade College", "amenity": "college", "building": null, "capacity": null, "emergency": null, "leisure": null }, "geometry": { "type": "Polygon", "coordinates": [ [ [ 77.6502338, 12.914998 ], [ 77.6508723, 12.9150021 ], [ 77.6509166, 12.9144962 ], [ 77.6502368, 12.9144843 ], [ 77.6502338, 12.914998 ] ] ] } },
{ "type": "Feature", "properties": { "name": "Kempegowda Institute of Management Studies and Research", "amenity": "college", "building": null, "capacity": null, "emergency": null, "leisure": null }, "geometry": { "type": "Polygon", "coordinates": [ [ [ 77.5105326, 12.9838318 ], [ 77.5098324, 12.9840507 ], [ 77.5094516, 12.9832209 ], [ 77.5098237, 12.9828779 ], [ 77.5103179, 12.9836469 ], [ 77.5105083, 12.9835816 ], [ 77.5105326, 12.9838318 ] ] ] } },
{ "type": "Feature", "properties": { "name": "National School of Drama, Bengaluru", "amenity": "college", "building": null, "capacity": null, "emergency": null, "leisure": null }, "geometry": { "type": "Polygon", "coordinates": [ [ [ 77.5034341, 12.9579122 ], [ 77.5044411, 12.9577836 ], [ 77.5054617, 12.9575027 ], [ 77.5063964, 12.9572227 ], [ 77.5064677, 12.9572013 ], [ 77.5067115, 12.9571283 ], [ 77.5067752, 12.9571092 ], [ 77.5070361, 12.957002 ], [ 77.5072186, 12.956918 ], [ 77.5072676, 12.9568916 ], [ 77.5075687, 12.9567291 ], [ 77.5076115, 12.956706 ], [ 77.507877, 12.95661 ], [ 77.5079298, 12.9565907 ], [ 77.508278, 12.9564636 ], [ 77.5083321, 12.9564282 ], [ 77.5084739, 12.9563355 ], [ 77.5080514, 12.9553475 ], [ 77.5076437, 12.9553004 ], [ 77.5062917, 12.9553178 ], [ 77.5060961, 12.9557108 ], [ 77.5041806, 12.9566496 ], [ 77.5030186, 12.9568489 ], [ 77.5034341, 12.9579122 ] ] ] } },
{ "type": "Feature", "properties": { "name": "Army Public School", "amenity": "school", "building": null, "capacity": null, "emergency": null, "leisure": null }, "geometry": { "type": "Polygon", "coordinates": [ [ [ 77.6119637, 12.9773222 ], [ 77.6093371, 12.9782047 ], [ 77.6096498, 12.979111 ], [ 77.6111826, 12.9785965 ], [ 77.6114187, 12.9792644 ], [ 77.6125196, 12.9788948 ], [ 77.6119637, 12.9773222 ] ] ] } },
{ "type": "Feature", "properties": { "name": "Army Public School ASC C&C", "amenity": "school", "building": null, "capacity": null, "emergency": null, "leisure": null }, "geometry": { "type": "Polygon", "coordinates": [ [ [ 77.6185813, 12.9634827 ], [ 77.6202053, 12.9642347 ], [ 77.6199424, 12.9648071 ], [ 77.6196635, 12.9646581 ], [ 77.6193738, 12.9646817 ], [ 77.617907, 12.9652033 ], [ 77.6178916, 12.965142 ], [ 77.6181348, 12.9645245 ], [ 77.6185813, 12.9634827 ] ] ] } },
{ "type": "Feature", "properties": { "name": "GUMPS Yalagondana Palya", "amenity": "school", "building": null, "capacity": null, "emergency": null, "leisure": null }, "geometry": { "type": "Polygon", "coordinates": [ [ [ 77.6132999, 12.9634492 ], [ 77.6128037, 12.9634049 ], [ 77.6128547, 12.9629813 ], [ 77.61332, 12.9630245 ], [ 77.6132999, 12.9634492 ] ] ] } },
{ "type": "Feature", "properties": { "name": "St. Anthony's School", "amenity": "school", "building": null, "capacity": null, "emergency": null, "leisure": null }, "geometry": { "type": "Polygon", "coordinates": [ [ [ 77.6119035, 12.9924266 ], [ 77.6122246, 12.9929106 ], [ 77.6119232, 12.993116 ], [ 77.6116687, 12.9927696 ], [ 77.6115816, 12.992651 ], [ 77.6119035, 12.9924266 ] ] ] } },
{ "type": "Feature", "properties": { "name": null, "amenity": "school", "building": null, "capacity": null, "emergency": null, "leisure": null }, "geometry": { "type": "Polygon", "coordinates": [ [ [ 77.5637782, 12.9600293 ], [ 77.5644036, 12.9600355 ], [ 77.5644083, 12.9595925 ], [ 77.5637828, 12.9595862 ], [ 77.5637782, 12.9600293 ] ] ] } },
{ "type": "Feature", "properties": { "name": null, "amenity": "school", "building": null, "capacity": null, "emergency": null, "leisure": null }, "geometry": { "type": "Polygon", "coordinates": [ [ [ 77.5633349, 12.9600248 ], [ 77.5633396, 12.9595818 ], [ 77.5637828, 12.9595862 ], [ 77.5637782, 12.9600293 ], [ 77.5633349, 12.9600248 ] ] ] } },
{ "type": "Feature", "properties": { "name": "Manipal Academy Of BFSI", "amenity": "college", "building": null, "capacity": null, "emergency": null, "leisure": null }, "geometry": { "type": "Polygon", "coordinates": [ [ [ 77.6393448, 13.0847812 ], [ 77.6391375, 13.083441 ], [ 77.6380783, 13.0835853 ], [ 77.6381714, 13.0842526 ], [ 77.637882, 13.0842909 ], [ 77.6379539, 13.084837 ], [ 77.6374559, 13.0848992 ], [ 77.6372962, 13.0836858 ], [ 77.6366139, 13.0837858 ], [ 77.6367236, 13.0844729 ], [ 77.6357972, 13.0846132 ], [ 77.6358828, 13.0852495 ], [ 77.6364461, 13.0851659 ], [ 77.6364809, 13.0855264 ], [ 77.6375163, 13.085358 ], [ 77.6376075, 13.0858229 ], [ 77.6376852, 13.0858112 ], [ 77.6384373, 13.0857062 ], [ 77.6396921, 13.0856006 ], [ 77.6395747, 13.084753 ], [ 77.6393448, 13.0847812 ] ] ] } },
{ "type": "Feature", "properties": { "name": "Karnataka College of Pharmacy", "amenity": "college", "building": null, "capacity": null, "emergency": null, "leisure": null }, "geometry": { "type": "Polygon", "coordinates": [ [ [ 77.6352498, 13.0866133 ], [ 77.6367062, 13.0863285 ], [ 77.6365238, 13.085853 ], [ 77.6364809, 13.0855264 ], [ 77.635105, 13.0857433 ], [ 77.6352498, 13.0866133 ] ] ] } },
{ "type": "Feature", "properties": { "name": "RBANMS First Grade Evening College", "amenity": "college", "building": null, "capacity": null, "emergency": null, "leisure": null }, "geometry": { "type": "Polygon", "coordinates": [ [ [ 77.6148503, 12.9825139 ], [ 77.6147944, 12.9822993 ], [ 77.6149875, 12.9822498 ], [ 77.6154703, 12.9817885 ], [ 77.6155583, 12.9817429 ], [ 77.6155289, 12.9823597 ], [ 77.6154712, 12.9824982 ], [ 77.6153773, 12.98254 ], [ 77.6148503, 12.9825139 ] ] ] } },
{ "type": "Feature", "properties": { "name": "Kendriya Vidhyalaya DRDO", "amenity": "school", "building": null, "capacity": null, "emergency": null, "leisure": null }, "geometry": { "type": "Polygon", "coordinates": [ [ [ 77.663918, 12.9878665 ], [ 77.6647975, 12.9878653 ], [ 77.6647965, 12.9871163 ], [ 77.6645317, 12.9871167 ], [ 77.6645299, 12.9858178 ], [ 77.6639151, 12.9858186 ], [ 77.663918, 12.9878665 ] ] ] } },
{ "type": "Feature", "properties": { "name": "Institute for Social and Economic Change", "amenity": "college", "building": null, "capacity": null, "emergency": null, "leisure": null }, "geometry": { "type": "Polygon", "coordinates": [ [ [ 77.5136679, 12.9510632 ], [ 77.5122008, 12.9512527 ], [ 77.5114578, 12.9515782 ], [ 77.5113934, 12.9526603 ], [ 77.5115758, 12.953685 ], [ 77.5123805, 12.9545947 ], [ 77.5124516, 12.9553122 ], [ 77.5124512, 12.955354 ], [ 77.513393, 12.9553854 ], [ 77.5136398, 12.9553168 ], [ 77.5136876, 12.955317 ], [ 77.5138264, 12.9557282 ], [ 77.51515, 12.9554816 ], [ 77.515359, 12.9554218 ], [ 77.5154088, 12.9554075 ], [ 77.5154466, 12.9553967 ], [ 77.5154771, 12.955388 ], [ 77.5156895, 12.9552443 ], [ 77.5157008, 12.9552396 ], [ 77.516321, 12.9549813 ], [ 77.5155294, 12.9536928 ], [ 77.5155401, 12.9533635 ], [ 77.5149715, 12.9524434 ], [ 77.5141266, 12.9524381 ], [ 77.5136679, 12.9510632 ] ] ] } },
{ "type": "Feature", "properties": { "name": "Sishu Griha Junior School", "amenity": "school", "building": null, "capacity": null, "emergency": null, "leisure": null }, "geometry": { "type": "Polygon", "coordinates": [ [ [ 77.672688, 12.9766955 ], [ 77.6728502, 12.9766484 ], [ 77.6730168, 12.9766416 ], [ 77.6731183, 12.9766374 ], [ 77.6732883, 12.9766093 ], [ 77.673063, 12.9761048 ], [ 77.6730204, 12.9759812 ], [ 77.6724805, 12.9761673 ], [ 77.672688, 12.9766955 ] ] ] } },
{ "type": "Feature", "properties": { "name": "Maulana Azad National Urdu University", "amenity": "college", "building": null, "capacity": null, "emergency": null, "leisure": null }, "geometry": { "type": "Polygon", "coordinates": [ [ [ 77.5187521, 12.9529243 ], [ 77.519354, 12.9529862 ], [ 77.5193998, 12.9522879 ], [ 77.5194199, 12.9522357 ], [ 77.5188741, 12.9521416 ], [ 77.5182438, 12.9520553 ], [ 77.5187521, 12.9529243 ] ] ] } },
{ "type": "Feature", "properties": { "name": "New Horizon Gurukul", "amenity": "school", "building": null, "capacity": null, "emergency": null, "leisure": null }, "geometry": { "type": "Polygon", "coordinates": [ [ [ 77.6970111, 12.9343684 ], [ 77.6982967, 12.9340784 ], [ 77.698096, 12.9333952 ], [ 77.697985, 12.9334212 ], [ 77.6968449, 12.9336885 ], [ 77.6968692, 12.9337734 ], [ 77.696942, 12.9340661 ], [ 77.6969988, 12.934313 ], [ 77.6970111, 12.9343684 ] ] ] } },
{ "type": "Feature", "properties": { "name": "Geetanjali Olympiad School", "amenity": "school", "building": null, "capacity": null, "emergency": null, "leisure": null }, "geometry": { "type": "Polygon", "coordinates": [ [ [ 77.6973837, 12.9361615 ], [ 77.6987231, 12.9359013 ], [ 77.6994266, 12.935797 ], [ 77.6994683, 12.9359726 ], [ 77.6995504, 12.9359524 ], [ 77.6995442, 12.9357434 ], [ 77.6993113, 12.935119 ], [ 77.6988088, 12.9352102 ], [ 77.6988989, 12.935644 ], [ 77.6973453, 12.9359569 ], [ 77.6973837, 12.9361615 ] ] ] } },
{ "type": "Feature", "properties": { "name": "Orchids The International School, Panathur", "amenity": "school", "building": null, "capacity": null, "emergency": null, "leisure": null }, "geometry": { "type": "Polygon", "coordinates": [ [ [ 77.7011519, 12.938793 ], [ 77.7019907, 12.93858 ], [ 77.7019076, 12.9382475 ], [ 77.7020812, 12.9382059 ], [ 77.7020142, 12.9379981 ], [ 77.7019806, 12.9378509 ], [ 77.7017074, 12.9378999 ], [ 77.701553, 12.9374932 ], [ 77.7014627, 12.9375211 ], [ 77.7016243, 12.9378972 ], [ 77.7009664, 12.9380812 ], [ 77.7011519, 12.938793 ] ] ] } },
{ "type": "Feature", "properties": { "name": "Vibgyor Roots And Rise School", "amenity": "school", "building": null, "capacity": null, "emergency": null, "leisure": null }, "geometry": { "type": "Polygon", "coordinates": [ [ [ 77.6999495, 12.9378374 ], [ 77.6998895, 12.9375451 ], [ 77.6998192, 12.9375572 ], [ 77.6997985, 12.9373697 ], [ 77.7004831, 12.9372286 ], [ 77.7005948, 12.9376994 ], [ 77.6999495, 12.9378374 ] ] ] } },
{ "type": "Feature", "properties": { "name": null, "amenity": "school", "building": null, "capacity": null, "emergency": null, "leisure": null }, "geometry": { "type": "Polygon", "coordinates": [ [ [ 77.5695588, 12.9970633 ], [ 77.5695565, 12.9973223 ], [ 77.5695575, 12.997553 ], [ 77.570375, 12.9975474 ], [ 77.5703754, 12.9970141 ], [ 77.5696197, 12.9970388 ], [ 77.5695588, 12.9970633 ] ] ] } },
{ "type": "Feature", "properties": { "name": "Mount Carmel Central School", "amenity": "school", "building": null, "capacity": null, "emergency": null, "leisure": null }, "geometry": { "type": "Polygon", "coordinates": [ [ [ 77.5866907, 12.9944349 ], [ 77.5867086, 12.993918 ], [ 77.587359, 12.9938242 ], [ 77.5873777, 12.9937158 ], [ 77.5874825, 12.9936996 ], [ 77.5875293, 12.9936923 ], [ 77.5875977, 12.9936818 ], [ 77.5877404, 12.9941694 ], [ 77.5866907, 12.9944349 ] ] ] } },
{ "type": "Feature", "properties": { "name": "Chaman Bharatiya School", "amenity": "school", "building": null, "capacity": null, "emergency": null, "leisure": null }, "geometry": { "type": "Polygon", "coordinates": [ [ [ 77.6415408, 13.0809569 ], [ 77.6419178, 13.0817467 ], [ 77.6426976, 13.0813973 ], [ 77.6424706, 13.0805772 ], [ 77.6422061, 13.0806644 ], [ 77.6421484, 13.080573 ], [ 77.642095, 13.0798996 ], [ 77.6419506, 13.0799203 ], [ 77.6414341, 13.0799945 ], [ 77.6414441, 13.0800845 ], [ 77.6415408, 13.0809569 ] ] ] } },
{ "type": "Feature", "properties": { "name": "GJR International School", "amenity": "school", "building": null, "capacity": null, "emergency": null, "leisure": null }, "geometry": { "type": "Polygon", "coordinates": [ [ [ 77.7059081, 12.9615503 ], [ 77.7060044, 12.9615963 ], [ 77.7063271, 12.9615669 ], [ 77.706731, 12.9616809 ], [ 77.7065762, 12.9622566 ], [ 77.7072916, 12.9623872 ], [ 77.7073381, 12.9624287 ], [ 77.7077333, 12.9624617 ], [ 77.7085322, 12.9625559 ], [ 77.7085703, 12.9622202 ], [ 77.7080975, 12.9623748 ], [ 77.7074878, 12.9620984 ], [ 77.7072104, 12.9617545 ], [ 77.7071509, 12.9616364 ], [ 77.7070704, 12.9614264 ], [ 77.7070141, 12.9606801 ], [ 77.7068826, 12.9604057 ], [ 77.7064567, 12.9604205 ], [ 77.7058496, 12.9604762 ], [ 77.7059081, 12.9615503 ] ] ] } },
{ "type": "Feature", "properties": { "name": "RBANMS Middle School", "amenity": "school", "building": null, "capacity": null, "emergency": null, "leisure": null }, "geometry": { "type": "Polygon", "coordinates": [ [ [ 77.6127896, 12.980798 ], [ 77.612578, 12.9803537 ], [ 77.6125322, 12.9802296 ], [ 77.6121439, 12.9803661 ], [ 77.612302, 12.9807572 ], [ 77.6118324, 12.9809486 ], [ 77.6119961, 12.9813849 ], [ 77.6123653, 12.9812331 ], [ 77.6126653, 12.9811099 ], [ 77.6126943, 12.9811709 ], [ 77.6129968, 12.981034 ], [ 77.6127896, 12.980798 ] ] ] } },
{ "type": "Feature", "properties": { "name": "RBANMS High School", "amenity": "school", "building": null, "capacity": null, "emergency": null, "leisure": null }, "geometry": { "type": "Polygon", "coordinates": [ [ [ 77.6126943, 12.9811709 ], [ 77.612877, 12.9815543 ], [ 77.6129252, 12.981535 ], [ 77.6133418, 12.9813508 ], [ 77.6129968, 12.981034 ], [ 77.6126943, 12.9811709 ] ] ] } },
{ "type": "Feature", "properties": { "name": "Tunbridge High School", "amenity": "school", "building": null, "capacity": null, "emergency": null, "leisure": null }, "geometry": { "type": "Polygon", "coordinates": [ [ [ 77.6065273, 12.9790985 ], [ 77.6064753, 12.9789573 ], [ 77.6064431, 12.9788717 ], [ 77.6068118, 12.9787402 ], [ 77.6068886, 12.9789455 ], [ 77.6067788, 12.9789822 ], [ 77.6067969, 12.9790371 ], [ 77.6065273, 12.9790985 ] ] ] } },
{ "type": "Feature", "properties": { "name": "St Joseph's College of Law", "amenity": "college", "building": null, "capacity": null, "emergency": null, "leisure": null }, "geometry": { "type": "Polygon", "coordinates": [ [ [ 77.6037542, 12.970504 ], [ 77.6036896, 12.9707365 ], [ 77.6032871, 12.9706569 ], [ 77.6031925, 12.9708567 ], [ 77.6029083, 12.9708093 ], [ 77.6028137, 12.9708192 ], [ 77.6028568, 12.9707033 ], [ 77.603036, 12.9699769 ], [ 77.6031497, 12.9700593 ], [ 77.6036558, 12.9704261 ], [ 77.6037542, 12.970504 ] ] ] } },
{ "type": "Feature", "properties": { "name": "Seva Bhat Telugu High School", "amenity": "school", "building": null, "capacity": null, "emergency": null, "leisure": null }, "geometry": { "type": "Polygon", "coordinates": [ [ [ 77.6208061, 12.9548596 ], [ 77.6210019, 12.9558729 ], [ 77.6213439, 12.9557402 ], [ 77.6211736, 12.954792 ], [ 77.6208061, 12.9548596 ] ] ] } },
{ "type": "Feature", "properties": { "name": "Government Urdu English Model Primary and High School", "amenity": "school", "building": null, "capacity": null, "emergency": null, "leisure": null }, "geometry": { "type": "Polygon", "coordinates": [ [ [ 77.6124129, 12.9578234 ], [ 77.6123736, 12.9573785 ], [ 77.6123619, 12.9572563 ], [ 77.6120426, 12.9572827 ], [ 77.6121016, 12.9578564 ], [ 77.6124129, 12.9578234 ] ] ] } },
{ "type": "Feature", "properties": { "name": "Bangalore Education Society", "amenity": "school", "building": null, "capacity": null, "emergency": null, "leisure": null }, "geometry": { "type": "Polygon", "coordinates": [ [ [ 77.5689087, 12.9987755 ], [ 77.5689021, 12.9992047 ], [ 77.5684127, 12.9991976 ], [ 77.5684193, 12.9987684 ], [ 77.5689087, 12.9987755 ] ] ] } },
{ "type": "Feature", "properties": { "name": "Rajiv Gandhi College Of Law", "amenity": "college", "building": null, "capacity": null, "emergency": null, "leisure": null }, "geometry": { "type": "Polygon", "coordinates": [ [ [ 77.5722448, 13.0028454 ], [ 77.572859, 13.0028492 ], [ 77.5728577, 13.0030569 ], [ 77.5722435, 13.0030532 ], [ 77.5722448, 13.0028454 ] ] ] } },
{ "type": "Feature", "properties": { "name": "Carmel High School", "amenity": "school", "building": null, "capacity": null, "emergency": null, "leisure": null }, "geometry": { "type": "Polygon", "coordinates": [ [ [ 77.5441726, 12.988762 ], [ 77.5445434, 12.9887348 ], [ 77.5444876, 12.9883095 ], [ 77.5441211, 12.9883464 ], [ 77.5441726, 12.988762 ] ] ] } },
{ "type": "Feature", "properties": { "name": "Carmel PUC", "amenity": "college", "building": null, "capacity": null, "emergency": null, "leisure": null }, "geometry": { "type": "Polygon", "coordinates": [ [ [ 77.5454735, 12.9884076 ], [ 77.5445569, 12.9884128 ], [ 77.5445006, 12.9880927 ], [ 77.5448275, 12.9880544 ], [ 77.5454629, 12.9880639 ], [ 77.5454735, 12.9884076 ] ] ] } },
{ "type": "Feature", "properties": { "name": "Schoenstatt St. Mary's Public School", "amenity": "school", "building": null, "capacity": null, "emergency": null, "leisure": null }, "geometry": { "type": "Polygon", "coordinates": [ [ [ 77.5042099, 13.0337517 ], [ 77.5058676, 13.0334998 ], [ 77.5063226, 13.0334255 ], [ 77.5060543, 13.032501 ], [ 77.5040404, 13.032855 ], [ 77.5042099, 13.0337517 ] ] ] } },
{ "type": "Feature", "properties": { "name": "Chirst University Yeshwantpur Campus", "amenity": "college", "building": null, "capacity": null, "emergency": null, "leisure": null }, "geometry": { "type": "Polygon", "coordinates": [ [ [ 77.5044224, 13.0363662 ], [ 77.505214, 13.0363152 ], [ 77.5053155, 13.0363087 ], [ 77.505742, 13.0363767 ], [ 77.5059465, 13.0363923 ], [ 77.5065976, 13.036442 ], [ 77.5071126, 13.0352766 ], [ 77.5070026, 13.0350571 ], [ 77.505919, 13.0352452 ], [ 77.5058359, 13.035044 ], [ 77.5055113, 13.0350126 ], [ 77.5042748, 13.0352583 ], [ 77.5044224, 13.0363662 ] ] ] } },
{ "type": "Feature", "properties": { "name": "Narayana e-Techno School - Bellandur", "amenity": "school", "building": null, "capacity": null, "emergency": null, "leisure": null }, "geometry": { "type": "Polygon", "coordinates": [ [ [ 77.6733191, 12.9268545 ], [ 77.6738104, 12.9267964 ], [ 77.673757, 12.9263757 ], [ 77.6732747, 12.926452 ], [ 77.6733191, 12.9268545 ] ] ] } },
{ "type": "Feature", "properties": { "name": null, "amenity": "school", "building": null, "capacity": null, "emergency": null, "leisure": null }, "geometry": { "type": "Polygon", "coordinates": [ [ [ 77.7385372, 12.9220191 ], [ 77.7393123, 12.9220928 ], [ 77.7392903, 12.9218655 ], [ 77.739133, 12.9213539 ], [ 77.7391707, 12.9207214 ], [ 77.7388092, 12.9206197 ], [ 77.7385865, 12.9206063 ], [ 77.7385372, 12.9220191 ] ] ] } },
{ "type": "Feature", "properties": { "name": "The Cambridge International School", "amenity": "school", "building": null, "capacity": null, "emergency": null, "leisure": null }, "geometry": { "type": "Polygon", "coordinates": [ [ [ 77.739028, 12.9272302 ], [ 77.7391117, 12.9276759 ], [ 77.7395639, 12.9276087 ], [ 77.7395499, 12.9275168 ], [ 77.7398614, 12.9274456 ], [ 77.7398457, 12.9272828 ], [ 77.7399483, 12.9272523 ], [ 77.7397517, 12.9264214 ], [ 77.7394108, 12.9267368 ], [ 77.7384278, 12.9269911 ], [ 77.7387392, 12.927432 ], [ 77.739028, 12.9272302 ] ] ] } },
{ "type": "Feature", "properties": { "name": "Christ University Bannerghatta Road", "amenity": "college", "building": null, "capacity": null, "emergency": null, "leisure": null }, "geometry": { "type": "Polygon", "coordinates": [ [ [ 77.5955641, 12.8781435 ], [ 77.5960719, 12.8780464 ], [ 77.5961123, 12.878247 ], [ 77.5967547, 12.8781082 ], [ 77.596742, 12.8780606 ], [ 77.5965898, 12.8774897 ], [ 77.5954713, 12.8777003 ], [ 77.5955641, 12.8781435 ] ] ] } },
{ "type": "Feature", "properties": { "name": "Sri Sri Ravishankar Balmandir", "amenity": "school", "building": "school", "capacity": null, "emergency": null, "leisure": null }, "geometry": { "type": "Polygon", "coordinates": [ [ [ 77.6995645, 12.9362216 ], [ 77.6996906, 12.9362015 ], [ 77.6997048, 12.9362859 ], [ 77.6995787, 12.936306 ], [ 77.6995645, 12.9362216 ] ] ] } },
{ "type": "Feature", "properties": { "name": null, "amenity": "school", "building": null, "capacity": null, "emergency": null, "leisure": null }, "geometry": { "type": "Polygon", "coordinates": [ [ [ 77.7047207, 12.9371518 ], [ 77.7049878, 12.9370915 ], [ 77.7048777, 12.936628 ], [ 77.7046105, 12.9366883 ], [ 77.7047207, 12.9371518 ] ] ] } },
{ "type": "Feature", "properties": { "name": "Government Lower Primary School, Thubarahalli", "amenity": "school", "building": null, "capacity": null, "emergency": null, "leisure": null }, "geometry": { "type": "Polygon", "coordinates": [ [ [ 77.7210145, 12.9553588 ], [ 77.7211932, 12.9553618 ], [ 77.7213564, 12.9553607 ], [ 77.7213691, 12.9555342 ], [ 77.7212848, 12.9555391 ], [ 77.7212855, 12.9556726 ], [ 77.7209941, 12.9556753 ], [ 77.7210027, 12.9555585 ], [ 77.7210145, 12.9553588 ] ] ] } },
{ "type": "Feature", "properties": { "name": "National Institute of Advanced Studies - NIAS", "amenity": "college", "building": null, "capacity": null, "emergency": null, "leisure": null }, "geometry": { "type": "Polygon", "coordinates": [ [ [ 77.564776, 13.0294474 ], [ 77.5646031, 13.0288195 ], [ 77.5641122, 13.0287921 ], [ 77.5628342, 13.0288417 ], [ 77.5623266, 13.0289168 ], [ 77.5626188, 13.0297448 ], [ 77.562928, 13.0297171 ], [ 77.5630602, 13.0299592 ], [ 77.5633331, 13.0299307 ], [ 77.5636069, 13.0299007 ], [ 77.5647045, 13.0294752 ], [ 77.564776, 13.0294474 ] ] ] } },
{ "type": "Feature", "properties": { "name": "Nirmala Rani High School", "amenity": "school", "building": null, "capacity": null, "emergency": null, "leisure": null }, "geometry": { "type": "Polygon", "coordinates": [ [ [ 77.560805, 13.009084 ], [ 77.5627127, 13.0090368 ], [ 77.562493, 13.0094769 ], [ 77.5621398, 13.0100956 ], [ 77.5606415, 13.0094696 ], [ 77.560805, 13.009084 ] ] ] } },
{ "type": "Feature", "properties": { "name": "Bishop Cotton Academy of Professional Management", "amenity": "college", "building": null, "capacity": null, "emergency": null, "leisure": null }, "geometry": { "type": "Polygon", "coordinates": [ [ [ 77.586274, 13.0997203 ], [ 77.5866991, 13.0997462 ], [ 77.58708, 13.0998533 ], [ 77.5873965, 13.0991297 ], [ 77.5871551, 13.0990565 ], [ 77.5868037, 13.0990147 ], [ 77.5862714, 13.0989833 ], [ 77.5862721, 13.0991728 ], [ 77.586274, 13.0997203 ] ] ] } },
{ "type": "Feature", "properties": { "name": "Cambridge Public School", "amenity": "school", "building": null, "capacity": null, "emergency": null, "leisure": null }, "geometry": { "type": "Polygon", "coordinates": [ [ [ 77.5900469, 13.0940973 ], [ 77.5896831, 13.0949432 ], [ 77.5893263, 13.0949193 ], [ 77.5897345, 13.0939738 ], [ 77.5900469, 13.0940973 ] ] ] } },
{ "type": "Feature", "properties": { "name": "Agragami College of Aeronautical Engineering", "amenity": "college", "building": null, "capacity": null, "emergency": null, "leisure": null }, "geometry": { "type": "Polygon", "coordinates": [ [ [ 77.5905615, 13.0950412 ], [ 77.5916758, 13.0950431 ], [ 77.591702, 13.0953662 ], [ 77.5916044, 13.0954442 ], [ 77.5914863, 13.0954527 ], [ 77.5891325, 13.0953686 ], [ 77.5893263, 13.0949193 ], [ 77.5896831, 13.0949432 ], [ 77.5900469, 13.0940973 ], [ 77.5905693, 13.0943039 ], [ 77.5907328, 13.0943855 ], [ 77.5905615, 13.0950412 ] ] ] } },
{ "type": "Feature", "properties": { "name": "Chrysalis High School", "amenity": "school", "building": null, "capacity": null, "emergency": null, "leisure": null }, "geometry": { "type": "Polygon", "coordinates": [ [ [ 77.5907328, 13.0943855 ], [ 77.5916087, 13.0947717 ], [ 77.5916758, 13.0950431 ], [ 77.5905615, 13.0950412 ], [ 77.5907328, 13.0943855 ] ] ] } },
{ "type": "Feature", "properties": { "name": "East West College of Engineering", "amenity": "college", "building": null, "capacity": null, "emergency": null, "leisure": null }, "geometry": { "type": "Polygon", "coordinates": [ [ [ 77.5916044, 13.0954442 ], [ 77.5908491, 13.0961077 ], [ 77.5888456, 13.0960455 ], [ 77.5891325, 13.0953686 ], [ 77.5914863, 13.0954527 ], [ 77.5916044, 13.0954442 ] ] ] } },
{ "type": "Feature", "properties": { "name": "Al-Ameen Arts and Science College", "amenity": "college", "building": null, "capacity": null, "emergency": null, "leisure": null }, "geometry": { "type": "Polygon", "coordinates": [ [ [ 77.5862193, 12.9545014 ], [ 77.5864048, 12.9544414 ], [ 77.586536, 12.9548271 ], [ 77.5875127, 12.9545115 ], [ 77.5874496, 12.954326 ], [ 77.587096, 12.9544403 ], [ 77.5868125, 12.9536696 ], [ 77.5864202, 12.9537817 ], [ 77.5862351, 12.9536144 ], [ 77.5859186, 12.9538706 ], [ 77.5862193, 12.9545014 ] ] ] } },
{ "type": "Feature", "properties": { "name": "Ryan International School", "amenity": "school", "building": null, "capacity": null, "emergency": null, "leisure": null }, "geometry": { "type": "Polygon", "coordinates": [ [ [ 77.6015561, 13.1250285 ], [ 77.6008451, 13.123578 ], [ 77.6017168, 13.1230086 ], [ 77.6019813, 13.1235635 ], [ 77.602239, 13.124104 ], [ 77.6024695, 13.1245875 ], [ 77.6015561, 13.1250285 ] ] ] } },
{ "type": "Feature", "properties": { "name": "Ekya School", "amenity": "school", "building": "school", "capacity": null, "emergency": null, "leisure": null }, "geometry": { "type": "Polygon", "coordinates": [ [ [ 77.7044882, 12.9716316 ], [ 77.7037142, 12.9716774 ], [ 77.7037016, 12.9715217 ], [ 77.7037863, 12.9715156 ], [ 77.7037863, 12.9714911 ], [ 77.7038771, 12.9714881 ], [ 77.7038803, 12.9714636 ], [ 77.7039993, 12.9714606 ], [ 77.7040025, 12.971427 ], [ 77.7041905, 12.971427 ], [ 77.7043347, 12.9713293 ], [ 77.7044757, 12.9714911 ], [ 77.7044882, 12.9716316 ] ] ] } },
{ "type": "Feature", "properties": { "name": "Holy Spirit School ICSE", "amenity": "school", "building": null, "capacity": null, "emergency": null, "leisure": null }, "geometry": { "type": "Polygon", "coordinates": [ [ [ 77.5939103, 12.8728028 ], [ 77.5937802, 12.8724236 ], [ 77.5936227, 12.872178 ], [ 77.5932759, 12.8711568 ], [ 77.5928615, 12.8712208 ], [ 77.5926349, 12.8711306 ], [ 77.5923237, 12.8715595 ], [ 77.5930036, 12.8727035 ], [ 77.5931914, 12.8727047 ], [ 77.5939103, 12.8728028 ] ] ] } },
{ "type": "Feature", "properties": { "name": "Holy Spirit PU College", "amenity": "school", "building": null, "capacity": null, "emergency": null, "leisure": null }, "geometry": { "type": "Polygon", "coordinates": [ [ [ 77.5900114, 12.8722637 ], [ 77.591118, 12.8723928 ], [ 77.5911918, 12.8724014 ], [ 77.5911971, 12.8727064 ], [ 77.5911911, 12.8728178 ], [ 77.5911502, 12.87357 ], [ 77.5911433, 12.873698 ], [ 77.5899231, 12.8731833 ], [ 77.5900114, 12.8722637 ] ] ] } },
{ "type": "Feature", "properties": { "name": "Jeevalaya Institute of Philosophy", "amenity": "college", "building": null, "capacity": null, "emergency": null, "leisure": null }, "geometry": { "type": "Polygon", "coordinates": [ [ [ 77.5826647, 12.861887 ], [ 77.5831398, 12.8619525 ], [ 77.5835046, 12.8627526 ], [ 77.5841872, 12.8630261 ], [ 77.5843334, 12.8630847 ], [ 77.5843307, 12.8635214 ], [ 77.58421, 12.8638404 ], [ 77.5838828, 12.8639685 ], [ 77.5836682, 12.8639895 ], [ 77.5829346, 12.8636653 ], [ 77.5821683, 12.8633266 ], [ 77.5820173, 12.8632599 ], [ 77.5814889, 12.8630259 ], [ 77.5816552, 12.8622558 ], [ 77.5817253, 12.861647 ], [ 77.5817558, 12.8613824 ], [ 77.5816552, 12.8605666 ], [ 77.5818457, 12.8605679 ], [ 77.5819409, 12.8607757 ], [ 77.5824022, 12.8611549 ], [ 77.5826141, 12.8615236 ], [ 77.5826647, 12.861887 ] ] ] } },
{ "type": "Feature", "properties": { "name": "Mount St. Joseph", "amenity": "school", "building": null, "capacity": null, "emergency": null, "leisure": null }, "geometry": { "type": "Polygon", "coordinates": [ [ [ 77.5928771, 12.8698524 ], [ 77.5923481, 12.8700068 ], [ 77.5920554, 12.8690537 ], [ 77.5925659, 12.8689063 ], [ 77.5923069, 12.8681361 ], [ 77.592286, 12.8680793 ], [ 77.5922619, 12.8680134 ], [ 77.5919951, 12.8672385 ], [ 77.590583, 12.8673914 ], [ 77.5905699, 12.8665248 ], [ 77.5904918, 12.8665298 ], [ 77.5904714, 12.866805 ], [ 77.5898763, 12.8666349 ], [ 77.5897247, 12.8670436 ], [ 77.5886625, 12.8673731 ], [ 77.5881529, 12.8672999 ], [ 77.5879839, 12.8668214 ], [ 77.5878257, 12.8668972 ], [ 77.5873804, 12.8670541 ], [ 77.5880456, 12.8694362 ], [ 77.5898824, 12.8703417 ], [ 77.5915834, 12.8711803 ], [ 77.5924873, 12.8709528 ], [ 77.5928333, 12.8711123 ], [ 77.5932598, 12.8710522 ], [ 77.5928771, 12.8698524 ] ] ] } },
{ "type": "Feature", "properties": { "name": "The Colonel Hill High School", "amenity": "school", "building": null, "capacity": null, "emergency": null, "leisure": null }, "geometry": { "type": "Polygon", "coordinates": [ [ [ 77.6019441, 12.9906194 ], [ 77.6019512, 12.9912446 ], [ 77.602178, 12.9912421 ], [ 77.602174, 12.9908914 ], [ 77.602719, 12.9908855 ], [ 77.6027159, 12.990611 ], [ 77.6019441, 12.9906194 ] ] ] } },
{ "type": "Feature", "properties": { "name": "Al-Ameen Kambal Posh", "amenity": "school", "building": null, "capacity": null, "emergency": null, "leisure": null }, "geometry": { "type": "Polygon", "coordinates": [ [ [ 77.6014099, 12.9903374 ], [ 77.6014136, 12.9905291 ], [ 77.6017475, 12.990523 ], [ 77.6017438, 12.9903313 ], [ 77.6014099, 12.9903374 ] ] ] } },
{ "type": "Feature", "properties": { "name": "CEZM High School", "amenity": "school", "building": null, "capacity": null, "emergency": null, "leisure": null }, "geometry": { "type": "Polygon", "coordinates": [ [ [ 77.5997447, 12.9906584 ], [ 77.5997052, 12.9905102 ], [ 77.600935, 12.9901587 ], [ 77.6009725, 12.9902959 ], [ 77.6005596, 12.9908328 ], [ 77.6003408, 12.9906501 ], [ 77.6002945, 12.9905322 ], [ 77.6000276, 12.990614 ], [ 77.6000203, 12.990586 ], [ 77.5997447, 12.9906584 ] ] ] } },
{ "type": "Feature", "properties": { "name": "Hymamshu Jyoti Kala Peetha", "amenity": "school", "building": null, "capacity": null, "emergency": null, "leisure": null }, "geometry": { "type": "Polygon", "coordinates": [ [ [ 77.569145, 13.0062445 ], [ 77.5684629, 13.0062434 ], [ 77.5684623, 13.0065976 ], [ 77.5690366, 13.0065985 ], [ 77.5690367, 13.0065575 ], [ 77.5691445, 13.0065577 ], [ 77.569145, 13.0062445 ] ] ] } },
{ "type": "Feature", "properties": { "name": null, "amenity": "school", "building": null, "capacity": null, "emergency": null, "leisure": null }, "geometry": { "type": "Polygon", "coordinates": [ [ [ 77.527881, 12.9517141 ], [ 77.5281706, 12.9516892 ], [ 77.5281747, 12.9517716 ], [ 77.5286427, 12.951684 ], [ 77.5286052, 12.9513233 ], [ 77.5282821, 12.9513525 ], [ 77.5278495, 12.9513984 ], [ 77.527881, 12.9517141 ] ] ] } },
{ "type": "Feature", "properties": { "name": "Sri Chaitanya Techno School", "amenity": "school", "building": null, "capacity": null, "emergency": null, "leisure": null }, "geometry": { "type": "Polygon", "coordinates": [ [ [ 77.7182205, 12.9920951 ], [ 77.7180307, 12.9914957 ], [ 77.7183077, 12.9914255 ], [ 77.7184953, 12.9920781 ], [ 77.7182205, 12.9920951 ] ] ] } },
{ "type": "Feature", "properties": { "name": "Alpha Public School", "amenity": "school", "building": null, "capacity": null, "emergency": null, "leisure": null }, "geometry": { "type": "Polygon", "coordinates": [ [ [ 77.614122, 13.1100545 ], [ 77.613489, 13.1097829 ], [ 77.6140684, 13.1081789 ], [ 77.6151077, 13.1088033 ], [ 77.6149884, 13.1092042 ], [ 77.6143715, 13.109054 ], [ 77.614122, 13.1100545 ] ] ] } },
{ "type": "Feature", "properties": { "name": "Indira Gandhi International Academy", "amenity": "school", "building": null, "capacity": null, "emergency": null, "leisure": null }, "geometry": { "type": "Polygon", "coordinates": [ [ [ 77.6028728, 13.0869973 ], [ 77.6018777, 13.0871697 ], [ 77.6019126, 13.0877001 ], [ 77.6029371, 13.0876256 ], [ 77.6028728, 13.0869973 ] ] ] } },
{ "type": "Feature", "properties": { "name": "Chinmaya Vidyalaya", "amenity": "school", "building": null, "capacity": null, "emergency": null, "leisure": null }, "geometry": { "type": "Polygon", "coordinates": [ [ [ 77.6123191, 13.1159632 ], [ 77.6118861, 13.1160253 ], [ 77.6118238, 13.1156138 ], [ 77.6122569, 13.1155516 ], [ 77.6123191, 13.1159632 ] ] ] } },
{ "type": "Feature", "properties": { "name": "Yashasvi Vidya Niketan", "amenity": "school", "building": null, "capacity": null, "emergency": null, "leisure": null }, "geometry": { "type": "Polygon", "coordinates": [ [ [ 77.6267418, 13.1218044 ], [ 77.6271361, 13.1218201 ], [ 77.6270985, 13.1209659 ], [ 77.6266801, 13.120992 ], [ 77.6267418, 13.1218044 ] ] ] } },
{ "type": "Feature", "properties": { "name": "Little Explorers Academy", "amenity": "school", "building": null, "capacity": null, "emergency": null, "leisure": null }, "geometry": { "type": "Polygon", "coordinates": [ [ [ 77.719604, 12.9596771 ], [ 77.7195923, 12.9595367 ], [ 77.7198251, 12.959522 ], [ 77.7200642, 12.9595123 ], [ 77.720075, 12.9596476 ], [ 77.719604, 12.9596771 ] ] ] } },
{ "type": "Feature", "properties": { "name": "National Institute of Animal Nutrition and Physiology", "amenity": "college", "building": null, "capacity": null, "emergency": null, "leisure": null }, "geometry": { "type": "Polygon", "coordinates": [ [ [ 77.6063154, 12.9489294 ], [ 77.6063758, 12.9489302 ], [ 77.6061843, 12.9496378 ], [ 77.611016, 12.9489084 ], [ 77.6108843, 12.9483664 ], [ 77.6106432, 12.9473513 ], [ 77.6105037, 12.9473748 ], [ 77.6103616, 12.9468625 ], [ 77.6067611, 12.9475397 ], [ 77.6063154, 12.9489294 ] ] ] } },
{ "type": "Feature", "properties": { "name": null, "amenity": "school", "building": null, "capacity": null, "emergency": null, "leisure": null }, "geometry": { "type": "Polygon", "coordinates": [ [ [ 77.6140123, 12.9573778 ], [ 77.6143459, 12.9573517 ], [ 77.6143073, 12.9568843 ], [ 77.6139736, 12.9569105 ], [ 77.6140123, 12.9573778 ] ] ] } },
{ "type": "Feature", "properties": { "name": null, "amenity": "school", "building": null, "capacity": null, "emergency": null, "leisure": null }, "geometry": { "type": "Polygon", "coordinates": [ [ [ 77.6166916, 12.9590828 ], [ 77.617, 12.9590043 ], [ 77.6170081, 12.9588691 ], [ 77.6167077, 12.9588593 ], [ 77.6166916, 12.9590828 ] ] ] } },
{ "type": "Feature", "properties": { "name": "Police Training School", "amenity": "college", "building": null, "capacity": null, "emergency": null, "leisure": null }, "geometry": { "type": "Polygon", "coordinates": [ [ [ 77.6264307, 13.0781301 ], [ 77.6249474, 13.0768395 ], [ 77.6247972, 13.0759982 ], [ 77.628268, 13.0753738 ], [ 77.62862, 13.0752767 ], [ 77.6286425, 13.0754389 ], [ 77.6283968, 13.0755162 ], [ 77.6285593, 13.0763446 ], [ 77.628713, 13.0771286 ], [ 77.6278356, 13.0774992 ], [ 77.6275358, 13.0776311 ], [ 77.6264307, 13.0781301 ] ] ] } },
{ "type": "Feature", "properties": { "name": "Apollo National Public School", "amenity": "school", "building": null, "capacity": null, "emergency": null, "leisure": null }, "geometry": { "type": "Polygon", "coordinates": [ [ [ 77.557623, 12.9236467 ], [ 77.5574089, 12.9227642 ], [ 77.5577643, 12.9226822 ], [ 77.5579784, 12.9235648 ], [ 77.557623, 12.9236467 ] ] ] } },
{ "type": "Feature", "properties": { "name": "St. Paul's College", "amenity": "college", "building": null, "capacity": null, "emergency": null, "leisure": null }, "geometry": { "type": "Polygon", "coordinates": [ [ [ 77.5042748, 13.0352583 ], [ 77.5044787, 13.0350179 ], [ 77.5042729, 13.0341453 ], [ 77.5054044, 13.0339734 ], [ 77.5054185, 13.0340612 ], [ 77.5059447, 13.0339813 ], [ 77.5060827, 13.0348323 ], [ 77.5067478, 13.034639 ], [ 77.5070026, 13.0350571 ], [ 77.505919, 13.0352452 ], [ 77.5058359, 13.035044 ], [ 77.5055113, 13.0350126 ], [ 77.5042748, 13.0352583 ] ] ] } },
{ "type": "Feature", "properties": { "name": "Kendriya Vidyalaya", "amenity": "school", "building": null, "capacity": null, "emergency": null, "leisure": null }, "geometry": { "type": "Polygon", "coordinates": [ [ [ 77.5512594, 13.0278434 ], [ 77.5512926, 13.0269239 ], [ 77.5521501, 13.0269533 ], [ 77.5521169, 13.0278728 ], [ 77.5512594, 13.0278434 ] ] ] } },
{ "type": "Feature", "properties": { "name": "Carmelaram Theology College", "amenity": "college", "building": null, "capacity": null, "emergency": null, "leisure": null }, "geometry": { "type": "Polygon", "coordinates": [ [ [ 77.7079081, 12.9129433 ], [ 77.7076984, 12.9135657 ], [ 77.7092439, 12.9136831 ], [ 77.7093096, 12.9124648 ], [ 77.7081603, 12.9123053 ], [ 77.7079081, 12.9129433 ] ] ] } },
{ "type": "Feature", "properties": { "name": "Adhyatama Vidhya Peetham", "amenity": "school", "building": null, "capacity": null, "emergency": null, "leisure": null }, "geometry": { "type": "Polygon", "coordinates": [ [ [ 77.7073476, 12.9117354 ], [ 77.7077714, 12.9120204 ], [ 77.7093941, 12.9123263 ], [ 77.7093009, 12.9115132 ], [ 77.7084687, 12.911572 ], [ 77.7083749, 12.9112596 ], [ 77.7073476, 12.9117354 ] ] ] } },
{ "type": "Feature", "properties": { "name": "Karunalayam Convent", "amenity": "college", "building": null, "capacity": null, "emergency": null, "leisure": null }, "geometry": { "type": "Polygon", "coordinates": [ [ [ 77.7063149, 12.9102138 ], [ 77.7067924, 12.9109615 ], [ 77.7075863, 12.9108125 ], [ 77.7074381, 12.9099716 ], [ 77.7063149, 12.9102138 ] ] ] } },
{ "type": "Feature", "properties": { "name": "Carmel Teresa School", "amenity": "school", "building": null, "capacity": null, "emergency": null, "leisure": null }, "geometry": { "type": "Polygon", "coordinates": [ [ [ 77.7503827, 12.961568 ], [ 77.748895, 12.9616287 ], [ 77.7489064, 12.9620433 ], [ 77.7499818, 12.9626526 ], [ 77.7504399, 12.962967 ], [ 77.7503827, 12.961568 ] ] ] } },
{ "type": "Feature", "properties": { "name": null, "amenity": "school", "building": null, "capacity": null, "emergency": null, "leisure": null }, "geometry": { "type": "Polygon", "coordinates": [ [ [ 77.5478165, 12.9924227 ], [ 77.5481723, 12.992424 ], [ 77.5482705, 12.9918769 ], [ 77.5477745, 12.991814 ], [ 77.5477776, 12.99223 ], [ 77.5478165, 12.9924227 ] ] ] } },
{ "type": "Feature", "properties": { "name": "Gangamma Thimmaiah Govt School", "amenity": "school", "building": null, "capacity": null, "emergency": null, "leisure": null }, "geometry": { "type": "Polygon", "coordinates": [ [ [ 77.5463991, 12.9909147 ], [ 77.5465729, 12.9908179 ], [ 77.5466412, 12.9907798 ], [ 77.5469267, 12.9906427 ], [ 77.546806, 12.9901244 ], [ 77.5462058, 12.990201 ], [ 77.5462711, 12.9905831 ], [ 77.5463991, 12.9909147 ] ] ] } },
{ "type": "Feature", "properties": { "name": null, "amenity": "school", "building": null, "capacity": null, "emergency": null, "leisure": null }, "geometry": { "type": "Polygon", "coordinates": [ [ [ 77.6162053, 12.964191 ], [ 77.6159662, 12.9640777 ], [ 77.6160854, 12.963839 ], [ 77.6161013, 12.9638072 ], [ 77.6161684, 12.9636716 ], [ 77.6164021, 12.9637885 ], [ 77.6163427, 12.9639138 ], [ 77.6163239, 12.9639535 ], [ 77.6162053, 12.964191 ] ] ] } },
{ "type": "Feature", "properties": { "name": "St. Euphrasias Girls' High School", "amenity": "school", "building": null, "capacity": null, "emergency": null, "leisure": null }, "geometry": { "type": "Polygon", "coordinates": [ [ [ 77.6045937, 12.9675021 ], [ 77.6045264, 12.9674927 ], [ 77.6043797, 12.9684235 ], [ 77.6044276, 12.968441 ], [ 77.6049037, 12.9686151 ], [ 77.6050226, 12.9686586 ], [ 77.6051098, 12.9681031 ], [ 77.6054967, 12.9682881 ], [ 77.6055312, 12.968171 ], [ 77.6056327, 12.967827 ], [ 77.6056744, 12.9676666 ], [ 77.6051529, 12.9675872 ], [ 77.6045937, 12.9675021 ] ] ] } },
{ "type": "Feature", "properties": { "name": "Sacred Heart Girls' High School", "amenity": "school", "building": null, "capacity": null, "emergency": null, "leisure": null }, "geometry": { "type": "Polygon", "coordinates": [ [ [ 77.6029236, 12.9683829 ], [ 77.6025409, 12.96937 ], [ 77.6027361, 12.9695183 ], [ 77.6030061, 12.9697233 ], [ 77.6034711, 12.9700495 ], [ 77.6037258, 12.9695629 ], [ 77.6037218, 12.9694296 ], [ 77.6038747, 12.9691617 ], [ 77.6031953, 12.9688179 ], [ 77.6033583, 12.9685645 ], [ 77.6029236, 12.9683829 ] ] ] } },
{ "type": "Feature", "properties": { "name": "Frank Anthony Junior School", "amenity": "school", "building": null, "capacity": null, "emergency": null, "leisure": null }, "geometry": { "type": "Polygon", "coordinates": [ [ [ 77.6040698, 12.9631277 ], [ 77.6043461, 12.9630558 ], [ 77.6042193, 12.9623893 ], [ 77.604053, 12.9624351 ], [ 77.6039176, 12.9626481 ], [ 77.6040698, 12.9631277 ] ] ] } },
{ "type": "Feature", "properties": { "name": "Cambridge School ICSE", "amenity": "school", "building": null, "capacity": null, "emergency": null, "leisure": null }, "geometry": { "type": "Polygon", "coordinates": [ [ [ 77.6450262, 12.9082542 ], [ 77.644988, 12.9075093 ], [ 77.6454037, 12.9074701 ], [ 77.6455068, 12.9082304 ], [ 77.6450262, 12.9082542 ] ] ] } },
{ "type": "Feature", "properties": { "name": "St. Michael's School", "amenity": "school", "building": null, "capacity": null, "emergency": null, "leisure": null }, "geometry": { "type": "Polygon", "coordinates": [ [ [ 77.5984986, 12.9550327 ], [ 77.5976106, 12.9554695 ], [ 77.5975497, 12.9554995 ], [ 77.5973825, 12.9555817 ], [ 77.5974803, 12.9558193 ], [ 77.5974964, 12.9561552 ], [ 77.5975315, 12.9561424 ], [ 77.5981527, 12.9559157 ], [ 77.5987896, 12.9556832 ], [ 77.5984986, 12.9550327 ] ] ] } },
{ "type": "Feature", "properties": { "name": "MQI College", "amenity": "college", "building": null, "capacity": null, "emergency": null, "leisure": null }, "geometry": { "type": "Polygon", "coordinates": [ [ [ 77.6062296, 12.997329 ], [ 77.6066753, 12.9972441 ], [ 77.6069249, 12.9971715 ], [ 77.6067486, 12.9968833 ], [ 77.606986, 12.9967324 ], [ 77.6069304, 12.9966514 ], [ 77.6066802, 12.9967873 ], [ 77.6065542, 12.996588 ], [ 77.6061675, 12.9967953 ], [ 77.606201, 12.9971265 ], [ 77.6062296, 12.997329 ] ] ] } },
{ "type": "Feature", "properties": { "name": "St. Mary's Public School", "amenity": "school", "building": null, "capacity": null, "emergency": null, "leisure": null }, "geometry": { "type": "Polygon", "coordinates": [ [ [ 77.5989494, 12.9891019 ], [ 77.5990088, 12.9892487 ], [ 77.5986437, 12.9893988 ], [ 77.5985849, 12.9892816 ], [ 77.5989494, 12.9891019 ] ] ] } },
{ "type": "Feature", "properties": { "name": "Institute of Wood Science and Technology", "amenity": "college", "building": null, "capacity": null, "emergency": null, "leisure": null }, "geometry": { "type": "Polygon", "coordinates": [ [ [ 77.5710739, 13.0137603 ], [ 77.5698848, 13.0136989 ], [ 77.5695173, 13.0122928 ], [ 77.5696135, 13.0122019 ], [ 77.569356, 13.0118987 ], [ 77.569423, 13.0118105 ], [ 77.5700468, 13.010989 ], [ 77.5703323, 13.010613 ], [ 77.5712121, 13.0111043 ], [ 77.5725217, 13.010322 ], [ 77.5726162, 13.0112376 ], [ 77.5724151, 13.0117916 ], [ 77.5721562, 13.0119797 ], [ 77.5720646, 13.0138353 ], [ 77.5710739, 13.0137603 ] ] ] } },
{ "type": "Feature", "properties": { "name": null, "amenity": "college", "building": null, "capacity": null, "emergency": null, "leisure": null }, "geometry": { "type": "Polygon", "coordinates": [ [ [ 77.5573933, 12.9947585 ], [ 77.5578332, 12.9947017 ], [ 77.5584038, 12.9946808 ], [ 77.558489, 12.9941287 ], [ 77.5573893, 12.9942045 ], [ 77.5573933, 12.9947585 ] ] ] } },
{ "type": "Feature", "properties": { "name": "Vivekananda College of Law", "amenity": "college", "building": null, "capacity": null, "emergency": null, "leisure": null }, "geometry": { "type": "Polygon", "coordinates": [ [ [ 77.561483, 12.998618 ], [ 77.5617586, 12.9985703 ], [ 77.5618344, 12.999048 ], [ 77.5616607, 12.9990734 ], [ 77.561483, 12.998618 ] ] ] } },
{ "type": "Feature", "properties": { "name": "BBMP Junior College and Girls High School", "amenity": "school", "building": null, "capacity": null, "emergency": null, "leisure": null }, "geometry": { "type": "Polygon", "coordinates": [ [ [ 77.5641999, 12.998363 ], [ 77.5647003, 12.9983127 ], [ 77.5649075, 12.9980698 ], [ 77.5648747, 12.997949 ], [ 77.5641525, 12.9980457 ], [ 77.5641999, 12.998363 ] ] ] } },
{ "type": "Feature", "properties": { "name": "Haji Sir Ismail Sait Government Urdu and English Higher Primary School", "amenity": "school", "building": null, "capacity": null, "emergency": null, "leisure": null }, "geometry": { "type": "Polygon", "coordinates": [ [ [ 77.6164984, 13.0004416 ], [ 77.6161438, 13.0004775 ], [ 77.6161076, 13.0000462 ], [ 77.6164636, 13.0000175 ], [ 77.6164984, 13.0004416 ] ] ] } },
{ "type": "Feature", "properties": { "name": "Government First Grade College", "amenity": "college", "building": null, "capacity": null, "emergency": null, "leisure": null }, "geometry": { "type": "LineString", "coordinates": [ [ 77.5529397, 12.9931358 ], [ 77.5527222, 12.9931435 ], [ 77.552741, 12.9936463 ], [ 77.552792, 12.9936445 ], [ 77.5529547, 12.9936387 ] ] } },
{ "type": "Feature", "properties": { "name": "Vidyasagar Preschool", "amenity": "school", "building": null, "capacity": null, "emergency": null, "leisure": null }, "geometry": { "type": "Polygon", "coordinates": [ [ [ 77.5815895, 13.0411047 ], [ 77.5818953, 13.0417295 ], [ 77.5813133, 13.0418928 ], [ 77.5810812, 13.0412897 ], [ 77.5815895, 13.0411047 ] ] ] } },
{ "type": "Feature", "properties": { "name": "Young Scholars Academy", "amenity": "school", "building": null, "capacity": null, "emergency": null, "leisure": null }, "geometry": { "type": "Polygon", "coordinates": [ [ [ 77.6046874, 13.0384867 ], [ 77.6044213, 13.0385242 ], [ 77.6037607, 13.0386174 ], [ 77.6037258, 13.0384384 ], [ 77.6034643, 13.0384593 ], [ 77.6032618, 13.0373781 ], [ 77.6042468, 13.037141 ], [ 77.6043309, 13.0374932 ], [ 77.6045023, 13.0374663 ], [ 77.6045731, 13.0378566 ], [ 77.6046874, 13.0384867 ] ] ] } },
{ "type": "Feature", "properties": { "name": "Gyan Jyothi, State Bank of India", "amenity": "college", "building": null, "capacity": null, "emergency": null, "leisure": null }, "geometry": { "type": "Polygon", "coordinates": [ [ [ 77.5952201, 13.0734092 ], [ 77.5951786, 13.0733292 ], [ 77.5971302, 13.072931 ], [ 77.5975898, 13.0729071 ], [ 77.5977428, 13.0728979 ], [ 77.5977608, 13.0732633 ], [ 77.5968674, 13.0733229 ], [ 77.5961083, 13.0733777 ], [ 77.5952201, 13.0734092 ] ] ] } },
{ "type": "Feature", "properties": { "name": "Allamandas School", "amenity": "school", "building": null, "capacity": null, "emergency": null, "leisure": null }, "geometry": { "type": "Polygon", "coordinates": [ [ [ 77.5730266, 12.9967651 ], [ 77.5732183, 12.9967677 ], [ 77.5732239, 12.9963809 ], [ 77.5730321, 12.9963783 ], [ 77.5730266, 12.9967651 ] ] ] } },
{ "type": "Feature", "properties": { "name": "Basava Residential Girls School", "amenity": "school", "building": null, "capacity": null, "emergency": null, "leisure": null }, "geometry": { "type": "Polygon", "coordinates": [ [ [ 77.4713958, 12.8921917 ], [ 77.4693471, 12.8924431 ], [ 77.4684995, 12.8924378 ], [ 77.4680489, 12.8920012 ], [ 77.4680217, 12.8920176 ], [ 77.4667293, 12.8906194 ], [ 77.4678612, 12.8891121 ], [ 77.4684647, 12.8885342 ], [ 77.4685746, 12.8885368 ], [ 77.4691004, 12.8902207 ], [ 77.470141, 12.8903671 ], [ 77.4701518, 12.8912351 ], [ 77.4714929, 12.8915384 ], [ 77.4714701, 12.8919502 ], [ 77.4713958, 12.8921917 ] ] ] } },
{ "type": "Feature", "properties": { "name": "Shree Jain Shiksha Samiti", "amenity": "school", "building": null, "capacity": null, "emergency": null, "leisure": null }, "geometry": { "type": "Polygon", "coordinates": [ [ [ 77.6117004, 12.9715228 ], [ 77.6117953, 12.9715095 ], [ 77.6120671, 12.971475 ], [ 77.6121889, 12.9714591 ], [ 77.6123964, 12.9714279 ], [ 77.612502, 12.9720034 ], [ 77.6122646, 12.9720574 ], [ 77.6122794, 12.9721773 ], [ 77.6122083, 12.9721955 ], [ 77.6122584, 12.9723756 ], [ 77.611863, 12.9724766 ], [ 77.6118349, 12.9723386 ], [ 77.6117711, 12.9721161 ], [ 77.6117004, 12.9715228 ] ] ] } },
{ "type": "Feature", "properties": { "name": null, "amenity": "school", "building": null, "capacity": null, "emergency": null, "leisure": null }, "geometry": { "type": "Polygon", "coordinates": [ [ [ 77.6137546, 13.007899 ], [ 77.6141596, 13.0076729 ], [ 77.6143353, 13.0079617 ], [ 77.6139531, 13.0081799 ], [ 77.6137546, 13.007899 ] ] ] } },
{ "type": "Feature", "properties": { "name": "Vidyaneketana School", "amenity": "school", "building": null, "capacity": null, "emergency": null, "leisure": null }, "geometry": { "type": "Polygon", "coordinates": [ [ [ 77.5969751, 13.0468741 ], [ 77.596972, 13.0469542 ], [ 77.5972939, 13.0470483 ], [ 77.5972912, 13.0478321 ], [ 77.5969063, 13.0478411 ], [ 77.5963993, 13.047853 ], [ 77.5963899, 13.0472011 ], [ 77.5964711, 13.0467428 ], [ 77.5961301, 13.0466441 ], [ 77.5962639, 13.0456033 ], [ 77.5967413, 13.0456255 ], [ 77.5969264, 13.0455981 ], [ 77.5972238, 13.0457066 ], [ 77.597144, 13.046191 ], [ 77.5970433, 13.0461782 ], [ 77.5969751, 13.0468741 ] ] ] } },
{ "type": "Feature", "properties": { "name": "Suvarnashree Gurukul", "amenity": "school", "building": null, "capacity": null, "emergency": null, "leisure": null }, "geometry": { "type": "Polygon", "coordinates": [ [ [ 77.6802382, 12.9646574 ], [ 77.6801774, 12.9644712 ], [ 77.6803701, 12.9643915 ], [ 77.6806132, 12.9643367 ], [ 77.6806274, 12.9644158 ], [ 77.6812118, 12.96434 ], [ 77.6812303, 12.9644569 ], [ 77.6811001, 12.9644856 ], [ 77.6806716, 12.9645694 ], [ 77.6802382, 12.9646574 ] ] ] } },
{ "type": "Feature", "properties": { "name": "Shri Jnanakshi Vidyaniketan", "amenity": "school", "building": null, "capacity": null, "emergency": null, "leisure": null }, "geometry": { "type": "Polygon", "coordinates": [ [ [ 77.5135446, 12.9133982 ], [ 77.5125414, 12.9134295 ], [ 77.5125334, 12.913291 ], [ 77.5114658, 12.9134923 ], [ 77.5114283, 12.9124439 ], [ 77.513161, 12.9118975 ], [ 77.5131663, 12.9120648 ], [ 77.5135177, 12.9120517 ], [ 77.5135446, 12.9133982 ] ] ] } },
{ "type": "Feature", "properties": { "name": "Chitrakala Parishattu", "amenity": "college", "building": null, "capacity": null, "emergency": null, "leisure": null }, "geometry": { "type": "Polygon", "coordinates": [ [ [ 77.5073352, 12.9035993 ], [ 77.5068819, 12.9023286 ], [ 77.5074881, 12.9024855 ], [ 77.5080085, 12.9024541 ], [ 77.5080138, 12.902564 ], [ 77.5079441, 12.9028097 ], [ 77.5078952, 12.9029444 ], [ 77.5076035, 12.9031849 ], [ 77.5073352, 12.9035993 ] ] ] } },
{ "type": "Feature", "properties": { "name": "RNS Institute of Technology", "amenity": "college", "building": null, "capacity": null, "emergency": null, "leisure": null }, "geometry": { "type": "Polygon", "coordinates": [ [ [ 77.5187278, 12.8996306 ], [ 77.5188634, 12.8995965 ], [ 77.5190055, 12.9002031 ], [ 77.5197566, 12.9022816 ], [ 77.5189935, 12.9024215 ], [ 77.5190015, 12.9024816 ], [ 77.518398, 12.9025796 ], [ 77.5175585, 12.9025509 ], [ 77.5170891, 12.9025365 ], [ 77.5170676, 12.9020254 ], [ 77.5167149, 12.9010515 ], [ 77.5162806, 12.9000909 ], [ 77.5156838, 12.9002873 ], [ 77.515575, 12.9000645 ], [ 77.515009, 12.8991128 ], [ 77.516385, 12.8988932 ], [ 77.5165634, 12.9000566 ], [ 77.5170747, 12.8999947 ], [ 77.5187278, 12.8996306 ] ] ] } },
{ "type": "Feature", "properties": { "name": "Vokkaligara School", "amenity": "school", "building": null, "capacity": null, "emergency": null, "leisure": null }, "geometry": { "type": "Polygon", "coordinates": [ [ [ 77.5106665, 12.985649 ], [ 77.511093, 12.9854294 ], [ 77.5118709, 12.9868591 ], [ 77.511887, 12.987076 ], [ 77.5113451, 12.9871309 ], [ 77.5112942, 12.9868146 ], [ 77.5109187, 12.9869427 ], [ 77.5107872, 12.986041 ], [ 77.5106665, 12.985649 ] ] ] } },
{ "type": "Feature", "properties": { "name": "Acharya Bangalore Business School", "amenity": "college", "building": null, "capacity": null, "emergency": null, "leisure": null }, "geometry": { "type": "Polygon", "coordinates": [ [ [ 77.4852057, 13.003447 ], [ 77.4834609, 13.004086 ], [ 77.4833268, 13.0035973 ], [ 77.4848463, 13.0027806 ], [ 77.4849938, 13.0028094 ], [ 77.4851601, 13.0032354 ], [ 77.4852057, 13.003447 ] ] ] } },
{ "type": "Feature", "properties": { "name": "Gnanodhaya International School", "amenity": "school", "building": null, "capacity": null, "emergency": null, "leisure": null }, "geometry": { "type": "Polygon", "coordinates": [ [ [ 77.5141762, 13.0093128 ], [ 77.5141601, 13.0091861 ], [ 77.5142312, 13.0090632 ], [ 77.515111, 13.0088476 ], [ 77.5152719, 13.0093821 ], [ 77.5141937, 13.0095441 ], [ 77.5141762, 13.0093128 ] ] ] } },
{ "type": "Feature", "properties": { "name": "Baldwin Opportunity School", "amenity": "school", "building": null, "capacity": null, "emergency": null, "leisure": null }, "geometry": { "type": "Polygon", "coordinates": [ [ [ 77.6010451, 12.9646015 ], [ 77.6012219, 12.9645444 ], [ 77.601285, 12.9647964 ], [ 77.6010625, 12.9648139 ], [ 77.6010451, 12.9646015 ] ] ] } },
{ "type": "Feature", "properties": { "name": "Bharat Seva Dal", "amenity": "school", "building": null, "capacity": null, "emergency": null, "leisure": null }, "geometry": { "type": "Polygon", "coordinates": [ [ [ 77.5806722, 12.9877398 ], [ 77.5805591, 12.9877646 ], [ 77.580286, 12.9872968 ], [ 77.580524, 12.9869512 ], [ 77.5806996, 12.9870823 ], [ 77.5807353, 12.9873138 ], [ 77.5806722, 12.9877398 ] ] ] } },
{ "type": "Feature", "properties": { "name": null, "amenity": "school", "building": null, "capacity": null, "emergency": null, "leisure": null }, "geometry": { "type": "Polygon", "coordinates": [ [ [ 77.594618, 13.0261105 ], [ 77.5945072, 13.025617 ], [ 77.5948347, 13.0255472 ], [ 77.5949456, 13.0260407 ], [ 77.594618, 13.0261105 ] ] ] } },
{ "type": "Feature", "properties": { "name": "Saint Francis School", "amenity": "school", "building": null, "capacity": null, "emergency": null, "leisure": null }, "geometry": { "type": "Polygon", "coordinates": [ [ [ 77.6294752, 12.9253915 ], [ 77.6286945, 12.9255443 ], [ 77.6286792, 12.9254508 ], [ 77.6284304, 12.9246083 ], [ 77.6287541, 12.9244725 ], [ 77.6289453, 12.9243953 ], [ 77.629107, 12.9243674 ], [ 77.629662, 12.9244154 ], [ 77.629883, 12.924463 ], [ 77.6300947, 12.9252685 ], [ 77.6294752, 12.9253915 ] ] ] } },
{ "type": "Feature", "properties": { "name": "Government Model Primary School", "amenity": "school", "building": null, "capacity": null, "emergency": null, "leisure": null }, "geometry": { "type": "Polygon", "coordinates": [ [ [ 77.6206217, 12.9221031 ], [ 77.6207773, 12.9221973 ], [ 77.6208584, 12.922066 ], [ 77.6211943, 12.9222823 ], [ 77.6214071, 12.9219441 ], [ 77.6209089, 12.92162 ], [ 77.6206217, 12.9221031 ] ] ] } },
{ "type": "Feature", "properties": { "name": "Bethesda High School", "amenity": "school", "building": null, "capacity": null, "emergency": null, "leisure": null }, "geometry": { "type": "Polygon", "coordinates": [ [ [ 77.5832208, 12.9963943 ], [ 77.5833788, 12.9960236 ], [ 77.583553, 12.9960953 ], [ 77.5834208, 12.9964073 ], [ 77.5832208, 12.9963943 ] ] ] } },
{ "type": "Feature", "properties": { "name": "National Public School, Jalahalli", "amenity": "school", "building": null, "capacity": null, "emergency": null, "leisure": null }, "geometry": { "type": "Polygon", "coordinates": [ [ [ 77.5345302, 13.0731086 ], [ 77.534535, 13.073144 ], [ 77.5345838, 13.0735031 ], [ 77.5345731, 13.0737383 ], [ 77.5347179, 13.0742974 ], [ 77.5345275, 13.0743366 ], [ 77.5345275, 13.0744437 ], [ 77.5341225, 13.0745116 ], [ 77.5339642, 13.0743261 ], [ 77.5338623, 13.0738428 ], [ 77.5333205, 13.0739159 ], [ 77.5332883, 13.0737905 ], [ 77.532658, 13.0738271 ], [ 77.5320142, 13.0739551 ], [ 77.5319365, 13.0735711 ], [ 77.5319391, 13.0725887 ], [ 77.5332803, 13.072654 ], [ 77.5332715, 13.0727908 ], [ 77.5332534, 13.0730747 ], [ 77.5333433, 13.0734378 ], [ 77.5345302, 13.0731086 ] ] ] } },
{ "type": "Feature", "properties": { "name": null, "amenity": "college", "building": null, "capacity": null, "emergency": null, "leisure": null }, "geometry": { "type": "Polygon", "coordinates": [ [ [ 77.547505, 13.0006652 ], [ 77.5478736, 13.0008277 ], [ 77.5480583, 13.00043 ], [ 77.5476897, 13.0002675 ], [ 77.547505, 13.0006652 ] ] ] } },
{ "type": "Feature", "properties": { "name": "Sri Chaitanya Future Pathways Global Schools Hennur", "amenity": "school", "building": null, "capacity": null, "emergency": null, "leisure": null }, "geometry": { "type": "Polygon", "coordinates": [ [ [ 77.6458418, 13.0800452 ], [ 77.6467189, 13.0801445 ], [ 77.6472179, 13.0804972 ], [ 77.6472495, 13.0810085 ], [ 77.6461198, 13.0813688 ], [ 77.6459688, 13.0809985 ], [ 77.645756, 13.0803274 ], [ 77.6459143, 13.0802621 ], [ 77.6458418, 13.0800452 ] ] ] } },
{ "type": "Feature", "properties": { "name": "EuroSchool Whitefield", "amenity": "school", "building": null, "capacity": null, "emergency": null, "leisure": null }, "geometry": { "type": "Polygon", "coordinates": [ [ [ 77.713432, 12.9864911 ], [ 77.7146341, 12.9862029 ], [ 77.7145829, 12.9859364 ], [ 77.7145843, 12.985388 ], [ 77.7134181, 12.9850815 ], [ 77.7134085, 12.985147 ], [ 77.7134125, 12.9856335 ], [ 77.7134101, 12.9857322 ], [ 77.71343, 12.9862344 ], [ 77.713432, 12.9864911 ] ] ] } },
{ "type": "Feature", "properties": { "name": "St. Philomena's College of Nursing", "amenity": "college", "building": null, "capacity": null, "emergency": null, "leisure": null }, "geometry": { "type": "Polygon", "coordinates": [ [ [ 77.6106524, 12.9651399 ], [ 77.6111656, 12.9648261 ], [ 77.6111515, 12.9647954 ], [ 77.611472, 12.9645745 ], [ 77.611311, 12.9641616 ], [ 77.6112816, 12.964049 ], [ 77.6106258, 12.9642281 ], [ 77.6102945, 12.9646699 ], [ 77.6104432, 12.9648041 ], [ 77.6106524, 12.9651399 ] ] ] } },
{ "type": "Feature", "properties": { "name": null, "amenity": "school", "building": null, "capacity": null, "emergency": null, "leisure": null }, "geometry": { "type": "Polygon", "coordinates": [ [ [ 77.5674288, 13.0431693 ], [ 77.5669969, 13.0433996 ], [ 77.5672665, 13.0436853 ], [ 77.5676306, 13.0439878 ], [ 77.5676434, 13.043797 ], [ 77.5675381, 13.0434352 ], [ 77.5674288, 13.0431693 ] ] ] } },
{ "type": "Feature", "properties": { "name": "Vidyashilp Academy", "amenity": "school", "building": null, "capacity": null, "emergency": null, "leisure": null }, "geometry": { "type": "Polygon", "coordinates": [ [ [ 77.5870638, 13.1319812 ], [ 77.5877506, 13.1344287 ], [ 77.5888503, 13.1342485 ], [ 77.5890058, 13.1333029 ], [ 77.5885954, 13.1333029 ], [ 77.5884717, 13.1318293 ], [ 77.5884168, 13.1311752 ], [ 77.5882803, 13.1294869 ], [ 77.5876097, 13.1295062 ], [ 77.5874715, 13.1301736 ], [ 77.5872395, 13.1301775 ], [ 77.5870638, 13.1319812 ] ] ] } },
{ "type": "Feature", "properties": { "name": "GMPS Jaraganahalli", "amenity": "school", "building": null, "capacity": null, "emergency": null, "leisure": null }, "geometry": { "type": "Polygon", "coordinates": [ [ [ 77.5731862, 12.9003691 ], [ 77.5736582, 12.9003286 ], [ 77.5735979, 12.8998749 ], [ 77.5730709, 12.8999129 ], [ 77.5731862, 12.9003691 ] ] ] } },
{ "type": "Feature", "properties": { "name": "Srishti Manipal Institute of Art, Design and Technology", "amenity": "college", "building": null, "capacity": null, "emergency": null, "leisure": null }, "geometry": { "type": "Polygon", "coordinates": [ [ [ 77.5908722, 13.1266269 ], [ 77.5907654, 13.1259342 ], [ 77.5909281, 13.1249403 ], [ 77.5909317, 13.1249181 ], [ 77.5909966, 13.1249307 ], [ 77.5914873, 13.1250262 ], [ 77.5923452, 13.1268328 ], [ 77.5915217, 13.1267205 ], [ 77.5908722, 13.1266269 ] ] ] } },
{ "type": "Feature", "properties": { "name": "Ashoka Trust for Research in Ecology and Environment", "amenity": "college", "building": null, "capacity": null, "emergency": null, "leisure": null }, "geometry": { "type": "Polygon", "coordinates": [ [ [ 77.6205459, 13.0641868 ], [ 77.6205946, 13.0644457 ], [ 77.6199857, 13.0644552 ], [ 77.6199835, 13.0642099 ], [ 77.6205459, 13.0641868 ] ] ] } },
{ "type": "Feature", "properties": { "name": "Miranda Group Of Institutions", "amenity": "school", "building": null, "capacity": null, "emergency": null, "leisure": null }, "geometry": { "type": "Polygon", "coordinates": [ [ [ 77.6504162, 12.9685072 ], [ 77.6506365, 12.9692176 ], [ 77.650368, 12.9692834 ], [ 77.6501794, 12.9685662 ], [ 77.6504162, 12.9685072 ] ] ] } },
{ "type": "Feature", "properties": { "name": null, "amenity": "school", "building": null, "capacity": null, "emergency": null, "leisure": null }, "geometry": { "type": "Polygon", "coordinates": [ [ [ 77.6417511, 12.9061086 ], [ 77.6412901, 12.9060778 ], [ 77.6412794, 12.905602 ], [ 77.641739, 12.9054817 ], [ 77.6417423, 12.9056537 ], [ 77.6417511, 12.9061086 ] ] ] } },
{ "type": "Feature", "properties": { "name": "Carmel Academy", "amenity": "school", "building": null, "capacity": null, "emergency": null, "leisure": null }, "geometry": { "type": "Polygon", "coordinates": [ [ [ 77.5890827, 12.8633148 ], [ 77.5887905, 12.8624321 ], [ 77.5902694, 12.8617091 ], [ 77.5904329, 12.8622538 ], [ 77.5897785, 12.8626806 ], [ 77.5898095, 12.8628854 ], [ 77.5891302, 12.8632868 ], [ 77.5890827, 12.8633148 ] ] ] } },
{ "type": "Feature", "properties": { "name": "Sherwood High School", "amenity": "school", "building": null, "capacity": null, "emergency": null, "leisure": null }, "geometry": { "type": "Polygon", "coordinates": [ [ [ 77.5886194, 12.8481707 ], [ 77.588472, 12.8467843 ], [ 77.5896471, 12.8466911 ], [ 77.5897028, 12.8475105 ], [ 77.5893682, 12.8475067 ], [ 77.5895674, 12.8480348 ], [ 77.5894957, 12.8480581 ], [ 77.5893882, 12.8479999 ], [ 77.5891253, 12.8481863 ], [ 77.5886194, 12.8481707 ] ] ] } },
{ "type": "Feature", "properties": { "name": "Carmel Convent School", "amenity": "school", "building": null, "capacity": null, "emergency": null, "leisure": null }, "geometry": { "type": "Polygon", "coordinates": [ [ [ 77.7122706, 12.9104729 ], [ 77.711787, 12.9104257 ], [ 77.711601, 12.9126633 ], [ 77.712608, 12.9128339 ], [ 77.7126159, 12.9126596 ], [ 77.7121031, 12.9126047 ], [ 77.7121269, 12.9123026 ], [ 77.7122706, 12.9104729 ] ] ] } },
{ "type": "Feature", "properties": { "name": "TALC - The Alternative Learning Community", "amenity": "school", "building": null, "capacity": null, "emergency": null, "leisure": null }, "geometry": { "type": "Polygon", "coordinates": [ [ [ 77.7130462, 12.9644446 ], [ 77.7130896, 12.9642181 ], [ 77.713228, 12.9642433 ], [ 77.7131846, 12.9644698 ], [ 77.7130462, 12.9644446 ] ] ] } },
{ "type": "Feature", "properties": { "name": "Government Primary School", "amenity": "school", "building": null, "capacity": null, "emergency": null, "leisure": null }, "geometry": { "type": "Polygon", "coordinates": [ [ [ 77.7185585, 12.9841296 ], [ 77.7185531, 12.9837826 ], [ 77.7194543, 12.9835917 ], [ 77.7195941, 12.9839837 ], [ 77.7193204, 12.9840155 ], [ 77.7185585, 12.9841296 ] ] ] } },
{ "type": "Feature", "properties": { "name": "Bible College and Ministry Training Center", "amenity": "college", "building": null, "capacity": null, "emergency": null, "leisure": null }, "geometry": { "type": "Polygon", "coordinates": [ [ [ 77.6369443, 13.0656093 ], [ 77.6368002, 13.064723 ], [ 77.6370797, 13.0646798 ], [ 77.6373879, 13.0646323 ], [ 77.6374278, 13.0648776 ], [ 77.637532, 13.0655186 ], [ 77.6369443, 13.0656093 ] ] ] } },
{ "type": "Feature", "properties": { "name": "Narayana", "amenity": "school", "building": null, "capacity": null, "emergency": null, "leisure": null }, "geometry": { "type": "Polygon", "coordinates": [ [ [ 77.7168305, 12.9613221 ], [ 77.7168828, 12.9611518 ], [ 77.7179627, 12.9611034 ], [ 77.7179711, 12.9612915 ], [ 77.717378, 12.9613078 ], [ 77.7168305, 12.9613221 ] ] ] } },
{ "type": "Feature", "properties": { "name": "Gnanabodhini School", "amenity": "school", "building": null, "capacity": null, "emergency": null, "leisure": null }, "geometry": { "type": "Polygon", "coordinates": [ [ [ 77.4942192, 12.9256017 ], [ 77.494091, 12.9256415 ], [ 77.4932, 12.9259181 ], [ 77.4934107, 12.926694 ], [ 77.4940233, 12.9264936 ], [ 77.4942317, 12.9270602 ], [ 77.4945398, 12.9269566 ], [ 77.4943882, 12.9265141 ], [ 77.4946699, 12.9263834 ], [ 77.4944513, 12.9259599 ], [ 77.4942192, 12.9256017 ] ] ] } },
{ "type": "Feature", "properties": { "name": "Maulana Azad National Urdu University", "amenity": "college", "building": null, "capacity": null, "emergency": null, "leisure": null }, "geometry": { "type": "Polygon", "coordinates": [ [ [ 77.4983592, 12.9276827 ], [ 77.4981004, 12.9277533 ], [ 77.4980371, 12.9275327 ], [ 77.4982959, 12.9274622 ], [ 77.4983592, 12.9276827 ] ] ] } },
{ "type": "Feature", "properties": { "name": "Darshan College", "amenity": "college", "building": null, "capacity": null, "emergency": null, "leisure": null }, "geometry": { "type": "Polygon", "coordinates": [ [ [ 77.498119, 12.9264254 ], [ 77.4983245, 12.9271792 ], [ 77.4976456, 12.9273693 ], [ 77.4974247, 12.9266198 ], [ 77.4969149, 12.9262082 ], [ 77.4972616, 12.925249 ], [ 77.4982029, 12.9256619 ], [ 77.4979848, 12.9261677 ], [ 77.4981858, 12.9262708 ], [ 77.498119, 12.9264254 ] ] ] } },
{ "type": "Feature", "properties": { "name": "Everest High School", "amenity": "school", "building": null, "capacity": null, "emergency": null, "leisure": null }, "geometry": { "type": "Polygon", "coordinates": [ [ [ 77.6276846, 12.9407704 ], [ 77.6273867, 12.9406897 ], [ 77.6274222, 12.9405851 ], [ 77.6272996, 12.9405071 ], [ 77.6274768, 12.9402568 ], [ 77.6275232, 12.9401746 ], [ 77.6275443, 12.9401868 ], [ 77.6277465, 12.9403045 ], [ 77.6276846, 12.9407704 ] ] ] } },
{ "type": "Feature", "properties": { "name": "Bowring and Lady Curzon Medical College", "amenity": "college", "building": null, "capacity": null, "emergency": null, "leisure": null }, "geometry": { "type": "Polygon", "coordinates": [ [ [ 77.5983657, 12.9839795 ], [ 77.5984271, 12.9837802 ], [ 77.5986926, 12.9837083 ], [ 77.5992254, 12.983533 ], [ 77.599398, 12.9841004 ], [ 77.5993902, 12.9841666 ], [ 77.5983657, 12.9839795 ] ] ] } },
{ "type": "Feature", "properties": { "name": "St. Theresa's School", "amenity": "school", "building": null, "capacity": null, "emergency": null, "leisure": null }, "geometry": { "type": "Polygon", "coordinates": [ [ [ 77.4904417, 12.9099771 ], [ 77.4895173, 12.9101497 ], [ 77.4894772, 12.9098979 ], [ 77.4894221, 12.9095524 ], [ 77.4902791, 12.9094217 ], [ 77.4904417, 12.9099771 ] ] ] } },
{ "type": "Feature", "properties": { "name": null, "amenity": "school", "building": null, "capacity": null, "emergency": null, "leisure": null }, "geometry": { "type": "Polygon", "coordinates": [ [ [ 77.6100333, 12.9898295 ], [ 77.6099616, 12.9894588 ], [ 77.610272, 12.9894049 ], [ 77.610319, 12.9896516 ], [ 77.6102952, 12.9896559 ], [ 77.6103187, 12.9897774 ], [ 77.6100333, 12.9898295 ] ] ] } },
{ "type": "Feature", "properties": { "name": "BBMP Girls School", "amenity": "school", "building": null, "capacity": null, "emergency": null, "leisure": null }, "geometry": { "type": "Polygon", "coordinates": [ [ [ 77.6100947, 12.9902214 ], [ 77.6104489, 12.9901483 ], [ 77.6104103, 12.9899707 ], [ 77.6106145, 12.9899286 ], [ 77.6105831, 12.9897841 ], [ 77.6100247, 12.9898994 ], [ 77.6100947, 12.9902214 ] ] ] } },
{ "type": "Feature", "properties": { "name": "Holy Shepherd English High School", "amenity": "school", "building": null, "capacity": null, "emergency": null, "leisure": null }, "geometry": { "type": "Polygon", "coordinates": [ [ [ 77.6388465, 12.9791078 ], [ 77.6388551, 12.9789105 ], [ 77.6392338, 12.9789185 ], [ 77.6392256, 12.9791153 ], [ 77.6388465, 12.9791078 ] ] ] } },
{ "type": "Feature", "properties": { "name": "PNS School", "amenity": "school", "building": null, "capacity": null, "emergency": null, "leisure": null }, "geometry": { "type": "Polygon", "coordinates": [ [ [ 77.6192049, 12.9381838 ], [ 77.619452, 12.9380541 ], [ 77.6193121, 12.9378257 ], [ 77.6188521, 12.9380818 ], [ 77.6189672, 12.9383071 ], [ 77.6192049, 12.9381838 ] ] ] } },
{ "type": "Feature", "properties": { "name": "The HDFC School", "amenity": "school", "building": null, "capacity": null, "emergency": null, "leisure": null }, "geometry": { "type": "Polygon", "coordinates": [ [ [ 77.6071379, 13.0870087 ], [ 77.6071463, 13.0868568 ], [ 77.6071744, 13.0863517 ], [ 77.6085479, 13.0864508 ], [ 77.6083708, 13.0871764 ], [ 77.6071379, 13.0870087 ] ] ] } },
{ "type": "Feature", "properties": { "name": "Doddakalasandra Government High School", "amenity": "school", "building": null, "capacity": null, "emergency": null, "leisure": null }, "geometry": { "type": "Polygon", "coordinates": [ [ [ 77.560966, 12.875466 ], [ 77.5613388, 12.8753065 ], [ 77.5620496, 12.875934 ], [ 77.5621647, 12.8762112 ], [ 77.5616366, 12.8764622 ], [ 77.560966, 12.875466 ] ] ] } },
{ "type": "Feature", "properties": { "name": "DPS Bengaluru South, Junior School", "amenity": "school", "building": null, "capacity": null, "emergency": null, "leisure": null }, "geometry": { "type": "Polygon", "coordinates": [ [ [ 77.5685191, 12.8782402 ], [ 77.5692138, 12.8779552 ], [ 77.5687122, 12.876789 ], [ 77.5680417, 12.8772152 ], [ 77.5685191, 12.8782402 ] ] ] } },
{ "type": "Feature", "properties": { "name": "GHPS Ksrtc Shanthinagar", "amenity": "school", "building": null, "capacity": null, "emergency": null, "leisure": null }, "geometry": { "type": "Polygon", "coordinates": [ [ [ 77.600153, 12.9539152 ], [ 77.6003043, 12.9542526 ], [ 77.6006459, 12.9541372 ], [ 77.6005382, 12.9537684 ], [ 77.600153, 12.9539152 ] ] ] } },
{ "type": "Feature", "properties": { "name": "Poornaprajna School", "amenity": "school", "building": null, "capacity": null, "emergency": null, "leisure": null }, "geometry": { "type": "Polygon", "coordinates": [ [ [ 77.6510506, 13.0755227 ], [ 77.651453, 13.0753947 ], [ 77.6514174, 13.0746802 ], [ 77.651386, 13.0740492 ], [ 77.6509488, 13.0740544 ], [ 77.6505035, 13.0740753 ], [ 77.6506671, 13.0746501 ], [ 77.6510506, 13.0755227 ] ] ] } },
{ "type": "Feature", "properties": { "name": "New Horizon International School", "amenity": "school", "building": null, "capacity": null, "emergency": null, "leisure": null }, "geometry": { "type": "Polygon", "coordinates": [ [ [ 77.6531965, 13.0730625 ], [ 77.651566, 13.0732546 ], [ 77.6515737, 13.0725913 ], [ 77.6532372, 13.0723825 ], [ 77.6532926, 13.0730502 ], [ 77.6531965, 13.0730625 ] ] ] } },
{ "type": "Feature", "properties": { "name": "T John College", "amenity": "college", "building": null, "capacity": null, "emergency": null, "leisure": null }, "geometry": { "type": "Polygon", "coordinates": [ [ [ 77.5963913, 12.8515158 ], [ 77.5951159, 12.8517646 ], [ 77.5947189, 12.8517044 ], [ 77.5946537, 12.8517254 ], [ 77.593469, 12.8521071 ], [ 77.5927502, 12.8496647 ], [ 77.5940752, 12.8493195 ], [ 77.5941413, 12.849528 ], [ 77.5943488, 12.8501825 ], [ 77.5958294, 12.8499524 ], [ 77.5961405, 12.8506061 ], [ 77.5963913, 12.8515158 ] ] ] } },
{ "type": "Feature", "properties": { "name": "Sri Sai College for Women", "amenity": "college", "building": null, "capacity": null, "emergency": null, "leisure": null }, "geometry": { "type": "Polygon", "coordinates": [ [ [ 77.5548151, 12.9977014 ], [ 77.5543141, 12.9975433 ], [ 77.5544623, 12.9971166 ], [ 77.5548888, 12.9972473 ], [ 77.5548151, 12.9977014 ] ] ] } },
{ "type": "Feature", "properties": { "name": "Chrysalis High School", "amenity": "school", "building": null, "capacity": null, "emergency": null, "leisure": null }, "geometry": { "type": "Polygon", "coordinates": [ [ [ 77.6068502, 13.1218477 ], [ 77.6069935, 13.1217962 ], [ 77.6073833, 13.1216561 ], [ 77.6072851, 13.1213969 ], [ 77.606954, 13.1205254 ], [ 77.6064211, 13.1207173 ], [ 77.606752, 13.1215885 ], [ 77.6068502, 13.1218477 ] ] ] } },
{ "type": "Feature", "properties": { "name": "Orchids The International School, Jakkur", "amenity": "school", "building": null, "capacity": null, "emergency": null, "leisure": null }, "geometry": { "type": "Polygon", "coordinates": [ [ [ 77.619022, 13.0818643 ], [ 77.6190553, 13.0819939 ], [ 77.6188904, 13.0825833 ], [ 77.6189178, 13.0827506 ], [ 77.6197419, 13.0826875 ], [ 77.6196749, 13.0818845 ], [ 77.619022, 13.0818643 ] ] ] } },
{ "type": "Feature", "properties": { "name": "Vibgyor High School, Chokkanahalli", "amenity": "school", "building": null, "capacity": null, "emergency": null, "leisure": null }, "geometry": { "type": "Polygon", "coordinates": [ [ [ 77.6284075, 13.0794081 ], [ 77.6285708, 13.0802959 ], [ 77.6284253, 13.0803046 ], [ 77.628544, 13.0808801 ], [ 77.6276326, 13.0809466 ], [ 77.6275524, 13.0804173 ], [ 77.6283511, 13.0802901 ], [ 77.6282353, 13.0794312 ], [ 77.6284075, 13.0794081 ] ] ] } },
{ "type": "Feature", "properties": { "name": "Greenfield Public School", "amenity": "school", "building": null, "capacity": null, "emergency": null, "leisure": null }, "geometry": { "type": "Polygon", "coordinates": [ [ [ 77.6202672, 13.0810647 ], [ 77.620247, 13.0806359 ], [ 77.6214399, 13.0805803 ], [ 77.6214459, 13.0806387 ], [ 77.6215138, 13.0813036 ], [ 77.6215194, 13.0813803 ], [ 77.6216054, 13.0825507 ], [ 77.6206929, 13.0826338 ], [ 77.6204869, 13.0826526 ], [ 77.6203606, 13.0810606 ], [ 77.6202672, 13.0810647 ] ] ] } },
{ "type": "Feature", "properties": { "name": "NAFL Jakkur", "amenity": "school", "building": null, "capacity": null, "emergency": null, "leisure": null }, "geometry": { "type": "Polygon", "coordinates": [ [ [ 77.6139446, 13.0821418 ], [ 77.6140788, 13.0817497 ], [ 77.6142431, 13.0815659 ], [ 77.6154611, 13.081638 ], [ 77.6154792, 13.0814142 ], [ 77.6158682, 13.0814251 ], [ 77.6167623, 13.08145 ], [ 77.6167683, 13.0817941 ], [ 77.6166589, 13.0817873 ], [ 77.6166466, 13.082258 ], [ 77.6159859, 13.0822296 ], [ 77.6150206, 13.0821881 ], [ 77.614269, 13.0821558 ], [ 77.6139446, 13.0821418 ] ] ] } },
{ "type": "Feature", "properties": { "name": "Government School", "amenity": "school", "building": null, "capacity": null, "emergency": null, "leisure": null }, "geometry": { "type": "Polygon", "coordinates": [ [ [ 77.6043822, 13.0762193 ], [ 77.6042488, 13.0756795 ], [ 77.6031632, 13.075852 ], [ 77.6032779, 13.0764476 ], [ 77.6038465, 13.0763266 ], [ 77.6043822, 13.0762193 ] ] ] } },
{ "type": "Feature", "properties": { "name": "Jain Centre for Management Studies", "amenity": "college", "building": null, "capacity": null, "emergency": null, "leisure": null }, "geometry": { "type": "Polygon", "coordinates": [ [ [ 77.587481, 12.9601009 ], [ 77.5868185, 12.9602668 ], [ 77.5869043, 12.9606315 ], [ 77.5874139, 12.9605099 ], [ 77.5873536, 12.9602655 ], [ 77.5875749, 12.9602041 ], [ 77.587481, 12.9601009 ] ] ] } },
{ "type": "Feature", "properties": { "name": "Jain University", "amenity": "college", "building": null, "capacity": null, "emergency": null, "leisure": null }, "geometry": { "type": "Polygon", "coordinates": [ [ [ 77.585303, 12.9612902 ], [ 77.5853597, 12.961285 ], [ 77.5855814, 12.9612667 ], [ 77.5856128, 12.961264 ], [ 77.5853942, 12.9605152 ], [ 77.5853355, 12.9605257 ], [ 77.585059, 12.9605753 ], [ 77.5851032, 12.9606838 ], [ 77.5851331, 12.9607348 ], [ 77.585303, 12.9612902 ] ] ] } },
{ "type": "Feature", "properties": { "name": "Manipal Institute of Regenerative Medicine", "amenity": "college", "building": null, "capacity": null, "emergency": null, "leisure": null }, "geometry": { "type": "Polygon", "coordinates": [ [ [ 77.589427, 13.0878019 ], [ 77.5893103, 13.0870796 ], [ 77.5898628, 13.087043 ], [ 77.5898413, 13.0874022 ], [ 77.5896187, 13.0876374 ], [ 77.589427, 13.0878019 ] ] ] } },
{ "type": "Feature", "properties": { "name": "National Public School, Jakkur", "amenity": "school", "building": null, "capacity": null, "emergency": null, "leisure": null }, "geometry": { "type": "Polygon", "coordinates": [ [ [ 77.6218106, 13.0736872 ], [ 77.6227748, 13.0736965 ], [ 77.6230387, 13.0747054 ], [ 77.6218843, 13.0746083 ], [ 77.6218411, 13.0739951 ], [ 77.6218106, 13.0736872 ] ] ] } },
{ "type": "Feature", "properties": { "name": "Kensri School", "amenity": "school", "building": null, "capacity": null, "emergency": null, "leisure": null }, "geometry": { "type": "Polygon", "coordinates": [ [ [ 77.6160264, 13.0498859 ], [ 77.6135319, 13.049933 ], [ 77.613477, 13.0494482 ], [ 77.6159882, 13.0493973 ], [ 77.6160264, 13.0498859 ] ] ] } },
{ "type": "Feature", "properties": { "name": "North Hills International School", "amenity": "school", "building": null, "capacity": null, "emergency": null, "leisure": null }, "geometry": { "type": "Polygon", "coordinates": [ [ [ 77.6124317, 13.0589646 ], [ 77.6129579, 13.0590973 ], [ 77.612728, 13.0599737 ], [ 77.6122112, 13.0598554 ], [ 77.6124317, 13.0589646 ] ] ] } },
{ "type": "Feature", "properties": { "name": "St. Mary's School", "amenity": "school", "building": null, "capacity": null, "emergency": null, "leisure": null }, "geometry": { "type": "Polygon", "coordinates": [ [ [ 77.6481566, 13.0509807 ], [ 77.6480072, 13.0505179 ], [ 77.64793, 13.0503379 ], [ 77.647714, 13.0501106 ], [ 77.6473345, 13.0496847 ], [ 77.6475397, 13.0498532 ], [ 77.6480345, 13.0501799 ], [ 77.6482719, 13.0502596 ], [ 77.6484972, 13.0503549 ], [ 77.6487279, 13.0505928 ], [ 77.6490525, 13.0509181 ], [ 77.6491677, 13.0509808 ], [ 77.6492751, 13.0511845 ], [ 77.6493998, 13.0516078 ], [ 77.6485925, 13.051851 ], [ 77.6485588, 13.0517837 ], [ 77.6481566, 13.0509807 ] ] ] } },
{ "type": "Feature", "properties": { "name": "Royale Concorde International School", "amenity": "school", "building": null, "capacity": null, "emergency": null, "leisure": null }, "geometry": { "type": "Polygon", "coordinates": [ [ [ 77.6676761, 12.919998 ], [ 77.6678571, 12.9199578 ], [ 77.6681082, 12.9211949 ], [ 77.667753, 12.9211549 ], [ 77.6676676, 12.9207272 ], [ 77.6676637, 12.9207097 ], [ 77.6675111, 12.9200188 ], [ 77.6676761, 12.919998 ] ] ] } },
{ "type": "Feature", "properties": { "name": "Orchids International School", "amenity": "school", "building": null, "capacity": null, "emergency": null, "leisure": null }, "geometry": { "type": "Polygon", "coordinates": [ [ [ 77.6708063, 12.9181019 ], [ 77.6709065, 12.9180492 ], [ 77.6707418, 12.9176752 ], [ 77.6709887, 12.9175443 ], [ 77.6703959, 12.916901 ], [ 77.6701857, 12.916659 ], [ 77.6700476, 12.916755 ], [ 77.6708063, 12.9181019 ] ] ] } },
{ "type": "Feature", "properties": { "name": "Orchids The International School Vivekananda - SahakarNagar", "amenity": "school", "building": null, "capacity": null, "emergency": null, "leisure": null }, "geometry": { "type": "Polygon", "coordinates": [ [ [ 77.5807513, 13.0689688 ], [ 77.5809792, 13.0688815 ], [ 77.5812972, 13.0687598 ], [ 77.5812086, 13.0685351 ], [ 77.581442, 13.0683874 ], [ 77.581277, 13.0681275 ], [ 77.5810485, 13.0682642 ], [ 77.5809431, 13.0683273 ], [ 77.5809833, 13.068407 ], [ 77.5806921, 13.0685361 ], [ 77.5805676, 13.0685912 ], [ 77.5807513, 13.0689688 ] ] ] } },
{ "type": "Feature", "properties": { "name": null, "amenity": "school", "building": null, "capacity": null, "emergency": null, "leisure": null }, "geometry": { "type": "Polygon", "coordinates": [ [ [ 77.6469516, 12.901511 ], [ 77.6471045, 12.9010037 ], [ 77.6485188, 12.9012105 ], [ 77.6484937, 12.9017335 ], [ 77.6469516, 12.901511 ] ] ] } },
{ "type": "Feature", "properties": { "name": "Government PUC", "amenity": "school", "building": null, "capacity": null, "emergency": null, "leisure": null }, "geometry": { "type": "Polygon", "coordinates": [ [ [ 77.7184279, 12.9956419 ], [ 77.718148, 12.995691 ], [ 77.7181078, 12.9951424 ], [ 77.7184328, 12.9951328 ], [ 77.7184279, 12.9956419 ] ] ] } },
{ "type": "Feature", "properties": { "name": null, "amenity": "school", "building": null, "capacity": null, "emergency": null, "leisure": null }, "geometry": { "type": "Polygon", "coordinates": [ [ [ 77.5644838, 12.9965614 ], [ 77.5646241, 12.9965332 ], [ 77.5645936, 12.996389 ], [ 77.5644532, 12.9964172 ], [ 77.5644584, 12.9964416 ], [ 77.5644838, 12.9965614 ] ] ] } },
{ "type": "Feature", "properties": { "name": "Visvadeep: Institute of Youth Ministry and Faith Education", "amenity": "college", "building": null, "capacity": null, "emergency": null, "leisure": null }, "geometry": { "type": "Polygon", "coordinates": [ [ [ 77.7048558, 13.0208519 ], [ 77.7035791, 13.0209812 ], [ 77.7034798, 13.0201776 ], [ 77.7044857, 13.02006 ], [ 77.7046868, 13.0206114 ], [ 77.7048558, 13.0208519 ] ] ] } },
{ "type": "Feature", "properties": { "name": "Assisi School", "amenity": "school", "building": null, "capacity": null, "emergency": null, "leisure": null }, "geometry": { "type": "Polygon", "coordinates": [ [ [ 77.7035378, 13.028041 ], [ 77.7030989, 13.0278801 ], [ 77.7026208, 13.0255145 ], [ 77.7032499, 13.0253309 ], [ 77.7035378, 13.028041 ] ] ] } },
{ "type": "Feature", "properties": { "name": "Don Bosco College", "amenity": "college", "building": null, "capacity": null, "emergency": null, "leisure": null }, "geometry": { "type": "Polygon", "coordinates": [ [ [ 77.7016945, 13.0226603 ], [ 77.7017717, 13.0233701 ], [ 77.7032694, 13.0232424 ], [ 77.7032157, 13.022644 ], [ 77.7032028, 13.0225012 ], [ 77.7016945, 13.0226603 ] ] ] } },
{ "type": "Feature", "properties": { "name": "Good Shepherd School", "amenity": "school", "building": null, "capacity": null, "emergency": null, "leisure": null }, "geometry": { "type": "Polygon", "coordinates": [ [ [ 77.6049892, 12.9703302 ], [ 77.6043856, 12.9700439 ], [ 77.6048134, 12.9691526 ], [ 77.6053888, 12.9694492 ], [ 77.6052993, 12.9696847 ], [ 77.6051594, 12.9699674 ], [ 77.6049892, 12.9703302 ] ] ] } },
{ "type": "Feature", "properties": { "name": "M.S. Ramaiah University of Applied Sciences, Peenya Campus", "amenity": "college", "building": null, "capacity": null, "emergency": null, "leisure": null }, "geometry": { "type": "Polygon", "coordinates": [ [ [ 77.5081053, 13.0176352 ], [ 77.507168, 13.0181938 ], [ 77.5078916, 13.0193464 ], [ 77.5088288, 13.0187878 ], [ 77.5081053, 13.0176352 ] ] ] } },
{ "type": "Feature", "properties": { "name": "Neev Academy", "amenity": "school", "building": null, "capacity": null, "emergency": null, "leisure": null }, "geometry": { "type": "Polygon", "coordinates": [ [ [ 77.6754487, 12.9442473 ], [ 77.6755457, 12.9449114 ], [ 77.6759781, 12.9449847 ], [ 77.676124, 12.9449882 ], [ 77.6762554, 12.9448575 ], [ 77.676239, 12.9445664 ], [ 77.6762171, 12.9441769 ], [ 77.6764418, 12.944154 ], [ 77.676372, 12.9435486 ], [ 77.6765366, 12.9435291 ], [ 77.6765468, 12.9436619 ], [ 77.6769127, 12.9436091 ], [ 77.6767946, 12.9426869 ], [ 77.6752764, 12.9428669 ], [ 77.6753444, 12.9434114 ], [ 77.6754487, 12.9442473 ] ] ] } },
{ "type": "Feature", "properties": { "name": "Vibgyor High School", "amenity": "school", "building": null, "capacity": null, "emergency": null, "leisure": null }, "geometry": { "type": "Polygon", "coordinates": [ [ [ 77.6046937, 12.8596873 ], [ 77.6052194, 12.8597291 ], [ 77.6052262, 12.8596591 ], [ 77.6052306, 12.8596135 ], [ 77.6053992, 12.8580301 ], [ 77.6053919, 12.8579516 ], [ 77.6048501, 12.8579072 ], [ 77.6046937, 12.8596873 ] ] ] } },
{ "type": "Feature", "properties": { "name": "St Anns School, Begur", "amenity": "school", "building": null, "capacity": null, "emergency": null, "leisure": null }, "geometry": { "type": "Polygon", "coordinates": [ [ [ 77.6126575, 12.8738788 ], [ 77.6128346, 12.8729296 ], [ 77.6116571, 12.8730185 ], [ 77.6116732, 12.8731816 ], [ 77.6117932, 12.8743959 ], [ 77.6126227, 12.8743677 ], [ 77.6126575, 12.8738788 ] ] ] } },
{ "type": "Feature", "properties": { "name": null, "amenity": "college", "building": null, "capacity": null, "emergency": null, "leisure": null }, "geometry": { "type": "Polygon", "coordinates": [ [ [ 77.5988645, 12.8726158 ], [ 77.5990373, 12.8726132 ], [ 77.5994852, 12.8726001 ], [ 77.6000136, 12.8738552 ], [ 77.5997776, 12.8739285 ], [ 77.5998527, 12.8741847 ], [ 77.5983577, 12.8747198 ], [ 77.5983455, 12.8746735 ], [ 77.5980905, 12.8737088 ], [ 77.5979456, 12.8735362 ], [ 77.598002, 12.8733977 ], [ 77.5979793, 12.8730648 ], [ 77.5988792, 12.8729388 ], [ 77.5988645, 12.8726158 ] ] ] } },
{ "type": "Feature", "properties": { "name": "Islamia Institute of Technology", "amenity": "college", "building": null, "capacity": null, "emergency": null, "leisure": null }, "geometry": { "type": "Polygon", "coordinates": [ [ [ 77.5955451, 12.874875 ], [ 77.5950502, 12.8749783 ], [ 77.5950038, 12.8748275 ], [ 77.5945204, 12.8732905 ], [ 77.5945526, 12.8732172 ], [ 77.5954995, 12.8730943 ], [ 77.5958455, 12.8730133 ], [ 77.5960413, 12.8729192 ], [ 77.5962702, 12.8727974 ], [ 77.5979456, 12.8735362 ], [ 77.5980905, 12.8737088 ], [ 77.5983455, 12.8746735 ], [ 77.5983577, 12.8747198 ], [ 77.5987422, 12.8761746 ], [ 77.5983326, 12.876213 ], [ 77.5981301, 12.8754399 ], [ 77.5971081, 12.8757096 ], [ 77.5966179, 12.8759026 ], [ 77.595765, 12.8753718 ], [ 77.5955451, 12.874875 ] ] ] } },
{ "type": "Feature", "properties": { "name": "St. Joseph Nivas Special School", "amenity": "school", "building": null, "capacity": null, "emergency": null, "leisure": null }, "geometry": { "type": "Polygon", "coordinates": [ [ [ 77.5973073, 12.8514821 ], [ 77.5974897, 12.8513775 ], [ 77.5979, 12.8509696 ], [ 77.5974655, 12.8494424 ], [ 77.5967896, 12.8498033 ], [ 77.5973073, 12.8514821 ] ] ] } },
{ "type": "Feature", "properties": { "name": null, "amenity": "school", "building": null, "capacity": null, "emergency": null, "leisure": null }, "geometry": { "type": "Polygon", "coordinates": [ [ [ 77.6082332, 13.0376074 ], [ 77.609392, 13.0374519 ], [ 77.6093484, 13.0370632 ], [ 77.6081783, 13.0371893 ], [ 77.6082332, 13.0376074 ] ] ] } },
{ "type": "Feature", "properties": { "name": null, "amenity": "school", "building": null, "capacity": null, "emergency": null, "leisure": null }, "geometry": { "type": "Polygon", "coordinates": [ [ [ 77.5662708, 12.9452398 ], [ 77.5669339, 12.9452222 ], [ 77.567056, 12.9451791 ], [ 77.5670184, 12.9448562 ], [ 77.5669634, 12.9447027 ], [ 77.5662842, 12.9448085 ], [ 77.5662708, 12.9452398 ] ] ] } },
{ "type": "Feature", "properties": { "name": null, "amenity": "school", "building": null, "capacity": null, "emergency": null, "leisure": null }, "geometry": { "type": "Polygon", "coordinates": [ [ [ 77.5622199, 12.953357 ], [ 77.5617412, 12.9533021 ], [ 77.5617774, 12.9526277 ], [ 77.5623822, 12.9527936 ], [ 77.5622199, 12.953357 ] ] ] } },
{ "type": "Feature", "properties": { "name": "National Public School, Uttarahalli", "amenity": "school", "building": null, "capacity": null, "emergency": null, "leisure": null }, "geometry": { "type": "Polygon", "coordinates": [ [ [ 77.5320478, 12.9033052 ], [ 77.5324287, 12.9032398 ], [ 77.5324407, 12.9025783 ], [ 77.5318171, 12.9026332 ], [ 77.5318667, 12.903015 ], [ 77.5320478, 12.9033052 ] ] ] } },
{ "type": "Feature", "properties": { "name": "The Happy Valley School", "amenity": "school", "building": null, "capacity": null, "emergency": null, "leisure": null }, "geometry": { "type": "Polygon", "coordinates": [ [ [ 77.5338086, 12.9034084 ], [ 77.534278, 12.9033248 ], [ 77.5342324, 12.9023182 ], [ 77.5337899, 12.9023757 ], [ 77.5338086, 12.9034084 ] ] ] } },
{ "type": "Feature", "properties": { "name": null, "amenity": "school", "building": null, "capacity": null, "emergency": null, "leisure": null }, "geometry": { "type": "Polygon", "coordinates": [ [ [ 77.5765818, 12.9627592 ], [ 77.576783, 12.9626402 ], [ 77.5772926, 12.9626298 ], [ 77.5773852, 12.9622723 ], [ 77.5770566, 12.9622795 ], [ 77.5769191, 12.9619515 ], [ 77.5765027, 12.9621103 ], [ 77.5762439, 12.9622671 ], [ 77.5763525, 12.9625193 ], [ 77.5764444, 12.9624814 ], [ 77.5765818, 12.9627592 ] ] ] } },
{ "type": "Feature", "properties": { "name": null, "amenity": "school", "building": null, "capacity": null, "emergency": null, "leisure": null }, "geometry": { "type": "Polygon", "coordinates": [ [ [ 77.5637753, 12.960302 ], [ 77.5643912, 12.9603165 ], [ 77.5644036, 12.9600355 ], [ 77.5637782, 12.9600293 ], [ 77.5637753, 12.960302 ] ] ] } },
{ "type": "Feature", "properties": { "name": "Sri Chaitanya Techno School", "amenity": "school", "building": null, "capacity": null, "emergency": null, "leisure": null }, "geometry": { "type": "Polygon", "coordinates": [ [ [ 77.5743025, 12.944199 ], [ 77.574738, 12.9441948 ], [ 77.5747278, 12.9437864 ], [ 77.5744948, 12.9437928 ], [ 77.574297, 12.9437994 ], [ 77.5743025, 12.944199 ] ] ] } },
{ "type": "Feature", "properties": { "name": null, "amenity": "school", "building": null, "capacity": null, "emergency": null, "leisure": null }, "geometry": { "type": "Polygon", "coordinates": [ [ [ 77.5700963, 12.9476676 ], [ 77.569655, 12.9476755 ], [ 77.5696497, 12.9473095 ], [ 77.570115, 12.9469814 ], [ 77.5700963, 12.9476676 ] ] ] } },
{ "type": "Feature", "properties": { "name": null, "amenity": "school", "building": null, "capacity": null, "emergency": null, "leisure": null }, "geometry": { "type": "Polygon", "coordinates": [ [ [ 77.5096421, 12.9656698 ], [ 77.5096553, 12.9661743 ], [ 77.5100844, 12.9661636 ], [ 77.5100712, 12.9656591 ], [ 77.5096421, 12.9656698 ] ] ] } },
{ "type": "Feature", "properties": { "name": "Siddaganga Public School", "amenity": "school", "building": null, "capacity": null, "emergency": null, "leisure": null }, "geometry": { "type": "Polygon", "coordinates": [ [ [ 77.522357, 12.9544731 ], [ 77.5222202, 12.9537778 ], [ 77.5237142, 12.9535229 ], [ 77.5238255, 12.9541464 ], [ 77.522357, 12.9544731 ] ] ] } },
{ "type": "Feature", "properties": { "name": "NET School", "amenity": "school", "building": null, "capacity": null, "emergency": null, "leisure": null }, "geometry": { "type": "Polygon", "coordinates": [ [ [ 77.5673718, 12.9434623 ], [ 77.5677641, 12.943295 ], [ 77.5677674, 12.9431839 ], [ 77.5672243, 12.943197 ], [ 77.5673718, 12.9434623 ] ] ] } },
{ "type": "Feature", "properties": { "name": "Orchids The International School - C V Raman Nagar", "amenity": "school", "building": null, "capacity": null, "emergency": null, "leisure": null }, "geometry": { "type": "Polygon", "coordinates": [ [ [ 77.6675857, 12.9696887 ], [ 77.66786, 12.9696813 ], [ 77.668658, 12.9696626 ], [ 77.6687107, 12.9692466 ], [ 77.6685958, 12.9692545 ], [ 77.6684745, 12.9692552 ], [ 77.6678433, 12.9692698 ], [ 77.6675706, 12.9692804 ], [ 77.6675857, 12.9696887 ] ] ] } },
{ "type": "Feature", "properties": { "name": "Vani Villas College", "amenity": "school", "building": null, "capacity": null, "emergency": null, "leisure": null }, "geometry": { "type": "Polygon", "coordinates": [ [ [ 77.5759126, 12.9621671 ], [ 77.5763686, 12.9619907 ], [ 77.5760829, 12.9612157 ], [ 77.5754794, 12.9614692 ], [ 77.5755894, 12.9615973 ], [ 77.575735, 12.9618322 ], [ 77.5757483, 12.9618495 ], [ 77.5756504, 12.9619175 ], [ 77.5757367, 12.9620356 ], [ 77.5757694, 12.9620128 ], [ 77.5758497, 12.9621208 ], [ 77.5758798, 12.9621613 ], [ 77.5759126, 12.9621671 ] ] ] } },
{ "type": "Feature", "properties": { "name": null, "amenity": "school", "building": null, "capacity": null, "emergency": null, "leisure": null }, "geometry": { "type": "Polygon", "coordinates": [ [ [ 77.5141333, 12.9756792 ], [ 77.5144813, 12.9756785 ], [ 77.5144136, 12.9754223 ], [ 77.514077, 12.9755171 ], [ 77.5141333, 12.9756792 ] ] ] } },
{ "type": "Feature", "properties": { "name": "St. Joseph's Convent High School", "amenity": "school", "building": null, "capacity": null, "emergency": null, "leisure": null }, "geometry": { "type": "Polygon", "coordinates": [ [ [ 77.5180033, 12.9804516 ], [ 77.5178629, 12.979635 ], [ 77.5170395, 12.979763 ], [ 77.5169322, 12.9793396 ], [ 77.5189398, 12.9789084 ], [ 77.5192282, 12.9795618 ], [ 77.5187641, 12.9803772 ], [ 77.5180033, 12.9804516 ] ] ] } },
{ "type": "Feature", "properties": { "name": "Jindal Government School", "amenity": "school", "building": null, "capacity": null, "emergency": null, "leisure": null }, "geometry": { "type": "Polygon", "coordinates": [ [ [ 77.5162831, 12.9601296 ], [ 77.5167672, 12.9600198 ], [ 77.5167283, 12.9597245 ], [ 77.516218, 12.95983 ], [ 77.5162831, 12.9601296 ] ] ] } },
{ "type": "Feature", "properties": { "name": null, "amenity": "school", "building": null, "capacity": null, "emergency": null, "leisure": null }, "geometry": { "type": "Polygon", "coordinates": [ [ [ 77.544744, 12.9244384 ], [ 77.5451222, 12.9243521 ], [ 77.5452241, 12.923696 ], [ 77.5444195, 12.923875 ], [ 77.5445656, 12.9243195 ], [ 77.544689, 12.9242829 ], [ 77.544744, 12.9244384 ] ] ] } },
{ "type": "Feature", "properties": { "name": "Amrutha English School", "amenity": "school", "building": null, "capacity": null, "emergency": null, "leisure": null }, "geometry": { "type": "Polygon", "coordinates": [ [ [ 77.5995241, 13.0659497 ], [ 77.5995643, 13.0654938 ], [ 77.5999238, 13.0655265 ], [ 77.5998983, 13.0658714 ], [ 77.5996797, 13.065951 ], [ 77.5995241, 13.0659497 ] ] ] } },
{ "type": "Feature", "properties": { "name": null, "amenity": "school", "building": null, "capacity": null, "emergency": null, "leisure": null }, "geometry": { "type": "Polygon", "coordinates": [ [ [ 77.6702835, 12.9870459 ], [ 77.6702285, 12.9876797 ], [ 77.6702786, 12.9880185 ], [ 77.6696449, 12.9880214 ], [ 77.6696357, 12.9870303 ], [ 77.6702835, 12.9870459 ] ] ] } },
{ "type": "Feature", "properties": { "name": "Government First Grade College", "amenity": "school", "building": null, "capacity": null, "emergency": null, "leisure": null }, "geometry": { "type": "Polygon", "coordinates": [ [ [ 77.6209833, 12.9974637 ], [ 77.6213609, 12.9976266 ], [ 77.621575, 12.9971553 ], [ 77.6211974, 12.9969924 ], [ 77.6209833, 12.9974637 ] ] ] } },
{ "type": "Feature", "properties": { "name": "Insight Academy School", "amenity": "school", "building": null, "capacity": null, "emergency": null, "leisure": null }, "geometry": { "type": "Polygon", "coordinates": [ [ [ 77.7003312, 12.9431924 ], [ 77.7007424, 12.9431303 ], [ 77.7006501, 12.9425912 ], [ 77.700089, 12.9426427 ], [ 77.7002308, 12.943173 ], [ 77.7003061, 12.943147 ], [ 77.7003312, 12.9431924 ] ] ] } },
{ "type": "Feature", "properties": { "name": "Innisfree House School", "amenity": "school", "building": null, "capacity": null, "emergency": null, "leisure": null }, "geometry": { "type": "Polygon", "coordinates": [ [ [ 77.5869194, 12.9113457 ], [ 77.5869039, 12.9106053 ], [ 77.5876818, 12.9105898 ], [ 77.5876974, 12.9113302 ], [ 77.5869194, 12.9113457 ] ] ] } },
{ "type": "Feature", "properties": { "name": null, "amenity": "school", "building": null, "capacity": null, "emergency": null, "leisure": null }, "geometry": { "type": "Polygon", "coordinates": [ [ [ 77.5806415, 12.9094318 ], [ 77.5806883, 12.9099766 ], [ 77.5817156, 12.9099589 ], [ 77.581706, 12.9094139 ], [ 77.5806415, 12.9094318 ] ] ] } },
{ "type": "Feature", "properties": { "name": "Dr. Abdul Kalam School", "amenity": "school", "building": null, "capacity": null, "emergency": null, "leisure": null }, "geometry": { "type": "Polygon", "coordinates": [ [ [ 77.5749755, 12.957649 ], [ 77.5755961, 12.9574844 ], [ 77.5754486, 12.9569211 ], [ 77.5745755, 12.957146 ], [ 77.5747016, 12.9576283 ], [ 77.5749555, 12.9575608 ], [ 77.5749755, 12.957649 ] ] ] } },
{ "type": "Feature", "properties": { "name": "Bosch Learning Campus", "amenity": "college", "building": null, "capacity": null, "emergency": null, "leisure": null }, "geometry": { "type": "Polygon", "coordinates": [ [ [ 77.6109195, 12.8890755 ], [ 77.6117563, 12.8889003 ], [ 77.6117322, 12.888699 ], [ 77.6119226, 12.8876949 ], [ 77.6110283, 12.8876179 ], [ 77.6107076, 12.8875903 ], [ 77.6108673, 12.8887106 ], [ 77.6109195, 12.8890755 ] ] ] } },
{ "type": "Feature", "properties": { "name": null, "amenity": "school", "building": null, "capacity": null, "emergency": null, "leisure": null }, "geometry": { "type": "Polygon", "coordinates": [ [ [ 77.5830379, 12.9715363 ], [ 77.5836468, 12.9709718 ], [ 77.5835904, 12.9706411 ], [ 77.5828904, 12.9712815 ], [ 77.5830379, 12.9715363 ] ] ] } },
{ "type": "Feature", "properties": { "name": "Poorna Prajna Education Center", "amenity": "school", "building": null, "capacity": null, "emergency": null, "leisure": null }, "geometry": { "type": "Polygon", "coordinates": [ [ [ 77.5810638, 13.0997984 ], [ 77.5807527, 13.0997227 ], [ 77.5808197, 13.0995137 ], [ 77.5814956, 13.0984739 ], [ 77.5817129, 13.098662 ], [ 77.5811201, 13.0996156 ], [ 77.5810638, 13.0997984 ] ] ] } },
{ "type": "Feature", "properties": { "name": "SJV World School", "amenity": "school", "building": null, "capacity": null, "emergency": null, "leisure": null }, "geometry": { "type": "Polygon", "coordinates": [ [ [ 77.5787477, 13.0942379 ], [ 77.5791179, 13.0939975 ], [ 77.579024, 13.0937741 ], [ 77.578918, 13.0936226 ], [ 77.5785626, 13.0935887 ], [ 77.5784205, 13.0938943 ], [ 77.5786995, 13.094187 ], [ 77.5787477, 13.0942379 ] ] ] } },
{ "type": "Feature", "properties": { "name": "New Town Public School", "amenity": "school", "building": null, "capacity": null, "emergency": null, "leisure": null }, "geometry": { "type": "Polygon", "coordinates": [ [ [ 77.5809471, 13.0983054 ], [ 77.580854, 13.0984166 ], [ 77.5810517, 13.0985438 ], [ 77.5811201, 13.0984321 ], [ 77.5809471, 13.0983054 ] ] ] } },
{ "type": "Feature", "properties": { "name": null, "amenity": "school", "building": null, "capacity": null, "emergency": null, "leisure": null }, "geometry": { "type": "Polygon", "coordinates": [ [ [ 77.5606804, 13.0811908 ], [ 77.5613978, 13.0796964 ], [ 77.5603464, 13.0800713 ], [ 77.5606804, 13.0811908 ] ] ] } },
{ "type": "Feature", "properties": { "name": null, "amenity": "school", "building": null, "capacity": null, "emergency": null, "leisure": null }, "geometry": { "type": "Polygon", "coordinates": [ [ [ 77.564116, 13.0745658 ], [ 77.5640813, 13.0744124 ], [ 77.5645028, 13.0743219 ], [ 77.5644206, 13.0739589 ], [ 77.563868, 13.074079 ], [ 77.5638594, 13.0744156 ], [ 77.5640506, 13.0745495 ], [ 77.564116, 13.0745658 ] ] ] } },
{ "type": "Feature", "properties": { "name": "National Public School Yelahanka", "amenity": "school", "building": null, "capacity": null, "emergency": null, "leisure": null }, "geometry": { "type": "Polygon", "coordinates": [ [ [ 77.5847317, 13.0997984 ], [ 77.5845507, 13.099434 ], [ 77.5843643, 13.0995463 ], [ 77.5839405, 13.0999121 ], [ 77.5842355, 13.1001354 ], [ 77.5846392, 13.1004698 ], [ 77.585012, 13.1000858 ], [ 77.5851676, 13.0999552 ], [ 77.5850241, 13.0995934 ], [ 77.5847317, 13.0997984 ] ] ] } },
{ "type": "Feature", "properties": { "name": "Delhi World Public School", "amenity": "school", "building": null, "capacity": null, "emergency": null, "leisure": null }, "geometry": { "type": "Polygon", "coordinates": [ [ [ 77.4818704, 13.0292925 ], [ 77.4813889, 13.0292154 ], [ 77.4812923, 13.0291357 ], [ 77.4810268, 13.0284236 ], [ 77.4808136, 13.0281505 ], [ 77.4803388, 13.0274541 ], [ 77.4814144, 13.0275221 ], [ 77.4816215, 13.0283261 ], [ 77.4818704, 13.0292925 ] ] ] } },
{ "type": "Feature", "properties": { "name": "Kotak Manipal Academy of Banking", "amenity": "college", "building": null, "capacity": null, "emergency": null, "leisure": null }, "geometry": { "type": "Polygon", "coordinates": [ [ [ 77.6312613, 13.0854872 ], [ 77.6314196, 13.0854089 ], [ 77.6321639, 13.0853671 ], [ 77.6324254, 13.0863494 ], [ 77.6320553, 13.0864879 ], [ 77.6315403, 13.0866211 ], [ 77.6313499, 13.0862083 ], [ 77.6315027, 13.0861639 ], [ 77.6312613, 13.0854872 ] ] ] } },
{ "type": "Feature", "properties": { "name": "Karnataka Institute of Leather & Fashion Techology", "amenity": "college", "building": null, "capacity": null, "emergency": null, "leisure": null }, "geometry": { "type": "Polygon", "coordinates": [ [ [ 77.4753024, 12.963567 ], [ 77.4782563, 12.9632466 ], [ 77.4781593, 12.9621946 ], [ 77.4762081, 12.9624137 ], [ 77.4760097, 12.9623939 ], [ 77.4751846, 12.9624131 ], [ 77.4752499, 12.9629248 ], [ 77.4752723, 12.9631004 ], [ 77.4753024, 12.963567 ] ] ] } },
{ "type": "Feature", "properties": { "name": "Blossom International School", "amenity": "school", "building": null, "capacity": null, "emergency": null, "leisure": null }, "geometry": { "type": "Polygon", "coordinates": [ [ [ 77.7157426, 13.0198326 ], [ 77.7155148, 13.0198559 ], [ 77.7151554, 13.0198925 ], [ 77.7153218, 13.0204558 ], [ 77.7158994, 13.0203145 ], [ 77.7157426, 13.0198326 ] ] ] } },
{ "type": "Feature", "properties": { "name": "Baldwin Women's Methodist College", "amenity": "college", "building": null, "capacity": null, "emergency": null, "leisure": null }, "geometry": { "type": "Polygon", "coordinates": [ [ [ 77.599944, 12.9648331 ], [ 77.6004625, 12.964649 ], [ 77.6008488, 12.9647831 ], [ 77.6008935, 12.9652894 ], [ 77.6000564, 12.9651648 ], [ 77.5999693, 12.9649078 ], [ 77.599944, 12.9648331 ] ] ] } },
{ "type": "Feature", "properties": { "name": "Christ School S G Palya, Lakkasandra", "amenity": "school", "building": null, "capacity": null, "emergency": null, "leisure": null }, "geometry": { "type": "Polygon", "coordinates": [ [ [ 77.6068209, 12.9286751 ], [ 77.6068308, 12.9287123 ], [ 77.6068907, 12.9289384 ], [ 77.6073018, 12.9288584 ], [ 77.6072358, 12.9283709 ], [ 77.6071171, 12.928049 ], [ 77.606771, 12.9280883 ], [ 77.6068803, 12.9286618 ], [ 77.6068209, 12.9286751 ] ] ] } },
{ "type": "Feature", "properties": { "name": "Christ Special School", "amenity": "school", "building": null, "capacity": null, "emergency": null, "leisure": null }, "geometry": { "type": "Polygon", "coordinates": [ [ [ 77.6044127, 12.9290284 ], [ 77.6042524, 12.9287049 ], [ 77.6050696, 12.9281964 ], [ 77.6051915, 12.9282987 ], [ 77.605298, 12.928523 ], [ 77.6044127, 12.9290284 ] ] ] } },
{ "type": "Feature", "properties": { "name": "Christ School ICSE", "amenity": "school", "building": null, "capacity": null, "emergency": null, "leisure": null }, "geometry": { "type": "Polygon", "coordinates": [ [ [ 77.605646, 12.9296019 ], [ 77.6066297, 12.9294101 ], [ 77.6066087, 12.9293429 ], [ 77.6064029, 12.9285297 ], [ 77.606405, 12.928421 ], [ 77.6063956, 12.928349 ], [ 77.605368, 12.9285137 ], [ 77.605298, 12.928523 ], [ 77.6044127, 12.9290284 ], [ 77.6044919, 12.9291883 ], [ 77.6048615, 12.928999 ], [ 77.6051482, 12.9294475 ], [ 77.6055065, 12.9292582 ], [ 77.605531, 12.9296184 ], [ 77.605646, 12.9296019 ] ] ] } },
{ "type": "Feature", "properties": { "name": "Lourdes Convent School", "amenity": "school", "building": null, "capacity": null, "emergency": null, "leisure": null }, "geometry": { "type": "Polygon", "coordinates": [ [ [ 77.5984166, 12.926386 ], [ 77.598088, 12.9263573 ], [ 77.5974994, 12.9262312 ], [ 77.5972867, 12.9262268 ], [ 77.5972871, 12.9265777 ], [ 77.5977113, 12.9266044 ], [ 77.5989602, 12.9266828 ], [ 77.5989595, 12.9266249 ], [ 77.5989571, 12.9264266 ], [ 77.5984166, 12.926386 ] ] ] } },
{ "type": "Feature", "properties": { "name": "Carmel Convent School", "amenity": "school", "building": null, "capacity": null, "emergency": null, "leisure": null }, "geometry": { "type": "Polygon", "coordinates": [ [ [ 77.5989602, 12.9266828 ], [ 77.5989722, 12.9275774 ], [ 77.5988325, 12.9276424 ], [ 77.5986851, 12.9277071 ], [ 77.5982292, 12.9280449 ], [ 77.5981253, 12.9278271 ], [ 77.5976619, 12.9279591 ], [ 77.597303, 12.9272471 ], [ 77.597302, 12.9270327 ], [ 77.5973019, 12.9270015 ], [ 77.5972871, 12.9265777 ], [ 77.5977113, 12.9266044 ], [ 77.5989602, 12.9266828 ] ] ] } },
{ "type": "Feature", "properties": { "name": "Skalvi International School", "amenity": "school", "building": null, "capacity": null, "emergency": null, "leisure": null }, "geometry": { "type": "Polygon", "coordinates": [ [ [ 77.5861517, 12.8778181 ], [ 77.5857134, 12.8786991 ], [ 77.5854667, 12.878567 ], [ 77.5853151, 12.8777003 ], [ 77.5855887, 12.8777329 ], [ 77.5861517, 12.8778181 ] ] ] } },
{ "type": "Feature", "properties": { "name": "Vibgyor", "amenity": "school", "building": null, "capacity": null, "emergency": null, "leisure": null }, "geometry": { "type": "Polygon", "coordinates": [ [ [ 77.6106244, 13.0734666 ], [ 77.6112185, 13.0733503 ], [ 77.6111955, 13.0732804 ], [ 77.611094, 13.0729734 ], [ 77.6110791, 13.0729283 ], [ 77.6105037, 13.0730825 ], [ 77.6106244, 13.0734666 ] ] ] } },
{ "type": "Feature", "properties": { "name": "Clarence Public School", "amenity": "school", "building": null, "capacity": null, "emergency": null, "leisure": null }, "geometry": { "type": "Polygon", "coordinates": [ [ [ 77.5961952, 12.9037628 ], [ 77.5955893, 12.9037823 ], [ 77.5955712, 12.9032484 ], [ 77.5961819, 12.9032283 ], [ 77.5961874, 12.9034496 ], [ 77.5961952, 12.9037628 ] ] ] } },
{ "type": "Feature", "properties": { "name": "JSS Public School", "amenity": "school", "building": null, "capacity": null, "emergency": null, "leisure": null }, "geometry": { "type": "Polygon", "coordinates": [ [ [ 77.6280347, 13.0248357 ], [ 77.628319, 13.0257007 ], [ 77.6287213, 13.0256393 ], [ 77.6285805, 13.0247991 ], [ 77.6280347, 13.0248357 ] ] ] } },
{ "type": "Feature", "properties": { "name": null, "amenity": "school", "building": null, "capacity": null, "emergency": null, "leisure": null }, "geometry": { "type": "Polygon", "coordinates": [ [ [ 77.7431712, 13.002156 ], [ 77.7439037, 13.0020226 ], [ 77.7439181, 13.002075 ], [ 77.7444398, 13.001926 ], [ 77.744772, 13.0019002 ], [ 77.7449656, 13.0018397 ], [ 77.7448638, 13.0015685 ], [ 77.7446845, 13.0011062 ], [ 77.7446517, 13.0010217 ], [ 77.7438527, 13.0011457 ], [ 77.7437809, 13.0013604 ], [ 77.7431229, 13.0014451 ], [ 77.7431712, 13.002156 ] ] ] } },
{ "type": "Feature", "properties": { "name": "Nurture International School", "amenity": "school", "building": null, "capacity": null, "emergency": null, "leisure": null }, "geometry": { "type": "Polygon", "coordinates": [ [ [ 77.5036713, 13.0630495 ], [ 77.504429, 13.063128 ], [ 77.5044599, 13.0628248 ], [ 77.5047737, 13.0628458 ], [ 77.5047389, 13.0630548 ], [ 77.5052226, 13.0632126 ], [ 77.5053236, 13.0632455 ], [ 77.5054979, 13.0628902 ], [ 77.5047201, 13.0627334 ], [ 77.5047106, 13.0622477 ], [ 77.5043271, 13.0622879 ], [ 77.5042876, 13.0621228 ], [ 77.5035185, 13.0622683 ], [ 77.5036713, 13.0630495 ] ] ] } },
{ "type": "Feature", "properties": { "name": "Sapthagiri Institute of Allied Health Sciences", "amenity": "college", "building": null, "capacity": null, "emergency": null, "leisure": null }, "geometry": { "type": "Polygon", "coordinates": [ [ [ 77.5015645, 13.0715397 ], [ 77.5007111, 13.0717518 ], [ 77.4998143, 13.0719747 ], [ 77.4995749, 13.0723947 ], [ 77.499887, 13.0730942 ], [ 77.5014867, 13.0732027 ], [ 77.5021452, 13.0740022 ], [ 77.502194, 13.0739444 ], [ 77.5022712, 13.0738532 ], [ 77.5016101, 13.0729153 ], [ 77.5021344, 13.0722856 ], [ 77.5023597, 13.0720825 ], [ 77.5019441, 13.0717988 ], [ 77.5015645, 13.0715397 ] ] ] } },
{ "type": "Feature", "properties": { "name": "Legacy School", "amenity": "school", "building": null, "capacity": null, "emergency": null, "leisure": null }, "geometry": { "type": "Polygon", "coordinates": [ [ [ 77.6527675, 13.0631927 ], [ 77.6520686, 13.0632938 ], [ 77.6520807, 13.0622252 ], [ 77.652652, 13.0621207 ], [ 77.6526627, 13.0626942 ], [ 77.6527675, 13.0631927 ] ] ] } },
{ "type": "Feature", "properties": { "name": "Gateway Community College", "amenity": "college", "building": null, "capacity": null, "emergency": null, "leisure": null }, "geometry": { "type": "Polygon", "coordinates": [ [ [ 77.6564547, 13.0622402 ], [ 77.6564178, 13.0616386 ], [ 77.6568308, 13.0616073 ], [ 77.6567785, 13.0622161 ], [ 77.6564547, 13.0622402 ] ] ] } },
{ "type": "Feature", "properties": { "name": "Rotary", "amenity": "school", "building": null, "capacity": null, "emergency": null, "leisure": null }, "geometry": { "type": "Polygon", "coordinates": [ [ [ 77.5926892, 12.9922313 ], [ 77.5926328, 12.9920699 ], [ 77.5929661, 12.9919242 ], [ 77.5930365, 12.9921137 ], [ 77.5926892, 12.9922313 ] ] ] } },
{ "type": "Feature", "properties": { "name": "RJ Public School", "amenity": "school", "building": null, "capacity": null, "emergency": null, "leisure": null }, "geometry": { "type": "Polygon", "coordinates": [ [ [ 77.5942758, 12.9892894 ], [ 77.5947264, 12.9889265 ], [ 77.5949331, 12.9887431 ], [ 77.5949558, 12.988768 ], [ 77.5951816, 12.9890375 ], [ 77.5950625, 12.9891329 ], [ 77.5947726, 12.9893742 ], [ 77.5946149, 12.9891792 ], [ 77.5945812, 12.9891446 ], [ 77.594326, 12.9893446 ], [ 77.5942758, 12.9892894 ] ] ] } },
{ "type": "Feature", "properties": { "name": "Geeta HPS", "amenity": "school", "building": null, "capacity": null, "emergency": null, "leisure": null }, "geometry": { "type": "Polygon", "coordinates": [ [ [ 77.5864324, 12.9275126 ], [ 77.5864266, 12.9271763 ], [ 77.5867673, 12.9271708 ], [ 77.5867731, 12.927507 ], [ 77.5864324, 12.9275126 ] ] ] } },
{ "type": "Feature", "properties": { "name": null, "amenity": "school", "building": null, "capacity": null, "emergency": null, "leisure": null }, "geometry": { "type": "Polygon", "coordinates": [ [ [ 77.645115, 12.8886793 ], [ 77.6451538, 12.8897004 ], [ 77.6450318, 12.8896979 ], [ 77.6446924, 12.8896911 ], [ 77.6446008, 12.8896892 ], [ 77.6445684, 12.8894109 ], [ 77.6445329, 12.8891539 ], [ 77.6447301, 12.8891447 ], [ 77.6447073, 12.8887055 ], [ 77.6445034, 12.8887146 ], [ 77.6443318, 12.8881786 ], [ 77.6443076, 12.8879512 ], [ 77.6445383, 12.8878309 ], [ 77.645072, 12.8879276 ], [ 77.645115, 12.8886793 ] ] ] } },
{ "type": "Feature", "properties": { "name": "St. Paul's Public School", "amenity": "school", "building": null, "capacity": null, "emergency": null, "leisure": null }, "geometry": { "type": "Polygon", "coordinates": [ [ [ 77.6078077, 13.0409691 ], [ 77.6076566, 13.0409809 ], [ 77.6076351, 13.0408842 ], [ 77.6078202, 13.0408541 ], [ 77.6085202, 13.0405131 ], [ 77.6098064, 13.0402518 ], [ 77.6107686, 13.0400624 ], [ 77.6107277, 13.0398638 ], [ 77.6108189, 13.0398507 ], [ 77.6109155, 13.0404295 ], [ 77.610378, 13.040543 ], [ 77.6088781, 13.0408402 ], [ 77.6078077, 13.0409691 ] ] ] } },
{ "type": "Feature", "properties": { "name": "Government SKSJ Technology Institute", "amenity": "college", "building": null, "capacity": null, "emergency": null, "leisure": null }, "geometry": { "type": "Polygon", "coordinates": [ [ [ 77.5876152, 12.9769023 ], [ 77.5878032, 12.9770009 ], [ 77.5875092, 12.9776381 ], [ 77.5870746, 12.9774865 ], [ 77.5873921, 12.976771 ], [ 77.5869486, 12.976607 ], [ 77.5864068, 12.9770017 ], [ 77.5862631, 12.9767985 ], [ 77.5869243, 12.9763267 ], [ 77.5869872, 12.9763535 ], [ 77.5870531, 12.9763728 ], [ 77.5871208, 12.9763842 ], [ 77.5871894, 12.9763877 ], [ 77.5872579, 12.976383 ], [ 77.5873254, 12.9763705 ], [ 77.5873965, 12.9763479 ], [ 77.5874639, 12.9763165 ], [ 77.5875266, 12.9762768 ], [ 77.5875834, 12.9762294 ], [ 77.5878875, 12.9763441 ], [ 77.5876152, 12.9769023 ] ] ] } },
{ "type": "Feature", "properties": { "name": "Bangalore Medical College Gents Hostel", "amenity": "college", "building": null, "capacity": null, "emergency": null, "leisure": null }, "geometry": { "type": "Polygon", "coordinates": [ [ [ 77.5824524, 12.976453 ], [ 77.5830395, 12.9760539 ], [ 77.583419, 12.9765574 ], [ 77.5828902, 12.9768273 ], [ 77.58264, 12.9765706 ], [ 77.5824524, 12.976453 ] ] ] } },
{ "type": "Feature", "properties": { "name": "Narayana e-techno School", "amenity": "school", "building": null, "capacity": null, "emergency": null, "leisure": null }, "geometry": { "type": "Polygon", "coordinates": [ [ [ 77.7195874, 12.9546671 ], [ 77.7199144, 12.9546417 ], [ 77.719913, 12.9546692 ], [ 77.7201612, 12.9546536 ], [ 77.7201533, 12.9546002 ], [ 77.7201575, 12.95457 ], [ 77.7201888, 12.9544905 ], [ 77.7201249, 12.9541282 ], [ 77.7195958, 12.954224 ], [ 77.7195144, 12.9542267 ], [ 77.7195439, 12.9544633 ], [ 77.7195874, 12.9546671 ] ] ] } },
{ "type": "Feature", "properties": { "name": "St. Teresa School, Begur", "amenity": "school", "building": null, "capacity": null, "emergency": null, "leisure": null }, "geometry": { "type": "Polygon", "coordinates": [ [ [ 77.6260002, 12.8739572 ], [ 77.6257507, 12.8737467 ], [ 77.6258352, 12.8735441 ], [ 77.6258647, 12.8728119 ], [ 77.6265648, 12.8728655 ], [ 77.626525, 12.8731876 ], [ 77.6260659, 12.8731493 ], [ 77.6260002, 12.8739572 ] ] ] } },
{ "type": "Feature", "properties": { "name": "SBS PU and Degree College", "amenity": "college", "building": null, "capacity": null, "emergency": null, "leisure": null }, "geometry": { "type": "Polygon", "coordinates": [ [ [ 77.4774568, 12.9189942 ], [ 77.4770236, 12.9180857 ], [ 77.4769753, 12.9178935 ], [ 77.4775493, 12.9177837 ], [ 77.4775372, 12.9180896 ], [ 77.4775895, 12.9183066 ], [ 77.4778068, 12.9185026 ], [ 77.4774568, 12.9189942 ] ] ] } },
{ "type": "Feature", "properties": { "name": "IBS Business School", "amenity": "college", "building": null, "capacity": null, "emergency": null, "leisure": null }, "geometry": { "type": "Polygon", "coordinates": [ [ [ 77.4635053, 12.8982134 ], [ 77.464149, 12.8986291 ], [ 77.4645266, 12.8981823 ], [ 77.4655635, 12.8969554 ], [ 77.4657422, 12.896744 ], [ 77.4659032, 12.8966159 ], [ 77.4663994, 12.896744 ], [ 77.4665925, 12.8962342 ], [ 77.4659488, 12.8959205 ], [ 77.4653855, 12.8961688 ], [ 77.4653882, 12.89648 ], [ 77.4646452, 12.8971022 ], [ 77.4644333, 12.8971859 ], [ 77.4635053, 12.8982134 ] ] ] } },
{ "type": "Feature", "properties": { "name": "BBMP School", "amenity": "school", "building": null, "capacity": null, "emergency": null, "leisure": null }, "geometry": { "type": "Polygon", "coordinates": [ [ [ 77.6421149, 13.0616132 ], [ 77.6422898, 13.0615698 ], [ 77.6425072, 13.0615204 ], [ 77.6425367, 13.0617961 ], [ 77.6422349, 13.061849 ], [ 77.6421297, 13.0617614 ], [ 77.6421149, 13.0616132 ] ] ] } },
{ "type": "Feature", "properties": { "name": null, "amenity": "school", "building": null, "capacity": null, "emergency": null, "leisure": null }, "geometry": { "type": "Polygon", "coordinates": [ [ [ 77.6489277, 13.0178936 ], [ 77.6495621, 13.017989 ], [ 77.6495835, 13.0177199 ], [ 77.6495273, 13.0177142 ], [ 77.6494929, 13.0177108 ], [ 77.6489425, 13.0176558 ], [ 77.6489277, 13.0178936 ] ] ] } },
{ "type": "Feature", "properties": { "name": null, "amenity": "school", "building": null, "capacity": null, "emergency": null, "leisure": null }, "geometry": { "type": "Polygon", "coordinates": [ [ [ 77.5619799, 13.0764744 ], [ 77.5622548, 13.0763836 ], [ 77.5620262, 13.0758852 ], [ 77.5617626, 13.07601 ], [ 77.5619799, 13.0764744 ] ] ] } },
{ "type": "Feature", "properties": { "name": null, "amenity": "school", "building": null, "capacity": null, "emergency": null, "leisure": null }, "geometry": { "type": "Polygon", "coordinates": [ [ [ 77.6694962, 13.0358122 ], [ 77.6700689, 13.0357142 ], [ 77.6702768, 13.0359782 ], [ 77.6704296, 13.0363584 ], [ 77.6695995, 13.0365293 ], [ 77.6694962, 13.0358122 ] ] ] } },
{ "type": "Feature", "properties": { "name": "Innovative School of Excellence", "amenity": "school", "building": null, "capacity": null, "emergency": null, "leisure": null }, "geometry": { "type": "Polygon", "coordinates": [ [ [ 77.6584746, 13.0393355 ], [ 77.6591259, 13.039414 ], [ 77.6591768, 13.0390123 ], [ 77.6585256, 13.0389339 ], [ 77.6584746, 13.0393355 ] ] ] } },
{ "type": "Feature", "properties": { "name": "Chrysalis High Horamavu", "amenity": "school", "building": null, "capacity": null, "emergency": null, "leisure": null }, "geometry": { "type": "Polygon", "coordinates": [ [ [ 77.6603284, 13.0404243 ], [ 77.6598108, 13.0403054 ], [ 77.6596458, 13.0394823 ], [ 77.6602882, 13.0394026 ], [ 77.6602949, 13.0394888 ], [ 77.6603284, 13.0400023 ], [ 77.6603284, 13.0404243 ] ] ] } },
{ "type": "Feature", "properties": { "name": "National Public School Kalkere", "amenity": "school", "building": null, "capacity": null, "emergency": null, "leisure": null }, "geometry": { "type": "Polygon", "coordinates": [ [ [ 77.6700517, 13.0375765 ], [ 77.6706488, 13.0374982 ], [ 77.6706667, 13.0375004 ], [ 77.671199, 13.0375601 ], [ 77.6711855, 13.0380633 ], [ 77.671181, 13.038127 ], [ 77.670827, 13.0382081 ], [ 77.6707687, 13.0382159 ], [ 77.6704159, 13.038197 ], [ 77.6701454, 13.0381918 ], [ 77.6700517, 13.0375765 ] ] ] } },
{ "type": "Feature", "properties": { "name": "Government High-Tech Kannada and English Medium Higher Primary School", "amenity": "school", "building": null, "capacity": null, "emergency": null, "leisure": null }, "geometry": { "type": "Polygon", "coordinates": [ [ [ 77.687691, 12.9924038 ], [ 77.6873074, 12.9927331 ], [ 77.6873048, 12.9929042 ], [ 77.6875757, 12.9929931 ], [ 77.6876514, 12.9929147 ], [ 77.6878881, 12.9927958 ], [ 77.687809, 12.992669 ], [ 77.6879237, 12.9925344 ], [ 77.6878801, 12.9924969 ], [ 77.6877859, 12.992328 ], [ 77.6877702, 12.9923454 ], [ 77.6876761, 12.9921312 ], [ 77.687582, 12.9919036 ], [ 77.6874938, 12.9917905 ], [ 77.6873934, 12.9916773 ], [ 77.6872444, 12.9919059 ], [ 77.6874603, 12.9920496 ], [ 77.6875214, 12.992115 ], [ 77.687691, 12.9924038 ] ] ] } },
{ "type": "Feature", "properties": { "name": "MTB School", "amenity": "school", "building": null, "capacity": null, "emergency": null, "leisure": null }, "geometry": { "type": "Polygon", "coordinates": [ [ [ 77.6943151, 12.9903832 ], [ 77.694316, 12.9904217 ], [ 77.6943335, 12.9908892 ], [ 77.6939904, 12.9909127 ], [ 77.6936445, 12.9909812 ], [ 77.6934847, 12.9906258 ], [ 77.6934457, 12.9904871 ], [ 77.6938867, 12.99041 ], [ 77.6941177, 12.9903791 ], [ 77.6943151, 12.9903832 ] ] ] } },
{ "type": "Feature", "properties": { "name": "Kalanikethan School", "amenity": "school", "building": null, "capacity": null, "emergency": null, "leisure": null }, "geometry": { "type": "Polygon", "coordinates": [ [ [ 77.6507194, 12.8862817 ], [ 77.6517253, 12.8859967 ], [ 77.6515952, 12.8855235 ], [ 77.6505947, 12.885866 ], [ 77.6507194, 12.8862817 ] ] ] } },
{ "type": "Feature", "properties": { "name": "Government Urdu Higher Primary School", "amenity": "school", "building": null, "capacity": null, "emergency": null, "leisure": null }, "geometry": { "type": "Polygon", "coordinates": [ [ [ 77.5666858, 12.9039281 ], [ 77.5663821, 12.9040137 ], [ 77.5665175, 12.904232 ], [ 77.5667737, 12.9041372 ], [ 77.5666858, 12.9039281 ] ] ] } },
{ "type": "Feature", "properties": { "name": "Blossom School", "amenity": "school", "building": null, "capacity": null, "emergency": null, "leisure": null }, "geometry": { "type": "Polygon", "coordinates": [ [ [ 77.5616627, 12.9040372 ], [ 77.5617831, 12.904367 ], [ 77.561473, 12.9044961 ], [ 77.5613254, 12.904164 ], [ 77.5616627, 12.9040372 ] ] ] } },
{ "type": "Feature", "properties": { "name": "Narayana e-Techno School", "amenity": "school", "building": null, "capacity": null, "emergency": null, "leisure": null }, "geometry": { "type": "Polygon", "coordinates": [ [ [ 77.5721053, 12.9005124 ], [ 77.5715339, 12.9006057 ], [ 77.5713596, 12.8999887 ], [ 77.5720274, 12.8999129 ], [ 77.5720523, 12.9001134 ], [ 77.5721053, 12.9005124 ] ] ] } },
{ "type": "Feature", "properties": { "name": "Samsidh International School", "amenity": "school", "building": null, "capacity": null, "emergency": null, "leisure": null }, "geometry": { "type": "Polygon", "coordinates": [ [ [ 77.5526925, 13.0645097 ], [ 77.5526115, 13.0642765 ], [ 77.552537, 13.0640622 ], [ 77.553726, 13.0636913 ], [ 77.5538547, 13.0641505 ], [ 77.5534124, 13.0642872 ], [ 77.5526925, 13.0645097 ] ] ] } },
{ "type": "Feature", "properties": { "name": null, "amenity": "school", "building": null, "capacity": null, "emergency": null, "leisure": null }, "geometry": { "type": "Polygon", "coordinates": [ [ [ 77.5667462, 13.1035668 ], [ 77.5659898, 13.1037562 ], [ 77.5659147, 13.1033709 ], [ 77.5668065, 13.1032311 ], [ 77.5667462, 13.1035668 ] ] ] } },
{ "type": "Feature", "properties": { "name": null, "amenity": "school", "building": null, "capacity": null, "emergency": null, "leisure": null }, "geometry": { "type": "Polygon", "coordinates": [ [ [ 77.5669963, 12.9031293 ], [ 77.5669574, 12.9029437 ], [ 77.5672095, 12.9028515 ], [ 77.5672632, 12.9030097 ], [ 77.5669963, 12.9031293 ] ] ] } },
{ "type": "Feature", "properties": { "name": "The Kenmore English School", "amenity": "school", "building": null, "capacity": null, "emergency": null, "leisure": null }, "geometry": { "type": "Polygon", "coordinates": [ [ [ 77.5769955, 12.9426121 ], [ 77.5774058, 12.9426119 ], [ 77.5774056, 12.942178 ], [ 77.5769958, 12.9421758 ], [ 77.5769955, 12.9426121 ] ] ] } },
{ "type": "Feature", "properties": { "name": "MVM Institute of Nursing Sciences", "amenity": "college", "building": null, "capacity": null, "emergency": null, "leisure": null }, "geometry": { "type": "Polygon", "coordinates": [ [ [ 77.6085279, 13.1146532 ], [ 77.6095301, 13.1146286 ], [ 77.6095153, 13.1141297 ], [ 77.608207, 13.1141436 ], [ 77.6085279, 13.1146532 ] ] ] } },
{ "type": "Feature", "properties": { "name": null, "amenity": "college", "building": null, "capacity": null, "emergency": null, "leisure": null }, "geometry": { "type": "Polygon", "coordinates": [ [ [ 77.6016001, 12.927035 ], [ 77.6019703, 12.9269017 ], [ 77.6021413, 12.927267 ], [ 77.6021339, 12.9273448 ], [ 77.6016001, 12.927035 ] ] ] } },
{ "type": "Feature", "properties": { "name": "Government School", "amenity": "school", "building": null, "capacity": null, "emergency": null, "leisure": null }, "geometry": { "type": "Polygon", "coordinates": [ [ [ 77.6124953, 13.0001607 ], [ 77.6123806, 13.0002706 ], [ 77.6118537, 12.9996294 ], [ 77.6124006, 12.9992035 ], [ 77.6125868, 12.9994305 ], [ 77.6127505, 12.999303 ], [ 77.6128883, 12.999471 ], [ 77.6127193, 12.999621 ], [ 77.6126817, 12.9998562 ], [ 77.6126549, 12.999966 ], [ 77.6124953, 13.0001607 ] ] ] } },
{ "type": "Feature", "properties": { "name": "St. Anthony's School", "amenity": "school", "building": null, "capacity": null, "emergency": null, "leisure": null }, "geometry": { "type": "Polygon", "coordinates": [ [ [ 77.6171958, 12.8617629 ], [ 77.6171744, 12.8610189 ], [ 77.6169705, 12.8603861 ], [ 77.6172388, 12.8602685 ], [ 77.6178557, 12.8602737 ], [ 77.6181775, 12.8603495 ], [ 77.6186255, 12.8602057 ], [ 77.6187327, 12.8608097 ], [ 77.6187327, 12.8613118 ], [ 77.6183492, 12.8613353 ], [ 77.6173715, 12.8615851 ], [ 77.6173688, 12.861708 ], [ 77.6171958, 12.8617629 ] ] ] } },
{ "type": "Feature", "properties": { "name": "Chrysalis High School, Begur", "amenity": "school", "building": null, "capacity": null, "emergency": null, "leisure": null }, "geometry": { "type": "Polygon", "coordinates": [ [ [ 77.6109844, 12.8610179 ], [ 77.6110549, 12.8618466 ], [ 77.6102449, 12.8619172 ], [ 77.6101711, 12.86091 ], [ 77.6102704, 12.860917 ], [ 77.6109844, 12.8610179 ] ] ] } },
{ "type": "Feature", "properties": { "name": null, "amenity": "college", "building": null, "capacity": null, "emergency": null, "leisure": null }, "geometry": { "type": "Polygon", "coordinates": [ [ [ 77.6489988, 13.0588521 ], [ 77.6489304, 13.058242 ], [ 77.6500556, 13.0581152 ], [ 77.6501776, 13.0588311 ], [ 77.6496192, 13.058841 ], [ 77.6490817, 13.0588506 ], [ 77.6489988, 13.0588521 ] ] ] } },
{ "type": "Feature", "properties": { "name": null, "amenity": "school", "building": null, "capacity": null, "emergency": null, "leisure": null }, "geometry": { "type": "Polygon", "coordinates": [ [ [ 77.6601836, 13.0665063 ], [ 77.6608354, 13.0651398 ], [ 77.6611868, 13.0652234 ], [ 77.6606034, 13.066731 ], [ 77.6601836, 13.0665063 ] ] ] } },
{ "type": "Feature", "properties": { "name": "EuroSchool North Camputs", "amenity": "school", "building": null, "capacity": null, "emergency": null, "leisure": null }, "geometry": { "type": "Polygon", "coordinates": [ [ [ 77.6246229, 13.1033513 ], [ 77.6251754, 13.1053262 ], [ 77.6258554, 13.1051316 ], [ 77.6254342, 13.1039169 ], [ 77.6252767, 13.1039574 ], [ 77.624989, 13.1032768 ], [ 77.6246229, 13.1033513 ] ] ] } },
{ "type": "Feature", "properties": { "name": "Oxford School and Composite PU College", "amenity": "school", "building": null, "capacity": null, "emergency": null, "leisure": null }, "geometry": { "type": "Polygon", "coordinates": [ [ [ 77.6233006, 13.1035897 ], [ 77.6234823, 13.1043919 ], [ 77.6239657, 13.1042915 ], [ 77.6238638, 13.103973 ], [ 77.6236787, 13.1040031 ], [ 77.62355, 13.1035498 ], [ 77.6233006, 13.1035897 ] ] ] } },
{ "type": "Feature", "properties": { "name": "Presidency PU College, Kogilu", "amenity": "college", "building": null, "capacity": null, "emergency": null, "leisure": null }, "geometry": { "type": "Polygon", "coordinates": [ [ [ 77.6239106, 13.1023941 ], [ 77.6231266, 13.1024855 ], [ 77.6230592, 13.1034022 ], [ 77.6242675, 13.1031841 ], [ 77.6242393, 13.1030091 ], [ 77.624006, 13.1030561 ], [ 77.6239106, 13.1023941 ] ] ] } },
{ "type": "Feature", "properties": { "name": "National Public School, North", "amenity": "school", "building": null, "capacity": null, "emergency": null, "leisure": null }, "geometry": { "type": "Polygon", "coordinates": [ [ [ 77.6198083, 13.1039051 ], [ 77.6192182, 13.1039756 ], [ 77.6193349, 13.1022776 ], [ 77.6197895, 13.1023181 ], [ 77.6198083, 13.1039051 ] ] ] } },
{ "type": "Feature", "properties": { "name": "National Public School Whitefield", "amenity": "school", "building": null, "capacity": null, "emergency": null, "leisure": null }, "geometry": { "type": "Polygon", "coordinates": [ [ [ 77.7483934, 13.0031347 ], [ 77.749536, 13.0028812 ], [ 77.7493899, 13.0024487 ], [ 77.7491055, 13.0017667 ], [ 77.7485436, 13.0019038 ], [ 77.7485678, 13.0021547 ], [ 77.7479951, 13.0022266 ], [ 77.7483934, 13.0031347 ] ] ] } },
{ "type": "Feature", "properties": { "name": "Mount Litera Zee School", "amenity": "school", "building": null, "capacity": null, "emergency": null, "leisure": null }, "geometry": { "type": "Polygon", "coordinates": [ [ [ 77.743005, 13.0027689 ], [ 77.7429955, 13.0022867 ], [ 77.7418341, 13.0026408 ], [ 77.7418671, 13.0032781 ], [ 77.7424514, 13.0031547 ], [ 77.7423933, 13.0028865 ], [ 77.743005, 13.0027689 ] ] ] } },
{ "type": "Feature", "properties": { "name": null, "amenity": "school", "building": null, "capacity": null, "emergency": null, "leisure": null }, "geometry": { "type": "Polygon", "coordinates": [ [ [ 77.5202608, 12.8498464 ], [ 77.5207195, 12.8496961 ], [ 77.5209689, 12.8497484 ], [ 77.5212371, 12.8498347 ], [ 77.5209743, 12.8505277 ], [ 77.5207007, 12.8511448 ], [ 77.5206607, 12.8512342 ], [ 77.5202125, 12.8510232 ], [ 77.5204472, 12.850461 ], [ 77.5202608, 12.8498464 ] ] ] } },
{ "type": "Feature", "properties": { "name": "Widia Poornaprajna School", "amenity": "school", "building": null, "capacity": null, "emergency": null, "leisure": null }, "geometry": { "type": "Polygon", "coordinates": [ [ [ 77.5003821, 13.0520826 ], [ 77.5004044, 13.0522245 ], [ 77.5011125, 13.0520912 ], [ 77.5016409, 13.0521644 ], [ 77.5028533, 13.0517725 ], [ 77.5023437, 13.0498964 ], [ 77.5015175, 13.0500479 ], [ 77.5015631, 13.0511898 ], [ 77.5004923, 13.0513755 ], [ 77.5005028, 13.0516306 ], [ 77.5003821, 13.0520826 ] ] ] } },
{ "type": "Feature", "properties": { "name": "Schoenstatt St Mary's High School", "amenity": "school", "building": null, "capacity": null, "emergency": null, "leisure": null }, "geometry": { "type": "Polygon", "coordinates": [ [ [ 77.5055556, 13.0406294 ], [ 77.5063922, 13.0405899 ], [ 77.5071341, 13.0405549 ], [ 77.5070496, 13.0409959 ], [ 77.506953, 13.0412017 ], [ 77.506825, 13.0413722 ], [ 77.5061805, 13.0413793 ], [ 77.5053933, 13.0413911 ], [ 77.5055556, 13.0406294 ] ] ] } },
{ "type": "Feature", "properties": { "name": "Adhyayana PU College", "amenity": "college", "building": null, "capacity": null, "emergency": null, "leisure": null }, "geometry": { "type": "Polygon", "coordinates": [ [ [ 77.5564666, 13.0895772 ], [ 77.5576025, 13.0892845 ], [ 77.5575468, 13.0890593 ], [ 77.5563432, 13.089389 ], [ 77.5564666, 13.0895772 ] ] ] } },
{ "type": "Feature", "properties": { "name": "Oriental English High School", "amenity": "school", "building": null, "capacity": null, "emergency": null, "leisure": null }, "geometry": { "type": "Polygon", "coordinates": [ [ [ 77.5568374, 13.0863468 ], [ 77.5566557, 13.0856329 ], [ 77.5569842, 13.0855042 ], [ 77.5571398, 13.0860385 ], [ 77.5571848, 13.0863004 ], [ 77.5568374, 13.0863468 ] ] ] } },
{ "type": "Feature", "properties": { "name": null, "amenity": "school", "building": null, "capacity": null, "emergency": null, "leisure": null }, "geometry": { "type": "Polygon", "coordinates": [ [ [ 77.5770666, 13.0447292 ], [ 77.5776024, 13.0446783 ], [ 77.5774757, 13.0443033 ], [ 77.5770264, 13.0443477 ], [ 77.5770666, 13.0447292 ] ] ] } },
{ "type": "Feature", "properties": { "name": "Teresa Bacq School", "amenity": "school", "building": null, "capacity": null, "emergency": null, "leisure": null }, "geometry": { "type": "Polygon", "coordinates": [ [ [ 77.6481083, 13.0535649 ], [ 77.6479393, 13.0546623 ], [ 77.6472933, 13.0546828 ], [ 77.6474471, 13.053844 ], [ 77.6475236, 13.0534264 ], [ 77.6480176, 13.0535434 ], [ 77.6481083, 13.0535649 ] ] ] } },
{ "type": "Feature", "properties": { "name": null, "amenity": "school", "building": null, "capacity": null, "emergency": null, "leisure": null }, "geometry": { "type": "Polygon", "coordinates": [ [ [ 77.6535585, 13.0671594 ], [ 77.6535639, 13.067102 ], [ 77.654333, 13.0670799 ], [ 77.654323, 13.06891 ], [ 77.6535585, 13.0688969 ], [ 77.6535612, 13.0688368 ], [ 77.6535585, 13.0671594 ] ] ] } },
{ "type": "Feature", "properties": { "name": null, "amenity": "school", "building": null, "capacity": null, "emergency": null, "leisure": null }, "geometry": { "type": "Polygon", "coordinates": [ [ [ 77.6041295, 13.0527026 ], [ 77.6038277, 13.0527823 ], [ 77.6038223, 13.0527464 ], [ 77.6034489, 13.05283 ], [ 77.6033523, 13.052408 ], [ 77.6038371, 13.0523022 ], [ 77.6039189, 13.0526726 ], [ 77.604108, 13.052623 ], [ 77.6041295, 13.0527026 ] ] ] } },
{ "type": "Feature", "properties": { "name": "St. John's School", "amenity": "school", "building": null, "capacity": null, "emergency": null, "leisure": null }, "geometry": { "type": "Polygon", "coordinates": [ [ [ 77.6066937, 13.0527 ], [ 77.6066668, 13.0525132 ], [ 77.6069766, 13.0520716 ], [ 77.6069954, 13.0521722 ], [ 77.6070842, 13.0531652 ], [ 77.6065575, 13.0532073 ], [ 77.6066937, 13.0527 ] ] ] } },
{ "type": "Feature", "properties": { "name": null, "amenity": "school", "building": null, "capacity": null, "emergency": null, "leisure": null }, "geometry": { "type": "Polygon", "coordinates": [ [ [ 77.474674, 12.9655285 ], [ 77.4751246, 12.9654802 ], [ 77.4752533, 12.9661715 ], [ 77.4744862, 12.966365 ], [ 77.4745337, 12.9664976 ], [ 77.4733946, 12.966825 ], [ 77.4733333, 12.966576 ], [ 77.4732515, 12.9662433 ], [ 77.4731612, 12.9658762 ], [ 77.4742368, 12.9656893 ], [ 77.4741174, 12.9652018 ], [ 77.4745841, 12.9651077 ], [ 77.474674, 12.9655285 ] ] ] } },
{ "type": "Feature", "properties": { "name": "National Public School, SMV", "amenity": "school", "building": null, "capacity": null, "emergency": null, "leisure": null }, "geometry": { "type": "Polygon", "coordinates": [ [ [ 77.4799043, 12.9413521 ], [ 77.48078, 12.9413142 ], [ 77.4805923, 12.9402254 ], [ 77.4797769, 12.9403901 ], [ 77.47986, 12.9408907 ], [ 77.4799043, 12.9413521 ] ] ] } },
{ "type": "Feature", "properties": { "name": null, "amenity": "school", "building": null, "capacity": null, "emergency": null, "leisure": null }, "geometry": { "type": "Polygon", "coordinates": [ [ [ 77.5841566, 13.0589971 ], [ 77.5846848, 13.0590585 ], [ 77.5846794, 13.0584745 ], [ 77.5840786, 13.058562 ], [ 77.5841106, 13.058704 ], [ 77.5841566, 13.0589971 ] ] ] } },
{ "type": "Feature", "properties": { "name": "Cauvery School", "amenity": "school", "building": null, "capacity": null, "emergency": null, "leisure": null }, "geometry": { "type": "Polygon", "coordinates": [ [ [ 77.5873442, 13.0613512 ], [ 77.5878063, 13.0610131 ], [ 77.5876228, 13.0609687 ], [ 77.5874175, 13.0609282 ], [ 77.5873442, 13.0613512 ] ] ] } },
{ "type": "Feature", "properties": { "name": null, "amenity": "school", "building": null, "capacity": null, "emergency": null, "leisure": null }, "geometry": { "type": "Polygon", "coordinates": [ [ [ 77.5747231, 13.0601023 ], [ 77.5747646, 13.0604158 ], [ 77.5741719, 13.0605739 ], [ 77.5741746, 13.0606131 ], [ 77.5739144, 13.0606745 ], [ 77.5737374, 13.0600265 ], [ 77.5742108, 13.0599168 ], [ 77.5746064, 13.0598632 ], [ 77.5746506, 13.0601101 ], [ 77.5747231, 13.0601023 ] ] ] } },
{ "type": "Feature", "properties": { "name": "Ujjval World School", "amenity": "school", "building": null, "capacity": null, "emergency": null, "leisure": null }, "geometry": { "type": "Polygon", "coordinates": [ [ [ 77.7594861, 12.9948194 ], [ 77.7594697, 12.9947198 ], [ 77.7593422, 12.9941117 ], [ 77.7578536, 12.9943273 ], [ 77.7580628, 12.9951231 ], [ 77.7582137, 12.9950182 ], [ 77.7594861, 12.9948194 ] ] ] } },
{ "type": "Feature", "properties": { "name": "Sri Chaitanya Techno School", "amenity": "school", "building": null, "capacity": null, "emergency": null, "leisure": null }, "geometry": { "type": "Polygon", "coordinates": [ [ [ 77.576952, 12.9940712 ], [ 77.5771196, 12.9942058 ], [ 77.5773744, 12.9939327 ], [ 77.5771344, 12.9937262 ], [ 77.576952, 12.9940712 ] ] ] } },
{ "type": "Feature", "properties": { "name": "Government PU College, Peenya", "amenity": "college", "building": null, "capacity": null, "emergency": null, "leisure": null }, "geometry": { "type": "Polygon", "coordinates": [ [ [ 77.5297344, 13.0332841 ], [ 77.5301045, 13.0331586 ], [ 77.5298604, 13.0324296 ], [ 77.5295426, 13.0325302 ], [ 77.5297344, 13.0332841 ] ] ] } },
{ "type": "Feature", "properties": { "name": "GFGC Peenya", "amenity": "college", "building": null, "capacity": null, "emergency": null, "leisure": null }, "geometry": { "type": "Polygon", "coordinates": [ [ [ 77.5306193, 13.0332103 ], [ 77.5306906, 13.0334618 ], [ 77.5312592, 13.03322 ], [ 77.5313343, 13.0334578 ], [ 77.5315821, 13.0333386 ], [ 77.5314, 13.0329561 ], [ 77.5308542, 13.0331338 ], [ 77.5306193, 13.0332103 ] ] ] } },
{ "type": "Feature", "properties": { "name": "RV Public School", "amenity": "school", "building": null, "capacity": null, "emergency": null, "leisure": null }, "geometry": { "type": "Polygon", "coordinates": [ [ [ 77.5800962, 12.9494608 ], [ 77.5805805, 12.949395 ], [ 77.5808475, 12.9493588 ], [ 77.581328, 12.9492935 ], [ 77.5808483, 12.9490628 ], [ 77.5804492, 12.9488708 ], [ 77.5803946, 12.9488446 ], [ 77.5802732, 12.9487178 ], [ 77.5800915, 12.9487145 ], [ 77.5800962, 12.9494608 ] ] ] } },
{ "type": "Feature", "properties": { "name": null, "amenity": "school", "building": null, "capacity": null, "emergency": null, "leisure": null }, "geometry": { "type": "Polygon", "coordinates": [ [ [ 77.7027382, 12.9621815 ], [ 77.7037843, 12.9620953 ], [ 77.7036852, 12.9627825 ], [ 77.7027145, 12.9627988 ], [ 77.7027382, 12.9621815 ] ] ] } },
{ "type": "Feature", "properties": { "name": "Ashoka College", "amenity": "college", "building": null, "capacity": null, "emergency": null, "leisure": null }, "geometry": { "type": "Polygon", "coordinates": [ [ [ 77.5322649, 13.0655238 ], [ 77.5327425, 13.0656271 ], [ 77.5330201, 13.0654102 ], [ 77.5329396, 13.0642554 ], [ 77.5322248, 13.0642998 ], [ 77.5322649, 13.0655238 ] ] ] } },
{ "type": "Feature", "properties": { "name": null, "amenity": "school", "building": null, "capacity": null, "emergency": null, "leisure": null }, "geometry": { "type": "Polygon", "coordinates": [ [ [ 77.7577543, 12.9512629 ], [ 77.7581432, 12.9517559 ], [ 77.7584758, 12.9519859 ], [ 77.7585537, 12.9500065 ], [ 77.7582277, 12.9499183 ], [ 77.7582519, 12.9497575 ], [ 77.7577678, 12.949338 ], [ 77.7577586, 12.9506428 ], [ 77.7577543, 12.9512629 ] ] ] } },
{ "type": "Feature", "properties": { "name": "Samar International Islamic School", "amenity": "school", "building": null, "capacity": null, "emergency": null, "leisure": null }, "geometry": { "type": "Polygon", "coordinates": [ [ [ 77.6337204, 13.0659576 ], [ 77.6341782, 13.0658805 ], [ 77.6341622, 13.0657734 ], [ 77.63463, 13.0656909 ], [ 77.6347402, 13.0663599 ], [ 77.6337343, 13.0664723 ], [ 77.6337204, 13.0659576 ] ] ] } },
{ "type": "Feature", "properties": { "name": "Geetanjali Vidyalaya", "amenity": "school", "building": null, "capacity": null, "emergency": null, "leisure": null }, "geometry": { "type": "Polygon", "coordinates": [ [ [ 77.6863298, 12.9814764 ], [ 77.6858765, 12.9806282 ], [ 77.6855426, 12.9807954 ], [ 77.6859349, 12.9818135 ], [ 77.6861756, 12.9817298 ], [ 77.6861179, 12.9815756 ], [ 77.6863298, 12.9814764 ] ] ] } },
{ "type": "Feature", "properties": { "name": "Glentree Academy School", "amenity": "school", "building": null, "capacity": null, "emergency": null, "leisure": null }, "geometry": { "type": "Polygon", "coordinates": [ [ [ 77.7349378, 12.9661389 ], [ 77.7347477, 12.9652233 ], [ 77.7348434, 12.9652083 ], [ 77.7350427, 12.9651696 ], [ 77.7351783, 12.9651467 ], [ 77.7352935, 12.9651272 ], [ 77.7353686, 12.9654162 ], [ 77.7354839, 12.965857 ], [ 77.7351121, 12.9660392 ], [ 77.7349378, 12.9661389 ] ] ] } },
{ "type": "Feature", "properties": { "name": null, "amenity": "school", "building": null, "capacity": null, "emergency": null, "leisure": null }, "geometry": { "type": "Polygon", "coordinates": [ [ [ 77.6254705, 13.059355 ], [ 77.6251486, 13.058336 ], [ 77.6257387, 13.0578396 ], [ 77.6261196, 13.0591042 ], [ 77.6254705, 13.059355 ] ] ] } },
{ "type": "Feature", "properties": { "name": null, "amenity": "school", "building": null, "capacity": null, "emergency": null, "leisure": null }, "geometry": { "type": "Polygon", "coordinates": [ [ [ 77.4811998, 12.9099027 ], [ 77.4808632, 12.9088125 ], [ 77.4814157, 12.9086269 ], [ 77.4816464, 12.9091811 ], [ 77.481751, 12.910036 ], [ 77.4811998, 12.9099027 ] ] ] } },
{ "type": "Feature", "properties": { "name": "RV College of Architecture", "amenity": "college", "building": null, "capacity": null, "emergency": null, "leisure": null }, "geometry": { "type": "Polygon", "coordinates": [ [ [ 77.5125535, 12.8786272 ], [ 77.5135714, 12.8784415 ], [ 77.5133514, 12.8776885 ], [ 77.5124757, 12.8777761 ], [ 77.5125535, 12.8786272 ] ] ] } },
{ "type": "Feature", "properties": { "name": "RBANMS Primary School", "amenity": "school", "building": null, "capacity": null, "emergency": null, "leisure": null }, "geometry": { "type": "Polygon", "coordinates": [ [ [ 77.6113646, 12.9812445 ], [ 77.6113292, 12.9812737 ], [ 77.610829, 12.9814645 ], [ 77.610772, 12.9813325 ], [ 77.6110281, 12.9812345 ], [ 77.6112383, 12.9811061 ], [ 77.6113646, 12.9812445 ] ] ] } },
{ "type": "Feature", "properties": { "name": "Chinmaya Vidyalaya Banashankari", "amenity": "school", "building": null, "capacity": null, "emergency": null, "leisure": null }, "geometry": { "type": "Polygon", "coordinates": [ [ [ 77.4868566, 12.8874492 ], [ 77.487385, 12.8869328 ], [ 77.4881279, 12.8880348 ], [ 77.487904, 12.8882283 ], [ 77.4875982, 12.8877655 ], [ 77.4872214, 12.8880087 ], [ 77.4868566, 12.8874492 ] ] ] } },
{ "type": "Feature", "properties": { "name": "Government Model Public School", "amenity": "school", "building": null, "capacity": null, "emergency": null, "leisure": null }, "geometry": { "type": "Polygon", "coordinates": [ [ [ 77.5549103, 13.0935442 ], [ 77.5546709, 13.0939296 ], [ 77.5545984, 13.0936109 ], [ 77.5549103, 13.0935442 ] ] ] } },
{ "type": "Feature", "properties": { "name": "Government Model Primary School", "amenity": "school", "building": null, "capacity": null, "emergency": null, "leisure": null }, "geometry": { "type": "Polygon", "coordinates": [ [ [ 77.5553079, 13.0932242 ], [ 77.5553454, 13.0932987 ], [ 77.5554353, 13.0937493 ], [ 77.5551222, 13.0938081 ], [ 77.5548398, 13.0938257 ], [ 77.5553079, 13.0932242 ] ] ] } },
{ "type": "Feature", "properties": { "name": null, "amenity": "school", "building": null, "capacity": null, "emergency": null, "leisure": null }, "geometry": { "type": "Polygon", "coordinates": [ [ [ 77.5883333, 12.9056941 ], [ 77.5891185, 12.9056869 ], [ 77.5890742, 12.9054477 ], [ 77.5883333, 12.9055641 ], [ 77.5883333, 12.9056941 ] ] ] } },
{ "type": "Feature", "properties": { "name": "Government Moedl Primary School, Domlut", "amenity": "school", "building": null, "capacity": null, "emergency": null, "leisure": null }, "geometry": { "type": "Polygon", "coordinates": [ [ [ 77.6342809, 12.9618231 ], [ 77.634602, 12.9617907 ], [ 77.6346302, 12.9622939 ], [ 77.6343027, 12.9623136 ], [ 77.6342809, 12.9618231 ] ] ] } },
{ "type": "Feature", "properties": { "name": "Bishop Sargent High School", "amenity": "school", "building": null, "capacity": null, "emergency": null, "leisure": null }, "geometry": { "type": "Polygon", "coordinates": [ [ [ 77.6427555, 13.0645494 ], [ 77.6426557, 13.0641747 ], [ 77.6430001, 13.0641096 ], [ 77.6431147, 13.064465 ], [ 77.6427555, 13.0645494 ] ] ] } },
{ "type": "Feature", "properties": { "name": "Pragathi School and PU College", "amenity": "school", "building": null, "capacity": null, "emergency": null, "leisure": null }, "geometry": { "type": "Polygon", "coordinates": [ [ [ 77.7633044, 12.9976634 ], [ 77.7639368, 12.9976112 ], [ 77.7639623, 12.9970336 ], [ 77.7636847, 12.9968454 ], [ 77.7635898, 12.9968546 ], [ 77.7632087, 12.9968879 ], [ 77.7632675, 12.9973657 ], [ 77.7633044, 12.9976634 ] ] ] } },
{ "type": "Feature", "properties": { "name": null, "amenity": "school", "building": null, "capacity": null, "emergency": null, "leisure": null }, "geometry": { "type": "Polygon", "coordinates": [ [ [ 77.7634513, 12.9984736 ], [ 77.7633668, 12.9979732 ], [ 77.7638226, 12.9979255 ], [ 77.764194, 12.9978882 ], [ 77.7641749, 12.9983168 ], [ 77.7634513, 12.9984736 ] ] ] } },
{ "type": "Feature", "properties": { "name": "Sri Chitanya Pre University College", "amenity": "school", "building": null, "capacity": null, "emergency": null, "leisure": null }, "geometry": { "type": "Polygon", "coordinates": [ [ [ 77.5543088, 13.0680151 ], [ 77.5544332, 13.0679705 ], [ 77.5548546, 13.0678192 ], [ 77.5547339, 13.0674573 ], [ 77.5546127, 13.0675019 ], [ 77.5545691, 13.0675179 ], [ 77.5543282, 13.0676064 ], [ 77.5543057, 13.0676147 ], [ 77.5542483, 13.0676358 ], [ 77.5542872, 13.0677238 ], [ 77.5541948, 13.0677656 ], [ 77.554264, 13.0679202 ], [ 77.5543088, 13.0680151 ] ] ] } },
{ "type": "Feature", "properties": { "name": null, "amenity": "school", "building": null, "capacity": null, "emergency": null, "leisure": null }, "geometry": { "type": "Polygon", "coordinates": [ [ [ 77.5591348, 13.099122 ], [ 77.558874, 13.0984069 ], [ 77.5588597, 13.0983469 ], [ 77.5587903, 13.0980557 ], [ 77.5595759, 13.0978252 ], [ 77.5597607, 13.098587 ], [ 77.5598174, 13.0988209 ], [ 77.5591348, 13.099122 ] ] ] } },
{ "type": "Feature", "properties": { "name": null, "amenity": "school", "building": null, "capacity": null, "emergency": null, "leisure": null }, "geometry": { "type": "Polygon", "coordinates": [ [ [ 77.7659324, 12.9987324 ], [ 77.7658734, 12.9985076 ], [ 77.7651706, 12.9986331 ], [ 77.765294, 12.9990669 ], [ 77.7651009, 12.9991113 ], [ 77.7651706, 12.9995373 ], [ 77.7660879, 12.999323 ], [ 77.7659324, 12.9987324 ] ] ] } },
{ "type": "Feature", "properties": { "name": null, "amenity": "school", "building": null, "capacity": null, "emergency": null, "leisure": null }, "geometry": { "type": "Polygon", "coordinates": [ [ [ 77.7546322, 12.9974413 ], [ 77.7549165, 12.9975276 ], [ 77.7551687, 12.9984083 ], [ 77.7549487, 12.9984789 ], [ 77.7546322, 12.9974413 ] ] ] } },
{ "type": "Feature", "properties": { "name": "Divine Light Trust For The Blind", "amenity": "school", "building": null, "capacity": null, "emergency": null, "leisure": null }, "geometry": { "type": "Polygon", "coordinates": [ [ [ 77.7532327, 12.985372 ], [ 77.7550438, 12.9849228 ], [ 77.7546796, 12.9841462 ], [ 77.7541575, 12.9842977 ], [ 77.754069, 12.9840089 ], [ 77.753267, 12.984103 ], [ 77.7532308, 12.9838142 ], [ 77.7526554, 12.9838939 ], [ 77.752689, 12.9840168 ], [ 77.7529961, 12.9848165 ], [ 77.7532327, 12.985372 ] ] ] } },
{ "type": "Feature", "properties": { "name": "Panchasheela Polytechnic School", "amenity": "college", "building": null, "capacity": null, "emergency": null, "leisure": null }, "geometry": { "type": "Polygon", "coordinates": [ [ [ 77.5095144, 12.9111562 ], [ 77.509532, 12.9116073 ], [ 77.5098954, 12.9115145 ], [ 77.5096473, 12.9107119 ], [ 77.5094909, 12.9107596 ], [ 77.5095144, 12.9111562 ] ] ] } },
{ "type": "Feature", "properties": { "name": null, "amenity": "school", "building": null, "capacity": null, "emergency": null, "leisure": null }, "geometry": { "type": "Polygon", "coordinates": [ [ [ 77.7034946, 12.9718134 ], [ 77.7033766, 12.9716095 ], [ 77.70442, 12.9713233 ], [ 77.7053541, 12.9711308 ], [ 77.7054802, 12.971574 ], [ 77.704579, 12.9717603 ], [ 77.7038213, 12.9717971 ], [ 77.7034946, 12.9718134 ] ] ] } },
{ "type": "Feature", "properties": { "name": null, "amenity": "school", "building": null, "capacity": null, "emergency": null, "leisure": null }, "geometry": { "type": "Polygon", "coordinates": [ [ [ 77.5673725, 13.0510824 ], [ 77.567577, 13.0509905 ], [ 77.5674405, 13.0506179 ], [ 77.5671719, 13.0507326 ], [ 77.5673725, 13.0510824 ] ] ] } },
{ "type": "Feature", "properties": { "name": null, "amenity": "school", "building": null, "capacity": null, "emergency": null, "leisure": null }, "geometry": { "type": "Polygon", "coordinates": [ [ [ 77.5634538, 13.035466 ], [ 77.5635865, 13.0358471 ], [ 77.5639524, 13.0357909 ], [ 77.5638682, 13.0354477 ], [ 77.5637703, 13.0354523 ], [ 77.5636603, 13.035257 ], [ 77.5634538, 13.035466 ] ] ] } },
{ "type": "Feature", "properties": { "name": null, "amenity": "school", "building": null, "capacity": null, "emergency": null, "leisure": null }, "geometry": { "type": "Polygon", "coordinates": [ [ [ 77.5677413, 12.8604567 ], [ 77.5680363, 12.860917 ], [ 77.5690126, 12.8602698 ], [ 77.5687779, 12.8599547 ], [ 77.5677413, 12.8604567 ] ] ] } },
{ "type": "Feature", "properties": { "name": "RV Institute of Technology and Management", "amenity": "college", "building": null, "capacity": null, "emergency": null, "leisure": null }, "geometry": { "type": "Polygon", "coordinates": [ [ [ 77.5753812, 12.8723172 ], [ 77.5754996, 12.8730381 ], [ 77.5754808, 12.8734565 ], [ 77.5760414, 12.8732695 ], [ 77.576268, 12.8732251 ], [ 77.5761017, 12.8720942 ], [ 77.575682, 12.872268 ], [ 77.5753812, 12.8723172 ] ] ] } },
{ "type": "Feature", "properties": { "name": null, "amenity": "school", "building": null, "capacity": null, "emergency": null, "leisure": null }, "geometry": { "type": "Polygon", "coordinates": [ [ [ 77.5296363, 12.896415 ], [ 77.5294875, 12.8963919 ], [ 77.5287586, 12.8963153 ], [ 77.5287876, 12.8968905 ], [ 77.5292248, 12.8969271 ], [ 77.5292274, 12.8970473 ], [ 77.5298309, 12.8971232 ], [ 77.5299563, 12.8969134 ], [ 77.5296398, 12.8968406 ], [ 77.5296363, 12.896415 ] ] ] } },
{ "type": "Feature", "properties": { "name": null, "amenity": "school", "building": null, "capacity": null, "emergency": null, "leisure": null }, "geometry": { "type": "Polygon", "coordinates": [ [ [ 77.5244451, 12.9082883 ], [ 77.5248259, 12.9082138 ], [ 77.525151, 12.9082018 ], [ 77.525923, 12.908172 ], [ 77.5259095, 12.9075419 ], [ 77.5250727, 12.9076164 ], [ 77.5244035, 12.9076373 ], [ 77.5244451, 12.9082883 ] ] ] } },
{ "type": "Feature", "properties": { "name": null, "amenity": "school", "building": null, "capacity": null, "emergency": null, "leisure": null }, "geometry": { "type": "Polygon", "coordinates": [ [ [ 77.650368, 12.9692834 ], [ 77.6505364, 12.9699838 ], [ 77.6508656, 12.9699883 ], [ 77.6506365, 12.9692176 ], [ 77.650368, 12.9692834 ] ] ] } },
{ "type": "Feature", "properties": { "name": "Ganga International School", "amenity": "school", "building": null, "capacity": null, "emergency": null, "leisure": null }, "geometry": { "type": "Polygon", "coordinates": [ [ [ 77.4962591, 13.0283896 ], [ 77.4949729, 13.0285321 ], [ 77.4950749, 13.0290861 ], [ 77.4952814, 13.0290312 ], [ 77.4963945, 13.0287855 ], [ 77.4963161, 13.0284328 ], [ 77.4962591, 13.0283896 ] ] ] } },
{ "type": "Feature", "properties": { "name": null, "amenity": "school", "building": null, "capacity": null, "emergency": null, "leisure": null }, "geometry": { "type": "Polygon", "coordinates": [ [ [ 77.5476435, 12.9036516 ], [ 77.5468026, 12.9036241 ], [ 77.5468227, 12.9040019 ], [ 77.5475831, 12.904147 ], [ 77.5476435, 12.9036516 ] ] ] } },
{ "type": "Feature", "properties": { "name": "Deccan International School", "amenity": "school", "building": null, "capacity": null, "emergency": null, "leisure": null }, "geometry": { "type": "Polygon", "coordinates": [ [ [ 77.5546606, 12.9133375 ], [ 77.5549659, 12.9132217 ], [ 77.5549176, 12.913057 ], [ 77.556138, 12.9126413 ], [ 77.5559422, 12.9120138 ], [ 77.5548533, 12.9122021 ], [ 77.5548264, 12.9120557 ], [ 77.5546065, 12.9120949 ], [ 77.5544643, 12.9115223 ], [ 77.5542095, 12.9114361 ], [ 77.5538421, 12.9115093 ], [ 77.5529596, 12.911738 ], [ 77.5532359, 12.9124844 ], [ 77.554054, 12.9123511 ], [ 77.5543597, 12.9123249 ], [ 77.5545609, 12.9128531 ], [ 77.5530803, 12.9134178 ], [ 77.5533257, 12.913938 ], [ 77.5546977, 12.9134334 ], [ 77.5546606, 12.9133375 ] ] ] } },
{ "type": "Feature", "properties": { "name": null, "amenity": "school", "building": null, "capacity": null, "emergency": null, "leisure": null }, "geometry": { "type": "Polygon", "coordinates": [ [ [ 77.5701432, 12.8540697 ], [ 77.5705723, 12.8539677 ], [ 77.5706327, 12.8531414 ], [ 77.5706072, 12.8531034 ], [ 77.5700802, 12.853224 ], [ 77.5699501, 12.8532538 ], [ 77.5701432, 12.8540697 ] ] ] } },
{ "type": "Feature", "properties": { "name": null, "amenity": "school", "building": null, "capacity": null, "emergency": null, "leisure": null }, "geometry": { "type": "Polygon", "coordinates": [ [ [ 77.5355655, 12.9704059 ], [ 77.5364084, 12.9701343 ], [ 77.5363125, 12.9698518 ], [ 77.5354696, 12.9701234 ], [ 77.5355655, 12.9704059 ] ] ] } },
{ "type": "Feature", "properties": { "name": "Little Flower English high School", "amenity": "school", "building": null, "capacity": null, "emergency": null, "leisure": null }, "geometry": { "type": "Polygon", "coordinates": [ [ [ 77.6430017, 12.9648732 ], [ 77.6430477, 12.9653781 ], [ 77.6431661, 12.965373 ], [ 77.6431638, 12.9651824 ], [ 77.6435578, 12.9651418 ], [ 77.6434984, 12.9648187 ], [ 77.6430017, 12.9648732 ] ] ] } },
{ "type": "Feature", "properties": { "name": "Neev", "amenity": "school", "building": null, "capacity": null, "emergency": null, "leisure": null }, "geometry": { "type": "Polygon", "coordinates": [ [ [ 77.6475216, 12.9687665 ], [ 77.6475352, 12.9685308 ], [ 77.6471819, 12.9685115 ], [ 77.6471684, 12.9687472 ], [ 77.6475216, 12.9687665 ] ] ] } },
{ "type": "Feature", "properties": { "name": "Sindhi High School", "amenity": "school", "building": null, "capacity": null, "emergency": null, "leisure": null }, "geometry": { "type": "Polygon", "coordinates": [ [ [ 77.5808217, 12.9881907 ], [ 77.5811365, 12.9880783 ], [ 77.5814219, 12.9879764 ], [ 77.5813505, 12.987765 ], [ 77.5810772, 12.9878682 ], [ 77.5806387, 12.9878705 ], [ 77.5808217, 12.9881907 ] ] ] } },
{ "type": "Feature", "properties": { "name": "Vidya Mandir School", "amenity": "school", "building": "yes", "capacity": null, "emergency": null, "leisure": null }, "geometry": { "type": "Polygon", "coordinates": [ [ [ 77.5700788, 13.0022638 ], [ 77.5705045, 13.0022611 ], [ 77.5705026, 13.0019731 ], [ 77.5700769, 13.0019757 ], [ 77.5700788, 13.0022638 ] ] ] } },
{ "type": "Feature", "properties": { "name": null, "amenity": "school", "building": null, "capacity": null, "emergency": null, "leisure": null }, "geometry": { "type": "Polygon", "coordinates": [ [ [ 77.5396589, 12.9765326 ], [ 77.5400379, 12.9764905 ], [ 77.5399465, 12.9757091 ], [ 77.5395676, 12.9757511 ], [ 77.5396589, 12.9765326 ] ] ] } },
{ "type": "Feature", "properties": { "name": null, "amenity": "school", "building": null, "capacity": null, "emergency": null, "leisure": null }, "geometry": { "type": "Polygon", "coordinates": [ [ [ 77.4789025, 12.9942986 ], [ 77.4780254, 12.994607 ], [ 77.4783942, 12.9953466 ], [ 77.4791613, 12.9951846 ], [ 77.4789025, 12.9942986 ] ] ] } },
{ "type": "Feature", "properties": { "name": null, "amenity": "school", "building": null, "capacity": null, "emergency": null, "leisure": null }, "geometry": { "type": "Polygon", "coordinates": [ [ [ 77.4772556, 12.9927278 ], [ 77.4774823, 12.9927069 ], [ 77.4774621, 12.9925645 ], [ 77.4782829, 12.9924678 ], [ 77.478181, 12.9921398 ], [ 77.4771081, 12.9921894 ], [ 77.4772556, 12.9927278 ] ] ] } },
{ "type": "Feature", "properties": { "name": "KTSV PU College", "amenity": "college", "building": null, "capacity": null, "emergency": null, "leisure": null }, "geometry": { "type": "Polygon", "coordinates": [ [ [ 77.532601, 12.975125 ], [ 77.5329825, 12.9750283 ], [ 77.5329545, 12.9748421 ], [ 77.5325547, 12.9749486 ], [ 77.532601, 12.975125 ] ] ] } },
{ "type": "Feature", "properties": { "name": null, "amenity": "college", "building": null, "capacity": null, "emergency": null, "leisure": null }, "geometry": { "type": "Polygon", "coordinates": [ [ [ 77.5379104, 12.9705124 ], [ 77.5382256, 12.9704118 ], [ 77.5381914, 12.9700772 ], [ 77.5377984, 12.9702014 ], [ 77.5379104, 12.9705124 ] ] ] } },
{ "type": "Feature", "properties": { "name": null, "amenity": "college", "building": null, "capacity": null, "emergency": null, "leisure": null }, "geometry": { "type": "Polygon", "coordinates": [ [ [ 77.5479437, 13.0028808 ], [ 77.5478514, 13.0031686 ], [ 77.5478013, 13.0033104 ], [ 77.5483842, 13.0035047 ], [ 77.5484917, 13.003042 ], [ 77.5479437, 13.0028808 ] ] ] } },
{ "type": "Feature", "properties": { "name": "Deeksha", "amenity": "school", "building": null, "capacity": null, "emergency": null, "leisure": null }, "geometry": { "type": "Polygon", "coordinates": [ [ [ 77.5397611, 12.8658422 ], [ 77.5399482, 12.86696 ], [ 77.5395459, 12.8670279 ], [ 77.5396227, 12.8674219 ], [ 77.5393624, 12.8674402 ], [ 77.5393247, 12.8676243 ], [ 77.5400931, 12.867564 ], [ 77.5402862, 12.8676869 ], [ 77.5413307, 12.8675821 ], [ 77.5413135, 12.8674784 ], [ 77.5412746, 12.8672574 ], [ 77.5410131, 12.8672868 ], [ 77.5409192, 12.8667665 ], [ 77.5411558, 12.8667003 ], [ 77.5410882, 12.8664344 ], [ 77.5410318, 12.8662481 ], [ 77.5402703, 12.8663637 ], [ 77.5401523, 12.8657884 ], [ 77.5397611, 12.8658422 ] ] ] } },
{ "type": "Feature", "properties": { "name": "Sri Chitanya Techno School", "amenity": "school", "building": null, "capacity": null, "emergency": null, "leisure": null }, "geometry": { "type": "Polygon", "coordinates": [ [ [ 77.5520893, 13.0622721 ], [ 77.5528126, 13.0620748 ], [ 77.5527388, 13.0618264 ], [ 77.5526764, 13.0616346 ], [ 77.5519873, 13.0618235 ], [ 77.5520893, 13.0622721 ] ] ] } },
{ "type": "Feature", "properties": { "name": "Sri Chaitanya School", "amenity": "school", "building": null, "capacity": null, "emergency": null, "leisure": null }, "geometry": { "type": "Polygon", "coordinates": [ [ [ 77.6560765, 13.0256412 ], [ 77.6562354, 13.0261541 ], [ 77.6563534, 13.0261162 ], [ 77.6565962, 13.0267839 ], [ 77.6568529, 13.0267033 ], [ 77.6564708, 13.0255419 ], [ 77.6560765, 13.0256412 ] ] ] } },
{ "type": "Feature", "properties": { "name": "Sri Chaitanya PU College, Horamavu", "amenity": "college", "building": null, "capacity": null, "emergency": null, "leisure": null }, "geometry": { "type": "Polygon", "coordinates": [ [ [ 77.6565962, 13.0267839 ], [ 77.6568174, 13.0273679 ], [ 77.6572721, 13.0272346 ], [ 77.6571044, 13.0266245 ], [ 77.6568529, 13.0267033 ], [ 77.6565962, 13.0267839 ] ] ] } },
{ "type": "Feature", "properties": { "name": "GUHPS Ashok Nagar", "amenity": "school", "building": null, "capacity": null, "emergency": null, "leisure": null }, "geometry": { "type": "Polygon", "coordinates": [ [ [ 77.6103348, 12.9685318 ], [ 77.6099224, 12.9686514 ], [ 77.6100467, 12.9689148 ], [ 77.6103937, 12.9688076 ], [ 77.6103348, 12.9685318 ] ] ] } },
{ "type": "Feature", "properties": { "name": "Millenium World School", "amenity": "school", "building": null, "capacity": null, "emergency": null, "leisure": null }, "geometry": { "type": "Polygon", "coordinates": [ [ [ 77.620106, 13.1063659 ], [ 77.6207283, 13.1063215 ], [ 77.6204976, 13.1040553 ], [ 77.6200236, 13.1040841 ], [ 77.6200741, 13.1054828 ], [ 77.620106, 13.1063659 ] ] ] } },
{ "type": "Feature", "properties": { "name": "Mathru Center for the Dead and Differently-abled", "amenity": "school", "building": null, "capacity": null, "emergency": null, "leisure": null }, "geometry": { "type": "Polygon", "coordinates": [ [ [ 77.6288795, 13.1046536 ], [ 77.6292998, 13.104601 ], [ 77.629167, 13.1036837 ], [ 77.6287132, 13.1038803 ], [ 77.6288795, 13.1046536 ] ] ] } },
{ "type": "Feature", "properties": { "name": "Navkis Educational Centre, Kogilu", "amenity": "school", "building": null, "capacity": null, "emergency": null, "leisure": null }, "geometry": { "type": "Polygon", "coordinates": [ [ [ 77.6211736, 13.0983982 ], [ 77.6210931, 13.1002295 ], [ 77.6216349, 13.1002634 ], [ 77.6217046, 13.0984975 ], [ 77.6211736, 13.0983982 ] ] ] } },
{ "type": "Feature", "properties": { "name": "Wisdom Montfort International School", "amenity": "school", "building": null, "capacity": null, "emergency": null, "leisure": null }, "geometry": { "type": "Polygon", "coordinates": [ [ [ 77.6323219, 13.0941664 ], [ 77.632361, 13.0931942 ], [ 77.6301416, 13.094101 ], [ 77.6301992, 13.0944429 ], [ 77.6316664, 13.0938212 ], [ 77.631779, 13.0941556 ], [ 77.6323219, 13.0941664 ] ] ] } },
{ "type": "Feature", "properties": { "name": "Sri Chaitanya Techno School", "amenity": "school", "building": null, "capacity": null, "emergency": null, "leisure": null }, "geometry": { "type": "Polygon", "coordinates": [ [ [ 77.6284312, 13.0948772 ], [ 77.6280913, 13.095026 ], [ 77.6284575, 13.0958196 ], [ 77.6287974, 13.0956709 ], [ 77.6284312, 13.0948772 ] ] ] } },
{ "type": "Feature", "properties": { "name": "The Shri Ram Universal School", "amenity": "school", "building": null, "capacity": null, "emergency": null, "leisure": null }, "geometry": { "type": "Polygon", "coordinates": [ [ [ 77.6255758, 13.087928 ], [ 77.6254241, 13.0873216 ], [ 77.6243412, 13.0876648 ], [ 77.624183, 13.0876792 ], [ 77.6241327, 13.0874656 ], [ 77.6240811, 13.0874832 ], [ 77.6238719, 13.0879666 ], [ 77.6242366, 13.0881756 ], [ 77.625775, 13.0887235 ], [ 77.6255758, 13.087928 ] ] ] } },
{ "type": "Feature", "properties": { "name": "Karnataka Public School", "amenity": "school", "building": null, "capacity": null, "emergency": null, "leisure": null }, "geometry": { "type": "Polygon", "coordinates": [ [ [ 77.6312613, 13.0854872 ], [ 77.6305854, 13.0857211 ], [ 77.6307651, 13.0863977 ], [ 77.6309692, 13.0863316 ], [ 77.6313499, 13.0862083 ], [ 77.6315027, 13.0861639 ], [ 77.6312613, 13.0854872 ] ] ] } },
{ "type": "Feature", "properties": { "name": "Capitol Public School", "amenity": "school", "building": null, "capacity": null, "emergency": null, "leisure": null }, "geometry": { "type": "Polygon", "coordinates": [ [ [ 77.6321639, 13.0853671 ], [ 77.6324254, 13.0863494 ], [ 77.6327473, 13.0862161 ], [ 77.6326883, 13.085371 ], [ 77.6321639, 13.0853671 ] ] ] } },
{ "type": "Feature", "properties": { "name": null, "amenity": "college", "building": null, "capacity": null, "emergency": null, "leisure": null }, "geometry": { "type": "Polygon", "coordinates": [ [ [ 77.5456184, 12.886466 ], [ 77.545774, 12.8870073 ], [ 77.5468026, 12.886721 ], [ 77.5468132, 12.8865666 ], [ 77.5465974, 12.8864896 ], [ 77.5465277, 12.8862961 ], [ 77.5456184, 12.886466 ] ] ] } },
{ "type": "Feature", "properties": { "name": "Gulabi School", "amenity": "school", "building": null, "capacity": null, "emergency": null, "leisure": null }, "geometry": { "type": "Polygon", "coordinates": [ [ [ 77.5988911, 13.0011694 ], [ 77.5987972, 13.0013824 ], [ 77.598529, 13.0015778 ], [ 77.5986732, 13.001811 ], [ 77.5990138, 13.0015902 ], [ 77.5991674, 13.0012707 ], [ 77.5988911, 13.0011694 ] ] ] } },
{ "type": "Feature", "properties": { "name": null, "amenity": "college", "building": null, "capacity": null, "emergency": null, "leisure": null }, "geometry": { "type": "Polygon", "coordinates": [ [ [ 77.6002321, 13.003103 ], [ 77.6007459, 13.0028891 ], [ 77.600591, 13.0025846 ], [ 77.6000941, 13.0027832 ], [ 77.6002321, 13.003103 ] ] ] } },
{ "type": "Feature", "properties": { "name": "St. JG Margaret School", "amenity": "school", "building": null, "capacity": null, "emergency": null, "leisure": null }, "geometry": { "type": "Polygon", "coordinates": [ [ [ 77.5979214, 13.0063355 ], [ 77.5984041, 13.0060775 ], [ 77.5982305, 13.0057693 ], [ 77.5977479, 13.0060272 ], [ 77.5979214, 13.0063355 ] ] ] } },
{ "type": "Feature", "properties": { "name": null, "amenity": "school", "building": null, "capacity": null, "emergency": null, "leisure": null }, "geometry": { "type": "Polygon", "coordinates": [ [ [ 77.6363656, 12.902564 ], [ 77.6365162, 12.9037593 ], [ 77.6370335, 12.903679 ], [ 77.6370107, 12.9034777 ], [ 77.637586, 12.9034032 ], [ 77.6373567, 12.9024528 ], [ 77.6363656, 12.902564 ] ] ] } },
{ "type": "Feature", "properties": { "name": null, "amenity": "school", "building": null, "capacity": null, "emergency": null, "leisure": null }, "geometry": { "type": "Polygon", "coordinates": [ [ [ 77.5509629, 12.8850124 ], [ 77.5517853, 12.8849169 ], [ 77.5518779, 12.8845452 ], [ 77.550896, 12.8842337 ], [ 77.550838, 12.8842841 ], [ 77.5509629, 12.8850124 ] ] ] } },
{ "type": "Feature", "properties": { "name": "Hillside College of Nursing", "amenity": "college", "building": null, "capacity": null, "emergency": null, "leisure": null }, "geometry": { "type": "Polygon", "coordinates": [ [ [ 77.5466211, 12.8831817 ], [ 77.5461486, 12.8833081 ], [ 77.545951, 12.8830598 ], [ 77.5454724, 12.8832103 ], [ 77.5455465, 12.883597 ], [ 77.5464883, 12.8842758 ], [ 77.5467461, 12.884035 ], [ 77.5466118, 12.8835022 ], [ 77.5466211, 12.8831817 ] ] ] } },
{ "type": "Feature", "properties": { "name": "Siddaganga National School", "amenity": "school", "building": null, "capacity": null, "emergency": null, "leisure": null }, "geometry": { "type": "Polygon", "coordinates": [ [ [ 77.5468657, 12.8806744 ], [ 77.5468567, 12.8805574 ], [ 77.5468283, 12.8801883 ], [ 77.5466726, 12.8802168 ], [ 77.5461281, 12.8803528 ], [ 77.5463806, 12.881047 ], [ 77.5468866, 12.8809121 ], [ 77.5468657, 12.8806744 ] ] ] } },
{ "type": "Feature", "properties": { "name": null, "amenity": "school", "building": null, "capacity": null, "emergency": null, "leisure": null }, "geometry": { "type": "Polygon", "coordinates": [ [ [ 77.5221355, 12.8928781 ], [ 77.522188, 12.8936472 ], [ 77.522645, 12.8936487 ], [ 77.5225894, 12.8928962 ], [ 77.5221355, 12.8928781 ] ] ] } },
{ "type": "Feature", "properties": { "name": "Vidyashilp Banashankari", "amenity": "school", "building": null, "capacity": null, "emergency": null, "leisure": null }, "geometry": { "type": "Polygon", "coordinates": [ [ [ 77.5369689, 12.8883076 ], [ 77.536904, 12.8887651 ], [ 77.5369858, 12.8893024 ], [ 77.5376621, 12.8891925 ], [ 77.5376512, 12.8891293 ], [ 77.5377029, 12.889119 ], [ 77.53796, 12.8890676 ], [ 77.5381298, 12.8883182 ], [ 77.5369689, 12.8883076 ] ] ] } },
{ "type": "Feature", "properties": { "name": null, "amenity": "school", "building": null, "capacity": null, "emergency": null, "leisure": null }, "geometry": { "type": "Polygon", "coordinates": [ [ [ 77.5813226, 12.9376048 ], [ 77.5815183, 12.9376007 ], [ 77.5815021, 12.9368707 ], [ 77.5813065, 12.9368748 ], [ 77.5813226, 12.9376048 ] ] ] } },
{ "type": "Feature", "properties": { "name": "St. Joseph School", "amenity": "school", "building": null, "capacity": null, "emergency": null, "leisure": null }, "geometry": { "type": "Polygon", "coordinates": [ [ [ 77.6471266, 13.0620985 ], [ 77.6477717, 13.0621638 ], [ 77.6483341, 13.0621214 ], [ 77.6483349, 13.0619861 ], [ 77.6482008, 13.0618464 ], [ 77.6471186, 13.0618294 ], [ 77.6471266, 13.0620985 ] ] ] } },
{ "type": "Feature", "properties": { "name": "Government Lower Primary School, Geddalahalli", "amenity": "school", "building": null, "capacity": null, "emergency": null, "leisure": null }, "geometry": { "type": "Polygon", "coordinates": [ [ [ 77.6461597, 13.0493647 ], [ 77.6463018, 13.0501041 ], [ 77.6470716, 13.0497983 ], [ 77.6466867, 13.0494587 ], [ 77.6461597, 13.0493647 ] ] ] } },
{ "type": "Feature", "properties": { "name": "New Baldwin School", "amenity": "school", "building": null, "capacity": null, "emergency": null, "leisure": null }, "geometry": { "type": "Polygon", "coordinates": [ [ [ 77.6464257, 13.0524319 ], [ 77.6464621, 13.0528189 ], [ 77.6467404, 13.0528107 ], [ 77.6468252, 13.0528082 ], [ 77.6468088, 13.0524694 ], [ 77.6464257, 13.0524319 ] ] ] } },
{ "type": "Feature", "properties": { "name": "BBMP Girls' School", "amenity": "school", "building": null, "capacity": null, "emergency": null, "leisure": null }, "geometry": { "type": "Polygon", "coordinates": [ [ [ 77.6071578, 12.9819943 ], [ 77.6070786, 12.9817481 ], [ 77.6068513, 12.9818233 ], [ 77.6067895, 12.9816265 ], [ 77.6063731, 12.9817599 ], [ 77.6065106, 12.9822305 ], [ 77.6071578, 12.9819943 ] ] ] } },
{ "type": "Feature", "properties": { "name": "Traffic Training and Road Safety Institute", "amenity": "college", "building": null, "capacity": null, "emergency": null, "leisure": null }, "geometry": { "type": "Polygon", "coordinates": [ [ [ 77.635166, 13.0710364 ], [ 77.6351009, 13.0706265 ], [ 77.6359445, 13.070526 ], [ 77.636004, 13.0709431 ], [ 77.635166, 13.0710364 ] ] ] } },
{ "type": "Feature", "properties": { "name": null, "amenity": "school", "building": null, "capacity": null, "emergency": null, "leisure": null }, "geometry": { "type": "Polygon", "coordinates": [ [ [ 77.6281755, 13.0712667 ], [ 77.6280695, 13.071268 ], [ 77.6276149, 13.0713986 ], [ 77.6276739, 13.0715789 ], [ 77.6281822, 13.0714835 ], [ 77.6281755, 13.0712667 ] ] ] } },
{ "type": "Feature", "properties": { "name": null, "amenity": "school", "building": null, "capacity": null, "emergency": null, "leisure": null }, "geometry": { "type": "Polygon", "coordinates": [ [ [ 77.639489, 13.0706429 ], [ 77.6399302, 13.0705645 ], [ 77.6398987, 13.0703347 ], [ 77.6398786, 13.0701889 ], [ 77.6394998, 13.0702412 ], [ 77.6394957, 13.0703926 ], [ 77.639489, 13.0706429 ] ] ] } },
{ "type": "Feature", "properties": { "name": "Fiscal Policy Institute", "amenity": "college", "building": null, "capacity": null, "emergency": null, "leisure": null }, "geometry": { "type": "Polygon", "coordinates": [ [ [ 77.4654713, 12.8995076 ], [ 77.4659756, 12.8998553 ], [ 77.4679551, 12.8978108 ], [ 77.4675192, 12.8974424 ], [ 77.4654713, 12.8995076 ] ] ] } },
{ "type": "Feature", "properties": { "name": null, "amenity": "school", "building": null, "capacity": null, "emergency": null, "leisure": null }, "geometry": { "type": "Polygon", "coordinates": [ [ [ 77.5640465, 12.9992381 ], [ 77.5637528, 12.9992845 ], [ 77.5637897, 12.9995484 ], [ 77.5639238, 12.9995262 ], [ 77.5640465, 12.9992381 ] ] ] } },
{ "type": "Feature", "properties": { "name": "Nirmala Jyothi Technical Institute Salesian Sisters", "amenity": "college", "building": null, "capacity": null, "emergency": null, "leisure": null }, "geometry": { "type": "Polygon", "coordinates": [ [ [ 77.5908407, 12.8665256 ], [ 77.5911122, 12.8665213 ], [ 77.5911174, 12.8664777 ], [ 77.5917831, 12.8665001 ], [ 77.5918652, 12.8668248 ], [ 77.5919102, 12.8669763 ], [ 77.5919951, 12.8672385 ], [ 77.590583, 12.8673914 ], [ 77.5905699, 12.8665248 ], [ 77.5908407, 12.8665256 ] ] ] } },
{ "type": "Feature", "properties": { "name": null, "amenity": "school", "building": null, "capacity": null, "emergency": null, "leisure": null }, "geometry": { "type": "Polygon", "coordinates": [ [ [ 77.598407, 12.8538775 ], [ 77.5971705, 12.8538043 ], [ 77.5973918, 12.8545914 ], [ 77.5984807, 12.854424 ], [ 77.598407, 12.8538775 ] ] ] } },
{ "type": "Feature", "properties": { "name": "Saint Francis Xavier HPS Chikkana Halli", "amenity": "school", "building": null, "capacity": null, "emergency": null, "leisure": null }, "geometry": { "type": "Polygon", "coordinates": [ [ [ 77.6000069, 12.8500347 ], [ 77.6006681, 12.8499 ], [ 77.6006345, 12.8495339 ], [ 77.6001813, 12.849598 ], [ 77.6000042, 12.8497026 ], [ 77.6000069, 12.8500347 ] ] ] } },
{ "type": "Feature", "properties": { "name": null, "amenity": "school", "building": null, "capacity": null, "emergency": null, "leisure": null }, "geometry": { "type": "Polygon", "coordinates": [ [ [ 77.5988093, 12.848671 ], [ 77.5993551, 12.8485964 ], [ 77.5999036, 12.8486069 ], [ 77.599846, 12.8480329 ], [ 77.5986779, 12.8482016 ], [ 77.5988093, 12.848671 ] ] ] } },
{ "type": "Feature", "properties": { "name": "Sri Ramakrishna Samagra Shikshana Kendra", "amenity": "school", "building": null, "capacity": null, "emergency": null, "leisure": null }, "geometry": { "type": "Polygon", "coordinates": [ [ [ 77.5849892, 12.8623185 ], [ 77.5850563, 12.8623643 ], [ 77.5851166, 12.8626153 ], [ 77.5851327, 12.863388 ], [ 77.5852413, 12.863758 ], [ 77.5852896, 12.8639162 ], [ 77.5855096, 12.8643451 ], [ 77.585586, 12.8647439 ], [ 77.5850496, 12.8645752 ], [ 77.5843146, 12.8640104 ], [ 77.5837406, 12.8641987 ], [ 77.5842503, 12.8662853 ], [ 77.5858355, 12.8658369 ], [ 77.5861123, 12.8670442 ], [ 77.5872731, 12.8667142 ], [ 77.5873804, 12.8670541 ], [ 77.5878257, 12.8668972 ], [ 77.5879839, 12.8668214 ], [ 77.589156, 12.8661101 ], [ 77.5892561, 12.8660398 ], [ 77.5888511, 12.8660464 ], [ 77.5885461, 12.8663117 ], [ 77.5884727, 12.8663262 ], [ 77.5876701, 12.8665573 ], [ 77.587477, 12.8656813 ], [ 77.5872248, 12.8657493 ], [ 77.5869191, 12.864617 ], [ 77.5868145, 12.8641333 ], [ 77.5876339, 12.8638313 ], [ 77.5873723, 12.862831 ], [ 77.5869137, 12.8619838 ], [ 77.5865865, 12.8622506 ], [ 77.5856316, 12.8625042 ], [ 77.5852025, 12.8625487 ], [ 77.5851341, 12.8622702 ], [ 77.5850549, 12.8621852 ], [ 77.5849892, 12.8623185 ] ] ] } },
{ "type": "Feature", "properties": { "name": null, "amenity": "school", "building": null, "capacity": null, "emergency": null, "leisure": null }, "geometry": { "type": "Polygon", "coordinates": [ [ [ 77.5911663, 12.8621501 ], [ 77.5917296, 12.8620152 ], [ 77.5916491, 12.861572 ], [ 77.5911179, 12.8616664 ], [ 77.5911663, 12.8621501 ] ] ] } },
{ "type": "Feature", "properties": { "name": null, "amenity": "college", "building": null, "capacity": null, "emergency": null, "leisure": null }, "geometry": { "type": "Polygon", "coordinates": [ [ [ 77.5890957, 12.8572129 ], [ 77.5899379, 12.8571083 ], [ 77.5898132, 12.8565238 ], [ 77.5891131, 12.8566454 ], [ 77.5890957, 12.8572129 ] ] ] } },
{ "type": "Feature", "properties": { "name": null, "amenity": "school", "building": null, "capacity": null, "emergency": null, "leisure": null }, "geometry": { "type": "Polygon", "coordinates": [ [ [ 77.5965093, 12.8662526 ], [ 77.5970793, 12.8661768 ], [ 77.5979832, 12.8661127 ], [ 77.5980221, 12.8660173 ], [ 77.5975151, 12.8660696 ], [ 77.5974937, 12.8659297 ], [ 77.597322, 12.865948 ], [ 77.5972992, 12.8658578 ], [ 77.5963202, 12.8659833 ], [ 77.5964624, 12.8661337 ], [ 77.5965093, 12.8662526 ] ] ] } },
{ "type": "Feature", "properties": { "name": "Sri Chaitanya Techno School", "amenity": "school", "building": null, "capacity": null, "emergency": null, "leisure": null }, "geometry": { "type": "Polygon", "coordinates": [ [ [ 77.577196, 12.8641169 ], [ 77.5787826, 12.8640633 ], [ 77.5787665, 12.863611 ], [ 77.57718, 12.8636646 ], [ 77.577196, 12.8641169 ] ] ] } },
{ "type": "Feature", "properties": { "name": null, "amenity": "school", "building": null, "capacity": null, "emergency": null, "leisure": null }, "geometry": { "type": "Polygon", "coordinates": [ [ [ 77.5907276, 13.0552242 ], [ 77.5905717, 13.054479 ], [ 77.5902792, 13.0545245 ], [ 77.590473, 13.0553188 ], [ 77.5907352, 13.0552492 ], [ 77.5907276, 13.0552242 ] ] ] } },
{ "type": "Feature", "properties": { "name": "Indira Priyadarshini College of Law", "amenity": "college", "building": null, "capacity": null, "emergency": null, "leisure": null }, "geometry": { "type": "Polygon", "coordinates": [ [ [ 77.5675032, 13.1056482 ], [ 77.5675639, 13.1058843 ], [ 77.5678586, 13.1058187 ], [ 77.5677882, 13.1055111 ], [ 77.5676072, 13.1056188 ], [ 77.5675032, 13.1056482 ] ] ] } },
{ "type": "Feature", "properties": { "name": "Govt. First Grade College", "amenity": "college", "building": null, "capacity": null, "emergency": null, "leisure": null }, "geometry": { "type": "Polygon", "coordinates": [ [ [ 77.5185053, 13.0452283 ], [ 77.5189573, 13.0464865 ], [ 77.5198692, 13.0460083 ], [ 77.5195876, 13.0454282 ], [ 77.5195178, 13.0454583 ], [ 77.5194146, 13.0450559 ], [ 77.5185053, 13.0452283 ] ] ] } },
{ "type": "Feature", "properties": { "name": null, "amenity": "school", "building": null, "capacity": null, "emergency": null, "leisure": null }, "geometry": { "type": "Polygon", "coordinates": [ [ [ 77.4774232, 12.9535831 ], [ 77.4770008, 12.9536876 ], [ 77.4770223, 12.9540261 ], [ 77.4775681, 12.9540157 ], [ 77.4774232, 12.9535831 ] ] ] } },
{ "type": "Feature", "properties": { "name": "Janani Vidya Mandira", "amenity": "school", "building": null, "capacity": null, "emergency": null, "leisure": null }, "geometry": { "type": "Polygon", "coordinates": [ [ [ 77.4833912, 12.9513716 ], [ 77.4836165, 12.9513638 ], [ 77.4836012, 12.9509473 ], [ 77.4838726, 12.9509378 ], [ 77.4837224, 12.9500673 ], [ 77.4833469, 12.9500934 ], [ 77.4833912, 12.9513716 ] ] ] } },
{ "type": "Feature", "properties": { "name": "Government School", "amenity": "school", "building": null, "capacity": null, "emergency": null, "leisure": null }, "geometry": { "type": "Polygon", "coordinates": [ [ [ 77.7529399, 12.9701163 ], [ 77.7528808, 12.9696987 ], [ 77.7536485, 12.9694859 ], [ 77.7537513, 12.9700212 ], [ 77.7529399, 12.9701163 ] ] ] } },
{ "type": "Feature", "properties": { "name": null, "amenity": "school", "building": null, "capacity": null, "emergency": null, "leisure": null }, "geometry": { "type": "Polygon", "coordinates": [ [ [ 77.7542522, 12.9679158 ], [ 77.7546837, 12.967873 ], [ 77.7546757, 12.9676316 ], [ 77.754207, 12.9676796 ], [ 77.7542522, 12.9679158 ] ] ] } },
{ "type": "Feature", "properties": { "name": null, "amenity": "school", "building": null, "capacity": null, "emergency": null, "leisure": null }, "geometry": { "type": "Polygon", "coordinates": [ [ [ 77.759985, 12.9663001 ], [ 77.7603483, 12.9662175 ], [ 77.7603806, 12.9657199 ], [ 77.7603382, 12.9654445 ], [ 77.7602591, 12.9650175 ], [ 77.7602675, 12.965 ], [ 77.7596842, 12.9650865 ], [ 77.7597993, 12.9656648 ], [ 77.759935, 12.9663083 ], [ 77.759985, 12.9663001 ] ] ] } },
{ "type": "Feature", "properties": { "name": "Frank Public School", "amenity": "school", "building": null, "capacity": null, "emergency": null, "leisure": null }, "geometry": { "type": "Polygon", "coordinates": [ [ [ 77.5795826, 12.9054987 ], [ 77.5803108, 12.9054804 ], [ 77.580298, 12.9050196 ], [ 77.579539, 12.9052281 ], [ 77.5795826, 12.9054987 ] ] ] } },
{ "type": "Feature", "properties": { "name": "Orchids the International School", "amenity": "school", "building": null, "capacity": null, "emergency": null, "leisure": null }, "geometry": { "type": "Polygon", "coordinates": [ [ [ 77.6653302, 12.900182 ], [ 77.6652802, 12.8998603 ], [ 77.6655803, 12.8998094 ], [ 77.6659515, 12.8996555 ], [ 77.6660927, 12.8995732 ], [ 77.6662545, 12.8995179 ], [ 77.6664628, 12.8994811 ], [ 77.6666791, 12.9003576 ], [ 77.6664519, 12.900397 ], [ 77.666291, 12.9000623 ], [ 77.6653302, 12.900182 ] ] ] } },
{ "type": "Feature", "properties": { "name": "St. Paul PU College", "amenity": "college", "building": null, "capacity": null, "emergency": null, "leisure": null }, "geometry": { "type": "Polygon", "coordinates": [ [ [ 77.6344961, 13.0172331 ], [ 77.6354, 13.0171528 ], [ 77.6353081, 13.0168536 ], [ 77.6344606, 13.0170385 ], [ 77.6344961, 13.0172331 ] ] ] } },
{ "type": "Feature", "properties": { "name": null, "amenity": "college", "building": null, "capacity": null, "emergency": null, "leisure": null }, "geometry": { "type": "Polygon", "coordinates": [ [ [ 77.632813, 13.0273313 ], [ 77.6330906, 13.0272333 ], [ 77.6328794, 13.0266499 ], [ 77.6326049, 13.0267416 ], [ 77.632813, 13.0273313 ] ] ] } },
{ "type": "Feature", "properties": { "name": "Maulana Azad Model School", "amenity": "school", "building": null, "capacity": null, "emergency": null, "leisure": null }, "geometry": { "type": "Polygon", "coordinates": [ [ [ 77.6011692, 12.9831275 ], [ 77.6014245, 12.9830575 ], [ 77.6013642, 12.9828488 ], [ 77.601107, 12.9829292 ], [ 77.6011692, 12.9831275 ] ] ] } },
{ "type": "Feature", "properties": { "name": "Seventh Day Adventist Higher Secondary School", "amenity": "school", "building": null, "capacity": null, "emergency": null, "leisure": null }, "geometry": { "type": "Polygon", "coordinates": [ [ [ 77.611463, 12.9953639 ], [ 77.611584, 12.9955742 ], [ 77.6114748, 12.9956339 ], [ 77.6116112, 12.9958708 ], [ 77.6116969, 12.9960182 ], [ 77.612021, 12.9958503 ], [ 77.6117615, 12.9954195 ], [ 77.6116015, 12.9955069 ], [ 77.6115057, 12.9953405 ], [ 77.611463, 12.9953639 ] ] ] } },
{ "type": "Feature", "properties": { "name": "Goodwill College for Women", "amenity": "college", "building": null, "capacity": null, "emergency": null, "leisure": null }, "geometry": { "type": "Polygon", "coordinates": [ [ [ 77.609977, 12.9946316 ], [ 77.6093996, 12.9949968 ], [ 77.6097343, 12.9954993 ], [ 77.6103117, 12.9951341 ], [ 77.609977, 12.9946316 ] ] ] } },
{ "type": "Feature", "properties": { "name": "Vibgyor School", "amenity": "school", "building": null, "capacity": null, "emergency": null, "leisure": null }, "geometry": { "type": "Polygon", "coordinates": [ [ [ 77.6567423, 12.8989912 ], [ 77.6569797, 12.9001795 ], [ 77.657724, 12.900058 ], [ 77.6574732, 12.8986108 ], [ 77.6569918, 12.8988226 ], [ 77.6569489, 12.8989363 ], [ 77.6567423, 12.8989912 ] ] ] } },
{ "type": "Feature", "properties": { "name": "St. Mary's Global Academy", "amenity": "college", "building": null, "capacity": null, "emergency": null, "leisure": null }, "geometry": { "type": "Polygon", "coordinates": [ [ [ 77.4945062, 12.90413 ], [ 77.4943829, 12.9044124 ], [ 77.4939752, 12.9045117 ], [ 77.4941307, 12.9056438 ], [ 77.4945277, 12.9057144 ], [ 77.4948739, 12.9056974 ], [ 77.4957087, 12.9055896 ], [ 77.495445, 12.9045483 ], [ 77.4945062, 12.90413 ] ] ] } },
{ "type": "Feature", "properties": { "name": null, "amenity": "school", "building": null, "capacity": null, "emergency": null, "leisure": null }, "geometry": { "type": "Polygon", "coordinates": [ [ [ 77.6302611, 12.9722537 ], [ 77.630399, 12.9725426 ], [ 77.6306993, 12.9724067 ], [ 77.6306119, 12.9721546 ], [ 77.6302611, 12.9722537 ] ] ] } },
{ "type": "Feature", "properties": { "name": "Patel Public School", "amenity": "school", "building": null, "capacity": null, "emergency": null, "leisure": null }, "geometry": { "type": "Polygon", "coordinates": [ [ [ 77.6849384, 12.9362905 ], [ 77.6847844, 12.9362753 ], [ 77.684747, 12.9367786 ], [ 77.6848965, 12.9367929 ], [ 77.684885, 12.9369495 ], [ 77.6847954, 12.9375128 ], [ 77.6852105, 12.9375503 ], [ 77.6853351, 12.9370103 ], [ 77.6853991, 12.936733 ], [ 77.6849055, 12.9366846 ], [ 77.6849384, 12.9362905 ] ] ] } },
{ "type": "Feature", "properties": { "name": null, "amenity": "school", "building": null, "capacity": null, "emergency": null, "leisure": null }, "geometry": { "type": "Polygon", "coordinates": [ [ [ 77.4880676, 12.9011495 ], [ 77.4888816, 12.9011064 ], [ 77.4888937, 12.9003586 ], [ 77.4879885, 12.9004541 ], [ 77.4880676, 12.9011495 ] ] ] } },
{ "type": "Feature", "properties": { "name": "Maruthi Vidyalaya", "amenity": "school", "building": null, "capacity": null, "emergency": null, "leisure": null }, "geometry": { "type": "Polygon", "coordinates": [ [ [ 77.6444716, 13.008554 ], [ 77.6442674, 13.0086248 ], [ 77.6444377, 13.0089463 ], [ 77.6446432, 13.0088395 ], [ 77.6444716, 13.008554 ] ] ] } },
{ "type": "Feature", "properties": { "name": "New Shores International College", "amenity": "college", "building": null, "capacity": null, "emergency": null, "leisure": null }, "geometry": { "type": "Polygon", "coordinates": [ [ [ 77.6528834, 13.0095279 ], [ 77.6520934, 13.0097982 ], [ 77.6528294, 13.0100356 ], [ 77.6528834, 13.0095279 ] ] ] } },
{ "type": "Feature", "properties": { "name": "New Baldwins School", "amenity": "school", "building": null, "capacity": null, "emergency": null, "leisure": null }, "geometry": { "type": "Polygon", "coordinates": [ [ [ 77.6571205, 13.0154888 ], [ 77.6580486, 13.0151386 ], [ 77.6579983, 13.0148256 ], [ 77.6578896, 13.0148603 ], [ 77.6578394, 13.0146159 ], [ 77.6573152, 13.0147744 ], [ 77.6571111, 13.0148361 ], [ 77.6571842, 13.015083 ], [ 77.6570065, 13.0151328 ], [ 77.6571205, 13.0154888 ] ] ] } },
{ "type": "Feature", "properties": { "name": "Ekya School", "amenity": "school", "building": null, "capacity": null, "emergency": null, "leisure": null }, "geometry": { "type": "Polygon", "coordinates": [ [ [ 77.6321418, 13.0225263 ], [ 77.6321465, 13.022751 ], [ 77.632245, 13.0228836 ], [ 77.6323517, 13.0232874 ], [ 77.6324663, 13.0232835 ], [ 77.6323637, 13.0225165 ], [ 77.6321418, 13.0225263 ] ] ] } },
{ "type": "Feature", "properties": { "name": "The Princeton School", "amenity": "school", "building": null, "capacity": null, "emergency": null, "leisure": null }, "geometry": { "type": "Polygon", "coordinates": [ [ [ 77.638333, 13.0248972 ], [ 77.6387018, 13.0248475 ], [ 77.638673, 13.0241354 ], [ 77.6382753, 13.0241838 ], [ 77.638333, 13.0248972 ] ] ] } },
{ "type": "Feature", "properties": { "name": "Narayana e-Techno School", "amenity": "school", "building": null, "capacity": null, "emergency": null, "leisure": null }, "geometry": { "type": "Polygon", "coordinates": [ [ [ 77.6426969, 13.0267714 ], [ 77.6434514, 13.0267221 ], [ 77.6435653, 13.0267146 ], [ 77.6435693, 13.0264311 ], [ 77.6426849, 13.0265049 ], [ 77.6426969, 13.0267714 ] ] ] } },
{ "type": "Feature", "properties": { "name": "Corporation HPS Ulsoor", "amenity": "school", "building": null, "capacity": null, "emergency": null, "leisure": null }, "geometry": { "type": "Polygon", "coordinates": [ [ [ 77.6302649, 12.9726929 ], [ 77.6303856, 12.9730837 ], [ 77.6309355, 12.9729595 ], [ 77.6308617, 12.9724459 ], [ 77.6302649, 12.9726929 ] ] ] } },
{ "type": "Feature", "properties": { "name": null, "amenity": "school", "building": null, "capacity": null, "emergency": null, "leisure": null }, "geometry": { "type": "Polygon", "coordinates": [ [ [ 77.6619894, 13.0084119 ], [ 77.6614724, 13.0085432 ], [ 77.6616588, 13.0090946 ], [ 77.6618922, 13.0090253 ], [ 77.6618224, 13.008815 ], [ 77.6621, 13.0087222 ], [ 77.6619894, 13.0084119 ] ] ] } },
{ "type": "Feature", "properties": { "name": "St. George College of Management, Science & Nursing", "amenity": "school", "building": null, "capacity": null, "emergency": null, "leisure": null }, "geometry": { "type": "Polygon", "coordinates": [ [ [ 77.6508657, 13.0088006 ], [ 77.6512332, 13.0086198 ], [ 77.6510845, 13.0083328 ], [ 77.6507169, 13.0085136 ], [ 77.6508657, 13.0088006 ] ] ] } },
{ "type": "Feature", "properties": { "name": null, "amenity": "school", "building": null, "capacity": null, "emergency": null, "leisure": null }, "geometry": { "type": "Polygon", "coordinates": [ [ [ 77.6329592, 13.0339458 ], [ 77.6324851, 13.0341301 ], [ 77.6327057, 13.0343652 ], [ 77.6330692, 13.0342254 ], [ 77.6329592, 13.0339458 ] ] ] } },
{ "type": "Feature", "properties": { "name": "HMR International School", "amenity": "school", "building": null, "capacity": null, "emergency": null, "leisure": null }, "geometry": { "type": "Polygon", "coordinates": [ [ [ 77.6340213, 13.0330312 ], [ 77.6340884, 13.0333507 ], [ 77.6346979, 13.0332129 ], [ 77.6346336, 13.0328555 ], [ 77.6344384, 13.0328869 ], [ 77.6343814, 13.0326334 ], [ 77.6342507, 13.0326739 ], [ 77.6342802, 13.0329894 ], [ 77.6340213, 13.0330312 ] ] ] } },
{ "type": "Feature", "properties": { "name": "Heritage International School", "amenity": "school", "building": null, "capacity": null, "emergency": null, "leisure": null }, "geometry": { "type": "Polygon", "coordinates": [ [ [ 77.6306585, 13.032523 ], [ 77.6303367, 13.0331906 ], [ 77.6308396, 13.0330156 ], [ 77.6309904, 13.0328065 ], [ 77.6306585, 13.032523 ] ] ] } },
{ "type": "Feature", "properties": { "name": "Indian Academy PUC", "amenity": "college", "building": null, "capacity": null, "emergency": null, "leisure": null }, "geometry": { "type": "Polygon", "coordinates": [ [ [ 77.6346195, 13.0321447 ], [ 77.6346919, 13.032455 ], [ 77.634948, 13.0324008 ], [ 77.6348951, 13.0320912 ], [ 77.6346195, 13.0321447 ] ] ] } },
{ "type": "Feature", "properties": { "name": "Rajamahal High School", "amenity": "school", "building": null, "capacity": null, "emergency": null, "leisure": null }, "geometry": { "type": "Polygon", "coordinates": [ [ [ 77.5726742, 13.0379915 ], [ 77.5726986, 13.0382955 ], [ 77.572932, 13.0382777 ], [ 77.5729076, 13.0379737 ], [ 77.5726742, 13.0379915 ] ] ] } },
{ "type": "Feature", "properties": { "name": "Akal Public School", "amenity": "school", "building": null, "capacity": null, "emergency": null, "leisure": null }, "geometry": { "type": "Polygon", "coordinates": [ [ [ 77.5732321, 13.0394366 ], [ 77.5730259, 13.0394555 ], [ 77.573094, 13.0400712 ], [ 77.5732985, 13.040015 ], [ 77.5732321, 13.0394366 ] ] ] } },
{ "type": "Feature", "properties": { "name": "SYA PU College", "amenity": "college", "building": null, "capacity": null, "emergency": null, "leisure": null }, "geometry": { "type": "Polygon", "coordinates": [ [ [ 77.5755975, 13.0387264 ], [ 77.5753857, 13.0386942 ], [ 77.5753499, 13.03892 ], [ 77.5755599, 13.0389549 ], [ 77.5755975, 13.0387264 ] ] ] } },
{ "type": "Feature", "properties": { "name": "SM PU and Degree College", "amenity": "college", "building": null, "capacity": null, "emergency": null, "leisure": null }, "geometry": { "type": "Polygon", "coordinates": [ [ [ 77.5762676, 13.0387555 ], [ 77.5762713, 13.0383988 ], [ 77.576038, 13.0383966 ], [ 77.5759059, 13.0386997 ], [ 77.5762676, 13.0387555 ] ] ] } },
{ "type": "Feature", "properties": { "name": null, "amenity": "school", "building": null, "capacity": null, "emergency": null, "leisure": null }, "geometry": { "type": "Polygon", "coordinates": [ [ [ 77.5773691, 13.0348271 ], [ 77.5770342, 13.0348174 ], [ 77.5770298, 13.0349636 ], [ 77.5773646, 13.0349733 ], [ 77.5773691, 13.0348271 ] ] ] } },
{ "type": "Feature", "properties": { "name": "Vidya Prakash High School", "amenity": "school", "building": null, "capacity": null, "emergency": null, "leisure": null }, "geometry": { "type": "Polygon", "coordinates": [ [ [ 77.5948953, 13.0828459 ], [ 77.5950247, 13.0833737 ], [ 77.5956389, 13.0832607 ], [ 77.5955998, 13.0830646 ], [ 77.5953727, 13.0830726 ], [ 77.5951112, 13.0830843 ], [ 77.5950817, 13.0828466 ], [ 77.5948953, 13.0828459 ] ] ] } },
{ "type": "Feature", "properties": { "name": "Orchids The International School", "amenity": "school", "building": null, "capacity": null, "emergency": null, "leisure": null }, "geometry": { "type": "Polygon", "coordinates": [ [ [ 77.5551892, 12.9955661 ], [ 77.5550836, 12.9958807 ], [ 77.5554205, 12.995885 ], [ 77.5554373, 12.9960137 ], [ 77.5557612, 12.9959993 ], [ 77.5557739, 12.9957334 ], [ 77.5551892, 12.9955661 ] ] ] } },
{ "type": "Feature", "properties": { "name": "KNE Public School", "amenity": "school", "building": null, "capacity": null, "emergency": null, "leisure": null }, "geometry": { "type": "Polygon", "coordinates": [ [ [ 77.5564693, 13.0588952 ], [ 77.5564988, 13.0594942 ], [ 77.5568227, 13.0594739 ], [ 77.5567268, 13.0588311 ], [ 77.5567127, 13.0586463 ], [ 77.556649, 13.0586424 ], [ 77.5566564, 13.0588808 ], [ 77.5564693, 13.0588952 ] ] ] } },
{ "type": "Feature", "properties": { "name": "Narayana e-Techno School", "amenity": "school", "building": null, "capacity": null, "emergency": null, "leisure": null }, "geometry": { "type": "Polygon", "coordinates": [ [ [ 77.5167914, 13.0589056 ], [ 77.5165111, 13.0590872 ], [ 77.5168115, 13.0597953 ], [ 77.5171293, 13.0596673 ], [ 77.5167914, 13.0589056 ] ] ] } },
{ "type": "Feature", "properties": { "name": "Holy Faith Public School", "amenity": "school", "building": null, "capacity": null, "emergency": null, "leisure": null }, "geometry": { "type": "Polygon", "coordinates": [ [ [ 77.5571928, 13.0888665 ], [ 77.5574491, 13.0888123 ], [ 77.5574098, 13.088636 ], [ 77.5572819, 13.088663 ], [ 77.5573007, 13.0887474 ], [ 77.5571724, 13.0887746 ], [ 77.5571928, 13.0888665 ] ] ] } },
{ "type": "Feature", "properties": { "name": "Sri Chaitanya Techno School", "amenity": "school", "building": null, "capacity": null, "emergency": null, "leisure": null }, "geometry": { "type": "Polygon", "coordinates": [ [ [ 77.496884, 13.0396051 ], [ 77.4969873, 13.040453 ], [ 77.4975626, 13.0403903 ], [ 77.4973977, 13.0395163 ], [ 77.496884, 13.0396051 ] ] ] } },
{ "type": "Feature", "properties": { "name": null, "amenity": "school", "building": null, "capacity": null, "emergency": null, "leisure": null }, "geometry": { "type": "Polygon", "coordinates": [ [ [ 77.4978389, 13.0273143 ], [ 77.4979073, 13.027918 ], [ 77.4985255, 13.0278474 ], [ 77.4984021, 13.0272673 ], [ 77.4978389, 13.0273143 ] ] ] } },
{ "type": "Feature", "properties": { "name": "Sri Chaitanya Techno School", "amenity": "school", "building": null, "capacity": null, "emergency": null, "leisure": null }, "geometry": { "type": "Polygon", "coordinates": [ [ [ 77.7358321, 12.9381771 ], [ 77.7348456, 12.9382047 ], [ 77.7348373, 12.9382589 ], [ 77.7352231, 12.9383187 ], [ 77.7360935, 12.9387393 ], [ 77.7366083, 12.9386767 ], [ 77.7375922, 12.9385343 ], [ 77.7374554, 12.9382701 ], [ 77.7372009, 12.9374207 ], [ 77.7368174, 12.9373583 ], [ 77.7369592, 12.9385289 ], [ 77.7360713, 12.9386543 ], [ 77.735897, 12.9385524 ], [ 77.7358321, 12.9381771 ] ] ] } },
{ "type": "Feature", "properties": { "name": "Sri Chaitanya Future Pathways Global School Varthur", "amenity": "school", "building": null, "capacity": null, "emergency": null, "leisure": null }, "geometry": { "type": "Polygon", "coordinates": [ [ [ 77.7358321, 12.9381771 ], [ 77.735897, 12.9385524 ], [ 77.7360713, 12.9386543 ], [ 77.7369592, 12.9385289 ], [ 77.7368174, 12.9373583 ], [ 77.7366775, 12.9373316 ], [ 77.7360256, 12.9372895 ], [ 77.7356663, 12.9373473 ], [ 77.7358165, 12.9380871 ], [ 77.7348482, 12.9381351 ], [ 77.7348456, 12.9382047 ], [ 77.7358321, 12.9381771 ] ] ] } },
{ "type": "Feature", "properties": { "name": "Shams Public School", "amenity": "school", "building": null, "capacity": null, "emergency": null, "leisure": null }, "geometry": { "type": "Polygon", "coordinates": [ [ [ 77.6329021, 13.1008332 ], [ 77.6330826, 13.101682 ], [ 77.6335224, 13.1015905 ], [ 77.6335707, 13.101776 ], [ 77.6335347, 13.1018625 ], [ 77.6336794, 13.1018296 ], [ 77.6333883, 13.1005325 ], [ 77.6329021, 13.1008332 ] ] ] } },
{ "type": "Feature", "properties": { "name": null, "amenity": "school", "building": null, "capacity": null, "emergency": null, "leisure": null }, "geometry": { "type": "Polygon", "coordinates": [ [ [ 77.4992135, 13.0281061 ], [ 77.4994187, 13.0280604 ], [ 77.4993237, 13.0276583 ], [ 77.4992202, 13.0272203 ], [ 77.4989815, 13.0272372 ], [ 77.4991085, 13.0277128 ], [ 77.4992135, 13.0281061 ] ] ] } },
{ "type": "Feature", "properties": { "name": null, "amenity": "school", "building": null, "capacity": null, "emergency": null, "leisure": null }, "geometry": { "type": "Polygon", "coordinates": [ [ [ 77.4997124, 13.0271118 ], [ 77.4998413, 13.0270826 ], [ 77.5000638, 13.0270321 ], [ 77.5000158, 13.0267519 ], [ 77.49999, 13.0266009 ], [ 77.4995823, 13.0266623 ], [ 77.4997124, 13.0271118 ] ] ] } },
{ "type": "Feature", "properties": { "name": null, "amenity": "school", "building": null, "capacity": null, "emergency": null, "leisure": null }, "geometry": { "type": "Polygon", "coordinates": [ [ [ 77.4953458, 13.0249559 ], [ 77.4932649, 13.0249965 ], [ 77.4932705, 13.0252726 ], [ 77.495457, 13.0252298 ], [ 77.4953458, 13.0249559 ] ] ] } },
{ "type": "Feature", "properties": { "name": null, "amenity": "school", "building": null, "capacity": null, "emergency": null, "leisure": null }, "geometry": { "type": "Polygon", "coordinates": [ [ [ 77.5684695, 12.889201 ], [ 77.5682268, 12.8891094 ], [ 77.5680712, 12.8891225 ], [ 77.5681396, 12.8902167 ], [ 77.5685298, 12.8901762 ], [ 77.5684695, 12.889201 ] ] ] } },
{ "type": "Feature", "properties": { "name": null, "amenity": "school", "building": null, "capacity": null, "emergency": null, "leisure": null }, "geometry": { "type": "Polygon", "coordinates": [ [ [ 77.4893437, 13.0283923 ], [ 77.4883747, 13.0285713 ], [ 77.4887864, 13.029448 ], [ 77.4890781, 13.0293885 ], [ 77.4890225, 13.029137 ], [ 77.4895167, 13.0290093 ], [ 77.4893437, 13.0283923 ] ] ] } },
{ "type": "Feature", "properties": { "name": null, "amenity": "school", "building": null, "capacity": null, "emergency": null, "leisure": null }, "geometry": { "type": "Polygon", "coordinates": [ [ [ 77.6105165, 13.028144 ], [ 77.6100015, 13.028289 ], [ 77.6100705, 13.0285153 ], [ 77.6101479, 13.0285051 ], [ 77.6104327, 13.0283734 ], [ 77.6105775, 13.0282917 ], [ 77.6105165, 13.028144 ] ] ] } },
{ "type": "Feature", "properties": { "name": null, "amenity": "school", "building": null, "capacity": null, "emergency": null, "leisure": null }, "geometry": { "type": "Polygon", "coordinates": [ [ [ 77.5978806, 13.0365726 ], [ 77.5979389, 13.0367458 ], [ 77.5979678, 13.0369058 ], [ 77.5976888, 13.0369522 ], [ 77.5977907, 13.0376251 ], [ 77.5981676, 13.0375676 ], [ 77.5981736, 13.0365713 ], [ 77.598128, 13.0364577 ], [ 77.5978806, 13.0365726 ] ] ] } },
{ "type": "Feature", "properties": { "name": "Rajiv Gandhi Institute of Technology", "amenity": "college", "building": null, "capacity": null, "emergency": null, "leisure": null }, "geometry": { "type": "Polygon", "coordinates": [ [ [ 77.5978406, 13.0341391 ], [ 77.5981964, 13.0341255 ], [ 77.5982098, 13.0333977 ], [ 77.5984606, 13.0333971 ], [ 77.5984626, 13.0331338 ], [ 77.5982995, 13.0330742 ], [ 77.5982099, 13.0330415 ], [ 77.5981139, 13.0329842 ], [ 77.5980744, 13.0329084 ], [ 77.5979047, 13.0327013 ], [ 77.5976828, 13.0326236 ], [ 77.5975808, 13.0325935 ], [ 77.5975285, 13.0329476 ], [ 77.5974816, 13.0329849 ], [ 77.5974749, 13.0335191 ], [ 77.5978158, 13.0335065 ], [ 77.5978406, 13.0341391 ] ] ] } },
{ "type": "Feature", "properties": { "name": "Sri Rajiv Gandhi College of Dental Sciences & Hospital", "amenity": "college", "building": null, "capacity": null, "emergency": null, "leisure": null }, "geometry": { "type": "Polygon", "coordinates": [ [ [ 77.5970133, 13.0335363 ], [ 77.5970223, 13.0337666 ], [ 77.5971823, 13.0337607 ], [ 77.597198, 13.0341629 ], [ 77.5978406, 13.0341391 ], [ 77.5978158, 13.0335065 ], [ 77.5974749, 13.0335191 ], [ 77.5970133, 13.0335363 ] ] ] } },
{ "type": "Feature", "properties": { "name": "Vidya Vahini School and PU College", "amenity": "college", "building": null, "capacity": null, "emergency": null, "leisure": null }, "geometry": { "type": "Polygon", "coordinates": [ [ [ 77.5889233, 13.029529 ], [ 77.5893874, 13.0294793 ], [ 77.5893887, 13.0295006 ], [ 77.5894008, 13.0296943 ], [ 77.5895463, 13.0296819 ], [ 77.5895637, 13.0291586 ], [ 77.5890259, 13.0291226 ], [ 77.5890474, 13.0292918 ], [ 77.5889059, 13.0293127 ], [ 77.5889233, 13.029529 ] ] ] } },
{ "type": "Feature", "properties": { "name": "Lal Bahabur Shastri Degree College", "amenity": "college", "building": null, "capacity": null, "emergency": null, "leisure": null }, "geometry": { "type": "Polygon", "coordinates": [ [ [ 77.60181, 13.0219734 ], [ 77.6019368, 13.0223492 ], [ 77.6025268, 13.0220363 ], [ 77.6024667, 13.0218161 ], [ 77.60181, 13.0219734 ] ] ] } },
{ "type": "Feature", "properties": { "name": "Sri Chaitanya Techno School, Kalyan Nagar", "amenity": "school", "building": null, "capacity": null, "emergency": null, "leisure": null }, "geometry": { "type": "Polygon", "coordinates": [ [ [ 77.643275, 13.0345605 ], [ 77.6437431, 13.0345815 ], [ 77.6437846, 13.0340341 ], [ 77.6433849, 13.0340013 ], [ 77.6433166, 13.0342182 ], [ 77.643275, 13.0345605 ] ] ] } },
{ "type": "Feature", "properties": { "name": null, "amenity": "school", "building": null, "capacity": null, "emergency": null, "leisure": null }, "geometry": { "type": "Polygon", "coordinates": [ [ [ 77.6052265, 13.0352769 ], [ 77.6052587, 13.0357521 ], [ 77.6060197, 13.0355156 ], [ 77.6059607, 13.0352321 ], [ 77.6052265, 13.0352769 ] ] ] } },
{ "type": "Feature", "properties": { "name": "RVS College of Nursing Sciences", "amenity": "college", "building": null, "capacity": null, "emergency": null, "leisure": null }, "geometry": { "type": "Polygon", "coordinates": [ [ [ 77.5090894, 12.985845 ], [ 77.5088239, 12.9868862 ], [ 77.5089419, 12.9871466 ], [ 77.5095427, 12.9868878 ], [ 77.5096151, 12.9860959 ], [ 77.5095803, 12.9859051 ], [ 77.5090894, 12.985845 ] ] ] } },
{ "type": "Feature", "properties": { "name": "Vokkaligara Sangha Industrial Training Institute", "amenity": "college", "building": null, "capacity": null, "emergency": null, "leisure": null }, "geometry": { "type": "Polygon", "coordinates": [ [ [ 77.5094516, 12.9832209 ], [ 77.5093201, 12.9833581 ], [ 77.5085905, 12.9837057 ], [ 77.5088614, 12.984005 ], [ 77.5090183, 12.9839789 ], [ 77.5091779, 12.9839998 ], [ 77.5097921, 12.9842546 ], [ 77.5097144, 12.9840952 ], [ 77.5098324, 12.9840507 ], [ 77.5094516, 12.9832209 ] ] ] } },
{ "type": "Feature", "properties": { "name": null, "amenity": "school", "building": null, "capacity": null, "emergency": null, "leisure": null }, "geometry": { "type": "Polygon", "coordinates": [ [ [ 77.5353875, 12.9593261 ], [ 77.5355803, 12.9595128 ], [ 77.5359614, 12.9591567 ], [ 77.5357698, 12.9589697 ], [ 77.5353875, 12.9593261 ] ] ] } },
{ "type": "Feature", "properties": { "name": "Universal College of Nursing", "amenity": "college", "building": null, "capacity": null, "emergency": null, "leisure": null }, "geometry": { "type": "Polygon", "coordinates": [ [ [ 77.5890498, 12.8805055 ], [ 77.5896174, 12.8808308 ], [ 77.5899151, 12.8802993 ], [ 77.5892916, 12.8799776 ], [ 77.5890498, 12.8805055 ] ] ] } },
{ "type": "Feature", "properties": { "name": null, "amenity": "school", "building": null, "capacity": null, "emergency": null, "leisure": null }, "geometry": { "type": "Polygon", "coordinates": [ [ [ 77.5598764, 13.0195361 ], [ 77.5596155, 13.0196792 ], [ 77.559759, 13.0200058 ], [ 77.5603162, 13.0197928 ], [ 77.5598764, 13.0195361 ] ] ] } },
{ "type": "Feature", "properties": { "name": null, "amenity": "college", "building": null, "capacity": null, "emergency": null, "leisure": null }, "geometry": { "type": "Polygon", "coordinates": [ [ [ 77.4984933, 12.989031 ], [ 77.4975036, 12.9888245 ], [ 77.4974607, 12.9892374 ], [ 77.4984545, 12.9895772 ], [ 77.4984933, 12.989031 ] ] ] } },
{ "type": "Feature", "properties": { "name": null, "amenity": "college", "building": null, "capacity": null, "emergency": null, "leisure": null }, "geometry": { "type": "Polygon", "coordinates": [ [ [ 77.4992363, 12.991553 ], [ 77.4989091, 12.9915726 ], [ 77.4985993, 12.9916262 ], [ 77.4986798, 12.9921097 ], [ 77.4992618, 12.9920444 ], [ 77.4992363, 12.991553 ] ] ] } },
{ "type": "Feature", "properties": { "name": "GT College", "amenity": "college", "building": null, "capacity": null, "emergency": null, "leisure": null }, "geometry": { "type": "Polygon", "coordinates": [ [ [ 77.5066724, 12.9894256 ], [ 77.5066975, 12.9895034 ], [ 77.5060505, 12.9896843 ], [ 77.5061685, 12.9905743 ], [ 77.5065118, 12.9905298 ], [ 77.5069088, 12.9904684 ], [ 77.5069396, 12.9906344 ], [ 77.5073983, 12.9905429 ], [ 77.5071292, 12.9893087 ], [ 77.5066724, 12.9894256 ] ] ] } },
{ "type": "Feature", "properties": { "name": "Government Urdu High School", "amenity": "school", "building": null, "capacity": null, "emergency": null, "leisure": null }, "geometry": { "type": "Polygon", "coordinates": [ [ [ 77.7468939, 12.9381443 ], [ 77.7470224, 12.9380454 ], [ 77.7471198, 12.93798 ], [ 77.7472457, 12.9381715 ], [ 77.7470747, 12.9383142 ], [ 77.7469352, 12.9381882 ], [ 77.7468939, 12.9381443 ] ] ] } },
{ "type": "Feature", "properties": { "name": "RV Dental College", "amenity": "college", "building": null, "capacity": null, "emergency": null, "leisure": null }, "geometry": { "type": "Polygon", "coordinates": [ [ [ 77.5831123, 12.9266971 ], [ 77.583111, 12.9270938 ], [ 77.5833583, 12.9270946 ], [ 77.5833597, 12.9266979 ], [ 77.5831123, 12.9266971 ] ] ] } },
{ "type": "Feature", "properties": { "name": "MES School 4th Blk Jayanagar", "amenity": "school", "building": null, "capacity": null, "emergency": null, "leisure": null }, "geometry": { "type": "Polygon", "coordinates": [ [ [ 77.5844012, 12.9239635 ], [ 77.5844021, 12.9242383 ], [ 77.5847484, 12.9242372 ], [ 77.5847475, 12.9239624 ], [ 77.5844012, 12.9239635 ] ] ] } },
{ "type": "Feature", "properties": { "name": "Holy Christ English School", "amenity": "school", "building": null, "capacity": null, "emergency": null, "leisure": null }, "geometry": { "type": "Polygon", "coordinates": [ [ [ 77.5844007, 12.9237872 ], [ 77.5844012, 12.9239635 ], [ 77.5847475, 12.9239624 ], [ 77.5847469, 12.9237862 ], [ 77.5844007, 12.9237872 ] ] ] } },
{ "type": "Feature", "properties": { "name": "Holy Saint High School", "amenity": "school", "building": null, "capacity": null, "emergency": null, "leisure": null }, "geometry": { "type": "Polygon", "coordinates": [ [ [ 77.5760552, 12.9268011 ], [ 77.5760525, 12.9264207 ], [ 77.5761829, 12.9264198 ], [ 77.5761856, 12.9268002 ], [ 77.5760552, 12.9268011 ] ] ] } },
{ "type": "Feature", "properties": { "name": "Government Kannada Primary School, Yediyur", "amenity": "school", "building": null, "capacity": null, "emergency": null, "leisure": null }, "geometry": { "type": "Polygon", "coordinates": [ [ [ 77.5760615, 12.9304126 ], [ 77.5755901, 12.9303361 ], [ 77.5755418, 12.9308779 ], [ 77.5756504, 12.9309021 ], [ 77.5756913, 12.9307583 ], [ 77.5760689, 12.9308671 ], [ 77.5761815, 12.930508 ], [ 77.5760534, 12.9304733 ], [ 77.5760615, 12.9304126 ] ] ] } },
{ "type": "Feature", "properties": { "name": "RKS Yediyur", "amenity": "school", "building": null, "capacity": null, "emergency": null, "leisure": null }, "geometry": { "type": "Polygon", "coordinates": [ [ [ 77.5790608, 12.9304157 ], [ 77.5787752, 12.9304191 ], [ 77.5787793, 12.9307468 ], [ 77.5790649, 12.9307433 ], [ 77.5790608, 12.9304157 ] ] ] } },
{ "type": "Feature", "properties": { "name": "Jaigopal Garodia Rashtrotthana Vidya Kendra", "amenity": "school", "building": null, "capacity": null, "emergency": null, "leisure": null }, "geometry": { "type": "Polygon", "coordinates": [ [ [ 77.6692615, 13.0109057 ], [ 77.6698476, 13.0108116 ], [ 77.6698253, 13.0106682 ], [ 77.6701576, 13.0106252 ], [ 77.6701617, 13.0100083 ], [ 77.6691548, 13.0101847 ], [ 77.66922, 13.0105842 ], [ 77.6692615, 13.0109057 ] ] ] } },
{ "type": "Feature", "properties": { "name": "Karnataka Public School", "amenity": "school", "building": null, "capacity": null, "emergency": null, "leisure": null }, "geometry": { "type": "Polygon", "coordinates": [ [ [ 77.5799118, 12.9543 ], [ 77.5793223, 12.9543011 ], [ 77.5793211, 12.954711 ], [ 77.5797495, 12.9550305 ], [ 77.5799178, 12.95499 ], [ 77.5799118, 12.9543 ] ] ] } },
{ "type": "Feature", "properties": { "name": null, "amenity": "school", "building": null, "capacity": null, "emergency": null, "leisure": null }, "geometry": { "type": "Polygon", "coordinates": [ [ [ 77.5303674, 13.0909579 ], [ 77.5305216, 13.0912831 ], [ 77.5311278, 13.0911525 ], [ 77.5310607, 13.0906927 ], [ 77.5307295, 13.0907554 ], [ 77.5307509, 13.0908638 ], [ 77.5303674, 13.0909579 ] ] ] } },
{ "type": "Feature", "properties": { "name": null, "amenity": "college", "building": null, "capacity": null, "emergency": null, "leisure": null }, "geometry": { "type": "Polygon", "coordinates": [ [ [ 77.6357044, 13.0270846 ], [ 77.6358043, 13.0274957 ], [ 77.6361761, 13.02741 ], [ 77.6361455, 13.0272838 ], [ 77.6364936, 13.0272035 ], [ 77.6364286, 13.0268851 ], [ 77.6357044, 13.0270846 ] ] ] } },
{ "type": "Feature", "properties": { "name": null, "amenity": "school", "building": null, "capacity": null, "emergency": null, "leisure": null }, "geometry": { "type": "Polygon", "coordinates": [ [ [ 77.6856727, 13.0246915 ], [ 77.6879391, 13.0239838 ], [ 77.6878479, 13.0236258 ], [ 77.6872088, 13.023803 ], [ 77.6864898, 13.0240024 ], [ 77.6855627, 13.0242595 ], [ 77.6856727, 13.0246915 ] ] ] } },
{ "type": "Feature", "properties": { "name": "Garden City College", "amenity": "college", "building": null, "capacity": null, "emergency": null, "leisure": null }, "geometry": { "type": "Polygon", "coordinates": [ [ [ 77.7043168, 13.0136996 ], [ 77.7043676, 13.0137032 ], [ 77.7043609, 13.0139188 ], [ 77.7053694, 13.013843 ], [ 77.7054544, 13.0135578 ], [ 77.7055049, 13.0133883 ], [ 77.7054941, 13.0130342 ], [ 77.7055438, 13.012471 ], [ 77.7053305, 13.0121797 ], [ 77.7052098, 13.0121496 ], [ 77.7047659, 13.0122698 ], [ 77.7044376, 13.0122199 ], [ 77.7043168, 13.0136996 ] ] ] } },
{ "type": "Feature", "properties": { "name": "Cambridge Institute of Technolgy", "amenity": "college", "building": null, "capacity": null, "emergency": null, "leisure": null }, "geometry": { "type": "Polygon", "coordinates": [ [ [ 77.7053305, 13.0121797 ], [ 77.7055438, 13.012471 ], [ 77.7054941, 13.0130342 ], [ 77.7055049, 13.0133883 ], [ 77.7055894, 13.0133726 ], [ 77.7058683, 13.0131714 ], [ 77.7058657, 13.0123443 ], [ 77.7057651, 13.0123064 ], [ 77.7056417, 13.0123247 ], [ 77.7054727, 13.0121535 ], [ 77.7054372, 13.0116047 ], [ 77.7052219, 13.0115949 ], [ 77.7052172, 13.0114525 ], [ 77.705153, 13.0114251 ], [ 77.7049242, 13.0113277 ], [ 77.7043207, 13.0120346 ], [ 77.704035, 13.0120033 ], [ 77.7039653, 13.0118478 ], [ 77.7034436, 13.0119484 ], [ 77.7035482, 13.0129075 ], [ 77.7035791, 13.013404 ], [ 77.7034543, 13.0134092 ], [ 77.7034704, 13.0137241 ], [ 77.7042577, 13.0136954 ], [ 77.7043878, 13.0122123 ], [ 77.7044376, 13.0122199 ], [ 77.7047659, 13.0122698 ], [ 77.7052098, 13.0121496 ], [ 77.7053305, 13.0121797 ] ] ] } },
{ "type": "Feature", "properties": { "name": "Government First Grade College, KR Puram", "amenity": "college", "building": null, "capacity": null, "emergency": null, "leisure": null }, "geometry": { "type": "Polygon", "coordinates": [ [ [ 77.6981047, 13.0140847 ], [ 77.6982241, 13.0145238 ], [ 77.6983365, 13.0145131 ], [ 77.6991461, 13.0145094 ], [ 77.6992916, 13.0139672 ], [ 77.6989053, 13.0139203 ], [ 77.6981047, 13.0140847 ] ] ] } },
{ "type": "Feature", "properties": { "name": "Divya Shanthi School", "amenity": "school", "building": null, "capacity": null, "emergency": null, "leisure": null }, "geometry": { "type": "Polygon", "coordinates": [ [ [ 77.6256233, 13.0110977 ], [ 77.6260237, 13.0109364 ], [ 77.6259492, 13.0105202 ], [ 77.6257467, 13.010596 ], [ 77.6254745, 13.0107567 ], [ 77.6256233, 13.0110977 ] ] ] } },
{ "type": "Feature", "properties": { "name": null, "amenity": "school", "building": null, "capacity": null, "emergency": null, "leisure": null }, "geometry": { "type": "Polygon", "coordinates": [ [ [ 77.6928638, 13.0192681 ], [ 77.6928231, 13.0187657 ], [ 77.6922578, 13.0188093 ], [ 77.6922985, 13.0193117 ], [ 77.6928638, 13.0192681 ] ] ] } },
{ "type": "Feature", "properties": { "name": "Chaitanya E-Techno School", "amenity": "school", "building": null, "capacity": null, "emergency": null, "leisure": null }, "geometry": { "type": "Polygon", "coordinates": [ [ [ 77.6738025, 13.0196341 ], [ 77.6734082, 13.0193826 ], [ 77.6728322, 13.0197184 ], [ 77.6730435, 13.0200496 ], [ 77.6738025, 13.0196341 ] ] ] } },
{ "type": "Feature", "properties": { "name": "Government Higher Primary School", "amenity": "school", "building": null, "capacity": null, "emergency": null, "leisure": null }, "geometry": { "type": "Polygon", "coordinates": [ [ [ 77.6827215, 13.0113446 ], [ 77.6820003, 13.0111274 ], [ 77.6819766, 13.0115638 ], [ 77.6820115, 13.0117936 ], [ 77.6822058, 13.0117745 ], [ 77.6826224, 13.0117105 ], [ 77.6827215, 13.0113446 ] ] ] } },
{ "type": "Feature", "properties": { "name": "BNR Memorial School", "amenity": "school", "building": null, "capacity": null, "emergency": null, "leisure": null }, "geometry": { "type": "Polygon", "coordinates": [ [ [ 77.6847204, 13.0155562 ], [ 77.6854048, 13.0154095 ], [ 77.6851049, 13.0146518 ], [ 77.684856, 13.0146166 ], [ 77.684805, 13.0149052 ], [ 77.6849319, 13.0149052 ], [ 77.6849183, 13.0151622 ], [ 77.6847677, 13.0151713 ], [ 77.6847777, 13.0154192 ], [ 77.6847372, 13.0154217 ], [ 77.6847204, 13.0155562 ] ] ] } },
{ "type": "Feature", "properties": { "name": "St. Anthony's Primary, Middle and Girls High School", "amenity": "school", "building": null, "capacity": null, "emergency": null, "leisure": null }, "geometry": { "type": "Polygon", "coordinates": [ [ [ 77.6798891, 13.0120843 ], [ 77.6795176, 13.0121921 ], [ 77.679405, 13.0122476 ], [ 77.6794566, 13.012341 ], [ 77.6797543, 13.0127598 ], [ 77.6799904, 13.0128957 ], [ 77.6801124, 13.012786 ], [ 77.6798891, 13.0120843 ] ] ] } },
{ "type": "Feature", "properties": { "name": null, "amenity": "school", "building": null, "capacity": null, "emergency": null, "leisure": null }, "geometry": { "type": "Polygon", "coordinates": [ [ [ 77.6717238, 13.041463 ], [ 77.671925, 13.0420261 ], [ 77.6728463, 13.0419986 ], [ 77.672841, 13.041412 ], [ 77.6723015, 13.0414366 ], [ 77.6717238, 13.041463 ] ] ] } },
{ "type": "Feature", "properties": { "name": null, "amenity": "school", "building": null, "capacity": null, "emergency": null, "leisure": null }, "geometry": { "type": "Polygon", "coordinates": [ [ [ 77.6781035, 13.0354764 ], [ 77.6776046, 13.0354503 ], [ 77.6776019, 13.035777 ], [ 77.6776193, 13.0361075 ], [ 77.6781235, 13.0361767 ], [ 77.6781035, 13.0354764 ] ] ] } },
{ "type": "Feature", "properties": { "name": "Sri Chaitanya Techno School", "amenity": "school", "building": null, "capacity": null, "emergency": null, "leisure": null }, "geometry": { "type": "Polygon", "coordinates": [ [ [ 77.6688901, 13.024466 ], [ 77.6686111, 13.0247848 ], [ 77.6695959, 13.0259476 ], [ 77.6698184, 13.0256334 ], [ 77.6699643, 13.0254276 ], [ 77.6688901, 13.024466 ] ] ] } },
{ "type": "Feature", "properties": { "name": null, "amenity": "school", "building": null, "capacity": null, "emergency": null, "leisure": null }, "geometry": { "type": "Polygon", "coordinates": [ [ [ 77.6692508, 13.0240348 ], [ 77.6688901, 13.024466 ], [ 77.6699643, 13.0254276 ], [ 77.6703478, 13.0248945 ], [ 77.6692508, 13.0240348 ] ] ] } },
{ "type": "Feature", "properties": { "name": null, "amenity": "school", "building": null, "capacity": null, "emergency": null, "leisure": null }, "geometry": { "type": "Polygon", "coordinates": [ [ [ 77.6834249, 13.0316639 ], [ 77.6841827, 13.0316025 ], [ 77.684125, 13.0302659 ], [ 77.6833418, 13.0303142 ], [ 77.6834249, 13.0316639 ] ] ] } },
{ "type": "Feature", "properties": { "name": null, "amenity": "school", "building": null, "capacity": null, "emergency": null, "leisure": null }, "geometry": { "type": "Polygon", "coordinates": [ [ [ 77.687007, 13.0284746 ], [ 77.6861688, 13.0286497 ], [ 77.6863392, 13.0290612 ], [ 77.6867777, 13.0289384 ], [ 77.6869038, 13.0290939 ], [ 77.6871009, 13.0290495 ], [ 77.687007, 13.0284746 ] ] ] } },
{ "type": "Feature", "properties": { "name": null, "amenity": "school", "building": null, "capacity": null, "emergency": null, "leisure": null }, "geometry": { "type": "Polygon", "coordinates": [ [ [ 77.6885253, 13.0315646 ], [ 77.6883253, 13.0316156 ], [ 77.6883468, 13.0316685 ], [ 77.6881911, 13.0317211 ], [ 77.6882368, 13.0318249 ], [ 77.688361, 13.0320978 ], [ 77.6887512, 13.0319259 ], [ 77.6885253, 13.0315646 ] ] ] } },
{ "type": "Feature", "properties": { "name": "Government School", "amenity": "school", "building": null, "capacity": null, "emergency": null, "leisure": null }, "geometry": { "type": "Polygon", "coordinates": [ [ [ 77.6347764, 12.9611391 ], [ 77.6351175, 12.9610967 ], [ 77.6350839, 12.9608397 ], [ 77.6348527, 12.9608684 ], [ 77.6347764, 12.9611391 ] ] ] } },
{ "type": "Feature", "properties": { "name": null, "amenity": "school", "building": null, "capacity": null, "emergency": null, "leisure": null }, "geometry": { "type": "Polygon", "coordinates": [ [ [ 77.6130284, 13.0557127 ], [ 77.6128429, 13.0557052 ], [ 77.6126381, 13.055697 ], [ 77.6123565, 13.0557264 ], [ 77.6123853, 13.0561112 ], [ 77.6126803, 13.0560929 ], [ 77.613006, 13.0560563 ], [ 77.6130639, 13.0560498 ], [ 77.6130284, 13.0557127 ] ] ] } },
{ "type": "Feature", "properties": { "name": "Government Pharmacy College", "amenity": "college", "building": null, "capacity": null, "emergency": null, "leisure": null }, "geometry": { "type": "Polygon", "coordinates": [ [ [ 77.5908783, 12.9624995 ], [ 77.5906175, 12.9625074 ], [ 77.5897304, 12.96233 ], [ 77.5893543, 12.9620134 ], [ 77.5904372, 12.9617795 ], [ 77.5906011, 12.9622842 ], [ 77.590823, 12.9622417 ], [ 77.5908783, 12.9624995 ] ] ] } },
{ "type": "Feature", "properties": { "name": "GHPS", "amenity": "school", "building": null, "capacity": null, "emergency": null, "leisure": null }, "geometry": { "type": "Polygon", "coordinates": [ [ [ 77.619212, 13.066683 ], [ 77.6191713, 13.066437 ], [ 77.6189614, 13.0664742 ], [ 77.61895, 13.0663867 ], [ 77.6187073, 13.0665859 ], [ 77.6187371, 13.0667529 ], [ 77.619212, 13.066683 ] ] ] } },
{ "type": "Feature", "properties": { "name": "Karnataka Reddyjana Sangha Medical College", "amenity": "college", "building": null, "capacity": null, "emergency": null, "leisure": null }, "geometry": { "type": "Polygon", "coordinates": [ [ [ 77.6731273, 12.8966841 ], [ 77.6741579, 12.8968591 ], [ 77.6741204, 12.8966447 ], [ 77.674343, 12.8965375 ], [ 77.6749653, 12.8964538 ], [ 77.6743349, 12.8946812 ], [ 77.6735899, 12.8946546 ], [ 77.6731273, 12.8966841 ] ] ] } },
{ "type": "Feature", "properties": { "name": null, "amenity": "school", "building": null, "capacity": null, "emergency": null, "leisure": null }, "geometry": { "type": "Polygon", "coordinates": [ [ [ 77.6519023, 12.8754869 ], [ 77.6514772, 12.8754934 ], [ 77.6515174, 12.8757588 ], [ 77.6519318, 12.8757045 ], [ 77.6519023, 12.8754869 ] ] ] } },
{ "type": "Feature", "properties": { "name": "GHPS Singasandra", "amenity": "school", "building": null, "capacity": null, "emergency": null, "leisure": null }, "geometry": { "type": "Polygon", "coordinates": [ [ [ 77.6479045, 12.8777016 ], [ 77.647533, 12.8774519 ], [ 77.6474284, 12.8774636 ], [ 77.6472057, 12.8778702 ], [ 77.6478475, 12.8778408 ], [ 77.6479045, 12.8777016 ] ] ] } },
{ "type": "Feature", "properties": { "name": "GHPS Bandepalya", "amenity": "school", "building": null, "capacity": null, "emergency": null, "leisure": null }, "geometry": { "type": "Polygon", "coordinates": [ [ [ 77.6416455, 12.8955753 ], [ 77.6413572, 12.8956825 ], [ 77.6413116, 12.8957374 ], [ 77.6413585, 12.8961558 ], [ 77.6420559, 12.8962094 ], [ 77.6419875, 12.8957204 ], [ 77.6417421, 12.8957283 ], [ 77.6417179, 12.895659 ], [ 77.6416455, 12.8955753 ] ] ] } },
{ "type": "Feature", "properties": { "name": "St. Mira's School", "amenity": "school", "building": null, "capacity": null, "emergency": null, "leisure": null }, "geometry": { "type": "Polygon", "coordinates": [ [ [ 77.6198039, 12.9167314 ], [ 77.6196943, 12.9167458 ], [ 77.6197265, 12.9169798 ], [ 77.6201637, 12.9169184 ], [ 77.6201557, 12.9167027 ], [ 77.6200579, 12.9166219 ], [ 77.6198039, 12.9167314 ] ] ] } },
{ "type": "Feature", "properties": { "name": null, "amenity": "school", "building": null, "capacity": null, "emergency": null, "leisure": null }, "geometry": { "type": "Polygon", "coordinates": [ [ [ 77.5334935, 12.8648838 ], [ 77.5337134, 12.8651949 ], [ 77.5343169, 12.8651871 ], [ 77.5342499, 12.8648785 ], [ 77.5334935, 12.8648838 ] ] ] } },
{ "type": "Feature", "properties": { "name": "Ekya Nava", "amenity": "school", "building": null, "capacity": null, "emergency": null, "leisure": null }, "geometry": { "type": "Polygon", "coordinates": [ [ [ 77.715499, 12.9381407 ], [ 77.7157992, 12.938257 ], [ 77.7158947, 12.9370757 ], [ 77.7156324, 12.9370366 ], [ 77.7155836, 12.9374644 ], [ 77.715499, 12.9381407 ] ] ] } },
{ "type": "Feature", "properties": { "name": "Trio World Academy", "amenity": "school", "building": null, "capacity": null, "emergency": null, "leisure": null }, "geometry": { "type": "Polygon", "coordinates": [ [ [ 77.582606, 13.0594896 ], [ 77.5819203, 13.0596565 ], [ 77.5819478, 13.0597765 ], [ 77.581762, 13.0598135 ], [ 77.5818859, 13.0603022 ], [ 77.5818028, 13.0603753 ], [ 77.5817196, 13.0605217 ], [ 77.581774, 13.0605959 ], [ 77.5821294, 13.0604496 ], [ 77.5823875, 13.0603205 ], [ 77.5828648, 13.0601539 ], [ 77.5827895, 13.0598434 ], [ 77.5828427, 13.0598273 ], [ 77.5827551, 13.059459 ], [ 77.582606, 13.0594896 ] ] ] } },
{ "type": "Feature", "properties": { "name": "New Millenium School", "amenity": "school", "building": null, "capacity": null, "emergency": null, "leisure": null }, "geometry": { "type": "Polygon", "coordinates": [ [ [ 77.6525413, 13.0359638 ], [ 77.6525549, 13.0361206 ], [ 77.6526274, 13.036114 ], [ 77.652641, 13.0362928 ], [ 77.6536541, 13.0362708 ], [ 77.6536314, 13.0358821 ], [ 77.6525413, 13.0359638 ] ] ] } },
{ "type": "Feature", "properties": { "name": "Havnur College of Law", "amenity": "college", "building": null, "capacity": null, "emergency": null, "leisure": null }, "geometry": { "type": "Polygon", "coordinates": [ [ [ 77.6640567, 13.0158945 ], [ 77.6638624, 13.0158074 ], [ 77.6636235, 13.0161859 ], [ 77.6640058, 13.0163492 ], [ 77.6641318, 13.0162107 ], [ 77.6640567, 13.0158945 ] ] ] } },
{ "type": "Feature", "properties": { "name": null, "amenity": "school", "building": null, "capacity": null, "emergency": null, "leisure": null }, "geometry": { "type": "Polygon", "coordinates": [ [ [ 77.6661112, 13.0201891 ], [ 77.665125, 13.020372 ], [ 77.665163, 13.0205661 ], [ 77.6661492, 13.0203832 ], [ 77.6661112, 13.0201891 ] ] ] } },
{ "type": "Feature", "properties": { "name": null, "amenity": "school", "building": null, "capacity": null, "emergency": null, "leisure": null }, "geometry": { "type": "Polygon", "coordinates": [ [ [ 77.6698348, 13.0179393 ], [ 77.669263, 13.018112 ], [ 77.6693503, 13.0184527 ], [ 77.6700212, 13.0182283 ], [ 77.6698348, 13.0179393 ] ] ] } },
{ "type": "Feature", "properties": { "name": "ICAT Design & Media College", "amenity": "college", "building": null, "capacity": null, "emergency": null, "leisure": null }, "geometry": { "type": "Polygon", "coordinates": [ [ [ 77.6299366, 12.9038894 ], [ 77.6298989, 12.9035595 ], [ 77.6307059, 12.9034786 ], [ 77.6307428, 12.9035334 ], [ 77.6305663, 12.9037868 ], [ 77.6305178, 12.9038473 ], [ 77.6304693, 12.9038227 ], [ 77.6301466, 12.9038637 ], [ 77.6299366, 12.9038894 ] ] ] } },
{ "type": "Feature", "properties": { "name": null, "amenity": "school", "building": null, "capacity": null, "emergency": null, "leisure": null }, "geometry": { "type": "Polygon", "coordinates": [ [ [ 77.6120656, 13.1201862 ], [ 77.6127516, 13.1201047 ], [ 77.6126928, 13.1196725 ], [ 77.6119938, 13.1197225 ], [ 77.6120259, 13.1199602 ], [ 77.6120656, 13.1201862 ] ] ] } },
{ "type": "Feature", "properties": { "name": null, "amenity": "school", "building": null, "capacity": null, "emergency": null, "leisure": null }, "geometry": { "type": "Polygon", "coordinates": [ [ [ 77.6224235, 13.1089339 ], [ 77.6220721, 13.109041 ], [ 77.6222706, 13.1096157 ], [ 77.6225817, 13.1095242 ], [ 77.6224235, 13.1089339 ] ] ] } },
{ "type": "Feature", "properties": { "name": "Mount Carmel School", "amenity": "school", "building": null, "capacity": null, "emergency": null, "leisure": null }, "geometry": { "type": "Polygon", "coordinates": [ [ [ 77.5186503, 12.9237219 ], [ 77.5184589, 12.923567 ], [ 77.5183524, 12.9235339 ], [ 77.5182639, 12.9239835 ], [ 77.5181526, 12.9246737 ], [ 77.5190511, 12.9242162 ], [ 77.5190021, 12.9241289 ], [ 77.5189471, 12.924045 ], [ 77.5188865, 12.9239649 ], [ 77.5188205, 12.923889 ], [ 77.5187494, 12.9238175 ], [ 77.5186503, 12.9237219 ] ] ] } },
{ "type": "Feature", "properties": { "name": "Ashwini School", "amenity": "school", "building": null, "capacity": null, "emergency": null, "leisure": null }, "geometry": { "type": "Polygon", "coordinates": [ [ [ 77.5224193, 12.9301877 ], [ 77.5228093, 12.9301266 ], [ 77.5228404, 12.9301217 ], [ 77.5228183, 12.9299926 ], [ 77.522874, 12.9299904 ], [ 77.5228096, 12.9296741 ], [ 77.5227955, 12.9295826 ], [ 77.5225903, 12.9296407 ], [ 77.5225528, 12.9298407 ], [ 77.5224133, 12.930093 ], [ 77.5224193, 12.9301877 ] ] ] } },
{ "type": "Feature", "properties": { "name": null, "amenity": "school", "building": null, "capacity": null, "emergency": null, "leisure": null }, "geometry": { "type": "Polygon", "coordinates": [ [ [ 77.6729791, 12.9154194 ], [ 77.6732128, 12.9153341 ], [ 77.6732506, 12.9153351 ], [ 77.6733602, 12.9156327 ], [ 77.6734428, 12.9156148 ], [ 77.6734358, 12.9153206 ], [ 77.673307, 12.9149847 ], [ 77.6731507, 12.9147305 ], [ 77.6730509, 12.9146671 ], [ 77.6730006, 12.9147138 ], [ 77.6730546, 12.9148473 ], [ 77.6729871, 12.9148861 ], [ 77.6731652, 12.9153253 ], [ 77.6729724, 12.9153949 ], [ 77.6729791, 12.9154194 ] ] ] } },
{ "type": "Feature", "properties": { "name": "Mar Thoma School", "amenity": "school", "building": null, "capacity": null, "emergency": null, "leisure": null }, "geometry": { "type": "Polygon", "coordinates": [ [ [ 77.7178431, 13.009322 ], [ 77.7189048, 13.0091142 ], [ 77.7188502, 13.0087078 ], [ 77.718012, 13.0088359 ], [ 77.7178135, 13.0088803 ], [ 77.7178431, 13.009322 ] ] ] } },
{ "type": "Feature", "properties": { "name": "SEA College", "amenity": "college", "building": null, "capacity": null, "emergency": null, "leisure": null }, "geometry": { "type": "Polygon", "coordinates": [ [ [ 77.7168628, 13.0078611 ], [ 77.7168882, 13.0080858 ], [ 77.7168836, 13.0083262 ], [ 77.7168892, 13.0090138 ], [ 77.7167487, 13.0099231 ], [ 77.7168962, 13.0115198 ], [ 77.716848, 13.011985 ], [ 77.7152118, 13.0118595 ], [ 77.7144393, 13.0117393 ], [ 77.7141657, 13.0114884 ], [ 77.7145949, 13.0096382 ], [ 77.7143589, 13.009518 ], [ 77.7138331, 13.00945 ], [ 77.7134416, 13.0074638 ], [ 77.7142971, 13.0072757 ], [ 77.714434, 13.0081145 ], [ 77.7158367, 13.0076873 ], [ 77.7158592, 13.0077597 ], [ 77.716105, 13.0081329 ], [ 77.7168628, 13.0078611 ] ] ] } },
{ "type": "Feature", "properties": { "name": "Indus Valley College", "amenity": "school", "building": null, "capacity": null, "emergency": null, "leisure": null }, "geometry": { "type": "Polygon", "coordinates": [ [ [ 77.7057867, 13.0093635 ], [ 77.7059743, 13.0093337 ], [ 77.7058455, 13.008338 ], [ 77.7057691, 13.0077069 ], [ 77.7052099, 13.0077971 ], [ 77.7052557, 13.0083494 ], [ 77.7052742, 13.0083485 ], [ 77.7052915, 13.0087345 ], [ 77.7056739, 13.0086686 ], [ 77.7057867, 13.0093635 ] ] ] } },
{ "type": "Feature", "properties": { "name": "Guntur Oxford School", "amenity": "school", "building": null, "capacity": null, "emergency": null, "leisure": null }, "geometry": { "type": "Polygon", "coordinates": [ [ [ 77.7052742, 13.0083485 ], [ 77.7052557, 13.0083494 ], [ 77.7049738, 13.0083642 ], [ 77.7050208, 13.0092396 ], [ 77.7051066, 13.0092279 ], [ 77.7051508, 13.0095323 ], [ 77.7055639, 13.0094579 ], [ 77.7055331, 13.0092592 ], [ 77.7053158, 13.0092775 ], [ 77.7052915, 13.0087345 ], [ 77.7052742, 13.0083485 ] ] ] } },
{ "type": "Feature", "properties": { "name": "Corporation LPS Lakkasandra", "amenity": "school", "building": null, "capacity": null, "emergency": null, "leisure": null }, "geometry": { "type": "Polygon", "coordinates": [ [ [ 77.6010788, 12.9428248 ], [ 77.6013127, 12.9427778 ], [ 77.6012497, 12.9424803 ], [ 77.6010158, 12.9425274 ], [ 77.6010788, 12.9428248 ] ] ] } },
{ "type": "Feature", "properties": { "name": "Orchids The International School - Yelahanka", "amenity": "school", "building": null, "capacity": null, "emergency": null, "leisure": null }, "geometry": { "type": "Polygon", "coordinates": [ [ [ 77.5939088, 12.8403363 ], [ 77.5945365, 12.8401824 ], [ 77.5941557, 12.8390984 ], [ 77.5935186, 12.8393456 ], [ 77.5939088, 12.8403363 ] ] ] } },
{ "type": "Feature", "properties": { "name": null, "amenity": "school", "building": null, "capacity": null, "emergency": null, "leisure": null }, "geometry": { "type": "Polygon", "coordinates": [ [ [ 77.7293538, 13.0069215 ], [ 77.728824, 13.0071921 ], [ 77.7292237, 13.00772 ], [ 77.7295777, 13.0075788 ], [ 77.7295446, 13.0074824 ], [ 77.7293538, 13.0069215 ] ] ] } },
{ "type": "Feature", "properties": { "name": "Vibgyor Roots And Rise School", "amenity": "school", "building": null, "capacity": null, "emergency": null, "leisure": null }, "geometry": { "type": "Polygon", "coordinates": [ [ [ 77.6917004, 12.9783453 ], [ 77.6923063, 12.9784539 ], [ 77.6921996, 12.9776515 ], [ 77.6916078, 12.9776759 ], [ 77.6917004, 12.9783453 ] ] ] } },
{ "type": "Feature", "properties": { "name": "New Baldwin Public School", "amenity": "school", "building": null, "capacity": null, "emergency": null, "leisure": null }, "geometry": { "type": "Polygon", "coordinates": [ [ [ 77.4782935, 12.989139 ], [ 77.47838, 12.9892797 ], [ 77.4784894, 12.9894267 ], [ 77.4788343, 12.9891919 ], [ 77.4789125, 12.9891031 ], [ 77.4787387, 12.9888208 ], [ 77.4782935, 12.989139 ] ] ] } },
{ "type": "Feature", "properties": { "name": "Franciska N HS, Lakkasandra", "amenity": "school", "building": null, "capacity": null, "emergency": null, "leisure": null }, "geometry": { "type": "Polygon", "coordinates": [ [ [ 77.6097916, 12.9330941 ], [ 77.6093718, 12.933281 ], [ 77.6093896, 12.9336513 ], [ 77.6094654, 12.9336362 ], [ 77.6097581, 12.93363 ], [ 77.6097916, 12.9330941 ] ] ] } },
{ "type": "Feature", "properties": { "name": "Venkateshwara HS, Madiwala W No 66", "amenity": "school", "building": null, "capacity": null, "emergency": null, "leisure": null }, "geometry": { "type": "Polygon", "coordinates": [ [ [ 77.6125179, 12.9253752 ], [ 77.6125817, 12.9251417 ], [ 77.6121582, 12.9252088 ], [ 77.6121992, 12.9254387 ], [ 77.6125179, 12.9253752 ] ] ] } },
{ "type": "Feature", "properties": { "name": "Government Higher Primary School", "amenity": "school", "building": null, "capacity": null, "emergency": null, "leisure": null }, "geometry": { "type": "Polygon", "coordinates": [ [ [ 77.656637, 12.9626753 ], [ 77.656677, 12.9627788 ], [ 77.6568329, 12.9627448 ], [ 77.6568124, 12.962635 ], [ 77.656637, 12.9626753 ] ] ] } },
{ "type": "Feature", "properties": { "name": "Government Tamil Higher Primary School", "amenity": "school", "building": null, "capacity": null, "emergency": null, "leisure": null }, "geometry": { "type": "Polygon", "coordinates": [ [ [ 77.658176, 12.9643876 ], [ 77.6578755, 12.9645229 ], [ 77.658007, 12.9648659 ], [ 77.6582953, 12.9647744 ], [ 77.658176, 12.9643876 ] ] ] } },
{ "type": "Feature", "properties": { "name": null, "amenity": "school", "building": null, "capacity": null, "emergency": null, "leisure": null }, "geometry": { "type": "Polygon", "coordinates": [ [ [ 77.6575674, 12.9661601 ], [ 77.6566397, 12.9662749 ], [ 77.6567207, 12.9668963 ], [ 77.6573458, 12.966819 ], [ 77.6572942, 12.966423 ], [ 77.6575968, 12.9663855 ], [ 77.6575674, 12.9661601 ] ] ] } },
{ "type": "Feature", "properties": { "name": "Rajarajeshwari Vidya Shala", "amenity": "school", "building": null, "capacity": null, "emergency": null, "leisure": null }, "geometry": { "type": "Polygon", "coordinates": [ [ [ 77.5118816, 12.929029 ], [ 77.5141829, 12.9288486 ], [ 77.5141465, 12.9284074 ], [ 77.5118452, 12.9285878 ], [ 77.5118816, 12.929029 ] ] ] } },
{ "type": "Feature", "properties": { "name": "Vijayashree International Public School", "amenity": "school", "building": null, "capacity": null, "emergency": null, "leisure": null }, "geometry": { "type": "Polygon", "coordinates": [ [ [ 77.5070197, 13.0598634 ], [ 77.5075528, 13.0599434 ], [ 77.5077402, 13.0596228 ], [ 77.507063, 13.059504 ], [ 77.5070197, 13.0598634 ] ] ] } },
{ "type": "Feature", "properties": { "name": null, "amenity": "school", "building": null, "capacity": null, "emergency": null, "leisure": null }, "geometry": { "type": "Polygon", "coordinates": [ [ [ 77.5199856, 13.0585241 ], [ 77.5195115, 13.0588022 ], [ 77.5196895, 13.0590901 ], [ 77.5200516, 13.0590702 ], [ 77.5201991, 13.0589788 ], [ 77.5199856, 13.0585241 ] ] ] } },
{ "type": "Feature", "properties": { "name": "Sophie Nursery Primary and High School", "amenity": "school", "building": null, "capacity": null, "emergency": null, "leisure": null }, "geometry": { "type": "Polygon", "coordinates": [ [ [ 77.6617125, 12.9537931 ], [ 77.6617535, 12.9542807 ], [ 77.6623639, 12.9542213 ], [ 77.6623198, 12.9538186 ], [ 77.6619538, 12.953784 ], [ 77.6618039, 12.9537881 ], [ 77.6617125, 12.9537931 ] ] ] } },
{ "type": "Feature", "properties": { "name": "Hayagriva Girls' School", "amenity": "school", "building": null, "capacity": null, "emergency": null, "leisure": null }, "geometry": { "type": "Polygon", "coordinates": [ [ [ 77.6781765, 12.9732111 ], [ 77.6774356, 12.9734085 ], [ 77.6775208, 12.9736708 ], [ 77.6782587, 12.97348 ], [ 77.6782502, 12.9734522 ], [ 77.6781765, 12.9732111 ] ] ] } },
{ "type": "Feature", "properties": { "name": "Sri Chaitanya Future Pathways Global School", "amenity": "school", "building": null, "capacity": null, "emergency": null, "leisure": null }, "geometry": { "type": "Polygon", "coordinates": [ [ [ 77.6818456, 12.9710576 ], [ 77.6827205, 12.9711301 ], [ 77.6826696, 12.9708574 ], [ 77.682672, 12.9707962 ], [ 77.6826911, 12.9703004 ], [ 77.6820707, 12.9702718 ], [ 77.6820501, 12.9703166 ], [ 77.6822938, 12.9703261 ], [ 77.6822713, 12.9710119 ], [ 77.6818485, 12.9709928 ], [ 77.6818456, 12.9710576 ] ] ] } },
{ "type": "Feature", "properties": { "name": null, "amenity": "school", "building": null, "capacity": null, "emergency": null, "leisure": null }, "geometry": { "type": "Polygon", "coordinates": [ [ [ 77.6774048, 12.9796986 ], [ 77.6778157, 12.979561 ], [ 77.6777609, 12.9792283 ], [ 77.6772857, 12.979407 ], [ 77.6774048, 12.9796986 ] ] ] } },
{ "type": "Feature", "properties": { "name": "Government Primary School", "amenity": "school", "building": null, "capacity": null, "emergency": null, "leisure": null }, "geometry": { "type": "Polygon", "coordinates": [ [ [ 77.6772802, 12.9827096 ], [ 77.6772725, 12.9824713 ], [ 77.677022, 12.9824237 ], [ 77.6769707, 12.9824283 ], [ 77.6769982, 12.9826585 ], [ 77.6770238, 12.9827305 ], [ 77.6772802, 12.9827096 ] ] ] } },
{ "type": "Feature", "properties": { "name": "Saraswati Vidya Mandir", "amenity": "school", "building": null, "capacity": null, "emergency": null, "leisure": null }, "geometry": { "type": "Polygon", "coordinates": [ [ [ 77.6771973, 12.9842856 ], [ 77.6773671, 12.9842574 ], [ 77.6773107, 12.9839358 ], [ 77.6771409, 12.9839641 ], [ 77.6771973, 12.9842856 ] ] ] } },
{ "type": "Feature", "properties": { "name": "Grammer Public HPS Venkarapura, Madiwala", "amenity": "school", "building": null, "capacity": null, "emergency": null, "leisure": null }, "geometry": { "type": "Polygon", "coordinates": [ [ [ 77.6323339, 12.9196097 ], [ 77.6323693, 12.9195993 ], [ 77.6327091, 12.9194997 ], [ 77.6326757, 12.9193461 ], [ 77.6323062, 12.919423 ], [ 77.6322737, 12.9194314 ], [ 77.6323339, 12.9196097 ] ] ] } },
{ "type": "Feature", "properties": { "name": null, "amenity": "school", "building": null, "capacity": null, "emergency": null, "leisure": null }, "geometry": { "type": "Polygon", "coordinates": [ [ [ 77.7694675, 13.0054777 ], [ 77.7689257, 13.0055796 ], [ 77.7686012, 13.0056684 ], [ 77.7686763, 13.0058279 ], [ 77.7690679, 13.0057207 ], [ 77.7691242, 13.0060108 ], [ 77.76954, 13.0059664 ], [ 77.7694675, 13.0054777 ] ] ] } },
{ "type": "Feature", "properties": { "name": "Mangala Vidya Mandira", "amenity": "school", "building": null, "capacity": null, "emergency": null, "leisure": null }, "geometry": { "type": "Polygon", "coordinates": [ [ [ 77.5846254, 13.1014523 ], [ 77.5850831, 13.1015696 ], [ 77.5851542, 13.1013698 ], [ 77.5852548, 13.101136 ], [ 77.5848623, 13.1010468 ], [ 77.5846254, 13.1014523 ] ] ] } },
{ "type": "Feature", "properties": { "name": null, "amenity": "school", "building": null, "capacity": null, "emergency": null, "leisure": null }, "geometry": { "type": "Polygon", "coordinates": [ [ [ 77.6794649, 12.9647908 ], [ 77.6791267, 12.9649484 ], [ 77.6792075, 12.9651176 ], [ 77.6791873, 12.9651281 ], [ 77.6791968, 12.9651721 ], [ 77.679259, 12.9651576 ], [ 77.6794091, 12.965481 ], [ 77.6794983, 12.9654381 ], [ 77.6795108, 12.9654885 ], [ 77.6797747, 12.9654383 ], [ 77.6795715, 12.9650226 ], [ 77.6794649, 12.9647908 ] ] ] } },
{ "type": "Feature", "properties": { "name": null, "amenity": "college", "building": null, "capacity": null, "emergency": null, "leisure": null }, "geometry": { "type": "Polygon", "coordinates": [ [ [ 77.5785741, 12.9401078 ], [ 77.5785726, 12.9405595 ], [ 77.578918, 12.9405606 ], [ 77.5788695, 12.9402066 ], [ 77.5788671, 12.9401888 ], [ 77.5787732, 12.9401875 ], [ 77.5787745, 12.9401091 ], [ 77.5785741, 12.9401078 ] ] ] } },
{ "type": "Feature", "properties": { "name": "St. Theresa School", "amenity": "school", "building": null, "capacity": null, "emergency": null, "leisure": null }, "geometry": { "type": "Polygon", "coordinates": [ [ [ 77.6857558, 12.9945534 ], [ 77.6858805, 12.9947442 ], [ 77.6864438, 12.9944175 ], [ 77.6862818, 12.9942186 ], [ 77.6857558, 12.9945534 ] ] ] } },
{ "type": "Feature", "properties": { "name": "Westline College", "amenity": "college", "building": null, "capacity": null, "emergency": null, "leisure": null }, "geometry": { "type": "Polygon", "coordinates": [ [ [ 77.634252, 13.1041559 ], [ 77.6343097, 13.103845 ], [ 77.6331228, 13.104101 ], [ 77.6331635, 13.1043231 ], [ 77.634252, 13.1041559 ] ] ] } },
{ "type": "Feature", "properties": { "name": null, "amenity": "school", "building": null, "capacity": null, "emergency": null, "leisure": null }, "geometry": { "type": "Polygon", "coordinates": [ [ [ 77.7616999, 12.9917438 ], [ 77.7620566, 12.9916445 ], [ 77.7619278, 12.9906827 ], [ 77.7615845, 12.9907716 ], [ 77.7616999, 12.9917438 ] ] ] } },
{ "type": "Feature", "properties": { "name": "Whitefield Global School", "amenity": "school", "building": null, "capacity": null, "emergency": null, "leisure": null }, "geometry": { "type": "Polygon", "coordinates": [ [ [ 77.7566988, 12.982223 ], [ 77.7570167, 12.9821023 ], [ 77.7570918, 12.9822931 ], [ 77.7574593, 12.9822042 ], [ 77.7571052, 12.9809575 ], [ 77.7563516, 12.9812475 ], [ 77.7566988, 12.982223 ] ] ] } },
{ "type": "Feature", "properties": { "name": "Government Polytechnic College", "amenity": "college", "building": null, "capacity": null, "emergency": null, "leisure": null }, "geometry": { "type": "Polygon", "coordinates": [ [ [ 77.7577892, 12.9798258 ], [ 77.7579018, 12.9805576 ], [ 77.7580896, 12.9814096 ], [ 77.7588138, 12.9812999 ], [ 77.759251, 12.9812737 ], [ 77.7591464, 12.9797447 ], [ 77.7582854, 12.9797761 ], [ 77.7577892, 12.9798258 ] ] ] } },
{ "type": "Feature", "properties": { "name": "Gunjur Palya Government School", "amenity": "school", "building": null, "capacity": null, "emergency": null, "leisure": null }, "geometry": { "type": "Polygon", "coordinates": [ [ [ 77.7164671, 12.9230267 ], [ 77.7173737, 12.923126 ], [ 77.7175105, 12.9227104 ], [ 77.7173308, 12.9226973 ], [ 77.7173281, 12.9225248 ], [ 77.7166656, 12.922645 ], [ 77.716628, 12.9225065 ], [ 77.7164832, 12.9224934 ], [ 77.7164671, 12.9230267 ] ] ] } },
{ "type": "Feature", "properties": { "name": "Shree Bharathi Vidhyalaya", "amenity": "school", "building": null, "capacity": null, "emergency": null, "leisure": null }, "geometry": { "type": "Polygon", "coordinates": [ [ [ 77.5415589, 12.9635059 ], [ 77.5419371, 12.9634877 ], [ 77.5419012, 12.9629225 ], [ 77.5414529, 12.962899 ], [ 77.5415589, 12.9635059 ] ] ] } },
{ "type": "Feature", "properties": { "name": "Chinmaya Vidhyalaya", "amenity": "school", "building": null, "capacity": null, "emergency": null, "leisure": null }, "geometry": { "type": "Polygon", "coordinates": [ [ [ 77.6149316, 12.9844017 ], [ 77.6152459, 12.9842964 ], [ 77.6154509, 12.9842964 ], [ 77.6154196, 12.9839911 ], [ 77.6149468, 12.9840403 ], [ 77.6149368, 12.9840808 ], [ 77.6149254, 12.9841095 ], [ 77.6149316, 12.9844017 ] ] ] } },
{ "type": "Feature", "properties": { "name": "Goutham College", "amenity": "college", "building": null, "capacity": null, "emergency": null, "leisure": null }, "geometry": { "type": "Polygon", "coordinates": [ [ [ 77.5477233, 12.995755 ], [ 77.5474716, 12.9958141 ], [ 77.547547, 12.9961186 ], [ 77.5477986, 12.9960594 ], [ 77.5477233, 12.995755 ] ] ] } },
{ "type": "Feature", "properties": { "name": "Indira Priyadarshini School", "amenity": "school", "building": null, "capacity": null, "emergency": null, "leisure": null }, "geometry": { "type": "Polygon", "coordinates": [ [ [ 77.5958072, 12.910419 ], [ 77.5957925, 12.9108451 ], [ 77.5961118, 12.9108556 ], [ 77.5961264, 12.9104322 ], [ 77.5958072, 12.910419 ] ] ] } },
{ "type": "Feature", "properties": { "name": null, "amenity": "school", "building": null, "capacity": null, "emergency": null, "leisure": null }, "geometry": { "type": "Polygon", "coordinates": [ [ [ 77.4845231, 12.8879302 ], [ 77.4848825, 12.8875014 ], [ 77.485199, 12.8872766 ], [ 77.485017, 12.88613 ], [ 77.4847966, 12.8861261 ], [ 77.4848235, 12.8862726 ], [ 77.4841036, 12.8862631 ], [ 77.4841502, 12.8865471 ], [ 77.4845231, 12.8879302 ] ] ] } },
{ "type": "Feature", "properties": { "name": "Government Higher Primary School Jakkasandra", "amenity": "school", "building": null, "capacity": null, "emergency": null, "leisure": null }, "geometry": { "type": "Polygon", "coordinates": [ [ [ 77.6367945, 12.925136 ], [ 77.6369105, 12.9251255 ], [ 77.6370141, 12.9250975 ], [ 77.6369993, 12.9248754 ], [ 77.6367986, 12.9248633 ], [ 77.6367945, 12.925136 ] ] ] } },
{ "type": "Feature", "properties": { "name": "New Baldwin international school", "amenity": "school", "building": null, "capacity": null, "emergency": null, "leisure": null }, "geometry": { "type": "Polygon", "coordinates": [ [ [ 77.6505209, 12.905266 ], [ 77.6502241, 12.9052817 ], [ 77.6502912, 12.9057079 ], [ 77.6505759, 12.9056935 ], [ 77.6505209, 12.905266 ] ] ] } },
{ "type": "Feature", "properties": { "name": "St. James English School", "amenity": "school", "building": null, "capacity": null, "emergency": null, "leisure": null }, "geometry": { "type": "Polygon", "coordinates": [ [ [ 77.6119517, 13.0501427 ], [ 77.6120113, 13.0505634 ], [ 77.6121691, 13.0505385 ], [ 77.6125083, 13.0504501 ], [ 77.6124553, 13.0501065 ], [ 77.6119517, 13.0501427 ] ] ] } },
{ "type": "Feature", "properties": { "name": null, "amenity": "school", "building": null, "capacity": null, "emergency": null, "leisure": null }, "geometry": { "type": "Polygon", "coordinates": [ [ [ 77.678497, 12.9902364 ], [ 77.6786325, 12.9908781 ], [ 77.6788593, 12.9908321 ], [ 77.678731, 12.9902297 ], [ 77.678497, 12.9902364 ] ] ] } },
{ "type": "Feature", "properties": { "name": null, "amenity": "school", "building": null, "capacity": null, "emergency": null, "leisure": null }, "geometry": { "type": "Polygon", "coordinates": [ [ [ 77.6064549, 12.9055569 ], [ 77.6065166, 12.9055529 ], [ 77.6064945, 12.9052471 ], [ 77.6067828, 12.9052242 ], [ 77.6067723, 12.9044243 ], [ 77.6061948, 12.9044954 ], [ 77.6062149, 12.9052529 ], [ 77.6064194, 12.9052412 ], [ 77.6064549, 12.9055569 ] ] ] } },
{ "type": "Feature", "properties": { "name": "Orchids The International School, BTM", "amenity": "school", "building": null, "capacity": null, "emergency": null, "leisure": null }, "geometry": { "type": "Polygon", "coordinates": [ [ [ 77.6052486, 12.9049438 ], [ 77.6052419, 12.9048085 ], [ 77.6049972, 12.9048222 ], [ 77.6049804, 12.9040405 ], [ 77.6052949, 12.904013 ], [ 77.6052862, 12.903962 ], [ 77.6057358, 12.9039356 ], [ 77.6057502, 12.9041764 ], [ 77.6058226, 12.9047117 ], [ 77.6053163, 12.904798 ], [ 77.6053277, 12.9049281 ], [ 77.6052845, 12.9049352 ], [ 77.6052486, 12.9049438 ] ] ] } },
{ "type": "Feature", "properties": { "name": "Orchids The International School - Majestic", "amenity": "school", "building": null, "capacity": null, "emergency": null, "leisure": null }, "geometry": { "type": "Polygon", "coordinates": [ [ [ 77.5715896, 12.9729282 ], [ 77.5717156, 12.9728929 ], [ 77.5719436, 12.9727923 ], [ 77.5718578, 12.9723793 ], [ 77.5715084, 12.9724335 ], [ 77.5715614, 12.9727491 ], [ 77.5715896, 12.9729282 ] ] ] } },
{ "type": "Feature", "properties": { "name": null, "amenity": "school", "building": null, "capacity": null, "emergency": null, "leisure": null }, "geometry": { "type": "Polygon", "coordinates": [ [ [ 77.6951475, 12.9925201 ], [ 77.6956116, 12.9923659 ], [ 77.6956518, 12.9924377 ], [ 77.695747, 12.9924038 ], [ 77.6956384, 12.9921228 ], [ 77.6957363, 12.9920888 ], [ 77.6955713, 12.9917151 ], [ 77.6951408, 12.9919346 ], [ 77.6950067, 12.9919908 ], [ 77.6951475, 12.9925201 ] ] ] } },
{ "type": "Feature", "properties": { "name": "Narayana PU College", "amenity": "college", "building": null, "capacity": null, "emergency": null, "leisure": null }, "geometry": { "type": "Polygon", "coordinates": [ [ [ 77.6530784, 13.0542887 ], [ 77.6535632, 13.0542936 ], [ 77.6535666, 13.053983 ], [ 77.6530818, 13.053978 ], [ 77.6530784, 13.0542887 ] ] ] } },
{ "type": "Feature", "properties": { "name": null, "amenity": "school", "building": null, "capacity": null, "emergency": null, "leisure": null }, "geometry": { "type": "Polygon", "coordinates": [ [ [ 77.5824659, 12.8712594 ], [ 77.5824291, 12.8710143 ], [ 77.5831361, 12.8709192 ], [ 77.5831593, 12.8711437 ], [ 77.5824659, 12.8712594 ] ] ] } },
{ "type": "Feature", "properties": { "name": "Mother Theresa Memorial School", "amenity": "school", "building": null, "capacity": null, "emergency": null, "leisure": null }, "geometry": { "type": "Polygon", "coordinates": [ [ [ 77.6914139, 13.0282302 ], [ 77.6917773, 13.0281597 ], [ 77.6917063, 13.0277246 ], [ 77.6913254, 13.0277938 ], [ 77.6914139, 13.0282302 ] ] ] } },
{ "type": "Feature", "properties": { "name": "Government Telugu High School", "amenity": "school", "building": null, "capacity": null, "emergency": null, "leisure": null }, "geometry": { "type": "Polygon", "coordinates": [ [ [ 77.6013142, 12.9838726 ], [ 77.6012756, 12.9839109 ], [ 77.6015948, 12.9842115 ], [ 77.6016685, 12.9843683 ], [ 77.6019274, 12.9842729 ], [ 77.6019175, 12.9842496 ], [ 77.6018742, 12.9841474 ], [ 77.6017235, 12.9837959 ], [ 77.6016606, 12.9837487 ], [ 77.6013142, 12.9838726 ] ] ] } },
{ "type": "Feature", "properties": { "name": "SASI PU College", "amenity": "college", "building": null, "capacity": null, "emergency": null, "leisure": null }, "geometry": { "type": "Polygon", "coordinates": [ [ [ 77.6437186, 13.0291856 ], [ 77.6436934, 13.0296453 ], [ 77.6440126, 13.0297184 ], [ 77.6440191, 13.0291492 ], [ 77.6440069, 13.0291507 ], [ 77.6437276, 13.0291846 ], [ 77.6437186, 13.0291856 ] ] ] } },
{ "type": "Feature", "properties": { "name": "VJR High School", "amenity": "school", "building": null, "capacity": null, "emergency": null, "leisure": null }, "geometry": { "type": "Polygon", "coordinates": [ [ [ 77.6439227, 13.0313954 ], [ 77.6443973, 13.0313807 ], [ 77.6443881, 13.0311001 ], [ 77.6439135, 13.0311149 ], [ 77.6439227, 13.0313954 ] ] ] } },
{ "type": "Feature", "properties": { "name": "St. Paul High School", "amenity": "school", "building": null, "capacity": null, "emergency": null, "leisure": null }, "geometry": { "type": "Polygon", "coordinates": [ [ [ 77.6424445, 13.0312602 ], [ 77.6418691, 13.0311805 ], [ 77.6417106, 13.0311615 ], [ 77.641671, 13.0316548 ], [ 77.6418427, 13.0316587 ], [ 77.6418494, 13.031528 ], [ 77.6423416, 13.0315241 ], [ 77.6423418, 13.0315529 ], [ 77.6425039, 13.0315516 ], [ 77.6425044, 13.0315139 ], [ 77.6425085, 13.0312652 ], [ 77.6424445, 13.0312602 ] ] ] } },
{ "type": "Feature", "properties": { "name": "Anjadari High School", "amenity": "school", "building": null, "capacity": null, "emergency": null, "leisure": null }, "geometry": { "type": "Polygon", "coordinates": [ [ [ 77.6980403, 12.9109746 ], [ 77.6987041, 12.9107641 ], [ 77.6986096, 12.9105393 ], [ 77.6985633, 12.91047 ], [ 77.698444, 12.9104479 ], [ 77.698326, 12.9104949 ], [ 77.6979733, 12.9106557 ], [ 77.6977935, 12.9107655 ], [ 77.6979505, 12.9108465 ], [ 77.6980403, 12.9109746 ] ] ] } },
{ "type": "Feature", "properties": { "name": null, "amenity": "school", "building": null, "capacity": null, "emergency": null, "leisure": null }, "geometry": { "type": "Polygon", "coordinates": [ [ [ 77.5359169, 12.984414 ], [ 77.5365297, 12.984269 ], [ 77.536511, 12.9840037 ], [ 77.5358525, 12.9841409 ], [ 77.5359169, 12.984414 ] ] ] } },
{ "type": "Feature", "properties": { "name": "Shantiniketan English High School, B M P 64", "amenity": "school", "building": null, "capacity": null, "emergency": null, "leisure": null }, "geometry": { "type": "Polygon", "coordinates": [ [ [ 77.6022841, 12.9150923 ], [ 77.6023454, 12.9150978 ], [ 77.6028004, 12.9151393 ], [ 77.602846, 12.9143354 ], [ 77.6022238, 12.9143432 ], [ 77.6022232, 12.9145746 ], [ 77.6023565, 12.9145916 ], [ 77.6022841, 12.9150923 ] ] ] } },
{ "type": "Feature", "properties": { "name": "Government Deaf and Dumb School", "amenity": "school", "building": null, "capacity": null, "emergency": null, "leisure": null }, "geometry": { "type": "Polygon", "coordinates": [ [ [ 77.6424512, 12.9799446 ], [ 77.6420219, 12.9799272 ], [ 77.6420185, 12.9799934 ], [ 77.6420168, 12.9800393 ], [ 77.6414478, 12.980037 ], [ 77.641446, 12.9803685 ], [ 77.6429249, 12.9803519 ], [ 77.6428284, 12.9799996 ], [ 77.6427908, 12.9799604 ], [ 77.6424512, 12.9799446 ] ] ] } },
{ "type": "Feature", "properties": { "name": "Little Angels Modern High School", "amenity": "school", "building": null, "capacity": null, "emergency": null, "leisure": null }, "geometry": { "type": "Polygon", "coordinates": [ [ [ 77.6606181, 12.9985805 ], [ 77.6606396, 12.9987786 ], [ 77.6608086, 12.9987951 ], [ 77.6612565, 12.9987219 ], [ 77.6612696, 12.9987289 ], [ 77.6614764, 12.9983805 ], [ 77.6606181, 12.9985805 ] ] ] } },
{ "type": "Feature", "properties": { "name": "Yuvalok School", "amenity": "school", "building": null, "capacity": null, "emergency": null, "leisure": null }, "geometry": { "type": "Polygon", "coordinates": [ [ [ 77.6426582, 13.0372405 ], [ 77.6428029, 13.0372481 ], [ 77.6428201, 13.0369818 ], [ 77.6426592, 13.0370116 ], [ 77.6426393, 13.0370847 ], [ 77.6426582, 13.0372405 ] ] ] } },
{ "type": "Feature", "properties": { "name": "CMA English Nursery and HR Primary School", "amenity": "school", "building": null, "capacity": null, "emergency": null, "leisure": null }, "geometry": { "type": "Polygon", "coordinates": [ [ [ 77.553643, 12.9602327 ], [ 77.5535122, 12.960476 ], [ 77.5535191, 12.9609042 ], [ 77.5535946, 12.9608876 ], [ 77.5538555, 12.9607975 ], [ 77.5538582, 12.960604 ], [ 77.5537394, 12.9602396 ], [ 77.553643, 12.9602327 ] ] ] } },
{ "type": "Feature", "properties": { "name": "SLS International Gurukul", "amenity": "school", "building": null, "capacity": null, "emergency": null, "leisure": null }, "geometry": { "type": "Polygon", "coordinates": [ [ [ 77.6798055, 13.0420537 ], [ 77.6800904, 13.0420371 ], [ 77.6800954, 13.04211 ], [ 77.6802016, 13.0421071 ], [ 77.680156, 13.0411481 ], [ 77.6797899, 13.0411755 ], [ 77.6798055, 13.0420537 ] ] ] } },
{ "type": "Feature", "properties": { "name": "Princeton Public School", "amenity": "school", "building": null, "capacity": null, "emergency": null, "leisure": null }, "geometry": { "type": "Polygon", "coordinates": [ [ [ 77.7144869, 13.0281761 ], [ 77.7149972, 13.0280591 ], [ 77.7148417, 13.0275547 ], [ 77.714721, 13.0274424 ], [ 77.7147022, 13.027398 ], [ 77.7143562, 13.027479 ], [ 77.7143864, 13.0277462 ], [ 77.7144869, 13.0281761 ] ] ] } },
{ "type": "Feature", "properties": { "name": "Garden City University", "amenity": "college", "building": null, "capacity": null, "emergency": null, "leisure": null }, "geometry": { "type": "Polygon", "coordinates": [ [ [ 77.7059656, 13.0261313 ], [ 77.7059681, 13.0261887 ], [ 77.707867, 13.0258429 ], [ 77.7074468, 13.02479 ], [ 77.7072819, 13.0245352 ], [ 77.7063632, 13.0245809 ], [ 77.706439, 13.024979 ], [ 77.705857, 13.0250381 ], [ 77.7058844, 13.025881 ], [ 77.7059175, 13.025983 ], [ 77.7059656, 13.0261313 ] ] ] } },
{ "type": "Feature", "properties": { "name": "Indus Valley School", "amenity": "school", "building": null, "capacity": null, "emergency": null, "leisure": null }, "geometry": { "type": "Polygon", "coordinates": [ [ [ 77.7059013, 13.0205821 ], [ 77.7052099, 13.02078 ], [ 77.7051951, 13.0209747 ], [ 77.7054512, 13.0210139 ], [ 77.705749, 13.0210152 ], [ 77.7060219, 13.0209813 ], [ 77.7059013, 13.0205821 ] ] ] } },
{ "type": "Feature", "properties": { "name": null, "amenity": "school", "building": null, "capacity": null, "emergency": null, "leisure": null }, "geometry": { "type": "Polygon", "coordinates": [ [ [ 77.5482489, 13.0063783 ], [ 77.5481519, 13.0064003 ], [ 77.5479083, 13.0064554 ], [ 77.5479808, 13.0067857 ], [ 77.5483126, 13.0067155 ], [ 77.5482489, 13.0063783 ] ] ] } },
{ "type": "Feature", "properties": { "name": null, "amenity": "school", "building": null, "capacity": null, "emergency": null, "leisure": null }, "geometry": { "type": "Polygon", "coordinates": [ [ [ 77.7120408, 13.0150595 ], [ 77.7123144, 13.015104 ], [ 77.7124123, 13.0151013 ], [ 77.7124109, 13.0148975 ], [ 77.7124192, 13.0148843 ], [ 77.7124297, 13.0148727 ], [ 77.7124498, 13.0148583 ], [ 77.7127723, 13.0148642 ], [ 77.7127992, 13.0144761 ], [ 77.712024, 13.0145663 ], [ 77.7120408, 13.0150595 ] ] ] } },
{ "type": "Feature", "properties": { "name": null, "amenity": "school", "building": null, "capacity": null, "emergency": null, "leisure": null }, "geometry": { "type": "Polygon", "coordinates": [ [ [ 77.7130499, 13.0039344 ], [ 77.7136897, 13.0039279 ], [ 77.7136816, 13.0034183 ], [ 77.7136199, 13.0034222 ], [ 77.7130178, 13.0035464 ], [ 77.7130499, 13.0039344 ] ] ] } },
{ "type": "Feature", "properties": { "name": null, "amenity": "school", "building": null, "capacity": null, "emergency": null, "leisure": null }, "geometry": { "type": "Polygon", "coordinates": [ [ [ 77.6995833, 12.9861676 ], [ 77.6995035, 12.9859299 ], [ 77.6993375, 12.9859547 ], [ 77.6993841, 12.9862031 ], [ 77.6995833, 12.9861676 ] ] ] } },
{ "type": "Feature", "properties": { "name": "Sri Krishna High School and PU College", "amenity": "school", "building": null, "capacity": null, "emergency": null, "leisure": null }, "geometry": { "type": "Polygon", "coordinates": [ [ [ 77.7047709, 13.0012261 ], [ 77.704854, 13.0017165 ], [ 77.7053336, 13.0016394 ], [ 77.7052505, 13.0011489 ], [ 77.7047709, 13.0012261 ] ] ] } },
{ "type": "Feature", "properties": { "name": "Sree Venkateshwara P U College", "amenity": "college", "building": null, "capacity": null, "emergency": null, "leisure": null }, "geometry": { "type": "Polygon", "coordinates": [ [ [ 77.6957323, 13.0127311 ], [ 77.6964109, 13.0125939 ], [ 77.6963277, 13.0121182 ], [ 77.6956223, 13.0123038 ], [ 77.6957323, 13.0127311 ] ] ] } },
{ "type": "Feature", "properties": { "name": null, "amenity": "school", "building": null, "capacity": null, "emergency": null, "leisure": null }, "geometry": { "type": "Polygon", "coordinates": [ [ [ 77.698216, 13.0131191 ], [ 77.6973282, 13.0127141 ], [ 77.6973778, 13.0132759 ], [ 77.697833, 13.013239 ], [ 77.6978539, 13.0133988 ], [ 77.6979917, 13.0133787 ], [ 77.6981141, 13.0133609 ], [ 77.6980973, 13.0132126 ], [ 77.6981939, 13.0132067 ], [ 77.698216, 13.0131191 ] ] ] } },
{ "type": "Feature", "properties": { "name": "JES Public School", "amenity": "school", "building": null, "capacity": null, "emergency": null, "leisure": null }, "geometry": { "type": "Polygon", "coordinates": [ [ [ 77.5095347, 12.9576347 ], [ 77.5096802, 12.9581706 ], [ 77.5102991, 12.9580111 ], [ 77.5101536, 12.9574751 ], [ 77.5095347, 12.9576347 ] ] ] } },
{ "type": "Feature", "properties": { "name": null, "amenity": "school", "building": null, "capacity": null, "emergency": null, "leisure": null }, "geometry": { "type": "Polygon", "coordinates": [ [ [ 77.4943373, 12.9589416 ], [ 77.4938169, 12.9590239 ], [ 77.4939483, 12.9596068 ], [ 77.4939644, 12.9596264 ], [ 77.4944392, 12.9594866 ], [ 77.4944375, 12.9594775 ], [ 77.4943373, 12.9589416 ] ] ] } },
{ "type": "Feature", "properties": { "name": "Rajiv Gandhi Memorial Polytechnic", "amenity": "college", "building": null, "capacity": null, "emergency": null, "leisure": null }, "geometry": { "type": "Polygon", "coordinates": [ [ [ 77.5032515, 12.9600861 ], [ 77.5033595, 12.9604714 ], [ 77.5035037, 12.9604359 ], [ 77.5037809, 12.9603677 ], [ 77.5036472, 12.9599924 ], [ 77.5033253, 12.9600708 ], [ 77.5032515, 12.9600861 ] ] ] } },
{ "type": "Feature", "properties": { "name": "J S Pre-University College", "amenity": "college", "building": null, "capacity": null, "emergency": null, "leisure": null }, "geometry": { "type": "Polygon", "coordinates": [ [ [ 77.5036472, 12.9599924 ], [ 77.5037277, 12.9599689 ], [ 77.5036874, 12.959782 ], [ 77.5036217, 12.959799 ], [ 77.5035976, 12.9597062 ], [ 77.5036499, 12.9596892 ], [ 77.5035949, 12.9594265 ], [ 77.5035916, 12.9594141 ], [ 77.5031067, 12.9595467 ], [ 77.5029592, 12.959548 ], [ 77.5031362, 12.96011 ], [ 77.5032515, 12.9600861 ], [ 77.5033253, 12.9600708 ], [ 77.5036472, 12.9599924 ] ] ] } },
{ "type": "Feature", "properties": { "name": "Orchids The International School, Nagarbhavi", "amenity": "school", "building": null, "capacity": null, "emergency": null, "leisure": null }, "geometry": { "type": "Polygon", "coordinates": [ [ [ 77.5081077, 12.9769128 ], [ 77.5081895, 12.9768814 ], [ 77.5080098, 12.9763665 ], [ 77.5073473, 12.9766109 ], [ 77.5075203, 12.9769389 ], [ 77.5080407, 12.976756 ], [ 77.5081077, 12.9769128 ] ] ] } },
{ "type": "Feature", "properties": { "name": "Jubilee International Public School", "amenity": "school", "building": null, "capacity": null, "emergency": null, "leisure": null }, "geometry": { "type": "Polygon", "coordinates": [ [ [ 77.5063003, 12.9749679 ], [ 77.5064853, 12.9749302 ], [ 77.5065009, 12.9750033 ], [ 77.5068297, 12.9749363 ], [ 77.5067308, 12.9744754 ], [ 77.5062171, 12.97458 ], [ 77.5063003, 12.9749679 ] ] ] } },
{ "type": "Feature", "properties": { "name": "HMV International School", "amenity": "school", "building": null, "capacity": null, "emergency": null, "leisure": null }, "geometry": { "type": "Polygon", "coordinates": [ [ [ 77.5057755, 12.9754922 ], [ 77.5048985, 12.9753524 ], [ 77.5051533, 12.9759993 ], [ 77.5058734, 12.9757131 ], [ 77.5057755, 12.9754922 ] ] ] } },
{ "type": "Feature", "properties": { "name": "Gangothri International Public School", "amenity": "school", "building": null, "capacity": null, "emergency": null, "leisure": null }, "geometry": { "type": "Polygon", "coordinates": [ [ [ 77.503446, 12.9843657 ], [ 77.5041407, 12.9841723 ], [ 77.504079, 12.9839723 ], [ 77.5043486, 12.9838874 ], [ 77.504295, 12.9837449 ], [ 77.5042078, 12.9837685 ], [ 77.5041153, 12.9834705 ], [ 77.5039785, 12.9834993 ], [ 77.503847, 12.9829556 ], [ 77.5037478, 12.9825544 ], [ 77.5033227, 12.9826511 ], [ 77.5034474, 12.9832222 ], [ 77.5031309, 12.9832745 ], [ 77.503446, 12.9843657 ] ] ] } },
{ "type": "Feature", "properties": { "name": null, "amenity": "school", "building": null, "capacity": null, "emergency": null, "leisure": null }, "geometry": { "type": "Polygon", "coordinates": [ [ [ 77.5013874, 12.9767128 ], [ 77.501661, 12.9766109 ], [ 77.5012936, 12.9752936 ], [ 77.5010468, 12.9753681 ], [ 77.501252, 12.9761757 ], [ 77.5013874, 12.9767128 ] ] ] } },
{ "type": "Feature", "properties": { "name": null, "amenity": "school", "building": null, "capacity": null, "emergency": null, "leisure": null }, "geometry": { "type": "Polygon", "coordinates": [ [ [ 77.4935246, 12.9739907 ], [ 77.4931571, 12.9739358 ], [ 77.4931329, 12.9743435 ], [ 77.4936131, 12.9744245 ], [ 77.4935246, 12.9739907 ] ] ] } },
{ "type": "Feature", "properties": { "name": null, "amenity": "school", "building": null, "capacity": null, "emergency": null, "leisure": null }, "geometry": { "type": "Polygon", "coordinates": [ [ [ 77.487784, 12.9755818 ], [ 77.4887469, 12.9754014 ], [ 77.48872, 12.9751806 ], [ 77.4883767, 12.9752348 ], [ 77.4883472, 12.9750453 ], [ 77.488315, 12.9748872 ], [ 77.4884009, 12.9748728 ], [ 77.4882802, 12.9742546 ], [ 77.4880508, 12.9744023 ], [ 77.4879932, 12.9745408 ], [ 77.4879623, 12.974682 ], [ 77.4879489, 12.9748819 ], [ 77.4878939, 12.97521 ], [ 77.4878832, 12.9752831 ], [ 77.487784, 12.9755818 ] ] ] } },
{ "type": "Feature", "properties": { "name": "National Public School West", "amenity": "school", "building": null, "capacity": null, "emergency": null, "leisure": null }, "geometry": { "type": "Polygon", "coordinates": [ [ [ 77.4905889, 12.9716683 ], [ 77.4911334, 12.9715612 ], [ 77.4910744, 12.9711482 ], [ 77.4910851, 12.9709914 ], [ 77.4903958, 12.9710776 ], [ 77.4905889, 12.9716683 ] ] ] } },
{ "type": "Feature", "properties": { "name": null, "amenity": "college", "building": null, "capacity": null, "emergency": null, "leisure": null }, "geometry": { "type": "Polygon", "coordinates": [ [ [ 77.5780553, 12.9361259 ], [ 77.5780798, 12.9366558 ], [ 77.5784111, 12.9366532 ], [ 77.5784017, 12.9364622 ], [ 77.5784004, 12.9364349 ], [ 77.5783856, 12.936231 ], [ 77.5783561, 12.9361043 ], [ 77.5782849, 12.9359821 ], [ 77.5780553, 12.9361259 ] ] ] } },
{ "type": "Feature", "properties": { "name": null, "amenity": "school", "building": null, "capacity": null, "emergency": null, "leisure": null }, "geometry": { "type": "Polygon", "coordinates": [ [ [ 77.4982895, 12.9744167 ], [ 77.4979301, 12.9745408 ], [ 77.4980226, 12.9750152 ], [ 77.4984115, 12.9748101 ], [ 77.4982895, 12.9744167 ] ] ] } },
{ "type": "Feature", "properties": { "name": "MHN Islamic English School", "amenity": "school", "building": null, "capacity": null, "emergency": null, "leisure": null }, "geometry": { "type": "Polygon", "coordinates": [ [ [ 77.628726, 13.0473977 ], [ 77.629245, 13.0472997 ], [ 77.6291458, 13.0469574 ], [ 77.6287314, 13.0470594 ], [ 77.6287689, 13.047156 ], [ 77.6286241, 13.0472096 ], [ 77.628726, 13.0473977 ] ] ] } },
{ "type": "Feature", "properties": { "name": "St. Javeria English High School", "amenity": "school", "building": null, "capacity": null, "emergency": null, "leisure": null }, "geometry": { "type": "Polygon", "coordinates": [ [ [ 77.6300476, 13.0470626 ], [ 77.6303038, 13.0469757 ], [ 77.6301985, 13.0467301 ], [ 77.6299404, 13.0468157 ], [ 77.6300161, 13.0469784 ], [ 77.6300476, 13.0470626 ] ] ] } },
{ "type": "Feature", "properties": { "name": null, "amenity": "school", "building": null, "capacity": null, "emergency": null, "leisure": null }, "geometry": { "type": "Polygon", "coordinates": [ [ [ 77.4917905, 12.9537974 ], [ 77.4920802, 12.9537255 ], [ 77.4919131, 12.9532181 ], [ 77.4916953, 12.9532694 ], [ 77.4917905, 12.9537974 ] ] ] } },
{ "type": "Feature", "properties": { "name": null, "amenity": "college", "building": null, "capacity": null, "emergency": null, "leisure": null }, "geometry": { "type": "Polygon", "coordinates": [ [ [ 77.4919327, 12.9518003 ], [ 77.4923477, 12.9516892 ], [ 77.4922968, 12.9515206 ], [ 77.4922398, 12.9514971 ], [ 77.491877, 12.9516069 ], [ 77.4919327, 12.9518003 ] ] ] } },
{ "type": "Feature", "properties": { "name": null, "amenity": "school", "building": null, "capacity": null, "emergency": null, "leisure": null }, "geometry": { "type": "Polygon", "coordinates": [ [ [ 77.4906036, 12.9545202 ], [ 77.4907874, 12.9544718 ], [ 77.4907096, 12.9539804 ], [ 77.4903998, 12.9540405 ], [ 77.4906036, 12.9545202 ] ] ] } },
{ "type": "Feature", "properties": { "name": "Indian National Public School", "amenity": "school", "building": null, "capacity": null, "emergency": null, "leisure": null }, "geometry": { "type": "Polygon", "coordinates": [ [ [ 77.4925777, 12.9544143 ], [ 77.4928647, 12.955039 ], [ 77.4932215, 12.9546914 ], [ 77.4931764, 12.9546383 ], [ 77.4931261, 12.9545898 ], [ 77.4930713, 12.9545464 ], [ 77.4930122, 12.9545084 ], [ 77.4929454, 12.9544744 ], [ 77.4928753, 12.9544474 ], [ 77.4928027, 12.9544277 ], [ 77.4927283, 12.9544155 ], [ 77.4926531, 12.954411 ], [ 77.4925777, 12.9544143 ] ] ] } },
{ "type": "Feature", "properties": { "name": "Chitrakoota Kaushalya School", "amenity": "school", "building": null, "capacity": null, "emergency": null, "leisure": null }, "geometry": { "type": "Polygon", "coordinates": [ [ [ 77.4926247, 12.938023 ], [ 77.492618, 12.9379446 ], [ 77.4916658, 12.9381472 ], [ 77.4914888, 12.9381642 ], [ 77.4915826, 12.9385733 ], [ 77.4923699, 12.9384047 ], [ 77.4923296, 12.9380832 ], [ 77.4926247, 12.938023 ] ] ] } },
{ "type": "Feature", "properties": { "name": "Indian High School", "amenity": "school", "building": null, "capacity": null, "emergency": null, "leisure": null }, "geometry": { "type": "Polygon", "coordinates": [ [ [ 77.491896, 12.9448897 ], [ 77.4920088, 12.9452855 ], [ 77.4923612, 12.9451901 ], [ 77.4922484, 12.9447943 ], [ 77.491896, 12.9448897 ] ] ] } },
{ "type": "Feature", "properties": { "name": "Jnanaprakash Academy for Competitive Examinations", "amenity": "college", "building": null, "capacity": null, "emergency": null, "leisure": null }, "geometry": { "type": "Polygon", "coordinates": [ [ [ 77.49248, 12.947028 ], [ 77.4922583, 12.9470861 ], [ 77.4924114, 12.9476297 ], [ 77.4925657, 12.9476336 ], [ 77.4925791, 12.947648 ], [ 77.4926421, 12.9476376 ], [ 77.49248, 12.947028 ] ] ] } },
{ "type": "Feature", "properties": { "name": "VSS International Public School", "amenity": "school", "building": null, "capacity": null, "emergency": null, "leisure": null }, "geometry": { "type": "Polygon", "coordinates": [ [ [ 77.495441, 12.9422383 ], [ 77.4951701, 12.9423663 ], [ 77.495154, 12.9423363 ], [ 77.4948952, 12.9424591 ], [ 77.4946538, 12.9426121 ], [ 77.494525, 12.9426787 ], [ 77.4941884, 12.9428761 ], [ 77.4943627, 12.9432525 ], [ 77.4945599, 12.9431689 ], [ 77.4946296, 12.9433152 ], [ 77.4954316, 12.9429898 ], [ 77.4952479, 12.9425546 ], [ 77.4955268, 12.9424343 ], [ 77.495441, 12.9422383 ] ] ] } },
{ "type": "Feature", "properties": { "name": "Narayana PU College", "amenity": "college", "building": null, "capacity": null, "emergency": null, "leisure": null }, "geometry": { "type": "Polygon", "coordinates": [ [ [ 77.4958103, 12.9430391 ], [ 77.4949783, 12.9433741 ], [ 77.4950306, 12.9435178 ], [ 77.4958675, 12.9433022 ], [ 77.4958304, 12.9431315 ], [ 77.4958103, 12.9430391 ] ] ] } },
{ "type": "Feature", "properties": { "name": null, "amenity": "school", "building": null, "capacity": null, "emergency": null, "leisure": null }, "geometry": { "type": "Polygon", "coordinates": [ [ [ 77.4972743, 12.9502529 ], [ 77.4972823, 12.9503169 ], [ 77.4972273, 12.9505548 ], [ 77.4973387, 12.950577 ], [ 77.4973293, 12.950628 ], [ 77.4977893, 12.9507182 ], [ 77.4978563, 12.950279 ], [ 77.4981192, 12.9501705 ], [ 77.4979314, 12.9500555 ], [ 77.4972582, 12.9501496 ], [ 77.4972743, 12.9502529 ] ] ] } },
{ "type": "Feature", "properties": { "name": "PVP School", "amenity": "school", "building": null, "capacity": null, "emergency": null, "leisure": null }, "geometry": { "type": "Polygon", "coordinates": [ [ [ 77.4985481, 12.9478303 ], [ 77.4970865, 12.9480153 ], [ 77.4974191, 12.9490975 ], [ 77.498756, 12.9487487 ], [ 77.4985481, 12.9478303 ] ] ] } },
{ "type": "Feature", "properties": { "name": "St. Dominic's School", "amenity": "school", "building": null, "capacity": null, "emergency": null, "leisure": null }, "geometry": { "type": "Polygon", "coordinates": [ [ [ 77.5505684, 12.9153223 ], [ 77.5513288, 12.9151589 ], [ 77.5512564, 12.9148648 ], [ 77.5507388, 12.9148766 ], [ 77.5504008, 12.914938 ], [ 77.5504866, 12.9152609 ], [ 77.5505684, 12.9153223 ] ] ] } },
{ "type": "Feature", "properties": { "name": "Gnana Bodhini High School", "amenity": "school", "building": null, "capacity": null, "emergency": null, "leisure": null }, "geometry": { "type": "Polygon", "coordinates": [ [ [ 77.4994626, 12.9323617 ], [ 77.4977007, 12.9328483 ], [ 77.4978322, 12.9332352 ], [ 77.4995466, 12.9328226 ], [ 77.4994626, 12.9323617 ] ] ] } },
{ "type": "Feature", "properties": { "name": "NGS Madrasa Ashraful Banat", "amenity": "school", "building": null, "capacity": null, "emergency": null, "leisure": null }, "geometry": { "type": "Polygon", "coordinates": [ [ [ 77.5304505, 12.8578131 ], [ 77.5304049, 12.8581791 ], [ 77.5309333, 12.8580902 ], [ 77.5309384, 12.857776 ], [ 77.5304505, 12.8578131 ] ] ] } },
{ "type": "Feature", "properties": { "name": "JNS Public School", "amenity": "school", "building": null, "capacity": null, "emergency": null, "leisure": null }, "geometry": { "type": "Polygon", "coordinates": [ [ [ 77.4810147, 12.9780354 ], [ 77.4812655, 12.9779831 ], [ 77.4811985, 12.9775937 ], [ 77.4810885, 12.9776159 ], [ 77.4810523, 12.977493 ], [ 77.4810013, 12.9775074 ], [ 77.4809718, 12.9774316 ], [ 77.4807411, 12.9775283 ], [ 77.4809504, 12.9779165 ], [ 77.4810147, 12.9780354 ] ] ] } },
{ "type": "Feature", "properties": { "name": null, "amenity": "college", "building": null, "capacity": null, "emergency": null, "leisure": null }, "geometry": { "type": "Polygon", "coordinates": [ [ [ 77.4815914, 12.9811065 ], [ 77.4822003, 12.9809941 ], [ 77.4821105, 12.9804295 ], [ 77.4815807, 12.9805236 ], [ 77.4815914, 12.9811065 ] ] ] } },
{ "type": "Feature", "properties": { "name": null, "amenity": "school", "building": null, "capacity": null, "emergency": null, "leisure": null }, "geometry": { "type": "Polygon", "coordinates": [ [ [ 77.4811099, 12.979865 ], [ 77.4821225, 12.9796807 ], [ 77.4820474, 12.9792599 ], [ 77.4811314, 12.9793945 ], [ 77.4811099, 12.979865 ] ] ] } },
{ "type": "Feature", "properties": { "name": "Kautilya PU College", "amenity": "college", "building": null, "capacity": null, "emergency": null, "leisure": null }, "geometry": { "type": "Polygon", "coordinates": [ [ [ 77.4801032, 12.9721689 ], [ 77.4797407, 12.9722878 ], [ 77.4789843, 12.9725466 ], [ 77.479113, 12.9728079 ], [ 77.4798506, 12.9725492 ], [ 77.4801967, 12.9724525 ], [ 77.4801032, 12.9721689 ] ] ] } },
{ "type": "Feature", "properties": { "name": "Prajawal Nursing school", "amenity": "school", "building": null, "capacity": null, "emergency": null, "leisure": null }, "geometry": { "type": "Polygon", "coordinates": [ [ [ 77.4792887, 12.9855392 ], [ 77.4792154, 12.9852164 ], [ 77.4788891, 12.9852582 ], [ 77.4789816, 12.9856176 ], [ 77.4792887, 12.9855392 ] ] ] } },
{ "type": "Feature", "properties": { "name": "Annie Besant Convent and High School", "amenity": "school", "building": null, "capacity": null, "emergency": null, "leisure": null }, "geometry": { "type": "Polygon", "coordinates": [ [ [ 77.473347, 12.9896592 ], [ 77.4735716, 12.9895628 ], [ 77.4733476, 12.989044 ], [ 77.4731156, 12.9891409 ], [ 77.473298, 12.9895615 ], [ 77.473347, 12.9896592 ] ] ] } },
{ "type": "Feature", "properties": { "name": "Shiksha Sagar High School", "amenity": "school", "building": null, "capacity": null, "emergency": null, "leisure": null }, "geometry": { "type": "Polygon", "coordinates": [ [ [ 77.5806414, 13.0322636 ], [ 77.5806762, 13.0324139 ], [ 77.5809149, 13.0324165 ], [ 77.5809109, 13.0319083 ], [ 77.5806172, 13.0318318 ], [ 77.5806414, 13.0322636 ] ] ] } },
{ "type": "Feature", "properties": { "name": "SM English School", "amenity": "school", "building": null, "capacity": null, "emergency": null, "leisure": null }, "geometry": { "type": "Polygon", "coordinates": [ [ [ 77.7184481, 12.9847979 ], [ 77.7184519, 12.9846414 ], [ 77.7183661, 12.9846689 ], [ 77.7182992, 12.9843807 ], [ 77.7178393, 12.984542 ], [ 77.7178486, 12.98481 ], [ 77.7184481, 12.9847979 ] ] ] } },
{ "type": "Feature", "properties": { "name": "Government Kannada Medium Primary School", "amenity": "school", "building": null, "capacity": null, "emergency": null, "leisure": null }, "geometry": { "type": "Polygon", "coordinates": [ [ [ 77.6121016, 12.9578564 ], [ 77.6121399, 12.9581391 ], [ 77.6124475, 12.9580959 ], [ 77.6124349, 12.9580137 ], [ 77.6124129, 12.9578234 ], [ 77.6121016, 12.9578564 ] ] ] } },
{ "type": "Feature", "properties": { "name": "Karnataka Vidya Shala (KVS)HPS, Austin Town W No 71", "amenity": "school", "building": null, "capacity": null, "emergency": null, "leisure": null }, "geometry": { "type": "Polygon", "coordinates": [ [ [ 77.6139678, 12.9574255 ], [ 77.6137787, 12.9574491 ], [ 77.6136258, 12.9574465 ], [ 77.613658, 12.9578359 ], [ 77.6139416, 12.9578116 ], [ 77.6140089, 12.9578058 ], [ 77.6139678, 12.9574255 ] ] ] } },
{ "type": "Feature", "properties": { "name": "Sacred Heart Boys School", "amenity": "school", "building": null, "capacity": null, "emergency": null, "leisure": null }, "geometry": { "type": "Polygon", "coordinates": [ [ [ 77.6098143, 12.9658242 ], [ 77.6100467, 12.9655515 ], [ 77.6102643, 12.9658594 ], [ 77.6104356, 12.9660458 ], [ 77.6105842, 12.9661825 ], [ 77.6103061, 12.9665097 ], [ 77.6101548, 12.9668287 ], [ 77.6101293, 12.9668235 ], [ 77.6097241, 12.9667415 ], [ 77.6096592, 12.9667276 ], [ 77.6096597, 12.9666947 ], [ 77.6096966, 12.9665432 ], [ 77.6101118, 12.9660746 ], [ 77.6098143, 12.9658242 ] ] ] } },
{ "type": "Feature", "properties": { "name": "Karnataka Public School", "amenity": "school", "building": null, "capacity": null, "emergency": null, "leisure": null }, "geometry": { "type": "Polygon", "coordinates": [ [ [ 77.6547816, 13.0164028 ], [ 77.6550874, 13.0162943 ], [ 77.6549157, 13.0158618 ], [ 77.654551, 13.0159886 ], [ 77.6547816, 13.0164028 ] ] ] } },
{ "type": "Feature", "properties": { "name": "Jnanadeepika School", "amenity": "school", "building": null, "capacity": null, "emergency": null, "leisure": null }, "geometry": { "type": "Polygon", "coordinates": [ [ [ 77.5881381, 13.0824377 ], [ 77.5878565, 13.0825396 ], [ 77.5879061, 13.0827186 ], [ 77.5880282, 13.0834031 ], [ 77.5883138, 13.0833639 ], [ 77.5881381, 13.0824377 ] ] ] } },
{ "type": "Feature", "properties": { "name": "RV Learning Hub", "amenity": "college", "building": null, "capacity": null, "emergency": null, "leisure": null }, "geometry": { "type": "Polygon", "coordinates": [ [ [ 77.5752804, 12.9331162 ], [ 77.5754821, 12.9331097 ], [ 77.5755015, 12.9329853 ], [ 77.5752693, 12.932986 ], [ 77.5752804, 12.9331162 ] ] ] } },
{ "type": "Feature", "properties": { "name": null, "amenity": "school", "building": null, "capacity": null, "emergency": null, "leisure": null }, "geometry": { "type": "Polygon", "coordinates": [ [ [ 77.5552764, 12.8945779 ], [ 77.5555044, 12.8945779 ], [ 77.5556241, 12.8945801 ], [ 77.5556153, 12.894556 ], [ 77.5555415, 12.8942533 ], [ 77.5555095, 12.8942603 ], [ 77.5552207, 12.8943236 ], [ 77.5552764, 12.8945779 ] ] ] } },
{ "type": "Feature", "properties": { "name": null, "amenity": "school", "building": null, "capacity": null, "emergency": null, "leisure": null }, "geometry": { "type": "Polygon", "coordinates": [ [ [ 77.5245121, 12.9580215 ], [ 77.5247924, 12.9579692 ], [ 77.5245765, 12.9574177 ], [ 77.5244062, 12.9574517 ], [ 77.5245121, 12.9580215 ] ] ] } },
{ "type": "Feature", "properties": { "name": "Act Secondary HPS , Beratena Agrahara", "amenity": "school", "building": null, "capacity": null, "emergency": null, "leisure": null }, "geometry": { "type": "Polygon", "coordinates": [ [ [ 77.6578608, 12.8663664 ], [ 77.6587969, 12.8663638 ], [ 77.6587959, 12.8660366 ], [ 77.6578599, 12.8660392 ], [ 77.6578608, 12.8663664 ] ] ] } },
{ "type": "Feature", "properties": { "name": "Orchids The International School, Jalahalli", "amenity": "school", "building": null, "capacity": null, "emergency": null, "leisure": null }, "geometry": { "type": "Polygon", "coordinates": [ [ [ 77.5443204, 13.0467785 ], [ 77.5444733, 13.046721 ], [ 77.54472, 13.0466598 ], [ 77.5447648, 13.0467162 ], [ 77.5448238, 13.0475955 ], [ 77.5443536, 13.0476128 ], [ 77.5443204, 13.0467785 ] ] ] } },
{ "type": "Feature", "properties": { "name": "Vels Global School", "amenity": "school", "building": null, "capacity": null, "emergency": null, "leisure": null }, "geometry": { "type": "Polygon", "coordinates": [ [ [ 77.6988477, 12.953966 ], [ 77.6987645, 12.95357 ], [ 77.6995511, 12.9534079 ], [ 77.6995564, 12.9534315 ], [ 77.6996483, 12.9538177 ], [ 77.6988477, 12.953966 ] ] ] } },
{ "type": "Feature", "properties": { "name": "Genius Global School", "amenity": "school", "building": null, "capacity": null, "emergency": null, "leisure": null }, "geometry": { "type": "Polygon", "coordinates": [ [ [ 77.6991246, 12.9549874 ], [ 77.6994344, 12.9549201 ], [ 77.6994558, 12.9550136 ], [ 77.6998977, 12.9549136 ], [ 77.6998381, 12.9546763 ], [ 77.6993016, 12.9547943 ], [ 77.6993227, 12.9548894 ], [ 77.699073, 12.9549469 ], [ 77.699085, 12.9549952 ], [ 77.6991246, 12.9549874 ] ] ] } },
{ "type": "Feature", "properties": { "name": "Ekya School", "amenity": "school", "building": null, "capacity": null, "emergency": null, "leisure": null }, "geometry": { "type": "Polygon", "coordinates": [ [ [ 77.5966528, 12.9075615 ], [ 77.5966515, 12.9079288 ], [ 77.5972389, 12.9079497 ], [ 77.5972402, 12.9076007 ], [ 77.5966528, 12.9075615 ] ] ] } },
{ "type": "Feature", "properties": { "name": "St. Paul's English School", "amenity": "school", "building": null, "capacity": null, "emergency": null, "leisure": null }, "geometry": { "type": "Polygon", "coordinates": [ [ [ 77.5957623, 12.9146308 ], [ 77.5957328, 12.9149563 ], [ 77.5964329, 12.914955 ], [ 77.5964127, 12.9146831 ], [ 77.5957623, 12.9146308 ] ] ] } },
{ "type": "Feature", "properties": { "name": null, "amenity": "school", "building": null, "capacity": null, "emergency": null, "leisure": null }, "geometry": { "type": "Polygon", "coordinates": [ [ [ 77.590367, 12.9170674 ], [ 77.5903753, 12.917395 ], [ 77.5905119, 12.9173916 ], [ 77.5907544, 12.9170575 ], [ 77.590367, 12.9170674 ] ] ] } },
{ "type": "Feature", "properties": { "name": null, "amenity": "college", "building": null, "capacity": null, "emergency": null, "leisure": null }, "geometry": { "type": "Polygon", "coordinates": [ [ [ 77.5913931, 12.9187223 ], [ 77.5918248, 12.9189118 ], [ 77.5923398, 12.9176426 ], [ 77.5923693, 12.9175236 ], [ 77.5920165, 12.9174786 ], [ 77.5918579, 12.9174207 ], [ 77.5913931, 12.9187223 ] ] ] } },
{ "type": "Feature", "properties": { "name": "Maruthi KHPS Willson Garden", "amenity": "school", "building": null, "capacity": null, "emergency": null, "leisure": null }, "geometry": { "type": "Polygon", "coordinates": [ [ [ 77.5976315, 12.948807 ], [ 77.5972449, 12.9491426 ], [ 77.5973679, 12.9492841 ], [ 77.5977411, 12.9489759 ], [ 77.5976315, 12.948807 ] ] ] } },
{ "type": "Feature", "properties": { "name": "Gangamma Hombegowda Girls High School", "amenity": "school", "building": null, "capacity": null, "emergency": null, "leisure": null }, "geometry": { "type": "Polygon", "coordinates": [ [ [ 77.5962975, 12.9477899 ], [ 77.5961137, 12.9476348 ], [ 77.5960243, 12.9477354 ], [ 77.5959157, 12.9476438 ], [ 77.5959657, 12.9475875 ], [ 77.5954866, 12.947183 ], [ 77.5953623, 12.9473138 ], [ 77.595601, 12.9475069 ], [ 77.5954059, 12.9477057 ], [ 77.596106, 12.9480877 ], [ 77.5961459, 12.9479976 ], [ 77.59612, 12.9479724 ], [ 77.5962975, 12.9477899 ] ] ] } },
{ "type": "Feature", "properties": { "name": "GKMPS Wilson Garden", "amenity": "school", "building": "school", "capacity": null, "emergency": null, "leisure": null }, "geometry": { "type": "Polygon", "coordinates": [ [ [ 77.5969701, 12.9482644 ], [ 77.5969076, 12.9482061 ], [ 77.596649, 12.9484664 ], [ 77.5967111, 12.948525 ], [ 77.5969701, 12.9482644 ] ] ] } },
{ "type": "Feature", "properties": { "name": null, "amenity": "school", "building": null, "capacity": null, "emergency": null, "leisure": null }, "geometry": { "type": "Polygon", "coordinates": [ [ [ 77.596481, 12.9483225 ], [ 77.5962062, 12.9485917 ], [ 77.5965469, 12.9487877 ], [ 77.5967118, 12.9485564 ], [ 77.5965067, 12.9483474 ], [ 77.596481, 12.9483225 ] ] ] } },
{ "type": "Feature", "properties": { "name": "St. Peter NTM School Doresanipalya", "amenity": "school", "building": null, "capacity": null, "emergency": null, "leisure": null }, "geometry": { "type": "Polygon", "coordinates": [ [ [ 77.5972726, 12.8973775 ], [ 77.597326, 12.8976447 ], [ 77.5972376, 12.8976568 ], [ 77.5972536, 12.8977585 ], [ 77.5974011, 12.8987402 ], [ 77.597673, 12.8986699 ], [ 77.5979572, 12.8985964 ], [ 77.5981642, 12.8985428 ], [ 77.5977686, 12.8976029 ], [ 77.5976606, 12.8973219 ], [ 77.597723, 12.8973003 ], [ 77.5977069, 12.8972539 ], [ 77.5972726, 12.8973775 ] ] ] } }
]
}
